{
 "type": "FeatureCollection",
 "name": "Bnd_PeelDataZone",
 "source": "https://services6.arcgis.com/ONZht79c8QWuX759/arcgis/rest/services/Bnd_HDABoundaries/FeatureServer/1",
 "features": [
  {
   "type": "Feature",
   "id": 1,
   "geometry": {
    "type": "Polygon",
    "coordinates": [
     [
      [
       -79.7850916224356,
       43.7395040808475
      ],
      [
       -79.7829207256418,
       43.7379232886432
      ],
      [
       -79.7807395046661,
       43.7363288696001
      ],
      [
       -79.7802449175819,
       43.7359729780794
      ],
      [
       -79.7799641004319,
       43.7357668873472
      ],
      [
       -79.7794871304465,
       43.7354105836371
      ],
      [
       -79.7791321196361,
       43.7351546743702
      ],
      [
       -79.7789733127052,
       43.7350269861775
      ],
      [
       -79.7784232112971,
       43.7345978848337
      ],
      [
       -79.7760212440725,
       43.732786376382
      ],
      [
       -79.7760168354529,
       43.7327830499673
      ],
      [
       -79.7759406163434,
       43.7327255814767
      ],
      [
       -79.7741900184315,
       43.7315002736872
      ],
      [
       -79.774177719809,
       43.731491190153
      ],
      [
       -79.7720124094851,
       43.7299012722249
      ],
      [
       -79.7716506086578,
       43.7296358881772
      ],
      [
       -79.7713633147055,
       43.7293154711606
      ],
      [
       -79.7712433404732,
       43.7288925366596
      ],
      [
       -79.7685155200513,
       43.7287785941466
      ],
      [
       -79.7677622089363,
       43.7286039688992
      ],
      [
       -79.7675038014122,
       43.7283045291326
      ],
      [
       -79.7674681161158,
       43.7282631731845
      ],
      [
       -79.7658260393957,
       43.7261150563769
      ],
      [
       -79.7654949996169,
       43.7256819992016
      ],
      [
       -79.7653439078218,
       43.725484328011
      ],
      [
       -79.7653487140453,
       43.725480574007
      ],
      [
       -79.7653545392828,
       43.7254761701289
      ],
      [
       -79.7655252116477,
       43.7253474814062
      ],
      [
       -79.7656890119321,
       43.7252321816611
      ],
      [
       -79.7665341287096,
       43.7245839772479
      ],
      [
       -79.7669250257635,
       43.7242910837055
      ],
      [
       -79.7669271176067,
       43.7241920801195
      ],
      [
       -79.7679885032564,
       43.723285089891
      ],
      [
       -79.7688610291889,
       43.7225111788436
      ],
      [
       -79.7696573051333,
       43.72177197028
      ],
      [
       -79.7701266179389,
       43.7213362721534
      ],
      [
       -79.7704682963134,
       43.7210158871744
      ],
      [
       -79.7706576155676,
       43.7208647834883
      ],
      [
       -79.7707843121334,
       43.7207400814548
      ],
      [
       -79.7711253135472,
       43.7204556909157
      ],
      [
       -79.7713400230595,
       43.7202778736276
      ],
      [
       -79.7716305163747,
       43.720037867796
      ],
      [
       -79.7730463228595,
       43.7190491775871
      ],
      [
       -79.773745912186,
       43.7185749741462
      ],
      [
       -79.7744023189529,
       43.7180417709916
      ],
      [
       -79.7751745010886,
       43.7173117720857
      ],
      [
       -79.7765841986398,
       43.7159717834385
      ],
      [
       -79.7783751657811,
       43.714287434917
      ],
      [
       -79.7794665109906,
       43.7132610094033
      ],
      [
       -79.7798310059757,
       43.7129181741154
      ],
      [
       -79.780465231175,
       43.7122758805953
      ],
      [
       -79.7811901017065,
       43.7114425741151
      ],
      [
       -79.7819133130729,
       43.710666888917
      ],
      [
       -79.7820405164735,
       43.7105151706214
      ],
      [
       -79.7821112835708,
       43.7104311037611
      ],
      [
       -79.7822058062135,
       43.7103188674539
      ],
      [
       -79.7827905034779,
       43.7096407656566
      ],
      [
       -79.7830062352574,
       43.7094089686007
      ],
      [
       -79.7831185250317,
       43.7093831742389
      ],
      [
       -79.7836512299423,
       43.7088215791207
      ],
      [
       -79.7837273325787,
       43.7087486148729
      ],
      [
       -79.7850814214562,
       43.7074501671419
      ],
      [
       -79.7850707219155,
       43.707369086017
      ],
      [
       -79.7863206088342,
       43.7061942858752
      ],
      [
       -79.786689825446,
       43.7058475796738
      ],
      [
       -79.7868436314035,
       43.7057097764791
      ],
      [
       -79.7895573097033,
       43.7033739817222
      ],
      [
       -79.7913022078147,
       43.7017716687392
      ],
      [
       -79.7919112045332,
       43.7011118657971
      ],
      [
       -79.7920398145187,
       43.7009625946022
      ],
      [
       -79.7925338325179,
       43.7003890826577
      ],
      [
       -79.7932177256429,
       43.6997030737517
      ],
      [
       -79.7940003076991,
       43.6990449615864
      ],
      [
       -79.795036507711,
       43.6981510725001
      ],
      [
       -79.7975761081704,
       43.6960078773852
      ],
      [
       -79.7997019617318,
       43.6942323324354
      ],
      [
       -79.8006901241933,
       43.6934069664195
      ],
      [
       -79.8016816536707,
       43.6925319722848
      ],
      [
       -79.8018396289853,
       43.6923925715354
      ],
      [
       -79.8024926242671,
       43.6918088815195
      ],
      [
       -79.8030145146673,
       43.6913423799505
      ],
      [
       -79.8033055190238,
       43.6910573661969
      ],
      [
       -79.8044432274023,
       43.6900067748628
      ],
      [
       -79.8071228058394,
       43.6875316679929
      ],
      [
       -79.8084999337833,
       43.6862854749661
      ],
      [
       -79.805503408838,
       43.6841022790385
      ],
      [
       -79.8032289257822,
       43.6824307799919
      ],
      [
       -79.8027369471156,
       43.6821393675727
      ],
      [
       -79.8023732390566,
       43.6819428677281
      ],
      [
       -79.8009545627042,
       43.6811233767994
      ],
      [
       -79.8003283140089,
       43.6807586714652
      ],
      [
       -79.79982520732,
       43.6804132960989
      ],
      [
       -79.7994738454831,
       43.6801646254513
      ],
      [
       -79.7990960035747,
       43.679885822981
      ],
      [
       -79.7979052000195,
       43.6788996835121
      ],
      [
       -79.7967869048628,
       43.6779213071118
      ],
      [
       -79.7963591442623,
       43.6775471622501
      ],
      [
       -79.7951341198342,
       43.6765111800497
      ],
      [
       -79.7912090321827,
       43.6736694627649
      ],
      [
       -79.7891436249731,
       43.6721259653183
      ],
      [
       -79.7865762055726,
       43.6702619801551
      ],
      [
       -79.7834352067982,
       43.6679415587649
      ],
      [
       -79.7814911018818,
       43.6665522736936
      ],
      [
       -79.7781385787896,
       43.6640883928344
      ],
      [
       -79.7771648162156,
       43.6633726737812
      ],
      [
       -79.7757261547915,
       43.6623200668369
      ],
      [
       -79.774373700665,
       43.6613304636244
      ],
      [
       -79.7730466979941,
       43.6603482783477
      ],
      [
       -79.7703751155835,
       43.6583901009402
      ],
      [
       -79.7685122662589,
       43.6570245465348
      ],
      [
       -79.7676923218258,
       43.6564234606019
      ],
      [
       -79.7646654185845,
       43.6541712674576
      ],
      [
       -79.7644908137328,
       43.6540406335047
      ],
      [
       -79.7642988018851,
       43.6538970308757
      ],
      [
       -79.7641034107811,
       43.6537600642143
      ],
      [
       -79.764100971757,
       43.6537582397509
      ],
      [
       -79.7638347110287,
       43.6535590704901
      ],
      [
       -79.7612815049494,
       43.6516855770786
      ],
      [
       -79.7598804009835,
       43.6506529578954
      ],
      [
       -79.7577510886548,
       43.6490991770015
      ],
      [
       -79.7552957022607,
       43.6473076692608
      ],
      [
       -79.7544621116811,
       43.6467988566436
      ],
      [
       -79.7545857055564,
       43.6466890242407
      ],
      [
       -79.7572485043447,
       43.6443227746127
      ],
      [
       -79.7575954097187,
       43.6440192620329
      ],
      [
       -79.7579153321873,
       43.6437256017356
      ],
      [
       -79.7599995045707,
       43.6418123709431
      ],
      [
       -79.7618404074145,
       43.6401755734863
      ],
      [
       -79.763877226364,
       43.6383425836104
      ],
      [
       -79.7644688624178,
       43.6378101552432
      ],
      [
       -79.7652166143972,
       43.63713726001
      ],
      [
       -79.767057389892,
       43.6354508743173
      ],
      [
       -79.7705979226959,
       43.6322340626517
      ],
      [
       -79.7729177089493,
       43.6301385572494
      ],
      [
       -79.7756240054703,
       43.6277229620478
      ],
      [
       -79.7759200145271,
       43.6274155692244
      ],
      [
       -79.7762919217063,
       43.6270752718216
      ],
      [
       -79.7813794231075,
       43.6224162657231
      ],
      [
       -79.7840056223137,
       43.6200104504793
      ],
      [
       -79.786733120514,
       43.6175003604881
      ],
      [
       -79.7884490202134,
       43.6159878571972
      ],
      [
       -79.7934964138448,
       43.6114761558425
      ],
      [
       -79.7977706984684,
       43.6076271611101
      ],
      [
       -79.8056765956709,
       43.613422965514
      ],
      [
       -79.8113321313128,
       43.6175966648422
      ],
      [
       -79.8128349103039,
       43.6186928502862
      ],
      [
       -79.8159992298236,
       43.6210216610005
      ],
      [
       -79.8176367342118,
       43.6222091644084
      ],
      [
       -79.8197996106792,
       43.6237891640683
      ],
      [
       -79.8221947328563,
       43.6255426640311
      ],
      [
       -79.8246238244637,
       43.6273191699385
      ],
      [
       -79.8327013873582,
       43.6332919476663
      ],
      [
       -79.8339747473345,
       43.6342066256749
      ],
      [
       -79.8391905853936,
       43.6380787322497
      ],
      [
       -79.8425546848664,
       43.6405845824618
      ],
      [
       -79.8444922202738,
       43.6420109160277
      ],
      [
       -79.8462677223926,
       43.6432976445191
      ],
      [
       -79.8465728484869,
       43.6434674525928
      ],
      [
       -79.8518969229106,
       43.6475018505198
      ],
      [
       -79.8522792419234,
       43.647887666866
      ],
      [
       -79.8526629488763,
       43.648144813671
      ],
      [
       -79.8541767087149,
       43.6491591620393
      ],
      [
       -79.854458877043,
       43.6493482205111
      ],
      [
       -79.8545740308836,
       43.6494253726224
      ],
      [
       -79.8547210330154,
       43.6496218727224
      ],
      [
       -79.858351152625,
       43.6523024617907
      ],
      [
       -79.8594400465963,
       43.6531440599781
      ],
      [
       -79.8594931348655,
       43.6531701609985
      ],
      [
       -79.8595538344735,
       43.6531856619269
      ],
      [
       -79.8596571221829,
       43.6531986605303
      ],
      [
       -79.8597445301548,
       43.6533248696483
      ],
      [
       -79.8598426474291,
       43.6534083671322
      ],
      [
       -79.8663279348786,
       43.6582375577088
      ],
      [
       -79.8747696467967,
       43.6644858321579
      ],
      [
       -79.8748168402371,
       43.6645207684055
      ],
      [
       -79.8780332381571,
       43.6669014680663
      ],
      [
       -79.8789142572645,
       43.6675493540359
      ],
      [
       -79.882768738379,
       43.6703873706179
      ],
      [
       -79.8886181611956,
       43.6747122769485
      ],
      [
       -79.8888744434013,
       43.6748991595322
      ],
      [
       -79.8881178312411,
       43.6756077601976
      ],
      [
       -79.885228046376,
       43.6782537641769
      ],
      [
       -79.8845107367208,
       43.6788050594468
      ],
      [
       -79.8840581495886,
       43.679124767009
      ],
      [
       -79.8833040368129,
       43.6796485727077
      ],
      [
       -79.8827895392292,
       43.6799677639332
      ],
      [
       -79.8817340561132,
       43.680686759856
      ],
      [
       -79.8807143459385,
       43.6814780628805
      ],
      [
       -79.8790738550204,
       43.6829656596684
      ],
      [
       -79.8771059392405,
       43.6847021756319
      ],
      [
       -79.8766258546458,
       43.6851655731036
      ],
      [
       -79.8758432366294,
       43.6858782716219
      ],
      [
       -79.8738866536843,
       43.687668777865
      ],
      [
       -79.8730640389634,
       43.6885250599126
      ],
      [
       -79.872212152153,
       43.689624074553
      ],
      [
       -79.8705729587332,
       43.6916788621946
      ],
      [
       -79.8672653571583,
       43.6946803625621
      ],
      [
       -79.8641344341855,
       43.6975125713831
      ],
      [
       -79.8632757296082,
       43.6982963778487
      ],
      [
       -79.8624522483199,
       43.6991885625553
      ],
      [
       -79.8618171583301,
       43.6999565663985
      ],
      [
       -79.8609560284899,
       43.700866367496
      ],
      [
       -79.8598325264117,
       43.7018636567528
      ],
      [
       -79.8569030570852,
       43.7045085694049
      ],
      [
       -79.8566250236677,
       43.7047668814117
      ],
      [
       -79.8561708224588,
       43.7051584800721
      ],
      [
       -79.8549205520373,
       43.7062894755381
      ],
      [
       -79.8532914442723,
       43.7077587684948
      ],
      [
       -79.8529758535294,
       43.7080347807322
      ],
      [
       -79.8524205512477,
       43.7085153766958
      ],
      [
       -79.8521680217257,
       43.7087379730986
      ],
      [
       -79.8497194287896,
       43.7108652812958
      ],
      [
       -79.846359548434,
       43.7138926690715
      ],
      [
       -79.8461324286365,
       43.7140884607213
      ],
      [
       -79.8417869544764,
       43.7179972648037
      ],
      [
       -79.840674033776,
       43.7190573740375
      ],
      [
       -79.8392075221672,
       43.7204290753351
      ],
      [
       -79.8353419497015,
       43.7238742710496
      ],
      [
       -79.8328236162518,
       43.7262238801376
      ],
      [
       -79.83195312313,
       43.7270360755196
      ],
      [
       -79.8308769342568,
       43.7281055656756
      ],
      [
       -79.8302429748578,
       43.7287969098007
      ],
      [
       -79.8300017420604,
       43.7290599875078
      ],
      [
       -79.8299247782151,
       43.7291398812996
      ],
      [
       -79.8301058248904,
       43.7292650470019
      ],
      [
       -79.8303874123183,
       43.7294596715819
      ],
      [
       -79.8364820202443,
       43.7336723370483
      ],
      [
       -79.8353195901895,
       43.7342377243132
      ],
      [
       -79.8327895657676,
       43.736405860786
      ],
      [
       -79.8320646683362,
       43.7370650166487
      ],
      [
       -79.8308800485352,
       43.7382323741019
      ],
      [
       -79.8291035822024,
       43.7393255445734
      ],
      [
       -79.8277598763302,
       43.7403004901459
      ],
      [
       -79.8254940501486,
       43.7424659839653
      ],
      [
       -79.8244093234653,
       43.7418992999226
      ],
      [
       -79.823813745929,
       43.7415881625712
      ],
      [
       -79.8196730079647,
       43.7387356478975
      ],
      [
       -79.8196322353175,
       43.7387739207821
      ],
      [
       -79.8196294176523,
       43.7387765721226
      ],
      [
       -79.8192622456975,
       43.7391328895082
      ],
      [
       -79.8175538209789,
       43.7407538672954
      ],
      [
       -79.8144383293994,
       43.7436568707412
      ],
      [
       -79.81427712506,
       43.7438082787142
      ],
      [
       -79.8120919577747,
       43.7457643877852
      ],
      [
       -79.8112047160908,
       43.7465585732561
      ],
      [
       -79.8102937359292,
       43.7474044737527
      ],
      [
       -79.8084717294178,
       43.7490961863078
      ],
      [
       -79.807691226623,
       43.7496192731392
      ],
      [
       -79.8069870204124,
       43.7500530867849
      ],
      [
       -79.8063706157093,
       43.7504338874672
      ],
      [
       -79.8050000230924,
       43.751274891469
      ],
      [
       -79.8046598243042,
       43.7515143727478
      ],
      [
       -79.8035333393286,
       43.7525740881284
      ],
      [
       -79.803239341888,
       43.7528411763946
      ],
      [
       -79.7994349285087,
       43.7500550852814
      ],
      [
       -79.799337321395,
       43.7499819752901
      ],
      [
       -79.7990549136721,
       43.7498169932413
      ],
      [
       -79.7985136110292,
       43.7495591832313
      ],
      [
       -79.7982555198814,
       43.7494213717582
      ],
      [
       -79.7980716237307,
       43.7493023809976
      ],
      [
       -79.7978761074886,
       43.7491382882349
      ],
      [
       -79.7977052368121,
       43.748992384622
      ],
      [
       -79.7974620260222,
       43.7487287725731
      ],
      [
       -79.79721871462,
       43.748474072719
      ],
      [
       -79.7969628113575,
       43.7482282859229
      ],
      [
       -79.7964609114762,
       43.7478628882065
      ],
      [
       -79.7930094076913,
       43.7453233898767
      ],
      [
       -79.7923233118991,
       43.7448569781653
      ],
      [
       -79.7911613329846,
       43.743971275322
      ],
      [
       -79.7890933194671,
       43.7424367878476
      ],
      [
       -79.7874781334835,
       43.7412400943746
      ],
      [
       -79.7870373280935,
       43.7409292927909
      ],
      [
       -79.7850916224356,
       43.7395040808475
      ]
     ]
    ]
   },
   "properties": {
    "OBJECTID": 1,
    "PDZ": "B1",
    "CSDNAME": "Brampton",
    "Shape__Area": 82695877.94189453,
    "Shape__Length": 44658.14174076771
   }
  },
  {
   "type": "Feature",
   "id": 2,
   "geometry": {
    "type": "Polygon",
    "coordinates": [
     [
      [
       -79.7494907090185,
       43.6956359820713
      ],
      [
       -79.7505941069341,
       43.6946440715344
      ],
      [
       -79.7510774388938,
       43.6942217368358
      ],
      [
       -79.7512922968725,
       43.6940288008727
      ],
      [
       -79.7516182934293,
       43.6937278819776
      ],
      [
       -79.7525922112122,
       43.6928380848866
      ],
      [
       -79.753439900871,
       43.6920549764185
      ],
      [
       -79.7536928085927,
       43.6918236791703
      ],
      [
       -79.7537559916071,
       43.6917702673257
      ],
      [
       -79.754349414087,
       43.6912137633154
      ],
      [
       -79.7547631190203,
       43.690763885246
      ],
      [
       -79.7552899942518,
       43.6901933677067
      ],
      [
       -79.7553051986161,
       43.690178588618
      ],
      [
       -79.7554268974895,
       43.6900603700367
      ],
      [
       -79.7562528337693,
       43.6905499929287
      ],
      [
       -79.7564178091454,
       43.6905873103103
      ],
      [
       -79.7569340750365,
       43.6905508405343
      ],
      [
       -79.757080799847,
       43.6905404898953
      ],
      [
       -79.7571810011552,
       43.6905367786674
      ],
      [
       -79.7573110555571,
       43.6905319990463
      ],
      [
       -79.757649627071,
       43.690535687953
      ],
      [
       -79.7579989512399,
       43.6905935116075
      ],
      [
       -79.7583587927013,
       43.6907054376409
      ],
      [
       -79.7590016339876,
       43.6910365680958
      ],
      [
       -79.7592600569854,
       43.6912158673729
      ],
      [
       -79.7600555403155,
       43.6917545410255
      ],
      [
       -79.7608520414433,
       43.6921722257536
      ],
      [
       -79.7615881665237,
       43.6925168089514
      ],
      [
       -79.7617971954322,
       43.6925920107008
      ],
      [
       -79.7621250340546,
       43.6929038140204
      ],
      [
       -79.7621033695921,
       43.6933109544044
      ],
      [
       -79.7621611039962,
       43.6935017312177
      ],
      [
       -79.7624511537757,
       43.6938401422689
      ],
      [
       -79.762660569006,
       43.6938973145083
      ],
      [
       -79.7627133111357,
       43.6941261648763
      ],
      [
       -79.7627177007217,
       43.6941418926818
      ],
      [
       -79.7629331064983,
       43.6942829942587
      ],
      [
       -79.7632121240447,
       43.6943438054815
      ],
      [
       -79.7634428895339,
       43.6942788722933
      ],
      [
       -79.7634968320745,
       43.6942053907617
      ],
      [
       -79.7636631922705,
       43.6941681045738
      ],
      [
       -79.7639042896993,
       43.6942112362284
      ],
      [
       -79.7641070151205,
       43.6942814080199
      ],
      [
       -79.7646148219589,
       43.694349660683
      ],
      [
       -79.7646788658112,
       43.6944642603123
      ],
      [
       -79.7648435790316,
       43.6945611882843
      ],
      [
       -79.7651992340654,
       43.6945946217637
      ],
      [
       -79.7653100924609,
       43.6945742821138
      ],
      [
       -79.7653988227321,
       43.6945602878722
      ],
      [
       -79.7656534697222,
       43.6944777408621
      ],
      [
       -79.7658457406361,
       43.6945191840782
      ],
      [
       -79.7663954376394,
       43.6947336083198
      ],
      [
       -79.7665282619118,
       43.6947372820648
      ],
      [
       -79.7671317142439,
       43.6950796168871
      ],
      [
       -79.7672151100859,
       43.695004570406
      ],
      [
       -79.7675060213787,
       43.6947376784033
      ],
      [
       -79.7694038097872,
       43.692957280271
      ],
      [
       -79.767998303064,
       43.6919066753583
      ],
      [
       -79.7674237224715,
       43.6914863638151
      ],
      [
       -79.7669470976456,
       43.6911300650991
      ],
      [
       -79.7678948005867,
       43.6902938837794
      ],
      [
       -79.7688178228132,
       43.6894574745074
      ],
      [
       -79.7692858128811,
       43.6890213775996
      ],
      [
       -79.7704022517255,
       43.6879995441517
      ],
      [
       -79.7704454034724,
       43.6879600256418
      ],
      [
       -79.7702791786619,
       43.6878224925701
      ],
      [
       -79.7696803805227,
       43.6873287450824
      ],
      [
       -79.7689322237098,
       43.686711807771
      ],
      [
       -79.7683586085035,
       43.6862388057282
      ],
      [
       -79.7683085547718,
       43.6861975434454
      ],
      [
       -79.7681809874466,
       43.6860923355394
      ],
      [
       -79.768311307385,
       43.6860664293761
      ],
      [
       -79.7683352309604,
       43.6860616657108
      ],
      [
       -79.7684394333447,
       43.6860409586219
      ],
      [
       -79.768456848849,
       43.6860374843929
      ],
      [
       -79.7695500044903,
       43.6858201638118
      ],
      [
       -79.7695521649252,
       43.6858197242697
      ],
      [
       -79.7697799630818,
       43.6857761322873
      ],
      [
       -79.7696783050288,
       43.6856040663702
      ],
      [
       -79.7700520093998,
       43.6855270777057
      ],
      [
       -79.7701653004492,
       43.6854472607347
      ],
      [
       -79.7702287186386,
       43.6853848725357
      ],
      [
       -79.7702425069855,
       43.6853129689043
      ],
      [
       -79.7701953033545,
       43.6851954641807
      ],
      [
       -79.7701477163045,
       43.6850958829963
      ],
      [
       -79.7701366170616,
       43.6850327776037
      ],
      [
       -79.7701499061309,
       43.6849878605309
      ],
      [
       -79.770201415853,
       43.68489836488
      ],
      [
       -79.7703655995585,
       43.6847560724245
      ],
      [
       -79.7688375559749,
       43.6836222153697
      ],
      [
       -79.7687034195743,
       43.6835226628321
      ],
      [
       -79.767004312953,
       43.6822798617158
      ],
      [
       -79.7653806078474,
       43.6809927841801
      ],
      [
       -79.766957612636,
       43.6795334532839
      ],
      [
       -79.7674292943959,
       43.6790969690256
      ],
      [
       -79.7674797964607,
       43.6790525741822
      ],
      [
       -79.7688329123881,
       43.677797577278
      ],
      [
       -79.769566517337,
       43.677112174411
      ],
      [
       -79.7697308102267,
       43.6769608808137
      ],
      [
       -79.7706539097945,
       43.676106479991
      ],
      [
       -79.7711826954365,
       43.6756394594531
      ],
      [
       -79.7745234947708,
       43.6726769677743
      ],
      [
       -79.7763764113759,
       43.6710445714604
      ],
      [
       -79.7771470213225,
       43.6703595700526
      ],
      [
       -79.7786361069698,
       43.6691058671483
      ],
      [
       -79.7788634988057,
       43.6689012702363
      ],
      [
       -79.7814911018818,
       43.6665522736936
      ],
      [
       -79.7834352067982,
       43.6679415587649
      ],
      [
       -79.7865762055726,
       43.6702619801551
      ],
      [
       -79.7891436249731,
       43.6721259653183
      ],
      [
       -79.7912090321827,
       43.6736694627649
      ],
      [
       -79.7951341198342,
       43.6765111800497
      ],
      [
       -79.7963591442623,
       43.6775471622501
      ],
      [
       -79.7967869048628,
       43.6779213071118
      ],
      [
       -79.7979052000195,
       43.6788996835121
      ],
      [
       -79.7990960035747,
       43.679885822981
      ],
      [
       -79.7994738454831,
       43.6801646254513
      ],
      [
       -79.79982520732,
       43.6804132960989
      ],
      [
       -79.8003283140089,
       43.6807586714652
      ],
      [
       -79.8009545627042,
       43.6811233767994
      ],
      [
       -79.8023732390566,
       43.6819428677281
      ],
      [
       -79.8027369471156,
       43.6821393675727
      ],
      [
       -79.8032289257822,
       43.6824307799919
      ],
      [
       -79.805503408838,
       43.6841022790385
      ],
      [
       -79.8084999337833,
       43.6862854749661
      ],
      [
       -79.8071228058394,
       43.6875316679929
      ],
      [
       -79.8044432274023,
       43.6900067748628
      ],
      [
       -79.8033055190238,
       43.6910573661969
      ],
      [
       -79.8030145146673,
       43.6913423799505
      ],
      [
       -79.8024926242671,
       43.6918088815195
      ],
      [
       -79.8018396289853,
       43.6923925715354
      ],
      [
       -79.8016816536707,
       43.6925319722848
      ],
      [
       -79.8006901241933,
       43.6934069664195
      ],
      [
       -79.7997019617318,
       43.6942323324354
      ],
      [
       -79.7975761081704,
       43.6960078773852
      ],
      [
       -79.795036507711,
       43.6981510725001
      ],
      [
       -79.7940003076991,
       43.6990449615864
      ],
      [
       -79.7932177256429,
       43.6997030737517
      ],
      [
       -79.7925338325179,
       43.7003890826577
      ],
      [
       -79.7920398145187,
       43.7009625946022
      ],
      [
       -79.7919112045332,
       43.7011118657971
      ],
      [
       -79.7913022078147,
       43.7017716687392
      ],
      [
       -79.7895573097033,
       43.7033739817222
      ],
      [
       -79.7868436314035,
       43.7057097764791
      ],
      [
       -79.786689825446,
       43.7058475796738
      ],
      [
       -79.7863206088342,
       43.7061942858752
      ],
      [
       -79.7850707219155,
       43.707369086017
      ],
      [
       -79.7850814214562,
       43.7074501671419
      ],
      [
       -79.7837273325787,
       43.7087486148729
      ],
      [
       -79.7836512299423,
       43.7088215791207
      ],
      [
       -79.7831185250317,
       43.7093831742389
      ],
      [
       -79.7830062352574,
       43.7094089686007
      ],
      [
       -79.7827905034779,
       43.7096407656566
      ],
      [
       -79.7822058062135,
       43.7103188674539
      ],
      [
       -79.7821112835708,
       43.7104311037611
      ],
      [
       -79.7820405164735,
       43.7105151706214
      ],
      [
       -79.7819133130729,
       43.710666888917
      ],
      [
       -79.7811901017065,
       43.7114425741151
      ],
      [
       -79.780465231175,
       43.7122758805953
      ],
      [
       -79.7798310059757,
       43.7129181741154
      ],
      [
       -79.7794665109906,
       43.7132610094033
      ],
      [
       -79.7783751657811,
       43.714287434917
      ],
      [
       -79.7765841986398,
       43.7159717834385
      ],
      [
       -79.7751745010886,
       43.7173117720857
      ],
      [
       -79.7744023189529,
       43.7180417709916
      ],
      [
       -79.773745912186,
       43.7185749741462
      ],
      [
       -79.7730463228595,
       43.7190491775871
      ],
      [
       -79.7716305163747,
       43.720037867796
      ],
      [
       -79.7713400230595,
       43.7202778736276
      ],
      [
       -79.7711253135472,
       43.7204556909157
      ],
      [
       -79.7707843121334,
       43.7207400814548
      ],
      [
       -79.7706576155676,
       43.7208647834883
      ],
      [
       -79.7704682963134,
       43.7210158871744
      ],
      [
       -79.7701266179389,
       43.7213362721534
      ],
      [
       -79.7696573051333,
       43.72177197028
      ],
      [
       -79.7688610291889,
       43.7225111788436
      ],
      [
       -79.7679885032564,
       43.723285089891
      ],
      [
       -79.7669271176067,
       43.7241920801195
      ],
      [
       -79.7669250257635,
       43.7242910837055
      ],
      [
       -79.7665341287096,
       43.7245839772479
      ],
      [
       -79.7656890119321,
       43.7252321816611
      ],
      [
       -79.7655252116477,
       43.7253474814062
      ],
      [
       -79.7653545392828,
       43.7254761701289
      ],
      [
       -79.7653487140453,
       43.725480574007
      ],
      [
       -79.7653439078218,
       43.725484328011
      ],
      [
       -79.7652351193334,
       43.7255693771444
      ],
      [
       -79.7650479416386,
       43.7257189092598
      ],
      [
       -79.7649510983081,
       43.7256200530319
      ],
      [
       -79.7648860031347,
       43.725553589037
      ],
      [
       -79.7648084265465,
       43.7254840503495
      ],
      [
       -79.7639937044742,
       43.7247538868462
      ],
      [
       -79.7631498010243,
       43.7240931769954
      ],
      [
       -79.7610625971856,
       43.7225979829829
      ],
      [
       -79.7605759954616,
       43.7222335125267
      ],
      [
       -79.7593671308518,
       43.7213279556556
      ],
      [
       -79.7586560967117,
       43.7207953415688
      ],
      [
       -79.7559890251716,
       43.7187972799472
      ],
      [
       -79.7558055048354,
       43.7186691840411
      ],
      [
       -79.7556703915525,
       43.7185956857657
      ],
      [
       -79.7549284842906,
       43.7180346255219
      ],
      [
       -79.7546315159509,
       43.7178100687107
      ],
      [
       -79.7519664096148,
       43.7158271801182
      ],
      [
       -79.7519420044295,
       43.7158088806715
      ],
      [
       -79.7518076957315,
       43.7156993720448
      ],
      [
       -79.751648810459,
       43.7155805684397
      ],
      [
       -79.7484083068709,
       43.7132221909853
      ],
      [
       -79.7480508309755,
       43.7129442528611
      ],
      [
       -79.7477975064055,
       43.7127472857812
      ],
      [
       -79.7475648869162,
       43.7125916846003
      ],
      [
       -79.7448783103719,
       43.7105745675033
      ],
      [
       -79.7446684198074,
       43.7104169716347
      ],
      [
       -79.7415992026135,
       43.7082042806953
      ],
      [
       -79.7406838748038,
       43.7075274131709
      ],
      [
       -79.7382991835182,
       43.7057638819278
      ],
      [
       -79.7382136120323,
       43.7056998731752
      ],
      [
       -79.7381156894823,
       43.7056357721058
      ],
      [
       -79.7381359649017,
       43.7056176118599
      ],
      [
       -79.7383939083331,
       43.7053866694414
      ],
      [
       -79.7384132849314,
       43.7053696364127
      ],
      [
       -79.7385963159984,
       43.7052088774306
      ],
      [
       -79.738759932536,
       43.7050611819149
      ],
      [
       -79.7394439041984,
       43.7044438868488
      ],
      [
       -79.7400762029651,
       43.7038835833641
      ],
      [
       -79.7404798973252,
       43.7035156650471
      ],
      [
       -79.7407593893814,
       43.7032608818937
      ],
      [
       -79.7409591161261,
       43.7032090671644
      ],
      [
       -79.7425631113442,
       43.7017950686744
      ],
      [
       -79.7458524015049,
       43.6988779660462
      ],
      [
       -79.7474958928809,
       43.6974283752039
      ],
      [
       -79.7486974167107,
       43.6963430871604
      ],
      [
       -79.7494907090185,
       43.6956359820713
      ]
     ]
    ]
   },
   "properties": {
    "OBJECTID": 2,
    "PDZ": "B2",
    "CSDNAME": "Brampton",
    "Shape__Area": 16217392.572998047,
    "Shape__Length": 19507.624878228125
   }
  },
  {
   "type": "Feature",
   "id": 3,
   "geometry": {
    "type": "Polygon",
    "coordinates": [
     [
      [
       -79.7169765856086,
       43.6900307759086
      ],
      [
       -79.714375484625,
       43.6880700970898
      ],
      [
       -79.7124973994321,
       43.6866542714691
      ],
      [
       -79.7120283741755,
       43.6862944880194
      ],
      [
       -79.7115510957786,
       43.6859284013986
      ],
      [
       -79.7114180330318,
       43.6858263627929
      ],
      [
       -79.7111062429749,
       43.6855871996704
      ],
      [
       -79.7110253922116,
       43.6855251783857
      ],
      [
       -79.7102846917355,
       43.6849170679745
      ],
      [
       -79.7096649739968,
       43.6843672467421
      ],
      [
       -79.7096532865612,
       43.6843568836569
      ],
      [
       -79.7094449766756,
       43.6841304794353
      ],
      [
       -79.7093017011734,
       43.6839747723114
      ],
      [
       -79.708101708551,
       43.6826556672621
      ],
      [
       -79.7066393795734,
       43.6819997835404
      ],
      [
       -79.7055280758725,
       43.6811768713895
      ],
      [
       -79.7053927773973,
       43.6811213658876
      ],
      [
       -79.705232090117,
       43.6810924753766
      ],
      [
       -79.7049967995904,
       43.6810718783161
      ],
      [
       -79.7049509015569,
       43.6809002750255
      ],
      [
       -79.7048555799491,
       43.6807190681306
      ],
      [
       -79.7047341730842,
       43.6805916700042
      ],
      [
       -79.7003888016377,
       43.6772918724012
      ],
      [
       -79.698325084249,
       43.675773767509
      ],
      [
       -79.6967849348622,
       43.6747393547842
      ],
      [
       -79.6967167416628,
       43.6746935495137
      ],
      [
       -79.6963244715155,
       43.6744300682292
      ],
      [
       -79.6960506563317,
       43.6740436119419
      ],
      [
       -79.6959919399475,
       43.6739607209823
      ],
      [
       -79.6958316542326,
       43.673734484812
      ],
      [
       -79.6957710465566,
       43.6736825834402
      ],
      [
       -79.6956067722796,
       43.6735548726992
      ],
      [
       -79.6953112722194,
       43.6734523703131
      ],
      [
       -79.6950298656017,
       43.6732690801742
      ],
      [
       -79.6929061796967,
       43.6716691666082
      ],
      [
       -79.6927213920018,
       43.6716130719555
      ],
      [
       -79.6922742988782,
       43.6716349779631
      ],
      [
       -79.6920116928927,
       43.6711636827403
      ],
      [
       -79.6917099686275,
       43.6707730815259
      ],
      [
       -79.6913814748752,
       43.6704811764919
      ],
      [
       -79.6902305811283,
       43.6696244879951
      ],
      [
       -79.6908264835534,
       43.6687035891229
      ],
      [
       -79.6932873619624,
       43.6668644920115
      ],
      [
       -79.694657565104,
       43.6658404416675
      ],
      [
       -79.6948579871511,
       43.665690665887
      ],
      [
       -79.6952137315469,
       43.66542477371
      ],
      [
       -79.6954943171445,
       43.6651713051917
      ],
      [
       -79.6959631264364,
       43.6647478528673
      ],
      [
       -79.6959814259516,
       43.6647312954391
      ],
      [
       -79.6960328587713,
       43.6646848430186
      ],
      [
       -79.696239663872,
       43.664498035109
      ],
      [
       -79.6969105887172,
       43.6639165008085
      ],
      [
       -79.7011754888298,
       43.6602192586681
      ],
      [
       -79.7027669780925,
       43.6589221593534
      ],
      [
       -79.707321199279,
       43.6552098828623
      ],
      [
       -79.7085042730329,
       43.6542454260315
      ],
      [
       -79.7104349861744,
       43.6532839832177
      ],
      [
       -79.7129772151022,
       43.6522565756733
      ],
      [
       -79.7138850991476,
       43.6517833667946
      ],
      [
       -79.7140013536952,
       43.6517301082397
      ],
      [
       -79.7177887763122,
       43.6494508792334
      ],
      [
       -79.7232426546607,
       43.6463662595729
      ],
      [
       -79.7262751627692,
       43.6446826519112
      ],
      [
       -79.728368568087,
       43.645126310652
      ],
      [
       -79.7308742977048,
       43.6446080677723
      ],
      [
       -79.7323978878696,
       43.643828164575
      ],
      [
       -79.7330265067293,
       43.6434884699949
      ],
      [
       -79.733638405293,
       43.6431350744239
      ],
      [
       -79.7344739940705,
       43.6426085796055
      ],
      [
       -79.7354130876061,
       43.6419481570751
      ],
      [
       -79.7357553837537,
       43.641687975197
      ],
      [
       -79.7366284073266,
       43.6410242924211
      ],
      [
       -79.7367312530076,
       43.6409432318961
      ],
      [
       -79.7373483929616,
       43.6404568774047
      ],
      [
       -79.7390878823263,
       43.6390894583102
      ],
      [
       -79.7397052281235,
       43.6386210768066
      ],
      [
       -79.7407758108457,
       43.6366665022164
      ],
      [
       -79.7458883561503,
       43.6287069949039
      ],
      [
       -79.746842968417,
       43.6274861112797
      ],
      [
       -79.7476744588478,
       43.6267516898498
      ],
      [
       -79.7476863913075,
       43.6267327285142
      ],
      [
       -79.7490441083486,
       43.6254830026527
      ],
      [
       -79.7535089938087,
       43.6214350051954
      ],
      [
       -79.7552489978839,
       43.6206139311684
      ],
      [
       -79.756692814582,
       43.6194803899288
      ],
      [
       -79.7565769072457,
       43.6193994283399
      ],
      [
       -79.7564237602122,
       43.6193261885018
      ],
      [
       -79.7597258031525,
       43.6157968556963
      ],
      [
       -79.7609300277086,
       43.6146930922552
      ],
      [
       -79.7705669473127,
       43.6118405969595
      ],
      [
       -79.7723207603922,
       43.611321339686
      ],
      [
       -79.7751780521846,
       43.6104752895032
      ],
      [
       -79.7765244016435,
       43.6100402840042
      ],
      [
       -79.7781519050616,
       43.6095751838861
      ],
      [
       -79.788139404054,
       43.6036583596982
      ],
      [
       -79.7900167302654,
       43.6024593905591
      ],
      [
       -79.7901119995486,
       43.6023985421339
      ],
      [
       -79.7903602599478,
       43.6022399954861
      ],
      [
       -79.790397116463,
       43.6022683520547
      ],
      [
       -79.7904697600383,
       43.6022691162467
      ],
      [
       -79.790521007735,
       43.6022696531053
      ],
      [
       -79.790594205461,
       43.6023244536191
      ],
      [
       -79.7906920166019,
       43.6023884690016
      ],
      [
       -79.7911679104732,
       43.6027536606602
      ],
      [
       -79.7911717296616,
       43.6027561114303
      ],
      [
       -79.7912536173902,
       43.6028086488613
      ],
      [
       -79.7913688813189,
       43.602924919469
      ],
      [
       -79.7921150296394,
       43.6036776501887
      ],
      [
       -79.7922832937316,
       43.6038489147094
      ],
      [
       -79.7923771421611,
       43.6039444279109
      ],
      [
       -79.7925611024527,
       43.6041316356153
      ],
      [
       -79.7925622724589,
       43.6041327959889
      ],
      [
       -79.7928788266683,
       43.6043865974317
      ],
      [
       -79.7928806227881,
       43.6043880489415
      ],
      [
       -79.7931267876424,
       43.6045611144758
      ],
      [
       -79.7932122220449,
       43.6046211486826
      ],
      [
       -79.7939084282153,
       43.6051236475533
      ],
      [
       -79.7953286990414,
       43.6059760528897
      ],
      [
       -79.7955905009813,
       43.60613447345
      ],
      [
       -79.7963619995455,
       43.6066012950608
      ],
      [
       -79.7964796035311,
       43.6066724622859
      ],
      [
       -79.7977706984684,
       43.6076271611101
      ],
      [
       -79.7934964138448,
       43.6114761558425
      ],
      [
       -79.7884490202134,
       43.6159878571972
      ],
      [
       -79.786733120514,
       43.6175003604881
      ],
      [
       -79.7840056223137,
       43.6200104504793
      ],
      [
       -79.7813794231075,
       43.6224162657231
      ],
      [
       -79.7762919217063,
       43.6270752718216
      ],
      [
       -79.7759200145271,
       43.6274155692244
      ],
      [
       -79.7756240054703,
       43.6277229620478
      ],
      [
       -79.7729177089493,
       43.6301385572494
      ],
      [
       -79.7705979226959,
       43.6322340626517
      ],
      [
       -79.767057389892,
       43.6354508743173
      ],
      [
       -79.7652166143972,
       43.63713726001
      ],
      [
       -79.7644688624178,
       43.6378101552432
      ],
      [
       -79.763877226364,
       43.6383425836104
      ],
      [
       -79.7618404074145,
       43.6401755734863
      ],
      [
       -79.7599995045707,
       43.6418123709431
      ],
      [
       -79.7579153321873,
       43.6437256017356
      ],
      [
       -79.7575954097187,
       43.6440192620329
      ],
      [
       -79.7572485043447,
       43.6443227746127
      ],
      [
       -79.7545857055564,
       43.6466890242407
      ],
      [
       -79.7544621116811,
       43.6467988566436
      ],
      [
       -79.7552957022607,
       43.6473076692608
      ],
      [
       -79.7577510886548,
       43.6490991770015
      ],
      [
       -79.7598804009835,
       43.6506529578954
      ],
      [
       -79.7612815049494,
       43.6516855770786
      ],
      [
       -79.7638347110287,
       43.6535590704901
      ],
      [
       -79.764100971757,
       43.6537582397509
      ],
      [
       -79.7641034107811,
       43.6537600642143
      ],
      [
       -79.7642988018851,
       43.6538970308757
      ],
      [
       -79.7644908137328,
       43.6540406335047
      ],
      [
       -79.7646654185845,
       43.6541712674576
      ],
      [
       -79.7676923218258,
       43.6564234606019
      ],
      [
       -79.7685122662589,
       43.6570245465348
      ],
      [
       -79.7703751155835,
       43.6583901009402
      ],
      [
       -79.7730466979941,
       43.6603482783477
      ],
      [
       -79.774373700665,
       43.6613304636244
      ],
      [
       -79.7757261547915,
       43.6623200668369
      ],
      [
       -79.7771648162156,
       43.6633726737812
      ],
      [
       -79.7781385787896,
       43.6640883928344
      ],
      [
       -79.7814911018818,
       43.6665522736936
      ],
      [
       -79.7788634988057,
       43.6689012702363
      ],
      [
       -79.7786361069698,
       43.6691058671483
      ],
      [
       -79.7771470213225,
       43.6703595700526
      ],
      [
       -79.7763764113759,
       43.6710445714604
      ],
      [
       -79.7745234947708,
       43.6726769677743
      ],
      [
       -79.7711826954365,
       43.6756394594531
      ],
      [
       -79.7706539097945,
       43.676106479991
      ],
      [
       -79.7697308102267,
       43.6769608808137
      ],
      [
       -79.769566517337,
       43.677112174411
      ],
      [
       -79.7688329123881,
       43.677797577278
      ],
      [
       -79.7674797964607,
       43.6790525741822
      ],
      [
       -79.7674292943959,
       43.6790969690256
      ],
      [
       -79.766957612636,
       43.6795334532839
      ],
      [
       -79.7653806078474,
       43.6809927841801
      ],
      [
       -79.767004312953,
       43.6822798617158
      ],
      [
       -79.7687034195743,
       43.6835226628321
      ],
      [
       -79.7688375559749,
       43.6836222153697
      ],
      [
       -79.7703655995585,
       43.6847560724245
      ],
      [
       -79.770201415853,
       43.68489836488
      ],
      [
       -79.7701499061309,
       43.6849878605309
      ],
      [
       -79.7701366170616,
       43.6850327776037
      ],
      [
       -79.7701477163045,
       43.6850958829963
      ],
      [
       -79.7701953033545,
       43.6851954641807
      ],
      [
       -79.7702425069855,
       43.6853129689043
      ],
      [
       -79.7702287186386,
       43.6853848725357
      ],
      [
       -79.7701653004492,
       43.6854472607347
      ],
      [
       -79.7700520093998,
       43.6855270777057
      ],
      [
       -79.7696783050288,
       43.6856040663702
      ],
      [
       -79.7697799630818,
       43.6857761322873
      ],
      [
       -79.7695521649252,
       43.6858197242697
      ],
      [
       -79.7695500044903,
       43.6858201638118
      ],
      [
       -79.768456848849,
       43.6860374843929
      ],
      [
       -79.7684394333447,
       43.6860409586219
      ],
      [
       -79.7683352309604,
       43.6860616657108
      ],
      [
       -79.768311307385,
       43.6860664293761
      ],
      [
       -79.7681809874466,
       43.6860923355394
      ],
      [
       -79.7683085547718,
       43.6861975434454
      ],
      [
       -79.7683586085035,
       43.6862388057282
      ],
      [
       -79.7689322237098,
       43.686711807771
      ],
      [
       -79.7696803805227,
       43.6873287450824
      ],
      [
       -79.7702791786619,
       43.6878224925701
      ],
      [
       -79.7704454034724,
       43.6879600256418
      ],
      [
       -79.7704022517255,
       43.6879995441517
      ],
      [
       -79.7692858128811,
       43.6890213775996
      ],
      [
       -79.7688178228132,
       43.6894574745074
      ],
      [
       -79.7678948005867,
       43.6902938837794
      ],
      [
       -79.7669470976456,
       43.6911300650991
      ],
      [
       -79.7674237224715,
       43.6914863638151
      ],
      [
       -79.767998303064,
       43.6919066753583
      ],
      [
       -79.7694038097872,
       43.692957280271
      ],
      [
       -79.7675060213787,
       43.6947376784033
      ],
      [
       -79.7672151100859,
       43.695004570406
      ],
      [
       -79.7671317142439,
       43.6950796168871
      ],
      [
       -79.7665282619118,
       43.6947372820648
      ],
      [
       -79.7663954376394,
       43.6947336083198
      ],
      [
       -79.7658457406361,
       43.6945191840782
      ],
      [
       -79.7656534697222,
       43.6944777408621
      ],
      [
       -79.7653988227321,
       43.6945602878722
      ],
      [
       -79.7653100924609,
       43.6945742821138
      ],
      [
       -79.7651992340654,
       43.6945946217637
      ],
      [
       -79.7648435790316,
       43.6945611882843
      ],
      [
       -79.7646788658112,
       43.6944642603123
      ],
      [
       -79.7646148219589,
       43.694349660683
      ],
      [
       -79.7641070151205,
       43.6942814080199
      ],
      [
       -79.7639042896993,
       43.6942112362284
      ],
      [
       -79.7636631922705,
       43.6941681045738
      ],
      [
       -79.7634968320745,
       43.6942053907617
      ],
      [
       -79.7634428895339,
       43.6942788722933
      ],
      [
       -79.7632121240447,
       43.6943438054815
      ],
      [
       -79.7629331064983,
       43.6942829942587
      ],
      [
       -79.7627177007217,
       43.6941418926818
      ],
      [
       -79.7627133111357,
       43.6941261648763
      ],
      [
       -79.762660569006,
       43.6938973145083
      ],
      [
       -79.7624511537757,
       43.6938401422689
      ],
      [
       -79.7621611039962,
       43.6935017312177
      ],
      [
       -79.7621033695921,
       43.6933109544044
      ],
      [
       -79.7621250340546,
       43.6929038140204
      ],
      [
       -79.7617971954322,
       43.6925920107008
      ],
      [
       -79.7615881665237,
       43.6925168089514
      ],
      [
       -79.7608520414433,
       43.6921722257536
      ],
      [
       -79.7600555403155,
       43.6917545410255
      ],
      [
       -79.7592600569854,
       43.6912158673729
      ],
      [
       -79.7590016339876,
       43.6910365680958
      ],
      [
       -79.7583587927013,
       43.6907054376409
      ],
      [
       -79.7579989512399,
       43.6905935116075
      ],
      [
       -79.757649627071,
       43.690535687953
      ],
      [
       -79.7573110555571,
       43.6905319990463
      ],
      [
       -79.7571810011552,
       43.6905367786674
      ],
      [
       -79.757080799847,
       43.6905404898953
      ],
      [
       -79.7569340750365,
       43.6905508405343
      ],
      [
       -79.7564178091454,
       43.6905873103103
      ],
      [
       -79.7562528337693,
       43.6905499929287
      ],
      [
       -79.7554268974895,
       43.6900603700367
      ],
      [
       -79.7553051986161,
       43.690178588618
      ],
      [
       -79.7552899942518,
       43.6901933677067
      ],
      [
       -79.7547631190203,
       43.690763885246
      ],
      [
       -79.754349414087,
       43.6912137633154
      ],
      [
       -79.7537559916071,
       43.6917702673257
      ],
      [
       -79.7536928085927,
       43.6918236791703
      ],
      [
       -79.753439900871,
       43.6920549764185
      ],
      [
       -79.7525922112122,
       43.6928380848866
      ],
      [
       -79.7516182934293,
       43.6937278819776
      ],
      [
       -79.7512922968725,
       43.6940288008727
      ],
      [
       -79.7510774388938,
       43.6942217368358
      ],
      [
       -79.7505941069341,
       43.6946440715344
      ],
      [
       -79.7494907090185,
       43.6956359820713
      ],
      [
       -79.7486974167107,
       43.6963430871604
      ],
      [
       -79.7474958928809,
       43.6974283752039
      ],
      [
       -79.7458524015049,
       43.6988779660462
      ],
      [
       -79.7425631113442,
       43.7017950686744
      ],
      [
       -79.7409591161261,
       43.7032090671644
      ],
      [
       -79.7407593893814,
       43.7032608818937
      ],
      [
       -79.7404798973252,
       43.7035156650471
      ],
      [
       -79.7400762029651,
       43.7038835833641
      ],
      [
       -79.7394439041984,
       43.7044438868488
      ],
      [
       -79.738759932536,
       43.7050611819149
      ],
      [
       -79.7385963159984,
       43.7052088774306
      ],
      [
       -79.7384132849314,
       43.7053696364127
      ],
      [
       -79.7383939083331,
       43.7053866694414
      ],
      [
       -79.7381359649017,
       43.7056176118599
      ],
      [
       -79.7381156894823,
       43.7056357721058
      ],
      [
       -79.7380176923495,
       43.7055716863355
      ],
      [
       -79.7379195949409,
       43.7055165888419
      ],
      [
       -79.7365874839485,
       43.7045293871937
      ],
      [
       -79.7344839025724,
       43.703047484508
      ],
      [
       -79.7332875028613,
       43.7021310820221
      ],
      [
       -79.7329571882533,
       43.7018780823762
      ],
      [
       -79.7325777970424,
       43.7016217868477
      ],
      [
       -79.7324801003814,
       43.7015486804437
      ],
      [
       -79.7296697836138,
       43.6994555729368
      ],
      [
       -79.7269082904468,
       43.6974169836721
      ],
      [
       -79.7268472035363,
       43.6973712810656
      ],
      [
       -79.7266636996277,
       43.697243167922
      ],
      [
       -79.7266148883035,
       43.6972065779303
      ],
      [
       -79.7241103913391,
       43.6953418817895
      ],
      [
       -79.7234751908356,
       43.6948665821435
      ],
      [
       -79.7187602118981,
       43.6913473728324
      ],
      [
       -79.7186379890663,
       43.6912558700202
      ],
      [
       -79.718564784184,
       43.6912010691169
      ],
      [
       -79.7169765856086,
       43.6900307759086
      ]
     ]
    ]
   },
   "properties": {
    "OBJECTID": 3,
    "PDZ": "B3",
    "CSDNAME": "Brampton",
    "Shape__Area": 38118884.2956543,
    "Shape__Length": 34226.772782903696
   }
  },
  {
   "type": "Feature",
   "id": 4,
   "geometry": {
    "type": "Polygon",
    "coordinates": [
     [
      [
       -79.7646454085594,
       43.7258691855145
      ],
      [
       -79.7648349186366,
       43.7257147361588
      ],
      [
       -79.7649510983081,
       43.7256200530319
      ],
      [
       -79.7650479416386,
       43.7257189092598
      ],
      [
       -79.7652351193334,
       43.7255693771444
      ],
      [
       -79.7653439078218,
       43.725484328011
      ],
      [
       -79.7654949996169,
       43.7256819992016
      ],
      [
       -79.7658260393957,
       43.7261150563769
      ],
      [
       -79.7674681161158,
       43.7282631731845
      ],
      [
       -79.7675038014122,
       43.7283045291326
      ],
      [
       -79.7677622089363,
       43.7286039688992
      ],
      [
       -79.7685155200513,
       43.7287785941466
      ],
      [
       -79.7712433404732,
       43.7288925366596
      ],
      [
       -79.7713633147055,
       43.7293154711606
      ],
      [
       -79.7716506086578,
       43.7296358881772
      ],
      [
       -79.7720124094851,
       43.7299012722249
      ],
      [
       -79.774177719809,
       43.731491190153
      ],
      [
       -79.7741900184315,
       43.7315002736872
      ],
      [
       -79.7759406163434,
       43.7327255814767
      ],
      [
       -79.7760168354529,
       43.7327830499673
      ],
      [
       -79.7760212440725,
       43.732786376382
      ],
      [
       -79.7784232112971,
       43.7345978848337
      ],
      [
       -79.7789733127052,
       43.7350269861775
      ],
      [
       -79.7791321196361,
       43.7351546743702
      ],
      [
       -79.7794871304465,
       43.7354105836371
      ],
      [
       -79.7799641004319,
       43.7357668873472
      ],
      [
       -79.7802449175819,
       43.7359729780794
      ],
      [
       -79.7807395046661,
       43.7363288696001
      ],
      [
       -79.7829207256418,
       43.7379232886432
      ],
      [
       -79.7850916224356,
       43.7395040808475
      ],
      [
       -79.7870373280935,
       43.7409292927909
      ],
      [
       -79.7874781334835,
       43.7412400943746
      ],
      [
       -79.7890933194671,
       43.7424367878476
      ],
      [
       -79.7911613329846,
       43.743971275322
      ],
      [
       -79.7923233118991,
       43.7448569781653
      ],
      [
       -79.7930094076913,
       43.7453233898767
      ],
      [
       -79.7964609114762,
       43.7478628882065
      ],
      [
       -79.7969628113575,
       43.7482282859229
      ],
      [
       -79.79721871462,
       43.748474072719
      ],
      [
       -79.7974620260222,
       43.7487287725731
      ],
      [
       -79.7977052368121,
       43.748992384622
      ],
      [
       -79.7978761074886,
       43.7491382882349
      ],
      [
       -79.7980716237307,
       43.7493023809976
      ],
      [
       -79.7982555198814,
       43.7494213717582
      ],
      [
       -79.7985136110292,
       43.7495591832313
      ],
      [
       -79.7990549136721,
       43.7498169932413
      ],
      [
       -79.799337321395,
       43.7499819752901
      ],
      [
       -79.7994349285087,
       43.7500550852814
      ],
      [
       -79.803239341888,
       43.7528411763946
      ],
      [
       -79.802872925904,
       43.7531479891563
      ],
      [
       -79.8009062190705,
       43.7548807898615
      ],
      [
       -79.8005392121124,
       43.7552084929529
      ],
      [
       -79.7994682128838,
       43.7561644722006
      ],
      [
       -79.7989831049369,
       43.7565815347983
      ],
      [
       -79.7988755602721,
       43.7566740261121
      ],
      [
       -79.7987476516285,
       43.7567839687401
      ],
      [
       -79.7987194073504,
       43.7568082513422
      ],
      [
       -79.7982732148669,
       43.7571918737213
      ],
      [
       -79.7971559368321,
       43.7581525835602
      ],
      [
       -79.7971359170834,
       43.7581717958509
      ],
      [
       -79.7962591228696,
       43.7589775826898
      ],
      [
       -79.7948128684866,
       43.7603068118624
      ],
      [
       -79.792439811482,
       43.7624876802772
      ],
      [
       -79.7918838240723,
       43.7629859841893
      ],
      [
       -79.7875952997044,
       43.7669136286772
      ],
      [
       -79.7827571234889,
       43.7713436921207
      ],
      [
       -79.7818451334231,
       43.7721983013825
      ],
      [
       -79.7805524046564,
       43.7733369079446
      ],
      [
       -79.7793906258107,
       43.7743600878693
      ],
      [
       -79.7781354262274,
       43.7755891898127
      ],
      [
       -79.7775743266488,
       43.7762944819128
      ],
      [
       -79.7769730310729,
       43.7771433788365
      ],
      [
       -79.7756056141727,
       43.7789924817042
      ],
      [
       -79.7752621116743,
       43.7793849774683
      ],
      [
       -79.7739201323963,
       43.7805951023642
      ],
      [
       -79.7726809274517,
       43.7816933690989
      ],
      [
       -79.7718824082161,
       43.7824009965376
      ],
      [
       -79.7602043154984,
       43.7912427026556
      ],
      [
       -79.7596253163047,
       43.7915964901825
      ],
      [
       -79.7590861130196,
       43.7918247975891
      ],
      [
       -79.7585461178796,
       43.7920889926773
      ],
      [
       -79.7580911298681,
       43.7924532016062
      ],
      [
       -79.7563163985181,
       43.7940134238833
      ],
      [
       -79.7545158059032,
       43.7955962813623
      ],
      [
       -79.7518117545004,
       43.7979733609558
      ],
      [
       -79.7517816450008,
       43.7979998118874
      ],
      [
       -79.7517743054606,
       43.7980062837365
      ],
      [
       -79.7517479260015,
       43.7980294683301
      ],
      [
       -79.7516223570013,
       43.7981352951191
      ],
      [
       -79.7516214045594,
       43.7981360833457
      ],
      [
       -79.7488862269625,
       43.8005372011447
      ],
      [
       -79.7431139527694,
       43.8056566893016
      ],
      [
       -79.7426288174018,
       43.8060868848817
      ],
      [
       -79.7380175062195,
       43.8101686839737
      ],
      [
       -79.734391473728,
       43.8133825390072
      ],
      [
       -79.7310973551913,
       43.8163017134423
      ],
      [
       -79.7273607051699,
       43.8196124963071
      ],
      [
       -79.7238239925657,
       43.8227694050844
      ],
      [
       -79.7222396056969,
       43.8241742020914
      ],
      [
       -79.7165987087099,
       43.8291620905363
      ],
      [
       -79.7163832225349,
       43.8293486898559
      ],
      [
       -79.7138596953445,
       43.831607299109
      ],
      [
       -79.7113352926484,
       43.8339018113892
      ],
      [
       -79.7058692053548,
       43.8387740152645
      ],
      [
       -79.7057548954136,
       43.8388807907182
      ],
      [
       -79.7056533166189,
       43.8389787011969
      ],
      [
       -79.7054380168751,
       43.8391563112504
      ],
      [
       -79.6982450034735,
       43.8455932954889
      ],
      [
       -79.6980159856,
       43.8458247074533
      ],
      [
       -79.6978690423857,
       43.8459790006753
      ],
      [
       -79.6978378004776,
       43.84601181592
      ],
      [
       -79.6976834952252,
       43.8462351163625
      ],
      [
       -79.6975402822417,
       43.8465216388496
      ],
      [
       -79.697435280668,
       43.8467725596088
      ],
      [
       -79.6973287367148,
       43.8470864693588
      ],
      [
       -79.6972346730451,
       43.8473636531171
      ],
      [
       -79.6960936950411,
       43.8475873574255
      ],
      [
       -79.6952189202148,
       43.8477267243446
      ],
      [
       -79.6932453981857,
       43.844383714012
      ],
      [
       -79.6897795955169,
       43.8384736076818
      ],
      [
       -79.6890894227464,
       43.8373090679134
      ],
      [
       -79.6889038819265,
       43.8369960019257
      ],
      [
       -79.6887205093711,
       43.8366788107132
      ],
      [
       -79.6886453071973,
       43.8365487918419
      ],
      [
       -79.6786714095357,
       43.819312003048
      ],
      [
       -79.6769674791433,
       43.8165101070544
      ],
      [
       -79.6750611860213,
       43.8133097005877
      ],
      [
       -79.6744446794472,
       43.8122709007963
      ],
      [
       -79.6717185911125,
       43.8076076070502
      ],
      [
       -79.6717170999656,
       43.8076049921463
      ],
      [
       -79.6721415792621,
       43.8073558966583
      ],
      [
       -79.6774845794884,
       43.8026594057801
      ],
      [
       -79.6783854747392,
       43.8018325062547
      ],
      [
       -79.6789949101348,
       43.8013352907568
      ],
      [
       -79.679377505779,
       43.8010335874093
      ],
      [
       -79.6803760026758,
       43.8001492945509
      ],
      [
       -79.6815345040454,
       43.7991507000083
      ],
      [
       -79.6822143101534,
       43.7985647252153
      ],
      [
       -79.6840928781111,
       43.7969452875878
      ],
      [
       -79.6867940927097,
       43.7946166964442
      ],
      [
       -79.6898735014187,
       43.7919615931159
      ],
      [
       -79.6904088014336,
       43.7914904958403
      ],
      [
       -79.6904975782567,
       43.7914104930739
      ],
      [
       -79.6936285779726,
       43.7886102027916
      ],
      [
       -79.6945158008287,
       43.7878189990211
      ],
      [
       -79.6953021116112,
       43.7870986985034
      ],
      [
       -79.6957847932349,
       43.7866179845482
      ],
      [
       -79.6959880942495,
       43.7864131968914
      ],
      [
       -79.6965473141007,
       43.7858432894405
      ],
      [
       -79.6971311993107,
       43.7852828055141
      ],
      [
       -79.6973843934004,
       43.7850695876069
      ],
      [
       -79.6975492943899,
       43.784918398977
      ],
      [
       -79.698800124958,
       43.7838280460968
      ],
      [
       -79.7004754064635,
       43.7823675960461
      ],
      [
       -79.7050588876739,
       43.7784400028762
      ],
      [
       -79.7064773083434,
       43.7772044932379
      ],
      [
       -79.7077057867332,
       43.7761289936435
      ],
      [
       -79.7080627019938,
       43.7757914904161
      ],
      [
       -79.7094180827851,
       43.7745095934837
      ],
      [
       -79.711092903261,
       43.7728988823718
      ],
      [
       -79.7132581108992,
       43.7710144835884
      ],
      [
       -79.7133344180302,
       43.770946623283
      ],
      [
       -79.7149169155883,
       43.7695394883252
      ],
      [
       -79.7165560025839,
       43.7681613879306
      ],
      [
       -79.716895098818,
       43.7679471972627
      ],
      [
       -79.7169833048423,
       43.7678960998554
      ],
      [
       -79.7178551031398,
       43.7671809893482
      ],
      [
       -79.7182975956349,
       43.7666130813275
      ],
      [
       -79.7188859850003,
       43.766247184547
      ],
      [
       -79.71921121667,
       43.765965748816
      ],
      [
       -79.7194425230155,
       43.7657655956602
      ],
      [
       -79.7204166276703,
       43.764922624367
      ],
      [
       -79.7205989986274,
       43.7647647923908
      ],
      [
       -79.7217876086629,
       43.7637360953682
      ],
      [
       -79.7218152989241,
       43.7636012942909
      ],
      [
       -79.7219166083334,
       43.7635123976358
      ],
      [
       -79.7221822025114,
       43.7632902821095
      ],
      [
       -79.7223213146747,
       43.7631748000268
      ],
      [
       -79.7225236896003,
       43.7630059779593
      ],
      [
       -79.7233962427723,
       43.7622552922275
      ],
      [
       -79.7235361088845,
       43.7621349766269
      ],
      [
       -79.7240657988322,
       43.7617626869357
      ],
      [
       -79.7258100954907,
       43.7603505888143
      ],
      [
       -79.7263402045335,
       43.7599602891276
      ],
      [
       -79.727673497335,
       43.7591827958246
      ],
      [
       -79.7291317160405,
       43.7583706898014
      ],
      [
       -79.729975816887,
       43.7578128779096
      ],
      [
       -79.7299800929628,
       43.757809280695
      ],
      [
       -79.731126915972,
       43.7568351787502
      ],
      [
       -79.7312860192106,
       43.7566929907074
      ],
      [
       -79.7338947163292,
       43.7543617881159
      ],
      [
       -79.7342540087446,
       43.7540426856708
      ],
      [
       -79.7349234392754,
       43.7534620221303
      ],
      [
       -79.7371133931439,
       43.7515622895079
      ],
      [
       -79.7383287986702,
       43.7504681812416
      ],
      [
       -79.738698691531,
       43.7500220766371
      ],
      [
       -79.7389668039019,
       43.7496738914344
      ],
      [
       -79.7390836354564,
       43.7496299625314
      ],
      [
       -79.7391296006175,
       43.7496126781542
      ],
      [
       -79.7392701161378,
       43.7494251871256
      ],
      [
       -79.739423100488,
       43.7492377785328
      ],
      [
       -79.7396730074455,
       43.7489112736611
      ],
      [
       -79.7401816939647,
       43.7481983874436
      ],
      [
       -79.7407601203436,
       43.7474787842673
      ],
      [
       -79.7419423258001,
       43.7464137222995
      ],
      [
       -79.7439924059279,
       43.7445666739397
      ],
      [
       -79.7441914248686,
       43.7443876754675
      ],
      [
       -79.7449900097957,
       43.7436659152454
      ],
      [
       -79.7470763357889,
       43.7417802039803
      ],
      [
       -79.7483692928581,
       43.7406114794115
      ],
      [
       -79.7498836266163,
       43.7391963734345
      ],
      [
       -79.7509097285535,
       43.738261574604
      ],
      [
       -79.7510869008373,
       43.7381014924537
      ],
      [
       -79.7545424167867,
       43.7349854844051
      ],
      [
       -79.7548105106611,
       43.7347437941341
      ],
      [
       -79.7548536178245,
       43.7345509812116
      ],
      [
       -79.7550709961903,
       43.7343548724844
      ],
      [
       -79.7578921083475,
       43.7318374752177
      ],
      [
       -79.7595249148731,
       43.7303335880068
      ],
      [
       -79.7597868970883,
       43.7302734746841
      ],
      [
       -79.7602297016848,
       43.7298730666691
      ],
      [
       -79.7616592143517,
       43.7285919857857
      ],
      [
       -79.7616612094588,
       43.7284929912327
      ],
      [
       -79.7637614978293,
       43.7265888797745
      ],
      [
       -79.7639005322192,
       43.7264733705492
      ],
      [
       -79.7644435148286,
       43.7260290929596
      ],
      [
       -79.7646454085594,
       43.7258691855145
      ]
     ]
    ]
   },
   "properties": {
    "OBJECTID": 4,
    "PDZ": "B4",
    "CSDNAME": "Brampton",
    "Shape__Area": 54920440.84082031,
    "Shape__Length": 34843.86106475959
   }
  },
  {
   "type": "Feature",
   "id": 5,
   "geometry": {
    "type": "Polygon",
    "coordinates": [
     [
      [
       -79.6341463697115,
       43.7420824755184
      ],
      [
       -79.6307110388455,
       43.7366644646717
      ],
      [
       -79.6304772714081,
       43.7364051790977
      ],
      [
       -79.63049298133,
       43.7362613018917
      ],
      [
       -79.6304631715884,
       43.7359368785856
      ],
      [
       -79.6304039868217,
       43.7358100871222
      ],
      [
       -79.630273578294,
       43.7355384007971
      ],
      [
       -79.6303128657169,
       43.7354487795386
      ],
      [
       -79.6305327141358,
       43.7354042100183
      ],
      [
       -79.6328273639048,
       43.7349676428015
      ],
      [
       -79.6338220145568,
       43.7342870329527
      ],
      [
       -79.6345089953159,
       43.73375244675
      ],
      [
       -79.6347556577659,
       43.7339262762769
      ],
      [
       -79.6351221834948,
       43.734191801037
      ],
      [
       -79.6355375855431,
       43.7344938838311
      ],
      [
       -79.637698480945,
       43.7361224001869
      ],
      [
       -79.6384050847248,
       43.7367249981246
      ],
      [
       -79.6393796016652,
       43.7373425209274
      ],
      [
       -79.6395098736613,
       43.7372194447354
      ],
      [
       -79.6426783986008,
       43.7343900339721
      ],
      [
       -79.6428306684269,
       43.7342540921259
      ],
      [
       -79.6429840112923,
       43.7341171768967
      ],
      [
       -79.6461337967488,
       43.7313047773956
      ],
      [
       -79.6462809375958,
       43.7311734079688
      ],
      [
       -79.6462865516246,
       43.7311682639587
      ],
      [
       -79.646436968375,
       43.7310307294991
      ],
      [
       -79.6477011616609,
       43.7298748370029
      ],
      [
       -79.6488144191042,
       43.7288569148493
      ],
      [
       -79.6491175412669,
       43.7285825259731
      ],
      [
       -79.6502268072857,
       43.7275881929539
      ],
      [
       -79.6503792986248,
       43.7274515132592
      ],
      [
       -79.6504078172607,
       43.7274259550428
      ],
      [
       -79.6505316539658,
       43.7273149424982
      ],
      [
       -79.6508179668807,
       43.7270582933608
      ],
      [
       -79.6528496602396,
       43.7252171159093
      ],
      [
       -79.6529998231209,
       43.7250810282664
      ],
      [
       -79.6531524496992,
       43.7249427284041
      ],
      [
       -79.6564960404726,
       43.7219122589352
      ],
      [
       -79.6566438554298,
       43.7217782700149
      ],
      [
       -79.6567989018775,
       43.7216377012537
      ],
      [
       -79.6571141850864,
       43.7213519213727
      ],
      [
       -79.6585339022697,
       43.7200321930664
      ],
      [
       -79.658535507718,
       43.7200306794578
      ],
      [
       -79.6586811876099,
       43.7198952635906
      ],
      [
       -79.6588320327762,
       43.7197550487786
      ],
      [
       -79.6588336382096,
       43.7197535351655
      ],
      [
       -79.6596875099644,
       43.718959758088
      ],
      [
       -79.6609030265893,
       43.7179023896746
      ],
      [
       -79.661072656263,
       43.7177548170153
      ],
      [
       -79.6610961152466,
       43.717734404624
      ],
      [
       -79.6611999821951,
       43.7176441396926
      ],
      [
       -79.6612130371879,
       43.7176328028227
      ],
      [
       -79.6613474277183,
       43.7175160332556
      ],
      [
       -79.6615466943559,
       43.7173428804581
      ],
      [
       -79.6622060314776,
       43.7167020157528
      ],
      [
       -79.6637417402323,
       43.7153703201153
      ],
      [
       -79.6713381011145,
       43.7085524112801
      ],
      [
       -79.671490580303,
       43.7084154163994
      ],
      [
       -79.6715979919388,
       43.7083182032517
      ],
      [
       -79.6716422229687,
       43.7082791742152
      ],
      [
       -79.6717933038619,
       43.7081434403177
      ],
      [
       -79.6723783973466,
       43.7075941908918
      ],
      [
       -79.6732519349212,
       43.7067741503569
      ],
      [
       -79.6737211227214,
       43.7063875104287
      ],
      [
       -79.6738817716539,
       43.7062551189397
      ],
      [
       -79.673698176962,
       43.7042790118085
      ],
      [
       -79.673676157275,
       43.7040419284749
      ],
      [
       -79.6736150744285,
       43.7033844406142
      ],
      [
       -79.6734062837388,
       43.701136983552
      ],
      [
       -79.6741576717148,
       43.7001013114391
      ],
      [
       -79.6751011597857,
       43.6988007937925
      ],
      [
       -79.6776084061999,
       43.6953444330181
      ],
      [
       -79.6778568095312,
       43.6950003577384
      ],
      [
       -79.6791379359392,
       43.6929283001237
      ],
      [
       -79.6798934390694,
       43.6913954290163
      ],
      [
       -79.6814357268641,
       43.688265902997
      ],
      [
       -79.6816137619616,
       43.6879045922216
      ],
      [
       -79.6836543858209,
       43.6838910984813
      ],
      [
       -79.6842657201882,
       43.6826885523488
      ],
      [
       -79.6843538626841,
       43.682531210038
      ],
      [
       -79.6855263839513,
       43.6804375966016
      ],
      [
       -79.6867673544602,
       43.6782216482088
      ],
      [
       -79.6869193250868,
       43.6778543097177
      ],
      [
       -79.6902305811283,
       43.6696244879951
      ],
      [
       -79.6913814748752,
       43.6704811764919
      ],
      [
       -79.6917099686275,
       43.6707730815259
      ],
      [
       -79.6920116928927,
       43.6711636827403
      ],
      [
       -79.6922742988782,
       43.6716349779631
      ],
      [
       -79.6927213920018,
       43.6716130719555
      ],
      [
       -79.6929061796967,
       43.6716691666082
      ],
      [
       -79.6950298656017,
       43.6732690801742
      ],
      [
       -79.6953112722194,
       43.6734523703131
      ],
      [
       -79.6956067722796,
       43.6735548726992
      ],
      [
       -79.6957710465566,
       43.6736825834402
      ],
      [
       -79.6958316542326,
       43.673734484812
      ],
      [
       -79.6959919399475,
       43.6739607209823
      ],
      [
       -79.6960506563317,
       43.6740436119419
      ],
      [
       -79.6963244715155,
       43.6744300682292
      ],
      [
       -79.6967167416628,
       43.6746935495137
      ],
      [
       -79.6967849348622,
       43.6747393547842
      ],
      [
       -79.698325084249,
       43.675773767509
      ],
      [
       -79.7003888016377,
       43.6772918724012
      ],
      [
       -79.7047341730842,
       43.6805916700042
      ],
      [
       -79.7048555799491,
       43.6807190681306
      ],
      [
       -79.7049509015569,
       43.6809002750255
      ],
      [
       -79.7049967995904,
       43.6810718783161
      ],
      [
       -79.705232090117,
       43.6810924753766
      ],
      [
       -79.7053927773973,
       43.6811213658876
      ],
      [
       -79.7055280758725,
       43.6811768713895
      ],
      [
       -79.7066393795734,
       43.6819997835404
      ],
      [
       -79.708101708551,
       43.6826556672621
      ],
      [
       -79.7093017011734,
       43.6839747723114
      ],
      [
       -79.7094449766756,
       43.6841304794353
      ],
      [
       -79.7096532865612,
       43.6843568836569
      ],
      [
       -79.7096649739968,
       43.6843672467421
      ],
      [
       -79.7102846917355,
       43.6849170679745
      ],
      [
       -79.7110253922116,
       43.6855251783857
      ],
      [
       -79.7111062429749,
       43.6855871996704
      ],
      [
       -79.7114180330318,
       43.6858263627929
      ],
      [
       -79.7115510957786,
       43.6859284013986
      ],
      [
       -79.7120283741755,
       43.6862944880194
      ],
      [
       -79.7124973994321,
       43.6866542714691
      ],
      [
       -79.714375484625,
       43.6880700970898
      ],
      [
       -79.7169765856086,
       43.6900307759086
      ],
      [
       -79.718564784184,
       43.6912010691169
      ],
      [
       -79.7186379890663,
       43.6912558700202
      ],
      [
       -79.7187602118981,
       43.6913473728324
      ],
      [
       -79.7234751908356,
       43.6948665821435
      ],
      [
       -79.7241103913391,
       43.6953418817895
      ],
      [
       -79.7266148883035,
       43.6972065779303
      ],
      [
       -79.7266636996277,
       43.697243167922
      ],
      [
       -79.7268472035363,
       43.6973712810656
      ],
      [
       -79.7269082904468,
       43.6974169836721
      ],
      [
       -79.7296697836138,
       43.6994555729368
      ],
      [
       -79.7324801003814,
       43.7015486804437
      ],
      [
       -79.7325777970424,
       43.7016217868477
      ],
      [
       -79.7329571882533,
       43.7018780823762
      ],
      [
       -79.7332875028613,
       43.7021310820221
      ],
      [
       -79.7344839025724,
       43.703047484508
      ],
      [
       -79.7365874839485,
       43.7045293871937
      ],
      [
       -79.7379195949409,
       43.7055165888419
      ],
      [
       -79.7380176923495,
       43.7055716863355
      ],
      [
       -79.7381156894823,
       43.7056357721058
      ],
      [
       -79.7382136120323,
       43.7056998731752
      ],
      [
       -79.7382991835182,
       43.7057638819278
      ],
      [
       -79.7406838748038,
       43.7075274131709
      ],
      [
       -79.7415992026135,
       43.7082042806953
      ],
      [
       -79.7446684198074,
       43.7104169716347
      ],
      [
       -79.7448783103719,
       43.7105745675033
      ],
      [
       -79.7475648869162,
       43.7125916846003
      ],
      [
       -79.7477975064055,
       43.7127472857812
      ],
      [
       -79.7480508309755,
       43.7129442528611
      ],
      [
       -79.7484083068709,
       43.7132221909853
      ],
      [
       -79.751648810459,
       43.7155805684397
      ],
      [
       -79.7518076957315,
       43.7156993720448
      ],
      [
       -79.7519420044295,
       43.7158088806715
      ],
      [
       -79.7519664096148,
       43.7158271801182
      ],
      [
       -79.7546315159509,
       43.7178100687107
      ],
      [
       -79.7549284842906,
       43.7180346255219
      ],
      [
       -79.7556703915525,
       43.7185956857657
      ],
      [
       -79.7558055048354,
       43.7186691840411
      ],
      [
       -79.7559890251716,
       43.7187972799472
      ],
      [
       -79.7586560967117,
       43.7207953415688
      ],
      [
       -79.7593671308518,
       43.7213279556556
      ],
      [
       -79.7605759954616,
       43.7222335125267
      ],
      [
       -79.7610625971856,
       43.7225979829829
      ],
      [
       -79.7631498010243,
       43.7240931769954
      ],
      [
       -79.7639937044742,
       43.7247538868462
      ],
      [
       -79.7648084265465,
       43.7254840503495
      ],
      [
       -79.7648860031347,
       43.725553589037
      ],
      [
       -79.7649510983081,
       43.7256200530319
      ],
      [
       -79.7648349186366,
       43.7257147361588
      ],
      [
       -79.7646454085594,
       43.7258691855145
      ],
      [
       -79.7644435148286,
       43.7260290929596
      ],
      [
       -79.7639005322192,
       43.7264733705492
      ],
      [
       -79.7637614978293,
       43.7265888797745
      ],
      [
       -79.7616612094588,
       43.7284929912327
      ],
      [
       -79.7616592143517,
       43.7285919857857
      ],
      [
       -79.7602297016848,
       43.7298730666691
      ],
      [
       -79.7597868970883,
       43.7302734746841
      ],
      [
       -79.7595249148731,
       43.7303335880068
      ],
      [
       -79.7578921083475,
       43.7318374752177
      ],
      [
       -79.7550709961903,
       43.7343548724844
      ],
      [
       -79.7548536178245,
       43.7345509812116
      ],
      [
       -79.7548105106611,
       43.7347437941341
      ],
      [
       -79.7545424167867,
       43.7349854844051
      ],
      [
       -79.7510869008373,
       43.7381014924537
      ],
      [
       -79.7509097285535,
       43.738261574604
      ],
      [
       -79.7498836266163,
       43.7391963734345
      ],
      [
       -79.7483692928581,
       43.7406114794115
      ],
      [
       -79.7470763357889,
       43.7417802039803
      ],
      [
       -79.7449900097957,
       43.7436659152454
      ],
      [
       -79.7441914248686,
       43.7443876754675
      ],
      [
       -79.7439924059279,
       43.7445666739397
      ],
      [
       -79.7419423258001,
       43.7464137222995
      ],
      [
       -79.7407601203436,
       43.7474787842673
      ],
      [
       -79.7401816939647,
       43.7481983874436
      ],
      [
       -79.7396730074455,
       43.7489112736611
      ],
      [
       -79.739423100488,
       43.7492377785328
      ],
      [
       -79.7392701161378,
       43.7494251871256
      ],
      [
       -79.7391296006175,
       43.7496126781542
      ],
      [
       -79.7390836354564,
       43.7496299625314
      ],
      [
       -79.7389668039019,
       43.7496738914344
      ],
      [
       -79.738698691531,
       43.7500220766371
      ],
      [
       -79.7383287986702,
       43.7504681812416
      ],
      [
       -79.7371133931439,
       43.7515622895079
      ],
      [
       -79.7349234392754,
       43.7534620221303
      ],
      [
       -79.7342540087446,
       43.7540426856708
      ],
      [
       -79.7338947163292,
       43.7543617881159
      ],
      [
       -79.7312860192106,
       43.7566929907074
      ],
      [
       -79.731126915972,
       43.7568351787502
      ],
      [
       -79.7299800929628,
       43.757809280695
      ],
      [
       -79.729975816887,
       43.7578128779096
      ],
      [
       -79.7291317160405,
       43.7583706898014
      ],
      [
       -79.727673497335,
       43.7591827958246
      ],
      [
       -79.7263402045335,
       43.7599602891276
      ],
      [
       -79.7258100954907,
       43.7603505888143
      ],
      [
       -79.7240657988322,
       43.7617626869357
      ],
      [
       -79.7235361088845,
       43.7621349766269
      ],
      [
       -79.7233962427723,
       43.7622552922275
      ],
      [
       -79.7225236896003,
       43.7630059779593
      ],
      [
       -79.7223213146747,
       43.7631748000268
      ],
      [
       -79.7221822025114,
       43.7632902821095
      ],
      [
       -79.7219166083334,
       43.7635123976358
      ],
      [
       -79.7218152989241,
       43.7636012942909
      ],
      [
       -79.7217876086629,
       43.7637360953682
      ],
      [
       -79.7205989986274,
       43.7647647923908
      ],
      [
       -79.7204166276703,
       43.764922624367
      ],
      [
       -79.7194425230155,
       43.7657655956602
      ],
      [
       -79.71921121667,
       43.765965748816
      ],
      [
       -79.7188859850003,
       43.766247184547
      ],
      [
       -79.7182975956349,
       43.7666130813275
      ],
      [
       -79.7178551031398,
       43.7671809893482
      ],
      [
       -79.7169833048423,
       43.7678960998554
      ],
      [
       -79.716895098818,
       43.7679471972627
      ],
      [
       -79.7165560025839,
       43.7681613879306
      ],
      [
       -79.7149169155883,
       43.7695394883252
      ],
      [
       -79.7133344180302,
       43.770946623283
      ],
      [
       -79.7132581108992,
       43.7710144835884
      ],
      [
       -79.711092903261,
       43.7728988823718
      ],
      [
       -79.7094180827851,
       43.7745095934837
      ],
      [
       -79.7080627019938,
       43.7757914904161
      ],
      [
       -79.7077057867332,
       43.7761289936435
      ],
      [
       -79.7064773083434,
       43.7772044932379
      ],
      [
       -79.7050588876739,
       43.7784400028762
      ],
      [
       -79.7004754064635,
       43.7823675960461
      ],
      [
       -79.698800124958,
       43.7838280460968
      ],
      [
       -79.6975492943899,
       43.784918398977
      ],
      [
       -79.6973843934004,
       43.7850695876069
      ],
      [
       -79.6971311993107,
       43.7852828055141
      ],
      [
       -79.6965473141007,
       43.7858432894405
      ],
      [
       -79.6959880942495,
       43.7864131968914
      ],
      [
       -79.6957847932349,
       43.7866179845482
      ],
      [
       -79.6953021116112,
       43.7870986985034
      ],
      [
       -79.6945158008287,
       43.7878189990211
      ],
      [
       -79.6936285779726,
       43.7886102027916
      ],
      [
       -79.6904975782567,
       43.7914104930739
      ],
      [
       -79.6904088014336,
       43.7914904958403
      ],
      [
       -79.6898735014187,
       43.7919615931159
      ],
      [
       -79.6867940927097,
       43.7946166964442
      ],
      [
       -79.6840928781111,
       43.7969452875878
      ],
      [
       -79.6822143101534,
       43.7985647252153
      ],
      [
       -79.6815345040454,
       43.7991507000083
      ],
      [
       -79.6803760026758,
       43.8001492945509
      ],
      [
       -79.679377505779,
       43.8010335874093
      ],
      [
       -79.6789949101348,
       43.8013352907568
      ],
      [
       -79.6783854747392,
       43.8018325062547
      ],
      [
       -79.6774845794884,
       43.8026594057801
      ],
      [
       -79.6721415792621,
       43.8073558966583
      ],
      [
       -79.6717170999656,
       43.8076049921463
      ],
      [
       -79.670210970851,
       43.8049519043744
      ],
      [
       -79.6691292721329,
       43.8030446025464
      ],
      [
       -79.6685493981362,
       43.8019613980216
      ],
      [
       -79.6666453809776,
       43.7986977889494
      ],
      [
       -79.6665375853653,
       43.7985164872368
      ],
      [
       -79.6660248742479,
       43.7976399068703
      ],
      [
       -79.6658429852651,
       43.7973289078939
      ],
      [
       -79.6655560034857,
       43.7968212969428
      ],
      [
       -79.6630656722514,
       43.792551500039
      ],
      [
       -79.6628422487066,
       43.7921656230693
      ],
      [
       -79.6628263874288,
       43.7921382056766
      ],
      [
       -79.6606117689563,
       43.7883360028609
      ],
      [
       -79.6586727859475,
       43.7850088985232
      ],
      [
       -79.6585995729824,
       43.7848819840278
      ],
      [
       -79.6580859324065,
       43.783972865369
      ],
      [
       -79.6558754782109,
       43.78005998875
      ],
      [
       -79.6550160911844,
       43.7785276876857
      ],
      [
       -79.652602045096,
       43.774290861834
      ],
      [
       -79.6522893861599,
       43.7737420855457
      ],
      [
       -79.6496114919137,
       43.7690555974349
      ],
      [
       -79.6492290952921,
       43.7683847867459
      ],
      [
       -79.6485528700959,
       43.7671669994804
      ],
      [
       -79.6484731871029,
       43.7670318991585
      ],
      [
       -79.6479052840383,
       43.7659290875905
      ],
      [
       -79.6477736622366,
       43.7657023882153
      ],
      [
       -79.6475810674658,
       43.7654299851617
      ],
      [
       -79.647412390886,
       43.7651939934062
      ],
      [
       -79.6469806701995,
       43.7645045789488
      ],
      [
       -79.6468318405518,
       43.7642728171651
      ],
      [
       -79.6463805776877,
       43.7635701008671
      ],
      [
       -79.6454231880364,
       43.7619560008827
      ],
      [
       -79.6449566715926,
       43.7611582026194
      ],
      [
       -79.6447658704743,
       43.7608047909281
      ],
      [
       -79.6445740789483,
       43.7604963851374
      ],
      [
       -79.6442751643957,
       43.7599795997021
      ],
      [
       -79.6441317843084,
       43.7597258000291
      ],
      [
       -79.6440006882613,
       43.7594811028886
      ],
      [
       -79.6438094810578,
       43.7591457012566
      ],
      [
       -79.6436541624062,
       43.7588737877264
      ],
      [
       -79.64323815909,
       43.758040495368
      ],
      [
       -79.6429456816277,
       43.7572446888825
      ],
      [
       -79.6423600886523,
       43.7556710805661
      ],
      [
       -79.642211086009,
       43.7552724810934
      ],
      [
       -79.6412778775236,
       43.7526239984091
      ],
      [
       -79.6410269581469,
       43.7520131996146
      ],
      [
       -79.6407805610245,
       43.7515483739207
      ],
      [
       -79.6407291745168,
       43.751451400555
      ],
      [
       -79.6405837575725,
       43.7512408693078
      ],
      [
       -79.6405787578164,
       43.7512335869913
      ],
      [
       -79.6405028881082,
       43.7511245858284
      ],
      [
       -79.6404990207088,
       43.7511197921212
      ],
      [
       -79.6402626851228,
       43.7508291021125
      ],
      [
       -79.6402616570694,
       43.750827932893
      ],
      [
       -79.6401183602813,
       43.7506681662255
      ],
      [
       -79.6401157772133,
       43.750665293891
      ],
      [
       -79.6400320135809,
       43.7505736045988
      ],
      [
       -79.6399709966988,
       43.7505068527447
      ],
      [
       -79.6398953903936,
       43.7504240940511
      ],
      [
       -79.6393058801943,
       43.7498542979111
      ],
      [
       -79.638352079129,
       43.7489706028365
      ],
      [
       -79.6378426827425,
       43.7484852916899
      ],
      [
       -79.6376064691309,
       43.7483025809418
      ],
      [
       -79.6375953237528,
       43.7482957105293
      ],
      [
       -79.6369912197908,
       43.7468822158356
      ],
      [
       -79.6369792297354,
       43.7467692525612
      ],
      [
       -79.6366940353642,
       43.7461625926435
      ],
      [
       -79.634695716435,
       43.7430551461404
      ],
      [
       -79.6341463697115,
       43.7420824755184
      ]
     ]
    ]
   },
   "properties": {
    "OBJECTID": 5,
    "PDZ": "B5",
    "CSDNAME": "Brampton",
    "Shape__Area": 76179028.25561523,
    "Shape__Length": 38973.38156037945
   }
  },
  {
   "type": "Feature",
   "id": 6,
   "geometry": {
    "type": "Polygon",
    "coordinates": [
     [
      [
       -79.7324377284875,
       43.9133969277537
      ],
      [
       -79.7299785267533,
       43.9089758164096
      ],
      [
       -79.7298347021726,
       43.9087131069677
      ],
      [
       -79.7287203137817,
       43.9066569127977
      ],
      [
       -79.7301719433632,
       43.9052923385092
      ],
      [
       -79.7315308005565,
       43.9041161777185
      ],
      [
       -79.7321838469291,
       43.9035729418965
      ],
      [
       -79.7323113896373,
       43.9034840115778
      ],
      [
       -79.732387920284,
       43.9034306897477
      ],
      [
       -79.7324640028571,
       43.9033954834922
      ],
      [
       -79.7325257316236,
       43.9033603205379
      ],
      [
       -79.7325997247215,
       43.9033255141807
      ],
      [
       -79.7326367267823,
       43.9033170344895
      ],
      [
       -79.7326740424792,
       43.9033084448202
      ],
      [
       -79.7327737831645,
       43.9032826348958
      ],
      [
       -79.7328731847354,
       43.9032748021657
      ],
      [
       -79.7329971436828,
       43.903276313673
      ],
      [
       -79.7330961177144,
       43.9032865227764
      ],
      [
       -79.7332196615233,
       43.9033060248873
      ],
      [
       -79.7333304487468,
       43.9033433331732
      ],
      [
       -79.7334410061725,
       43.9033897234128
      ],
      [
       -79.7338825411806,
       43.9036021458732
      ],
      [
       -79.7339686270806,
       43.903630115914
      ],
      [
       -79.7340548239126,
       43.9036582023647
      ],
      [
       -79.7341289941417,
       43.9036680718243
      ],
      [
       -79.7342160319313,
       43.9036601243551
      ],
      [
       -79.7343530814993,
       43.9036257471022
      ],
      [
       -79.7344405947619,
       43.9035908291143
      ],
      [
       -79.7345159311001,
       43.9035377231205
      ],
      [
       -79.7346299045814,
       43.9034041127319
      ],
      [
       -79.7347320909648,
       43.9032344204166
      ],
      [
       -79.7348082785876,
       43.9031273337047
      ],
      [
       -79.7348850028063,
       43.9029933114776
      ],
      [
       -79.7350132338038,
       43.9027429191946
      ],
      [
       -79.7350912492573,
       43.9025279410402
      ],
      [
       -79.7352460055218,
       43.9021699828582
      ],
      [
       -79.7353861429642,
       43.9019557407317
      ],
      [
       -79.7356009357764,
       43.9017333588379
      ],
      [
       -79.7377185122386,
       43.8998418975238
      ],
      [
       -79.7395325272686,
       43.8982593227615
      ],
      [
       -79.7396838349939,
       43.8981709136847
      ],
      [
       -79.7400353342871,
       43.8978596198287
      ],
      [
       -79.7404253297045,
       43.8975578194691
      ],
      [
       -79.7408565277119,
       43.897184399915
      ],
      [
       -79.741244211502,
       43.8969544981992
      ],
      [
       -79.741631416906,
       43.8967517185966
      ],
      [
       -79.742483614152,
       43.8964820986951
      ],
      [
       -79.7431337047405,
       43.8963542167589
      ],
      [
       -79.7450091342104,
       43.895987704158
      ],
      [
       -79.7461208144874,
       43.895819817602
      ],
      [
       -79.7495849224554,
       43.8950925075641
      ],
      [
       -79.7505641131198,
       43.8947069982917
      ],
      [
       -79.7513403908394,
       43.8942751654751
      ],
      [
       -79.7513577311526,
       43.894265499642
      ],
      [
       -79.751915820639,
       43.8937764139705
      ],
      [
       -79.7525774150573,
       43.8930994116163
      ],
      [
       -79.7529845170443,
       43.8926806162346
      ],
      [
       -79.7532887259395,
       43.8924228127649
      ],
      [
       -79.7538197321477,
       43.8920325030701
      ],
      [
       -79.7545910319582,
       43.8914647185385
      ],
      [
       -79.7540628325325,
       43.8911258188293
      ],
      [
       -79.7518061140969,
       43.8894895081153
      ],
      [
       -79.7490186336004,
       43.8874691139096
      ],
      [
       -79.7498492264526,
       43.8865499016796
      ],
      [
       -79.7509108130892,
       43.8855163725075
      ],
      [
       -79.7550204574428,
       43.8815149869029
      ],
      [
       -79.7550230009541,
       43.8815122189953
      ],
      [
       -79.7552665755323,
       43.8812381979939
      ],
      [
       -79.7552798129046,
       43.8812249151105
      ],
      [
       -79.756088381523,
       43.8804207716595
      ],
      [
       -79.7575349760022,
       43.8789224116741
      ],
      [
       -79.7576418211898,
       43.8788658089437
      ],
      [
       -79.7583633223228,
       43.8782884100947
      ],
      [
       -79.7589079379954,
       43.8778352081403
      ],
      [
       -79.7590227350002,
       43.8777013070764
      ],
      [
       -79.7575394201172,
       43.8766048152205
      ],
      [
       -79.7569384367332,
       43.876175104906
      ],
      [
       -79.7568526182266,
       43.876111100886
      ],
      [
       -79.7568040048918,
       43.8760566096713
      ],
      [
       -79.7567802205215,
       43.8760023021538
      ],
      [
       -79.7567813330961,
       43.8759483177443
      ],
      [
       -79.7567838111859,
       43.8758312967342
      ],
      [
       -79.7566233226796,
       43.8757665070846
      ],
      [
       -79.7564753149403,
       43.8757018953565
      ],
      [
       -79.7563150331441,
       43.8756280984992
      ],
      [
       -79.7561551236234,
       43.8755363063295
      ],
      [
       -79.7559584233802,
       43.8754171133165
      ],
      [
       -79.7557993326742,
       43.875289315975
      ],
      [
       -79.7548307148723,
       43.874585501863
      ],
      [
       -79.7540091336352,
       43.8739913111331
      ],
      [
       -79.7532847303987,
       43.8735152066095
      ],
      [
       -79.7525699193656,
       43.8731743087751
      ],
      [
       -79.7523599309448,
       43.8730999951885
      ],
      [
       -79.7523738173868,
       43.8730281079145
      ],
      [
       -79.752387812295,
       43.8729562101175
      ],
      [
       -79.7523765061695,
       43.8729021063348
      ],
      [
       -79.7523652270162,
       43.8728479038051
      ],
      [
       -79.7522926372207,
       43.8727481100104
      ],
      [
       -79.7519375319822,
       43.8724651041294
      ],
      [
       -79.7514340133588,
       43.8720515048488
      ],
      [
       -79.7507874300511,
       43.871516220127
      ],
      [
       -79.7504573687993,
       43.871289329296
      ],
      [
       -79.7501617296153,
       43.8710861055134
      ],
      [
       -79.7497435044431,
       43.8708475023787
      ],
      [
       -79.7486772269314,
       43.870061511897
      ],
      [
       -79.7476340042998,
       43.869356795844
      ],
      [
       -79.7474389994539,
       43.8692136281872
      ],
      [
       -79.7473214893961,
       43.869127374512
      ],
      [
       -79.7460529170279,
       43.8681960088741
      ],
      [
       -79.7447659031751,
       43.8672544963456
      ],
      [
       -79.7427915129509,
       43.8658641941509
      ],
      [
       -79.739617609576,
       43.8635242102964
      ],
      [
       -79.7333797257603,
       43.8589804067386
      ],
      [
       -79.7308558249526,
       43.8571246164348
      ],
      [
       -79.7252555189333,
       43.8530827003068
      ],
      [
       -79.7237607971569,
       43.8519945987228
      ],
      [
       -79.7189210167599,
       43.848501000659
      ],
      [
       -79.7186874826167,
       43.8483338601292
      ],
      [
       -79.7180386062996,
       43.847869494312
      ],
      [
       -79.7141791919207,
       43.8451073998738
      ],
      [
       -79.7129070185897,
       43.8441939921123
      ],
      [
       -79.7125865877013,
       43.8439640104158
      ],
      [
       -79.7056533166189,
       43.8389787011969
      ],
      [
       -79.7057548954136,
       43.8388807907182
      ],
      [
       -79.7058692053548,
       43.8387740152645
      ],
      [
       -79.7113352926484,
       43.8339018113892
      ],
      [
       -79.7138596953445,
       43.831607299109
      ],
      [
       -79.7163832225349,
       43.8293486898559
      ],
      [
       -79.7165987087099,
       43.8291620905363
      ],
      [
       -79.7222396056969,
       43.8241742020914
      ],
      [
       -79.7238239925657,
       43.8227694050844
      ],
      [
       -79.7273607051699,
       43.8196124963071
      ],
      [
       -79.7310973551913,
       43.8163017134423
      ],
      [
       -79.734391473728,
       43.8133825390072
      ],
      [
       -79.7380175062195,
       43.8101686839737
      ],
      [
       -79.7426288174018,
       43.8060868848817
      ],
      [
       -79.7431139527694,
       43.8056566893016
      ],
      [
       -79.7488862269625,
       43.8005372011447
      ],
      [
       -79.7516214045594,
       43.7981360833457
      ],
      [
       -79.7516223570013,
       43.7981352951191
      ],
      [
       -79.7517479260015,
       43.7980294683301
      ],
      [
       -79.7517743054606,
       43.7980062837365
      ],
      [
       -79.7517816450008,
       43.7979998118874
      ],
      [
       -79.7518117545004,
       43.7979733609558
      ],
      [
       -79.7545158059032,
       43.7955962813623
      ],
      [
       -79.7563163985181,
       43.7940134238833
      ],
      [
       -79.7580911298681,
       43.7924532016062
      ],
      [
       -79.7585461178796,
       43.7920889926773
      ],
      [
       -79.7590861130196,
       43.7918247975891
      ],
      [
       -79.7596253163047,
       43.7915964901825
      ],
      [
       -79.7602043154984,
       43.7912427026556
      ],
      [
       -79.7718824082161,
       43.7824009965376
      ],
      [
       -79.7726809274517,
       43.7816933690989
      ],
      [
       -79.7739201323963,
       43.7805951023642
      ],
      [
       -79.7752621116743,
       43.7793849774683
      ],
      [
       -79.7756056141727,
       43.7789924817042
      ],
      [
       -79.7769730310729,
       43.7771433788365
      ],
      [
       -79.7775743266488,
       43.7762944819128
      ],
      [
       -79.7781354262274,
       43.7755891898127
      ],
      [
       -79.7793906258107,
       43.7743600878693
      ],
      [
       -79.7805524046564,
       43.7733369079446
      ],
      [
       -79.7818451334231,
       43.7721983013825
      ],
      [
       -79.7827571234889,
       43.7713436921207
      ],
      [
       -79.7875952997044,
       43.7669136286772
      ],
      [
       -79.7918838240723,
       43.7629859841893
      ],
      [
       -79.792439811482,
       43.7624876802772
      ],
      [
       -79.7948128684866,
       43.7603068118624
      ],
      [
       -79.7962591228696,
       43.7589775826898
      ],
      [
       -79.7971359170834,
       43.7581717958509
      ],
      [
       -79.7971559368321,
       43.7581525835602
      ],
      [
       -79.7982732148669,
       43.7571918737213
      ],
      [
       -79.7987194073504,
       43.7568082513422
      ],
      [
       -79.7987476516285,
       43.7567839687401
      ],
      [
       -79.7988755602721,
       43.7566740261121
      ],
      [
       -79.7989831049369,
       43.7565815347983
      ],
      [
       -79.7994682128838,
       43.7561644722006
      ],
      [
       -79.8005392121124,
       43.7552084929529
      ],
      [
       -79.8009062190705,
       43.7548807898615
      ],
      [
       -79.802872925904,
       43.7531479891563
      ],
      [
       -79.803239341888,
       43.7528411763946
      ],
      [
       -79.8035333393286,
       43.7525740881284
      ],
      [
       -79.8046598243042,
       43.7515143727478
      ],
      [
       -79.8050000230924,
       43.751274891469
      ],
      [
       -79.8063706157093,
       43.7504338874672
      ],
      [
       -79.8069870204124,
       43.7500530867849
      ],
      [
       -79.807691226623,
       43.7496192731392
      ],
      [
       -79.8084717294178,
       43.7490961863078
      ],
      [
       -79.8102937359292,
       43.7474044737527
      ],
      [
       -79.8112047160908,
       43.7465585732561
      ],
      [
       -79.8120919577747,
       43.7457643877852
      ],
      [
       -79.81427712506,
       43.7438082787142
      ],
      [
       -79.8144383293994,
       43.7436568707412
      ],
      [
       -79.8175538209789,
       43.7407538672954
      ],
      [
       -79.8192622456975,
       43.7391328895082
      ],
      [
       -79.8196294176523,
       43.7387765721226
      ],
      [
       -79.8196322353175,
       43.7387739207821
      ],
      [
       -79.8196730079647,
       43.7387356478975
      ],
      [
       -79.823813745929,
       43.7415881625712
      ],
      [
       -79.8244093234653,
       43.7418992999226
      ],
      [
       -79.8254940501486,
       43.7424659839653
      ],
      [
       -79.8277598763302,
       43.7403004901459
      ],
      [
       -79.8291035822024,
       43.7393255445734
      ],
      [
       -79.8308800485352,
       43.7382323741019
      ],
      [
       -79.8320646683362,
       43.7370650166487
      ],
      [
       -79.8327895657676,
       43.736405860786
      ],
      [
       -79.8353195901895,
       43.7342377243132
      ],
      [
       -79.8364820202443,
       43.7336723370483
      ],
      [
       -79.8303874123183,
       43.7294596715819
      ],
      [
       -79.8301058248904,
       43.7292650470019
      ],
      [
       -79.8299247782151,
       43.7291398812996
      ],
      [
       -79.8300017420604,
       43.7290599875078
      ],
      [
       -79.8302429748578,
       43.7287969098007
      ],
      [
       -79.8308769342568,
       43.7281055656756
      ],
      [
       -79.83195312313,
       43.7270360755196
      ],
      [
       -79.8328236162518,
       43.7262238801376
      ],
      [
       -79.8353419497015,
       43.7238742710496
      ],
      [
       -79.8392075221672,
       43.7204290753351
      ],
      [
       -79.840674033776,
       43.7190573740375
      ],
      [
       -79.8417869544764,
       43.7179972648037
      ],
      [
       -79.8461324286365,
       43.7140884607213
      ],
      [
       -79.846359548434,
       43.7138926690715
      ],
      [
       -79.8497194287896,
       43.7108652812958
      ],
      [
       -79.8521680217257,
       43.7087379730986
      ],
      [
       -79.8524205512477,
       43.7085153766958
      ],
      [
       -79.8529758535294,
       43.7080347807322
      ],
      [
       -79.8532914442723,
       43.7077587684948
      ],
      [
       -79.8549205520373,
       43.7062894755381
      ],
      [
       -79.8561708224588,
       43.7051584800721
      ],
      [
       -79.8566250236677,
       43.7047668814117
      ],
      [
       -79.8569030570852,
       43.7045085694049
      ],
      [
       -79.8598325264117,
       43.7018636567528
      ],
      [
       -79.8609560284899,
       43.700866367496
      ],
      [
       -79.8618171583301,
       43.6999565663985
      ],
      [
       -79.8624522483199,
       43.6991885625553
      ],
      [
       -79.8632757296082,
       43.6982963778487
      ],
      [
       -79.8641344341855,
       43.6975125713831
      ],
      [
       -79.8672653571583,
       43.6946803625621
      ],
      [
       -79.8705729587332,
       43.6916788621946
      ],
      [
       -79.872212152153,
       43.689624074553
      ],
      [
       -79.8730640389634,
       43.6885250599126
      ],
      [
       -79.8738866536843,
       43.687668777865
      ],
      [
       -79.8758432366294,
       43.6858782716219
      ],
      [
       -79.8766258546458,
       43.6851655731036
      ],
      [
       -79.8771059392405,
       43.6847021756319
      ],
      [
       -79.8790738550204,
       43.6829656596684
      ],
      [
       -79.8807143459385,
       43.6814780628805
      ],
      [
       -79.8817340561132,
       43.680686759856
      ],
      [
       -79.8827895392292,
       43.6799677639332
      ],
      [
       -79.8833040368129,
       43.6796485727077
      ],
      [
       -79.8840581495886,
       43.679124767009
      ],
      [
       -79.8845107367208,
       43.6788050594468
      ],
      [
       -79.885228046376,
       43.6782537641769
      ],
      [
       -79.8881178312411,
       43.6756077601976
      ],
      [
       -79.8888744434013,
       43.6748991595322
      ],
      [
       -79.893575036399,
       43.6783708681431
      ],
      [
       -79.893602080707,
       43.6783910187394
      ],
      [
       -79.8936362564707,
       43.6784164750516
      ],
      [
       -79.8936633942615,
       43.6784365364988
      ],
      [
       -79.8969288411645,
       43.6808523577848
      ],
      [
       -79.9048608413482,
       43.686754157168
      ],
      [
       -79.9084231576365,
       43.6894174658569
      ],
      [
       -79.9101250451566,
       43.6906761766114
      ],
      [
       -79.913639270724,
       43.6932847744204
      ],
      [
       -79.9156077556178,
       43.694725858271
      ],
      [
       -79.9166638495037,
       43.6955284701579
      ],
      [
       -79.91970117275,
       43.6977721669373
      ],
      [
       -79.9230443705165,
       43.7002707753153
      ],
      [
       -79.9254328449725,
       43.702031065718
      ],
      [
       -79.9300386572978,
       43.7054416702576
      ],
      [
       -79.9335297756006,
       43.7080494629981
      ],
      [
       -79.9351710675411,
       43.7092892731016
      ],
      [
       -79.9363266915501,
       43.7101584880079
      ],
      [
       -79.9363346761982,
       43.710164470675
      ],
      [
       -79.936681981932,
       43.7104229295295
      ],
      [
       -79.9366899799523,
       43.7104288618741
      ],
      [
       -79.9372411664309,
       43.7108482658589
      ],
      [
       -79.9374193537407,
       43.7109915638072
      ],
      [
       -79.9378162836917,
       43.7112539596401
      ],
      [
       -79.9395279757984,
       43.7125222585617
      ],
      [
       -79.9396419098626,
       43.7125699702335
      ],
      [
       -79.9410146646184,
       43.7136654808997
      ],
      [
       -79.9412723660219,
       43.7138298610049
      ],
      [
       -79.9414437722658,
       43.713966566486
      ],
      [
       -79.9416151699244,
       43.7141031689835
      ],
      [
       -79.9419462639714,
       43.7143313804765
      ],
      [
       -79.9421670716679,
       43.7144864626312
      ],
      [
       -79.9424979682532,
       43.7147236691757
      ],
      [
       -79.9428655828584,
       43.7149971642168
      ],
      [
       -79.9430946710297,
       43.7151568600166
      ],
      [
       -79.9431502143547,
       43.7151983737527
      ],
      [
       -79.9433661277398,
       43.7153599370365
      ],
      [
       -79.9434381459129,
       43.715413789707
      ],
      [
       -79.9435821103902,
       43.715521509553
      ],
      [
       -79.9436541301914,
       43.7155753621013
      ],
      [
       -79.9437261088153,
       43.7156292340318
      ],
      [
       -79.9437981008495,
       43.7156830565191
      ],
      [
       -79.9438700809566,
       43.7157369292723
      ],
      [
       -79.9440860395305,
       43.715898470893
      ],
      [
       -79.9441580602342,
       43.7159523231294
      ],
      [
       -79.9443020272896,
       43.7160600420846
      ],
      [
       -79.944446001509,
       43.7161677357122
      ],
      [
       -79.9445899695957,
       43.7162754543112
      ],
      [
       -79.9446619857949,
       43.7163293313966
      ],
      [
       -79.9447339795045,
       43.7163831533049
      ],
      [
       -79.9448059613034,
       43.7164370245788
      ],
      [
       -79.944854255617,
       43.7164731177413
      ],
      [
       -79.9448855312335,
       43.7164965158563
      ],
      [
       -79.9449557386982,
       43.716549222659
      ],
      [
       -79.9451714360882,
       43.716710981296
      ],
      [
       -79.945315199752,
       43.7168188240417
      ],
      [
       -79.9453871012052,
       43.7168727347226
      ],
      [
       -79.9454589973803,
       43.71692667052
      ],
      [
       -79.9455309003167,
       43.7169805820237
      ],
      [
       -79.9456027955085,
       43.7170345177208
      ],
      [
       -79.9456746987184,
       43.7170884282354
      ],
      [
       -79.9458184641867,
       43.7171962703593
      ],
      [
       -79.9458903611354,
       43.7172502058902
      ],
      [
       -79.9460341608263,
       43.7173580516577
      ],
      [
       -79.9462498664994,
       43.7175198083182
      ],
      [
       -79.9463217708536,
       43.7175737193331
      ],
      [
       -79.9463936352712,
       43.7176276497428
      ],
      [
       -79.9465374379922,
       43.7177354957999
      ],
      [
       -79.9466093428778,
       43.7177894057369
      ],
      [
       -79.9474002408909,
       43.7183825357726
      ],
      [
       -79.9474721072419,
       43.7184364655161
      ],
      [
       -79.9475428476408,
       43.718498344281
      ],
      [
       -79.9476158268067,
       43.7185442464117
      ],
      [
       -79.9477596351676,
       43.7186520900694
      ],
      [
       -79.9478315368385,
       43.7187060244121
      ],
      [
       -79.9481910311199,
       43.718975616978
      ],
      [
       -79.9482629402115,
       43.7190295259044
      ],
      [
       -79.9484786537086,
       43.7191913036051
      ],
      [
       -79.9485505298811,
       43.7192452075442
      ],
      [
       -79.9491976286425,
       43.7197304779628
      ],
      [
       -79.949269526261,
       43.7197844356663
      ],
      [
       -79.9493414372706,
       43.7198383448263
      ],
      [
       -79.949413308343,
       43.7198922733822
      ],
      [
       -79.9494852208673,
       43.7199461815645
      ],
      [
       -79.9495571256327,
       43.7200001148407
      ],
      [
       -79.9496290371579,
       43.7200540238229
      ],
      [
       -79.9497009087459,
       43.720107952201
      ],
      [
       -79.9497728217859,
       43.7201618602056
      ],
      [
       -79.9498447283083,
       43.7202157933154
      ],
      [
       -79.9499166403492,
       43.7202697021199
      ],
      [
       -79.949988553776,
       43.720323609991
      ],
      [
       -79.9500604260085,
       43.7203775381471
      ],
      [
       -79.950204245619,
       43.7204853788056
      ],
      [
       -79.9502761595458,
       43.7205392873992
      ],
      [
       -79.9505637673783,
       43.7207549640964
      ],
      [
       -79.9506180935982,
       43.7208473043219
      ],
      [
       -79.9507072277628,
       43.7208547531475
      ],
      [
       -79.9507765350483,
       43.7209145908596
      ],
      [
       -79.9511360631958,
       43.7211841734928
      ],
      [
       -79.9512079387112,
       43.7212381018515
      ],
      [
       -79.9512798478231,
       43.7212920331741
      ],
      [
       -79.9514236730326,
       43.7213998732367
      ],
      [
       -79.9514955837569,
       43.7214538053375
      ],
      [
       -79.9516394097559,
       43.7215616442331
      ],
      [
       -79.9517112928198,
       43.7216155471309
      ],
      [
       -79.9520708330718,
       43.7218851269093
      ],
      [
       -79.9521427102789,
       43.7219390537902
      ],
      [
       -79.9523584587419,
       43.7221007992148
      ],
      [
       -79.9524303364647,
       43.7221547259179
      ],
      [
       -79.9525022543988,
       43.7222086322351
      ],
      [
       -79.9525741336208,
       43.7222625588608
      ],
      [
       -79.9527179647136,
       43.7223703973346
      ],
      [
       -79.9527898777591,
       43.7224243286353
      ],
      [
       -79.9529337108827,
       43.7225321659533
      ],
      [
       -79.9529654217499,
       43.7225559529928
      ],
      [
       -79.9529803775169,
       43.7225671098533
      ],
      [
       -79.9530373204663,
       43.7226098056714
      ],
      [
       -79.9531811544772,
       43.7227176426835
      ],
      [
       -79.9532530349163,
       43.7227715688897
      ],
      [
       -79.9533249555512,
       43.7228254756099
      ],
      [
       -79.9533922715062,
       43.7228759618616
      ],
      [
       -79.9534693617835,
       43.7229328790076
      ],
      [
       -79.9535418820281,
       43.7229863823044
      ],
      [
       -79.9536143677389,
       43.7230398798363
      ],
      [
       -79.9536868882416,
       43.7230933830427
      ],
      [
       -79.9537593754518,
       43.7231468804956
      ],
      [
       -79.9540781706751,
       43.7233755220324
      ],
      [
       -79.9544460742506,
       43.7236393633091
      ],
      [
       -79.9569925305179,
       43.7255260550403
      ],
      [
       -79.9585146920079,
       43.7267070940954
      ],
      [
       -79.9598314794141,
       43.7276952607742
      ],
      [
       -79.960585373804,
       43.7282108762408
      ],
      [
       -79.9618883787313,
       43.7291500773846
      ],
      [
       -79.963699784881,
       43.7305350848639
      ],
      [
       -79.9663222696818,
       43.7324631680968
      ],
      [
       -79.9690382864419,
       43.7344595732998
      ],
      [
       -79.9731918678624,
       43.7375221754131
      ],
      [
       -79.9756682792835,
       43.739399272619
      ],
      [
       -79.9776427914567,
       43.7408665725532
      ],
      [
       -79.9796412773267,
       43.7423790848959
      ],
      [
       -79.9815547961549,
       43.7437916760459
      ],
      [
       -79.9845100715252,
       43.7460239676365
      ],
      [
       -79.9883738997871,
       43.74890336405
      ],
      [
       -79.9898580720522,
       43.7500149697175
      ],
      [
       -79.9903605995072,
       43.7503975680774
      ],
      [
       -79.9921024784357,
       43.7517005689199
      ],
      [
       -79.9943594915619,
       43.7534041639325
      ],
      [
       -79.9957215848889,
       43.7543975803177
      ],
      [
       -79.9957338866765,
       43.7544066778486
      ],
      [
       -79.9976475015198,
       43.7558550773564
      ],
      [
       -79.9985060732712,
       43.7565108794806
      ],
      [
       -79.999143772872,
       43.7570026702243
      ],
      [
       -79.9999289959933,
       43.7575947851504
      ],
      [
       -80.0000025794019,
       43.7576494628271
      ],
      [
       -80.0009357768682,
       43.7583148844073
      ],
      [
       -80.0023956737246,
       43.7594171728079
      ],
      [
       -80.0037567856481,
       43.7604914797893
      ],
      [
       -80.0053275780503,
       43.7616576815186
      ],
      [
       -80.0063825947245,
       43.7624681823581
      ],
      [
       -80.006775179233,
       43.762768660815
      ],
      [
       -80.009830706286,
       43.7650641691175
      ],
      [
       -80.0115858955741,
       43.7663668821597
      ],
      [
       -80.0136352874967,
       43.7679152692198
      ],
      [
       -80.0156116032675,
       43.7693818834004
      ],
      [
       -80.0221544937263,
       43.7742550737046
      ],
      [
       -80.0223386800541,
       43.7743917840881
      ],
      [
       -80.0230506801697,
       43.7749290795501
      ],
      [
       -80.0282804876319,
       43.778854264051
      ],
      [
       -80.0304904911322,
       43.7805117735281
      ],
      [
       -80.0307361086231,
       43.7806938861413
      ],
      [
       -80.0308708027341,
       43.7808210897552
      ],
      [
       -80.0309433986331,
       43.7809387736706
      ],
      [
       -80.030990703568,
       43.7810922772085
      ],
      [
       -80.0310018943035,
       43.7811643637827
      ],
      [
       -80.0310343908196,
       43.7814617728264
      ],
      [
       -80.0320408934796,
       43.7814702769627
      ],
      [
       -80.032039988431,
       43.7815936834842
      ],
      [
       -80.0320785111239,
       43.7816659699288
      ],
      [
       -80.0321895063285,
       43.781765983261
      ],
      [
       -80.0400642968176,
       43.7877028811959
      ],
      [
       -80.0420073867523,
       43.7891372866508
      ],
      [
       -80.0431271986888,
       43.7899641870432
      ],
      [
       -80.0431762980497,
       43.7900005826777
      ],
      [
       -80.0458539979695,
       43.7920038844839
      ],
      [
       -80.0478317226422,
       43.7934789818324
      ],
      [
       -80.0488265157725,
       43.7942345762861
      ],
      [
       -80.0511850084652,
       43.7960098760094
      ],
      [
       -80.052352509659,
       43.7968569884949
      ],
      [
       -80.0545514020543,
       43.7985138742501
      ],
      [
       -80.0563697235036,
       43.7998793701049
      ],
      [
       -80.0581267092529,
       43.8011904869065
      ],
      [
       -80.0582004111942,
       43.8012450737351
      ],
      [
       -80.0592817940871,
       43.8020463889089
      ],
      [
       -80.0595639153735,
       43.8022917920084
      ],
      [
       -80.0598222274969,
       43.8024649791653
      ],
      [
       -80.0603017999462,
       43.8028020675933
      ],
      [
       -80.0636941245315,
       43.8052878935692
      ],
      [
       -80.0656481263556,
       43.8067444770436
      ],
      [
       -80.0673074993148,
       43.8079645733551
      ],
      [
       -80.0692743149848,
       43.8094121698857
      ],
      [
       -80.0710819233368,
       43.8107054779001
      ],
      [
       -80.0734056051009,
       43.8123989711339
      ],
      [
       -80.0740940151151,
       43.8129087845979
      ],
      [
       -80.0741032089964,
       43.8129156830347
      ],
      [
       -80.0765892368344,
       43.8147837827123
      ],
      [
       -80.0782610345918,
       43.8160307906287
      ],
      [
       -80.0802649053912,
       43.8175234788635
      ],
      [
       -80.0819371335847,
       43.8187614916581
      ],
      [
       -80.0841135117189,
       43.8203725687602
      ],
      [
       -80.086548419135,
       43.822156888717
      ],
      [
       -80.0867449325721,
       43.8223204762896
      ],
      [
       -80.0878519118675,
       43.8231216890686
      ],
      [
       -80.0903730121745,
       43.8249874746721
      ],
      [
       -80.0922793207798,
       43.826389280401
      ],
      [
       -80.0950835197328,
       43.8284642765568
      ],
      [
       -80.096498313906,
       43.8294929739886
      ],
      [
       -80.1007543095785,
       43.8326417905562
      ],
      [
       -80.1043707297012,
       43.8353352825561
      ],
      [
       -80.1075329164586,
       43.8376469742254
      ],
      [
       -80.1100801286859,
       43.8395125764443
      ],
      [
       -80.1123564297137,
       43.8411959925735
      ],
      [
       -80.1133527418818,
       43.8419600798452
      ],
      [
       -80.1142756182247,
       43.8426424810203
      ],
      [
       -80.1143863312863,
       43.8427243905203
      ],
      [
       -80.1158753229253,
       43.8438253786308
      ],
      [
       -80.1187920299117,
       43.8459727833543
      ],
      [
       -80.1198999239447,
       43.8467736810372
      ],
      [
       -80.124392332308,
       43.8500854759439
      ],
      [
       -80.1273834438065,
       43.8522962725544
      ],
      [
       -80.1294147454339,
       43.8537793869943
      ],
      [
       -80.1311259500479,
       43.8550438825644
      ],
      [
       -80.1337359290549,
       43.8569634747306
      ],
      [
       -80.1343513458844,
       43.8574273789396
      ],
      [
       -80.1347573596398,
       43.8577455804454
      ],
      [
       -80.1359148618844,
       43.8585916768587
      ],
      [
       -80.1396943550219,
       43.8614112805191
      ],
      [
       -80.1398790344398,
       43.8615477737724
      ],
      [
       -80.1429537490256,
       43.8637802865063
      ],
      [
       -80.1437097361994,
       43.8643372972362
      ],
      [
       -80.1440424563216,
       43.864601793556
      ],
      [
       -80.1441134597595,
       43.8647033854319
      ],
      [
       -80.1441165466824,
       43.8647470863229
      ],
      [
       -80.1441220324823,
       43.864823172523
      ],
      [
       -80.1440585474223,
       43.8649200745557
      ],
      [
       -80.1438589358889,
       43.8651206732005
      ],
      [
       -80.1415569550867,
       43.8671909987563
      ],
      [
       -80.1384849516945,
       43.8699758008408
      ],
      [
       -80.1375304340633,
       43.8708128967531
      ],
      [
       -80.1369883390281,
       43.8712949888486
      ],
      [
       -80.1365471442432,
       43.8716787841857
      ],
      [
       -80.1346088312262,
       43.8734768819449
      ],
      [
       -80.1340874339476,
       43.8739380878016
      ],
      [
       -80.129609046659,
       43.8780547997112
      ],
      [
       -80.1286130516145,
       43.8789790950699
      ],
      [
       -80.1278436584005,
       43.8796848827205
      ],
      [
       -80.1264786288237,
       43.880960180293
      ],
      [
       -80.1259022323035,
       43.8815018858489
      ],
      [
       -80.1250913444042,
       43.8822609800757
      ],
      [
       -80.1241956466049,
       43.883073491696
      ],
      [
       -80.1238584977897,
       43.8833810875282
      ],
      [
       -80.121142126019,
       43.8858591993837
      ],
      [
       -80.1180631490698,
       43.8886715987902
      ],
      [
       -80.1174348402928,
       43.8892691887317
      ],
      [
       -80.1173543624364,
       43.8893391214749
      ],
      [
       -80.1168895218051,
       43.8897429970242
      ],
      [
       -80.1142011396326,
       43.8922071843368
      ],
      [
       -80.1132169327945,
       43.8930909008328
      ],
      [
       -80.1110708304616,
       43.8950729805675
      ],
      [
       -80.1093063208053,
       43.8966717925628
      ],
      [
       -80.108899749318,
       43.8970548964603
      ],
      [
       -80.1075869483885,
       43.8982512050819
      ],
      [
       -80.1068230509234,
       43.8989598023107
      ],
      [
       -80.1041705511732,
       43.9013913995989
      ],
      [
       -80.1035720263905,
       43.9019381974204
      ],
      [
       -80.1032702377109,
       43.9022203844515
      ],
      [
       -80.1031805464366,
       43.9023042857807
      ],
      [
       -80.1028396348986,
       43.9026168057166
      ],
      [
       -80.1026377372316,
       43.9027951928281
      ],
      [
       -80.1025493409008,
       43.9028755861072
      ],
      [
       -80.1024861257401,
       43.9029380816294
      ],
      [
       -80.1024358401568,
       43.902973708333
      ],
      [
       -80.1023795021634,
       43.9029975953679
      ],
      [
       -80.1005812138353,
       43.9046020110904
      ],
      [
       -80.1004751371713,
       43.9047409833628
      ],
      [
       -80.1001841377844,
       43.9050448836147
      ],
      [
       -80.09921994082,
       43.9059703072184
      ],
      [
       -80.0971317071361,
       43.9079094201893
      ],
      [
       -80.095205339551,
       43.9062740050589
      ],
      [
       -80.0951344218322,
       43.9062235616609
      ],
      [
       -80.0932302043194,
       43.9048925573611
      ],
      [
       -80.0900453440329,
       43.9079202351179
      ],
      [
       -80.0881494904228,
       43.9099122245236
      ],
      [
       -80.0865924206135,
       43.9113969945659
      ],
      [
       -80.0830443827712,
       43.9147798309678
      ],
      [
       -80.0869513529164,
       43.9172966811189
      ],
      [
       -80.0865419377138,
       43.9176676947001
      ],
      [
       -80.0861948334788,
       43.9179621010299
      ],
      [
       -80.0861622305595,
       43.9180067952441
      ],
      [
       -80.086060339235,
       43.9181427035167
      ],
      [
       -80.085712710141,
       43.918412482925
      ],
      [
       -80.0832233663725,
       43.9209855036054
      ],
      [
       -80.083148790266,
       43.921061038696
      ],
      [
       -80.0826502543545,
       43.9215428062734
      ],
      [
       -80.0824554304901,
       43.9214884053235
      ],
      [
       -80.0811544313297,
       43.9209499064393
      ],
      [
       -80.0807265312753,
       43.9207606107784
      ],
      [
       -80.0791221214638,
       43.920102185547
      ],
      [
       -80.0780581278932,
       43.9196343999166
      ],
      [
       -80.0775138150487,
       43.9193868999061
      ],
      [
       -80.077511520792,
       43.919385924302
      ],
      [
       -80.0775147765977,
       43.9193140289866
      ],
      [
       -80.0773890078747,
       43.9192391498738
      ],
      [
       -80.0773091590559,
       43.9192008809006
      ],
      [
       -80.0766236471279,
       43.918917969577
      ],
      [
       -80.0764763889384,
       43.918912026479
      ],
      [
       -80.075332335141,
       43.9183730116246
      ],
      [
       -80.0751891426129,
       43.918287709676
      ],
      [
       -80.0750170585239,
       43.9181768249495
      ],
      [
       -80.0743259400139,
       43.9177314997927
      ],
      [
       -80.0714838343779,
       43.9156757898912
      ],
      [
       -80.0695718198291,
       43.914280499178
      ],
      [
       -80.0690696332348,
       43.9139138789258
      ],
      [
       -80.0690033288782,
       43.9138654692719
      ],
      [
       -80.0632397695046,
       43.9185538450248
      ],
      [
       -80.0610957821958,
       43.9203204833481
      ],
      [
       -80.0665643518504,
       43.9240614783176
      ],
      [
       -80.0632966625564,
       43.9267401894136
      ],
      [
       -80.0624609226737,
       43.9269173889952
      ],
      [
       -80.0614232350392,
       43.9271520052771
      ],
      [
       -80.0578104276548,
       43.9279505991624
      ],
      [
       -80.0558853350627,
       43.9283669130317
      ],
      [
       -80.0531348109335,
       43.9289834079496
      ],
      [
       -80.0493087329088,
       43.9298610008095
      ],
      [
       -80.0480210152222,
       43.9301473963942
      ],
      [
       -80.0449950272483,
       43.930842392188
      ],
      [
       -80.044219821749,
       43.9310160033873
      ],
      [
       -80.0405435117116,
       43.9318584910925
      ],
      [
       -80.0395928091029,
       43.9320936067356
      ],
      [
       -80.038692606887,
       43.9322931106537
      ],
      [
       -80.0377547236964,
       43.9325103035847
      ],
      [
       -80.0351033181021,
       43.9331362091172
      ],
      [
       -80.0325524198603,
       43.9337088925542
      ],
      [
       -80.0323523257993,
       43.9337612141766
      ],
      [
       -80.0292765032027,
       43.9344283989067
      ],
      [
       -80.0278698030217,
       43.9347234230924
      ],
      [
       -80.027213713469,
       43.9348609976643
      ],
      [
       -80.025900810915,
       43.9351470119273
      ],
      [
       -80.0258007224508,
       43.9351730972662
      ],
      [
       -80.0175732277717,
       43.936957403076
      ],
      [
       -80.0163837018152,
       43.9372041928582
      ],
      [
       -80.0141842977971,
       43.9377025049973
      ],
      [
       -80.009170124894,
       43.9387755979707
      ],
      [
       -80.0080576128377,
       43.9389910043237
      ],
      [
       -80.0067821022525,
       43.9392681024793
      ],
      [
       -80.0061695189584,
       43.9393888022259
      ],
      [
       -80.0032056066652,
       43.9400383150119
      ],
      [
       -80.0029092311313,
       43.9400999676112
      ],
      [
       -80.0008122140675,
       43.9405362145963
      ],
      [
       -80.0000576926739,
       43.9407004373729
      ],
      [
       -79.9991664970848,
       43.9408943978711
      ],
      [
       -79.9978280089284,
       43.9412068035247
      ],
      [
       -79.9941623165306,
       43.9420839990202
      ],
      [
       -79.9931485032367,
       43.9423451033176
      ],
      [
       -79.9901587184203,
       43.9430390172855
      ],
      [
       -79.9887451963013,
       43.9433597161136
      ],
      [
       -79.9850569115952,
       43.9442264160158
      ],
      [
       -79.9835531845495,
       43.9445741070452
      ],
      [
       -79.9787981609371,
       43.9455873897249
      ],
      [
       -79.9780377007943,
       43.9457494104612
      ],
      [
       -79.9772001169308,
       43.9459039065808
      ],
      [
       -79.976839715205,
       43.9459555573007
      ],
      [
       -79.9735766102986,
       43.9466737163822
      ],
      [
       -79.972136395521,
       43.9469793028085
      ],
      [
       -79.9720415169211,
       43.9469932024399
      ],
      [
       -79.9708680617463,
       43.9472285787971
      ],
      [
       -79.961354409244,
       43.9491971395995
      ],
      [
       -79.9612534053739,
       43.9492534145417
      ],
      [
       -79.9607005053908,
       43.9495185079638
      ],
      [
       -79.959923097724,
       43.9497905992807
      ],
      [
       -79.9588088941103,
       43.950077501279
      ],
      [
       -79.9581593933993,
       43.9501616106476
      ],
      [
       -79.9570611870302,
       43.9502507095756
      ],
      [
       -79.9562620053569,
       43.9503424164831
      ],
      [
       -79.9552865949573,
       43.9505316048539
      ],
      [
       -79.9531847061326,
       43.9509985214771
      ],
      [
       -79.951179998411,
       43.9514320996731
      ],
      [
       -79.9499070045571,
       43.9517067049657
      ],
      [
       -79.9468042058138,
       43.9523894005367
      ],
      [
       -79.9436016878969,
       43.9530712103953
      ],
      [
       -79.9393977930205,
       43.9539866119969
      ],
      [
       -79.9357820726589,
       43.9547633047566
      ],
      [
       -79.9335797881441,
       43.9552560030083
      ],
      [
       -79.9295342985755,
       43.9561399203811
      ],
      [
       -79.9270562479737,
       43.9566877589819
      ],
      [
       -79.9228684908597,
       43.9576134206533
      ],
      [
       -79.9188653227547,
       43.9584856773938
      ],
      [
       -79.9187912700003,
       43.9585018222253
      ],
      [
       -79.9173001858677,
       43.9588213247368
      ],
      [
       -79.9143716895105,
       43.9594688142085
      ],
      [
       -79.913595980389,
       43.9596325058774
      ],
      [
       -79.9094787902313,
       43.9605296076463
      ],
      [
       -79.9064250770169,
       43.9612027155793
      ],
      [
       -79.9038345594828,
       43.9617631230061
      ],
      [
       -79.9029493713362,
       43.9619609063835
      ],
      [
       -79.8996669750584,
       43.962677422893
      ],
      [
       -79.8989537882472,
       43.9628236190745
      ],
      [
       -79.8957123694756,
       43.9635216065283
      ],
      [
       -79.8953743814144,
       43.9635994140624
      ],
      [
       -79.8936847678221,
       43.9639702023705
      ],
      [
       -79.8921453648589,
       43.9642974074383
      ],
      [
       -79.8889537765485,
       43.9649957138817
      ],
      [
       -79.8865452812081,
       43.9655109269932
      ],
      [
       -79.885907449155,
       43.9656507667156
      ],
      [
       -79.8840223745069,
       43.9660640109533
      ],
      [
       -79.8833215686374,
       43.9662103176519
      ],
      [
       -79.881318955007,
       43.9666408102184
      ],
      [
       -79.8804426835764,
       43.9668393192236
      ],
      [
       -79.8792159651526,
       43.9671064086412
      ],
      [
       -79.8780022851814,
       43.9673466078148
      ],
      [
       -79.877389265272,
       43.9674576072776
      ],
      [
       -79.8767391709772,
       43.9675593218962
      ],
      [
       -79.8759017552939,
       43.967677103321
      ],
      [
       -79.8751639828198,
       43.9677959100693
      ],
      [
       -79.8746008586862,
       43.9679074190856
      ],
      [
       -79.8742286457543,
       43.9679985139424
      ],
      [
       -79.873999757716,
       43.9680545227212
      ],
      [
       -79.8734983813389,
       43.9682026190969
      ],
      [
       -79.8725715678939,
       43.9684461395762
      ],
      [
       -79.8724083485582,
       43.9684890268067
      ],
      [
       -79.8722703772071,
       43.9685326798175
      ],
      [
       -79.8721324807294,
       43.9685763180944
      ],
      [
       -79.8710422802497,
       43.9688717253827
      ],
      [
       -79.870090550797,
       43.9690963269435
      ],
      [
       -79.8677625530273,
       43.9695865054834
      ],
      [
       -79.8651093766273,
       43.970127430548
      ],
      [
       -79.8646889604085,
       43.9702250282571
      ],
      [
       -79.8640686798241,
       43.9703690204344
      ],
      [
       -79.8633823843888,
       43.9705200063855
      ],
      [
       -79.8628932660055,
       43.9706276281345
      ],
      [
       -79.8600514736847,
       43.9712475238467
      ],
      [
       -79.854242067594,
       43.9725399106501
      ],
      [
       -79.8529652758362,
       43.9728062236351
      ],
      [
       -79.8505114564485,
       43.9733398267085
      ],
      [
       -79.8485463645759,
       43.9737431072367
      ],
      [
       -79.8461048544486,
       43.9742767161416
      ],
      [
       -79.8452532634502,
       43.9744752085103
      ],
      [
       -79.8428245744075,
       43.9749908211843
      ],
      [
       -79.8380537554327,
       43.9760498127752
      ],
      [
       -79.8342093551396,
       43.9769110094684
      ],
      [
       -79.833585538293,
       43.9770448292931
      ],
      [
       -79.8335333900008,
       43.9770560284153
      ],
      [
       -79.8318053403154,
       43.9774267238686
      ],
      [
       -79.8301279541381,
       43.9777696256996
      ],
      [
       -79.8279366473051,
       43.9782424100052
      ],
      [
       -79.826822472363,
       43.9784740206147
      ],
      [
       -79.8221886638182,
       43.979515813149
      ],
      [
       -79.8191575433019,
       43.9802048232336
      ],
      [
       -79.8170789564701,
       43.9806514193095
      ],
      [
       -79.8156894518857,
       43.980925215294
      ],
      [
       -79.8149261583793,
       43.981061321722
      ],
      [
       -79.8142121638212,
       43.9812250153606
      ],
      [
       -79.8109948650863,
       43.9818668226324
      ],
      [
       -79.8094546543762,
       43.9821929175181
      ],
      [
       -79.8088407588395,
       43.9823395344113
      ],
      [
       -79.8084019511563,
       43.9824610350008
      ],
      [
       -79.8081388528851,
       43.9825213265923
      ],
      [
       -79.8074367369733,
       43.9827120211889
      ],
      [
       -79.8062578400954,
       43.9830509247145
      ],
      [
       -79.8039876441971,
       43.9837114126206
      ],
      [
       -79.8039001817622,
       43.9837381115102
      ],
      [
       -79.8030467438531,
       43.9839986345088
      ],
      [
       -79.8027868193062,
       43.9840651908984
      ],
      [
       -79.8022696643069,
       43.9841976242715
      ],
      [
       -79.8019183394311,
       43.9843019308329
      ],
      [
       -79.8013922338017,
       43.9844225177435
      ],
      [
       -79.8008165534281,
       43.9845245263425
      ],
      [
       -79.7990942506659,
       43.9847989229418
      ],
      [
       -79.7983369453482,
       43.984903416052
      ],
      [
       -79.7968039594803,
       43.9851394138446
      ],
      [
       -79.7965192570968,
       43.9852009042577
      ],
      [
       -79.796079856927,
       43.9852958179697
      ],
      [
       -79.795729210263,
       43.9853713366459
      ],
      [
       -79.7938958364753,
       43.9857661161825
      ],
      [
       -79.7916037603342,
       43.9862641164127
      ],
      [
       -79.7896993566112,
       43.9867031286812
      ],
      [
       -79.7876960308729,
       43.9871314249022
      ],
      [
       -79.7833868388001,
       43.9880586304038
      ],
      [
       -79.7791780280319,
       43.9889771336774
      ],
      [
       -79.7755079387815,
       43.9897661375625
      ],
      [
       -79.7754487317089,
       43.9896124190807
      ],
      [
       -79.7730760418844,
       43.9855354208858
      ],
      [
       -79.7718489183433,
       43.9833614345978
      ],
      [
       -79.7715489321207,
       43.9827910228379
      ],
      [
       -79.7707778342311,
       43.9814862249828
      ],
      [
       -79.7698494484364,
       43.979954628052
      ],
      [
       -79.7682138353556,
       43.9770469333783
      ],
      [
       -79.7661097300664,
       43.9732877349699
      ],
      [
       -79.765584048954,
       43.9728348159424
      ],
      [
       -79.7655717958618,
       43.9728235849669
      ],
      [
       -79.7653800744496,
       43.9724217967785
      ],
      [
       -79.7628688901754,
       43.967158330671
      ],
      [
       -79.7625397240284,
       43.9665906048366
      ],
      [
       -79.7625214839511,
       43.9665591543762
      ],
      [
       -79.7621993932178,
       43.9660415032031
      ],
      [
       -79.7612968436011,
       43.964590907682
      ],
      [
       -79.7612711985309,
       43.9645506685533
      ],
      [
       -79.7611044070032,
       43.9642810026597
      ],
      [
       -79.7559593160884,
       43.9559395259225
      ],
      [
       -79.7559151316716,
       43.9558602632765
      ],
      [
       -79.754641816835,
       43.953595392159
      ],
      [
       -79.7525046178269,
       43.9495531559662
      ],
      [
       -79.7481972450758,
       43.941404272573
      ],
      [
       -79.747243653156,
       43.9395998273675
      ],
      [
       -79.7462628313979,
       43.9376879257408
      ],
      [
       -79.7459801303382,
       43.9375047148685
      ],
      [
       -79.7457602217973,
       43.9372952261666
      ],
      [
       -79.7454696197428,
       43.9368959209615
      ],
      [
       -79.7443056303945,
       43.9347763074268
      ],
      [
       -79.7420034117522,
       43.9305103049559
      ],
      [
       -79.7373588131827,
       43.9221578265182
      ],
      [
       -79.7356656240898,
       43.9191769234048
      ],
      [
       -79.7337953194065,
       43.9157438073719
      ],
      [
       -79.7334698317967,
       43.9152360041319
      ],
      [
       -79.7329755244329,
       43.9144652058151
      ],
      [
       -79.7324377284875,
       43.9133969277537
      ]
     ]
    ]
   },
   "properties": {
    "OBJECTID": 6,
    "PDZ": "C1",
    "CSDNAME": "Caledon",
    "Shape__Area": 678586666.1821289,
    "Shape__Length": 111660.23839278867
   }
  },
  {
   "type": "Feature",
   "id": 7,
   "geometry": {
    "type": "Polygon",
    "coordinates": [
     [
      [
       -79.7268438255594,
       43.9035478111147
      ],
      [
       -79.7260659078836,
       43.9020715158663
      ],
      [
       -79.7254540211356,
       43.9009843138318
      ],
      [
       -79.7237091893114,
       43.8978509087418
      ],
      [
       -79.7224322095499,
       43.8955574167962
      ],
      [
       -79.722324632227,
       43.8953491034724
      ],
      [
       -79.7222524032463,
       43.8952312194167
      ],
      [
       -79.7216054077587,
       43.8940445167325
      ],
      [
       -79.7215455280769,
       43.893935809081
      ],
      [
       -79.721198008821,
       43.89330171837
      ],
      [
       -79.7211383097941,
       43.8931839981206
      ],
      [
       -79.7207550200428,
       43.8924774174649
      ],
      [
       -79.7198897398867,
       43.8909194966816
      ],
      [
       -79.7187171149841,
       43.8888081076111
      ],
      [
       -79.7185975219084,
       43.8885816999496
      ],
      [
       -79.7183100138356,
       43.8880562026693
      ],
      [
       -79.7178677972469,
       43.8871959021938
      ],
      [
       -79.717446105931,
       43.8865429049778
      ],
      [
       -79.7173496001402,
       43.8863978135916
      ],
      [
       -79.717112000697,
       43.8860746134455
      ],
      [
       -79.7173668719118,
       43.8856135994267
      ],
      [
       -79.714500416073,
       43.8803761580035
      ],
      [
       -79.7136641860981,
       43.8795138988684
      ],
      [
       -79.713332547173,
       43.8790250755233
      ],
      [
       -79.7132298134956,
       43.8788424985619
      ],
      [
       -79.7131215005735,
       43.8786702002131
      ],
      [
       -79.7129776184693,
       43.8784165046289
      ],
      [
       -79.7126899902382,
       43.8779000171709
      ],
      [
       -79.7122820257167,
       43.8771931122597
      ],
      [
       -79.7121803008564,
       43.8769987194284
      ],
      [
       -79.7118078968219,
       43.876287009434
      ],
      [
       -79.7115162642506,
       43.8757693194472
      ],
      [
       -79.7088540046434,
       43.8710860089616
      ],
      [
       -79.7078363075504,
       43.869346214122
      ],
      [
       -79.7062616103022,
       43.8666538961668
      ],
      [
       -79.7046336994932,
       43.8636732951427
      ],
      [
       -79.7033841054825,
       43.861615108075
      ],
      [
       -79.6989070165866,
       43.8540552141772
      ],
      [
       -79.6976348021511,
       43.8519069130408
      ],
      [
       -79.6976346982539,
       43.8519067704993
      ],
      [
       -79.6975137844841,
       43.8517524040744
      ],
      [
       -79.6974850631527,
       43.8517201425358
      ],
      [
       -79.6973438107708,
       43.8515614141071
      ],
      [
       -79.6971975862608,
       43.8514157111117
      ],
      [
       -79.697025997183,
       43.8512967107314
      ],
      [
       -79.6968424056592,
       43.851159515487
      ],
      [
       -79.696645317491,
       43.8510671977494
      ],
      [
       -79.696645133089,
       43.8510670957055
      ],
      [
       -79.6963870862775,
       43.8509292160896
      ],
      [
       -79.6960179883084,
       43.8507360116073
      ],
      [
       -79.6957108042309,
       43.8505614173348
      ],
      [
       -79.6954650084953,
       43.8504235107038
      ],
      [
       -79.6951705929688,
       43.8502310957647
      ],
      [
       -79.6949505963607,
       43.8500484985904
      ],
      [
       -79.6948429988437,
       43.8498491992085
      ],
      [
       -79.694822397269,
       43.8496509096702
      ],
      [
       -79.694851397647,
       43.8494621084166
      ],
      [
       -79.6949172137374,
       43.8493008178404
      ],
      [
       -79.6950701075345,
       43.849131512656
      ],
      [
       -79.6952599171341,
       43.8489896028388
      ],
      [
       -79.6954991155482,
       43.8488573052343
      ],
      [
       -79.6957927073419,
       43.848698611622
      ],
      [
       -79.6952189202148,
       43.8477267243446
      ],
      [
       -79.6960936950411,
       43.8475873574255
      ],
      [
       -79.6972346730451,
       43.8473636531171
      ],
      [
       -79.6973287367148,
       43.8470864693588
      ],
      [
       -79.697435280668,
       43.8467725596088
      ],
      [
       -79.6975402822417,
       43.8465216388496
      ],
      [
       -79.6976834952252,
       43.8462351163625
      ],
      [
       -79.6978378004776,
       43.84601181592
      ],
      [
       -79.6978690423857,
       43.8459790006753
      ],
      [
       -79.6980159856,
       43.8458247074533
      ],
      [
       -79.6982450034735,
       43.8455932954889
      ],
      [
       -79.7054380168751,
       43.8391563112504
      ],
      [
       -79.7056533166189,
       43.8389787011969
      ],
      [
       -79.7125865877013,
       43.8439640104158
      ],
      [
       -79.7129070185897,
       43.8441939921123
      ],
      [
       -79.7141791919207,
       43.8451073998738
      ],
      [
       -79.7180386062996,
       43.847869494312
      ],
      [
       -79.7186874826167,
       43.8483338601292
      ],
      [
       -79.7189210167599,
       43.848501000659
      ],
      [
       -79.7237607971569,
       43.8519945987228
      ],
      [
       -79.7252555189333,
       43.8530827003068
      ],
      [
       -79.7308558249526,
       43.8571246164348
      ],
      [
       -79.7333797257603,
       43.8589804067386
      ],
      [
       -79.739617609576,
       43.8635242102964
      ],
      [
       -79.7427915129509,
       43.8658641941509
      ],
      [
       -79.7447659031751,
       43.8672544963456
      ],
      [
       -79.7460529170279,
       43.8681960088741
      ],
      [
       -79.7473214893961,
       43.869127374512
      ],
      [
       -79.7474389994539,
       43.8692136281872
      ],
      [
       -79.7476340042998,
       43.869356795844
      ],
      [
       -79.7486772269314,
       43.870061511897
      ],
      [
       -79.7497435044431,
       43.8708475023787
      ],
      [
       -79.7501617296153,
       43.8710861055134
      ],
      [
       -79.7504573687993,
       43.871289329296
      ],
      [
       -79.7507874300511,
       43.871516220127
      ],
      [
       -79.7514340133588,
       43.8720515048488
      ],
      [
       -79.7519375319822,
       43.8724651041294
      ],
      [
       -79.7522926372207,
       43.8727481100104
      ],
      [
       -79.7523652270162,
       43.8728479038051
      ],
      [
       -79.7523765061695,
       43.8729021063348
      ],
      [
       -79.752387812295,
       43.8729562101175
      ],
      [
       -79.7523738173868,
       43.8730281079145
      ],
      [
       -79.7523599309448,
       43.8730999951885
      ],
      [
       -79.7525699193656,
       43.8731743087751
      ],
      [
       -79.7532847303987,
       43.8735152066095
      ],
      [
       -79.7540091336352,
       43.8739913111331
      ],
      [
       -79.7548307148723,
       43.874585501863
      ],
      [
       -79.7557993326742,
       43.875289315975
      ],
      [
       -79.7559584233802,
       43.8754171133165
      ],
      [
       -79.7561551236234,
       43.8755363063295
      ],
      [
       -79.7563150331441,
       43.8756280984992
      ],
      [
       -79.7564753149403,
       43.8757018953565
      ],
      [
       -79.7566233226796,
       43.8757665070846
      ],
      [
       -79.7567838111859,
       43.8758312967342
      ],
      [
       -79.7567813330961,
       43.8759483177443
      ],
      [
       -79.7567802205215,
       43.8760023021538
      ],
      [
       -79.7568040048918,
       43.8760566096713
      ],
      [
       -79.7568526182266,
       43.876111100886
      ],
      [
       -79.7569384367332,
       43.876175104906
      ],
      [
       -79.7575394201172,
       43.8766048152205
      ],
      [
       -79.7590227350002,
       43.8777013070764
      ],
      [
       -79.7589079379954,
       43.8778352081403
      ],
      [
       -79.7583633223228,
       43.8782884100947
      ],
      [
       -79.7576418211898,
       43.8788658089437
      ],
      [
       -79.7575349760022,
       43.8789224116741
      ],
      [
       -79.756088381523,
       43.8804207716595
      ],
      [
       -79.7552798129046,
       43.8812249151105
      ],
      [
       -79.7552665755323,
       43.8812381979939
      ],
      [
       -79.7550230009541,
       43.8815122189953
      ],
      [
       -79.7550204574428,
       43.8815149869029
      ],
      [
       -79.7509108130892,
       43.8855163725075
      ],
      [
       -79.7498492264526,
       43.8865499016796
      ],
      [
       -79.7490186336004,
       43.8874691139096
      ],
      [
       -79.7518061140969,
       43.8894895081153
      ],
      [
       -79.7540628325325,
       43.8911258188293
      ],
      [
       -79.7545910319582,
       43.8914647185385
      ],
      [
       -79.7538197321477,
       43.8920325030701
      ],
      [
       -79.7532887259395,
       43.8924228127649
      ],
      [
       -79.7529845170443,
       43.8926806162346
      ],
      [
       -79.7525774150573,
       43.8930994116163
      ],
      [
       -79.751915820639,
       43.8937764139705
      ],
      [
       -79.7513577311526,
       43.894265499642
      ],
      [
       -79.7513403908394,
       43.8942751654751
      ],
      [
       -79.7505641131198,
       43.8947069982917
      ],
      [
       -79.7495849224554,
       43.8950925075641
      ],
      [
       -79.7461208144874,
       43.895819817602
      ],
      [
       -79.7450091342104,
       43.895987704158
      ],
      [
       -79.7431337047405,
       43.8963542167589
      ],
      [
       -79.742483614152,
       43.8964820986951
      ],
      [
       -79.741631416906,
       43.8967517185966
      ],
      [
       -79.741244211502,
       43.8969544981992
      ],
      [
       -79.7408565277119,
       43.897184399915
      ],
      [
       -79.7404253297045,
       43.8975578194691
      ],
      [
       -79.7400353342871,
       43.8978596198287
      ],
      [
       -79.7396838349939,
       43.8981709136847
      ],
      [
       -79.7395325272686,
       43.8982593227615
      ],
      [
       -79.7377185122386,
       43.8998418975238
      ],
      [
       -79.7356009357764,
       43.9017333588379
      ],
      [
       -79.7353861429642,
       43.9019557407317
      ],
      [
       -79.7352460055218,
       43.9021699828582
      ],
      [
       -79.7350912492573,
       43.9025279410402
      ],
      [
       -79.7350132338038,
       43.9027429191946
      ],
      [
       -79.7348850028063,
       43.9029933114776
      ],
      [
       -79.7348082785876,
       43.9031273337047
      ],
      [
       -79.7347320909648,
       43.9032344204166
      ],
      [
       -79.7346299045814,
       43.9034041127319
      ],
      [
       -79.7345159311001,
       43.9035377231205
      ],
      [
       -79.7344405947619,
       43.9035908291143
      ],
      [
       -79.7343530814993,
       43.9036257471022
      ],
      [
       -79.7342160319313,
       43.9036601243551
      ],
      [
       -79.7341289941417,
       43.9036680718243
      ],
      [
       -79.7340548239126,
       43.9036582023647
      ],
      [
       -79.7339686270806,
       43.903630115914
      ],
      [
       -79.7338825411806,
       43.9036021458732
      ],
      [
       -79.7334410061725,
       43.9033897234128
      ],
      [
       -79.7333304487468,
       43.9033433331732
      ],
      [
       -79.7332196615233,
       43.9033060248873
      ],
      [
       -79.7330961177144,
       43.9032865227764
      ],
      [
       -79.7329971436828,
       43.903276313673
      ],
      [
       -79.7328731847354,
       43.9032748021657
      ],
      [
       -79.7327737831645,
       43.9032826348958
      ],
      [
       -79.7326740424792,
       43.9033084448202
      ],
      [
       -79.7326367267823,
       43.9033170344895
      ],
      [
       -79.7325997247215,
       43.9033255141807
      ],
      [
       -79.7325257316236,
       43.9033603205379
      ],
      [
       -79.7324640028571,
       43.9033954834922
      ],
      [
       -79.732387920284,
       43.9034306897477
      ],
      [
       -79.7323113896373,
       43.9034840115778
      ],
      [
       -79.7321838469291,
       43.9035729418965
      ],
      [
       -79.7315308005565,
       43.9041161777185
      ],
      [
       -79.7301719433632,
       43.9052923385092
      ],
      [
       -79.7287203137817,
       43.9066569127977
      ],
      [
       -79.7276936214848,
       43.9051599097348
      ],
      [
       -79.7276574103303,
       43.9051055129737
      ],
      [
       -79.7270697965098,
       43.9040455191775
      ],
      [
       -79.7269992211995,
       43.9038556154977
      ],
      [
       -79.7268438255594,
       43.9035478111147
      ]
     ]
    ]
   },
   "properties": {
    "OBJECTID": 7,
    "PDZ": "C2",
    "CSDNAME": "Caledon",
    "Shape__Area": 16808828.821044922,
    "Shape__Length": 19457.82143556008
   }
  },
  {
   "type": "Feature",
   "id": 8,
   "geometry": {
    "type": "Polygon",
    "coordinates": [
     [
      [
       -79.7497177812043,
       43.5646708470582
      ],
      [
       -79.7493261862698,
       43.5644009517499
      ],
      [
       -79.7468846766201,
       43.5664856459584
      ],
      [
       -79.7465656801573,
       43.5667490594157
      ],
      [
       -79.7442885770995,
       43.5686291549753
      ],
      [
       -79.7441783061071,
       43.5687242611646
      ],
      [
       -79.7421732005768,
       43.5705263531322
      ],
      [
       -79.7406828725739,
       43.5718777080774
      ],
      [
       -79.7378361986063,
       43.5744586442351
      ],
      [
       -79.7377157012725,
       43.5745680601808
      ],
      [
       -79.735731662517,
       43.5763724953339
      ],
      [
       -79.7338025001336,
       43.5781268544554
      ],
      [
       -79.7334422751995,
       43.5784544591382
      ],
      [
       -79.7332600922762,
       43.5786187634883
      ],
      [
       -79.7328150788967,
       43.5782789582604
      ],
      [
       -79.7301815868656,
       43.5762958482735
      ],
      [
       -79.7292693954868,
       43.5751333510208
      ],
      [
       -79.7290934901996,
       43.5749091813011
      ],
      [
       -79.7287703767201,
       43.5744973610333
      ],
      [
       -79.7283220996076,
       43.5740241452532
      ],
      [
       -79.7273836778723,
       43.5733024511776
      ],
      [
       -79.7245358369306,
       43.5712591027531
      ],
      [
       -79.7234066740567,
       43.5704488505687
      ],
      [
       -79.722587891305,
       43.5699354484536
      ],
      [
       -79.7220356939013,
       43.5702804434402
      ],
      [
       -79.7219604739535,
       43.5703245508225
      ],
      [
       -79.7217596932638,
       43.5704484556391
      ],
      [
       -79.7214825934825,
       43.570670455009
      ],
      [
       -79.7212051022569,
       43.5709104457605
      ],
      [
       -79.7207630836528,
       43.5713106482601
      ],
      [
       -79.7195131950356,
       43.572440157802
      ],
      [
       -79.7189205728901,
       43.5729377503087
      ],
      [
       -79.7186416935215,
       43.573240762062
      ],
      [
       -79.7184751702781,
       43.5735000565579
      ],
      [
       -79.7183081715255,
       43.5737862541282
      ],
      [
       -79.7180370816374,
       43.5743054520458
      ],
      [
       -79.7175619982103,
       43.5751015598882
      ],
      [
       -79.7173199838158,
       43.5754139481162
      ],
      [
       -79.7173519011575,
       43.5750009826585
      ],
      [
       -79.7152827080595,
       43.5735763933012
      ],
      [
       -79.7148561758976,
       43.5736304556665
      ],
      [
       -79.7145051426336,
       43.5735764927983
      ],
      [
       -79.714165503689,
       43.5733025957689
      ],
      [
       -79.7122412394255,
       43.571317500276
      ],
      [
       -79.71222293937,
       43.5712814894236
      ],
      [
       -79.7120770939661,
       43.5713586796467
      ],
      [
       -79.7108986863015,
       43.572324214756
      ],
      [
       -79.7086780097949,
       43.5741436137905
      ],
      [
       -79.7083281784139,
       43.5742914698941
      ],
      [
       -79.708313999127,
       43.5742974504446
      ],
      [
       -79.707927838632,
       43.5744606456104
      ],
      [
       -79.7066499174891,
       43.5750007272201
      ],
      [
       -79.7064154119785,
       43.5750998205212
      ],
      [
       -79.7062910504406,
       43.5750552737396
      ],
      [
       -79.7052725941691,
       43.5748240399443
      ],
      [
       -79.7051247070777,
       43.5747904715067
      ],
      [
       -79.7045995948558,
       43.5747617947821
      ],
      [
       -79.7043520569984,
       43.5747706207736
      ],
      [
       -79.7037105610118,
       43.5747394151038
      ],
      [
       -79.7029481055667,
       43.5748238844381
      ],
      [
       -79.7026956701419,
       43.5748827877038
      ],
      [
       -79.7024659768634,
       43.574930755607
      ],
      [
       -79.7023566045585,
       43.574963165856
      ],
      [
       -79.698865060754,
       43.5759975135805
      ],
      [
       -79.6986430522772,
       43.5760659581567
      ],
      [
       -79.698464141452,
       43.5761211186076
      ],
      [
       -79.6984384329301,
       43.5761290537973
      ],
      [
       -79.6977028022448,
       43.5757030929949
      ],
      [
       -79.697149852932,
       43.5755845527995
      ],
      [
       -79.6969761766655,
       43.5755473384784
      ],
      [
       -79.6963725280794,
       43.5753567180207
      ],
      [
       -79.6963277349663,
       43.5753445550159
      ],
      [
       -79.695152210492,
       43.5750246575723
      ],
      [
       -79.6943947017038,
       43.5748057811825
      ],
      [
       -79.6942539878554,
       43.5747650989722
      ],
      [
       -79.6940272568185,
       43.5746542412556
      ],
      [
       -79.6939897433116,
       43.5745300527045
      ],
      [
       -79.6939213103835,
       43.5744353323234
      ],
      [
       -79.6938078918858,
       43.5741864047928
      ],
      [
       -79.6936708953597,
       43.5739966633332
      ],
      [
       -79.6935124246516,
       43.5738190307473
      ],
      [
       -79.6933281266208,
       43.57361124883
      ],
      [
       -79.693231784378,
       43.5734840392649
      ],
      [
       -79.692969596125,
       43.5729527749367
      ],
      [
       -79.6929915536995,
       43.5726357929335
      ],
      [
       -79.6930591755048,
       43.5723820499407
      ],
      [
       -79.6932023156731,
       43.5720404693831
      ],
      [
       -79.6933423942575,
       43.5716875418176
      ],
      [
       -79.6934572708088,
       43.571395002623
      ],
      [
       -79.693588895608,
       43.571120495371
      ],
      [
       -79.693601975809,
       43.5707711023897
      ],
      [
       -79.6934851787763,
       43.5706568114572
      ],
      [
       -79.6933746670685,
       43.5705370151277
      ],
      [
       -79.6931430693015,
       43.570230766575
      ],
      [
       -79.6930691172458,
       43.5701652304472
      ],
      [
       -79.6929774572656,
       43.5700868455833
      ],
      [
       -79.6927197182258,
       43.5699058887318
      ],
      [
       -79.6926803100635,
       43.5698687887746
      ],
      [
       -79.6925837391456,
       43.5697791535668
      ],
      [
       -79.6924221441395,
       43.5696423414008
      ],
      [
       -79.6920587478118,
       43.5694202404471
      ],
      [
       -79.6919830165645,
       43.5693759013467
      ],
      [
       -79.6918732747383,
       43.5693116872852
      ],
      [
       -79.6917454110597,
       43.5692368399048
      ],
      [
       -79.6916570682856,
       43.5691800629922
      ],
      [
       -79.6913693634801,
       43.5690617048632
      ],
      [
       -79.6913069798235,
       43.5690360169818
      ],
      [
       -79.6910770360867,
       43.5688642616379
      ],
      [
       -79.6910255794514,
       43.5688080038416
      ],
      [
       -79.6909882560348,
       43.5687805029994
      ],
      [
       -79.6908058681758,
       43.5685887587889
      ],
      [
       -79.6908170228587,
       43.5683626250075
      ],
      [
       -79.6908314482607,
       43.5681548222501
      ],
      [
       -79.6908306193237,
       43.5680043853102
      ],
      [
       -79.6908472403116,
       43.5678192106092
      ],
      [
       -79.6907932589987,
       43.5676192799989
      ],
      [
       -79.6908419765306,
       43.5673586621842
      ],
      [
       -79.6908441245264,
       43.5673473074355
      ],
      [
       -79.6908118870067,
       43.5671524619283
      ],
      [
       -79.6908145884976,
       43.5670585605624
      ],
      [
       -79.6907586161051,
       43.5669920790096
      ],
      [
       -79.6907411871575,
       43.5669395414035
      ],
      [
       -79.6907096554651,
       43.5669048297055
      ],
      [
       -79.690560563202,
       43.5667406839252
      ],
      [
       -79.6905402896418,
       43.566718346684
      ],
      [
       -79.6905168220389,
       43.5667070631691
      ],
      [
       -79.6903670990939,
       43.5666349882814
      ],
      [
       -79.6903077975873,
       43.5666064610584
      ],
      [
       -79.6902753618901,
       43.5666050854741
      ],
      [
       -79.6899202575674,
       43.5665902185998
      ],
      [
       -79.6896872705338,
       43.5665895434741
      ],
      [
       -79.6895308932387,
       43.5666347656347
      ],
      [
       -79.689433920838,
       43.5666624885423
      ],
      [
       -79.6892990679606,
       43.5667778503886
      ],
      [
       -79.6892415857329,
       43.5668270396337
      ],
      [
       -79.6892202388967,
       43.5668604349785
      ],
      [
       -79.6891966578862,
       43.5668973252928
      ],
      [
       -79.6890976146393,
       43.5669127660197
      ],
      [
       -79.6890234783848,
       43.5669243279257
      ],
      [
       -79.688949519798,
       43.5669395717866
      ],
      [
       -79.6888895651763,
       43.5669512152198
      ],
      [
       -79.6887007061565,
       43.5669879726179
      ],
      [
       -79.688296400965,
       43.5669640427408
      ],
      [
       -79.6880796142295,
       43.5669214462797
      ],
      [
       -79.6879726102875,
       43.5669004074026
      ],
      [
       -79.6878461817724,
       43.5668829955975
      ],
      [
       -79.6875207234342,
       43.5668254887186
      ],
      [
       -79.6872706418534,
       43.5667472890004
      ],
      [
       -79.6871578035303,
       43.5667120045435
      ],
      [
       -79.6869636750554,
       43.5666535272873
      ],
      [
       -79.6869010065933,
       43.5666219405574
      ],
      [
       -79.6868442653,
       43.566573396978
      ],
      [
       -79.6867590180834,
       43.5665504126021
      ],
      [
       -79.686733255376,
       43.5665456298979
      ],
      [
       -79.6864438750305,
       43.5665057826365
      ],
      [
       -79.6862783420416,
       43.5664615089852
      ],
      [
       -79.686199186729,
       43.5664403292883
      ],
      [
       -79.6860608016982,
       43.5664022343918
      ],
      [
       -79.685841412064,
       43.5663402702168
      ],
      [
       -79.6856069694613,
       43.5662834692511
      ],
      [
       -79.6855377208478,
       43.5662666754405
      ],
      [
       -79.6853607680525,
       43.5662422906032
      ],
      [
       -79.6853570239146,
       43.5662413030159
      ],
      [
       -79.6847994121629,
       43.5660866564962
      ],
      [
       -79.6846437314324,
       43.5660298359029
      ],
      [
       -79.6845057170093,
       43.5659989241372
      ],
      [
       -79.6839295353362,
       43.5658465618991
      ],
      [
       -79.683484542623,
       43.5656891482638
      ],
      [
       -79.6833536130177,
       43.5656014820784
      ],
      [
       -79.683318983461,
       43.5655821035149
      ],
      [
       -79.6832799127522,
       43.5655602579908
      ],
      [
       -79.6831738586179,
       43.5654789873958
      ],
      [
       -79.68331422668,
       43.5653805690283
      ],
      [
       -79.6862831153131,
       43.5628985973419
      ],
      [
       -79.6873685513687,
       43.56228757534
      ],
      [
       -79.6900369309018,
       43.5605806626542
      ],
      [
       -79.6910589131353,
       43.5599843957333
      ],
      [
       -79.6935989472814,
       43.5585500488123
      ],
      [
       -79.6942899293258,
       43.5581631376446
      ],
      [
       -79.6969505990998,
       43.5558668324631
      ],
      [
       -79.697110464101,
       43.5557038185237
      ],
      [
       -79.6973265356077,
       43.5555362990403
      ],
      [
       -79.697755537613,
       43.5552399532556
      ],
      [
       -79.6981174435797,
       43.5548943546745
      ],
      [
       -79.6983977395168,
       43.5547052560082
      ],
      [
       -79.6987968123399,
       43.554435981142
      ],
      [
       -79.6996838665765,
       43.5537305805892
      ],
      [
       -79.6998783299611,
       43.5535620342604
      ],
      [
       -79.702723593007,
       43.5512255020478
      ],
      [
       -79.7042336138803,
       43.5499853558929
      ],
      [
       -79.7045838668092,
       43.5496678646333
      ],
      [
       -79.7061705446073,
       43.5482120060778
      ],
      [
       -79.7096359747447,
       43.5452827489858
      ],
      [
       -79.7108572244982,
       43.5442929113364
      ],
      [
       -79.7109655132218,
       43.5441918781593
      ],
      [
       -79.71141474861,
       43.5437727024119
      ],
      [
       -79.711947556899,
       43.5434521404759
      ],
      [
       -79.7130803213395,
       43.5427706180151
      ],
      [
       -79.7134556609668,
       43.5425447786593
      ],
      [
       -79.7142499343569,
       43.5416792089867
      ],
      [
       -79.7182805213354,
       43.5381545571775
      ],
      [
       -79.7201042568758,
       43.5365628684431
      ],
      [
       -79.721658421801,
       43.5351855991473
      ],
      [
       -79.7238124166721,
       43.5332767463351
      ],
      [
       -79.7239457990624,
       43.5331732065776
      ],
      [
       -79.725973706478,
       43.5316452616849
      ],
      [
       -79.7275806958914,
       43.5304407491146
      ],
      [
       -79.7281760182085,
       43.5299945296217
      ],
      [
       -79.7284392766755,
       43.530184542488
      ],
      [
       -79.7289161957995,
       43.5304599424229
      ],
      [
       -79.729933480216,
       43.5309304552965
      ],
      [
       -79.7298822175044,
       43.5306502767191
      ],
      [
       -79.7297690737121,
       43.5300317418967
      ],
      [
       -79.7296894947035,
       43.5297428567022
      ],
      [
       -79.7296072754477,
       43.5295545498361
      ],
      [
       -79.729586180069,
       43.5295075245036
      ],
      [
       -79.730030637446,
       43.5296616109884
      ],
      [
       -79.7305838930125,
       43.5303813012476
      ],
      [
       -79.7312623616184,
       43.5310116527972
      ],
      [
       -79.7316637397189,
       43.531314065251
      ],
      [
       -79.7325420346883,
       43.5318566854773
      ],
      [
       -79.7350840201823,
       43.5331912034275
      ],
      [
       -79.7368675196667,
       43.5342157299897
      ],
      [
       -79.7379783199332,
       43.5348057905678
      ],
      [
       -79.740277379856,
       43.5361033858334
      ],
      [
       -79.7411031560735,
       43.5365637523398
      ],
      [
       -79.7426125402163,
       43.5373344445918
      ],
      [
       -79.7435541785226,
       43.5378554912933
      ],
      [
       -79.7445011195378,
       43.5384110571479
      ],
      [
       -79.7455723799927,
       43.5390876910372
      ],
      [
       -79.7473615242468,
       43.5403519211496
      ],
      [
       -79.7492290981919,
       43.5416883974231
      ],
      [
       -79.7496872864392,
       43.5420191022882
      ],
      [
       -79.7498777795545,
       43.5421575845506
      ],
      [
       -79.7505067740484,
       43.542617590091
      ],
      [
       -79.7533464301145,
       43.5447747994666
      ],
      [
       -79.7548664773446,
       43.5459178774719
      ],
      [
       -79.755792180087,
       43.5465751832357
      ],
      [
       -79.7567051151497,
       43.5472311738591
      ],
      [
       -79.7572393551901,
       43.5476921527302
      ],
      [
       -79.7574818343785,
       43.5479175890611
      ],
      [
       -79.7576880301053,
       43.5481054561829
      ],
      [
       -79.7582691002507,
       43.5486866956233
      ],
      [
       -79.7585113664329,
       43.5489211972719
      ],
      [
       -79.7593960121238,
       43.5497488699641
      ],
      [
       -79.759999006382,
       43.5502684576528
      ],
      [
       -79.7600696159969,
       43.5503303353541
      ],
      [
       -79.7604340501209,
       43.550647837812
      ],
      [
       -79.760798992948,
       43.5509476479292
      ],
      [
       -79.7610545844806,
       43.5511505031553
      ],
      [
       -79.7615169035683,
       43.5515208951201
      ],
      [
       -79.7623331410926,
       43.5521292009841
      ],
      [
       -79.7626500496004,
       43.5523583790741
      ],
      [
       -79.7627604546698,
       43.5524401167041
      ],
      [
       -79.7635040213925,
       43.5529975926675
      ],
      [
       -79.7646891063212,
       43.553757957618
      ],
      [
       -79.7659605522715,
       43.5545283294664
      ],
      [
       -79.7673747039357,
       43.5553503545078
      ],
      [
       -79.7689108463367,
       43.5561845779675
      ],
      [
       -79.7695945602475,
       43.5565538959288
      ],
      [
       -79.7703767113471,
       43.5570637008162
      ],
      [
       -79.7713964884566,
       43.5577532300034
      ],
      [
       -79.772455214751,
       43.5585149264844
      ],
      [
       -79.7747265411975,
       43.5601901762259
      ],
      [
       -79.7781959185649,
       43.5627360687701
      ],
      [
       -79.7788471511877,
       43.5632164051405
      ],
      [
       -79.7796672779245,
       43.5638295918959
      ],
      [
       -79.7825485186203,
       43.5659686204664
      ],
      [
       -79.7837665610382,
       43.5668926184869
      ],
      [
       -79.7848598410513,
       43.5677449472312
      ],
      [
       -79.785721909437,
       43.568415429279
      ],
      [
       -79.7871863439287,
       43.5696456947709
      ],
      [
       -79.7886291797758,
       43.5708555594868
      ],
      [
       -79.7895816082333,
       43.5715787503703
      ],
      [
       -79.7897766090144,
       43.5717179148034
      ],
      [
       -79.7898004445642,
       43.5717347913891
      ],
      [
       -79.7899029427524,
       43.5718047523135
      ],
      [
       -79.7906083223046,
       43.5723131783409
      ],
      [
       -79.7908808811775,
       43.5724927460472
      ],
      [
       -79.7939964888559,
       43.5745128351352
      ],
      [
       -79.7949037036461,
       43.5751236574495
      ],
      [
       -79.7952208059552,
       43.5753215457185
      ],
      [
       -79.7959382945475,
       43.5758550489854
      ],
      [
       -79.7961494935313,
       43.5760011612683
      ],
      [
       -79.7987043451321,
       43.5778747372455
      ],
      [
       -79.800436713362,
       43.5791450408612
      ],
      [
       -79.8010686069395,
       43.5796083783942
      ],
      [
       -79.8047378189088,
       43.582298563218
      ],
      [
       -79.8064950183406,
       43.5836035519753
      ],
      [
       -79.8075504482708,
       43.58443138617
      ],
      [
       -79.8078919092335,
       43.584705100333
      ],
      [
       -79.8080260376698,
       43.5848144623165
      ],
      [
       -79.8081475376884,
       43.584932772175
      ],
      [
       -79.8084511921764,
       43.5852330558401
      ],
      [
       -79.8086817067032,
       43.585478640298
      ],
      [
       -79.8088515691343,
       43.5856604323578
      ],
      [
       -79.8090570771004,
       43.5859147190153
      ],
      [
       -79.8092141340376,
       43.5861144041529
      ],
      [
       -79.8093466447322,
       43.5863049148715
      ],
      [
       -79.8094430561508,
       43.5864409107106
      ],
      [
       -79.8095271027713,
       43.5865768686357
      ],
      [
       -79.8095987062101,
       43.5867126762076
      ],
      [
       -79.8097185116461,
       43.5869209659561
      ],
      [
       -79.8098134743244,
       43.5871290626454
      ],
      [
       -79.8099209013419,
       43.5873372367918
      ],
      [
       -79.8100035974319,
       43.5875361340075
      ],
      [
       -79.8100983312548,
       43.5877622938129
      ],
      [
       -79.8101101312827,
       43.587789523379
      ],
      [
       -79.810157486486,
       43.5879070484286
      ],
      [
       -79.8102036315736,
       43.5880787158033
      ],
      [
       -79.8102371678323,
       43.5882681772102
      ],
      [
       -79.8102562216693,
       43.5885211745087
      ],
      [
       -79.8084536182166,
       43.5901404653741
      ],
      [
       -79.808352802269,
       43.5902294559458
      ],
      [
       -79.8083151204173,
       43.5902560464851
      ],
      [
       -79.8082139999989,
       43.5903540423201
      ],
      [
       -79.8077347194259,
       43.590790262204
      ],
      [
       -79.8043676232055,
       43.5937984455577
      ],
      [
       -79.802754295833,
       43.5951861519813
      ],
      [
       -79.8022121205093,
       43.5956667547735
      ],
      [
       -79.8016086153926,
       43.5961105562267
      ],
      [
       -79.8014454227749,
       43.5962169640611
      ],
      [
       -79.8008558071122,
       43.5965889611626
      ],
      [
       -79.7999282313147,
       43.5971284458068
      ],
      [
       -79.7991894033237,
       43.5975258527531
      ],
      [
       -79.7989765019092,
       43.5976406560347
      ],
      [
       -79.7982507052957,
       43.598002251428
      ],
      [
       -79.7975754979281,
       43.5983102501246
      ],
      [
       -79.7967260204149,
       43.598661450507
      ],
      [
       -79.7964879235989,
       43.5987460481461
      ],
      [
       -79.7958401113948,
       43.5989762472875
      ],
      [
       -79.794643121407,
       43.5993598697897
      ],
      [
       -79.7936060795763,
       43.5996439381427
      ],
      [
       -79.7934720039407,
       43.5996806587675
      ],
      [
       -79.7934063182669,
       43.5996972279829
      ],
      [
       -79.7931981086125,
       43.5997497457734
      ],
      [
       -79.7924141067012,
       43.5999215459575
      ],
      [
       -79.7919211949873,
       43.5999997933751
      ],
      [
       -79.7910840975676,
       43.600132651631
      ],
      [
       -79.7908444178485,
       43.6001656896997
      ],
      [
       -79.7900528889522,
       43.6002747664225
      ],
      [
       -79.7891961039911,
       43.6003737507324
      ],
      [
       -79.7884119970328,
       43.6005455547203
      ],
      [
       -79.7882257199067,
       43.6005705553536
      ],
      [
       -79.7881526176149,
       43.6005067682898
      ],
      [
       -79.7879979696926,
       43.6003859880857
      ],
      [
       -79.7878721004756,
       43.6002876582871
      ],
      [
       -79.7877263013841,
       43.6001420672664
      ],
      [
       -79.7875924164306,
       43.6000236496673
      ],
      [
       -79.7874629079719,
       43.59991714206
      ],
      [
       -79.7864833191781,
       43.5991114583335
      ],
      [
       -79.7861311943171,
       43.5988301672125
      ],
      [
       -79.7855622898573,
       43.5984158558651
      ],
      [
       -79.78486772326,
       43.5980043540647
      ],
      [
       -79.7839829952498,
       43.5974552603245
      ],
      [
       -79.782067861087,
       43.5960896070098
      ],
      [
       -79.7821982709059,
       43.5960037490132
      ],
      [
       -79.7822236974622,
       43.5959870067496
      ],
      [
       -79.782937661567,
       43.5955169585818
      ],
      [
       -79.7837514376297,
       43.5948017207174
      ],
      [
       -79.7854889325982,
       43.5932349008853
      ],
      [
       -79.7867546266703,
       43.5920830209235
      ],
      [
       -79.7870559571719,
       43.5918087633443
      ],
      [
       -79.7871141270574,
       43.5917558271617
      ],
      [
       -79.7871766103493,
       43.5916989443166
      ],
      [
       -79.7848964967772,
       43.5900507481291
      ],
      [
       -79.7847960937924,
       43.5899781840925
      ],
      [
       -79.7835996869248,
       43.5891133636634
      ],
      [
       -79.7830887373382,
       43.5887430485074
      ],
      [
       -79.7828470134008,
       43.5885678626141
      ],
      [
       -79.7820968075567,
       43.5880241305525
      ],
      [
       -79.7793632959991,
       43.5860427540146
      ],
      [
       -79.7763482901385,
       43.5838405596923
      ],
      [
       -79.7751275213431,
       43.5829631490332
      ],
      [
       -79.7735771051575,
       43.5818479526724
      ],
      [
       -79.7712353114284,
       43.5801698586643
      ],
      [
       -79.7695972833857,
       43.5789959545574
      ],
      [
       -79.7684861896279,
       43.578209648611
      ],
      [
       -79.768022916832,
       43.5778534447362
      ],
      [
       -79.7675954913763,
       43.5775517399257
      ],
      [
       -79.7671558151193,
       43.5772498518596
      ],
      [
       -79.7667412997956,
       43.5769302434076
      ],
      [
       -79.7662892160255,
       43.5766282487394
      ],
      [
       -79.7658621098653,
       43.576317453938
      ],
      [
       -79.7654714967585,
       43.5760341566148
      ],
      [
       -79.7654347068186,
       43.5760157655458
      ],
      [
       -79.7653041570744,
       43.575917995725
      ],
      [
       -79.7650565908871,
       43.5757325549426
      ],
      [
       -79.7650077888554,
       43.5756959447779
      ],
      [
       -79.7646292986344,
       43.5754307503633
      ],
      [
       -79.7645680863698,
       43.5753941400513
      ],
      [
       -79.7641895946607,
       43.5751288406083
      ],
      [
       -79.7641285788155,
       43.5750832605222
      ],
      [
       -79.7637622812505,
       43.5748271558936
      ],
      [
       -79.7636889823889,
       43.5747813625978
      ],
      [
       -79.7626759984564,
       43.5740500663785
      ],
      [
       -79.7621174135585,
       43.5736412430304
      ],
      [
       -79.7616144872168,
       43.5732731582972
      ],
      [
       -79.7611873835529,
       43.5729624404747
      ],
      [
       -79.760747990168,
       43.5726515571989
      ],
      [
       -79.7603206802783,
       43.5723497506189
      ],
      [
       -79.7598817956002,
       43.5720433553402
      ],
      [
       -79.7594467966608,
       43.5717427424367
      ],
      [
       -79.7590180059888,
       43.5714448613731
      ],
      [
       -79.7585752995257,
       43.5711062551791
      ],
      [
       -79.7581606809524,
       43.570795657953
      ],
      [
       -79.7577336092405,
       43.5704848482454
      ],
      [
       -79.7573185867363,
       43.5701922616203
      ],
      [
       -79.7569283005154,
       43.569899866838
      ],
      [
       -79.7565376854343,
       43.569625442886
      ],
      [
       -79.7560128814901,
       43.5692505493815
      ],
      [
       -79.7556226870622,
       43.5689582636585
      ],
      [
       -79.7552321848157,
       43.5686748521684
      ],
      [
       -79.7548294050021,
       43.5683913542216
      ],
      [
       -79.7544389793041,
       43.5681079489403
      ],
      [
       -79.7540485930599,
       43.5678245481484
      ],
      [
       -79.7537190016671,
       43.5675958531599
      ],
      [
       -79.753340904191,
       43.5673126631463
      ],
      [
       -79.7528894953688,
       43.5669835643257
      ],
      [
       -79.7524873004192,
       43.5666730413867
      ],
      [
       -79.752084507686,
       43.5663894507225
      ],
      [
       -79.7516941085103,
       43.5661060614996
      ],
      [
       -79.7513039009947,
       43.5658137508774
      ],
      [
       -79.7508887747589,
       43.5655300590625
      ],
      [
       -79.7505108767628,
       43.5652377577647
      ],
      [
       -79.7501328923415,
       43.5649545420887
      ],
      [
       -79.7497177812043,
       43.5646708470582
      ]
     ]
    ]
   },
   "properties": {
    "OBJECTID": 8,
    "PDZ": "M1",
    "CSDNAME": "Mississauga",
    "Shape__Area": 28279993.97998047,
    "Shape__Length": 31105.208544472312
   }
  },
  {
   "type": "Feature",
   "id": 9,
   "geometry": {
    "type": "Polygon",
    "coordinates": [
     [
      [
       -79.7062181921803,
       43.6460576763918
      ],
      [
       -79.7087751916823,
       43.6438247634007
      ],
      [
       -79.7109721899235,
       43.6418731593058
      ],
      [
       -79.7112503012612,
       43.6416242636352
      ],
      [
       -79.7127670986307,
       43.6402637768803
      ],
      [
       -79.7129791848495,
       43.6402030717026
      ],
      [
       -79.7133710757868,
       43.6398473619567
      ],
      [
       -79.7133864033628,
       43.6397124749525
      ],
      [
       -79.713848278108,
       43.639297961219
      ],
      [
       -79.7164577787992,
       43.6369557729623
      ],
      [
       -79.7164605946738,
       43.6368207674783
      ],
      [
       -79.7167858034011,
       43.6365162696757
      ],
      [
       -79.7171554753163,
       43.6362072754683
      ],
      [
       -79.7182537911325,
       43.635270118922
      ],
      [
       -79.7186209110874,
       43.6349568774123
      ],
      [
       -79.7194155981054,
       43.6342787657318
      ],
      [
       -79.7198449777976,
       43.6339053535508
      ],
      [
       -79.7202352989904,
       43.633621654761
      ],
      [
       -79.7205615968135,
       43.6334361584068
      ],
      [
       -79.7210746735326,
       43.6332078717378
      ],
      [
       -79.7216242051373,
       43.6330158704485
      ],
      [
       -79.7220613910869,
       43.6328586732164
      ],
      [
       -79.7222981770004,
       43.6327983537354
      ],
      [
       -79.7221140945376,
       43.6327152581825
      ],
      [
       -79.7220313025431,
       43.6325252561139
      ],
      [
       -79.721771579222,
       43.6319100585842
      ],
      [
       -79.7213010970106,
       43.6313014770654
      ],
      [
       -79.7209122939676,
       43.6309279742464
      ],
      [
       -79.7200098851199,
       43.6302245761705
      ],
      [
       -79.7186558957256,
       43.6291919704332
      ],
      [
       -79.716934391352,
       43.627957162003
      ],
      [
       -79.7165976311912,
       43.6276907988439
      ],
      [
       -79.7162760824032,
       43.62743646648
      ],
      [
       -79.7156317996226,
       43.62684396576
      ],
      [
       -79.7149508966166,
       43.6262240692023
      ],
      [
       -79.7142940733509,
       43.6256314576769
      ],
      [
       -79.7142350807278,
       43.6254956765959
      ],
      [
       -79.7136730757316,
       43.6251112513365
      ],
      [
       -79.7134753767151,
       43.6250819638887
      ],
      [
       -79.7118773691014,
       43.6238754644137
      ],
      [
       -79.7112951423759,
       43.6235000952205
      ],
      [
       -79.7112660943133,
       43.6234813617462
      ],
      [
       -79.7092576740275,
       43.6217659681714
      ],
      [
       -79.7089532692861,
       43.62151045982
      ],
      [
       -79.708147887693,
       43.6209250647121
      ],
      [
       -79.7080500782339,
       43.6208609663498
      ],
      [
       -79.7079766827776,
       43.6208114494237
      ],
      [
       -79.7078912947063,
       43.6207510668183
      ],
      [
       -79.70805345146,
       43.6206351716238
      ],
      [
       -79.7081289889798,
       43.6206059538473
      ],
      [
       -79.708428690297,
       43.6205410769663
      ],
      [
       -79.7096785925531,
       43.6200509688465
      ],
      [
       -79.7100194713545,
       43.619918413956
      ],
      [
       -79.7102409917789,
       43.6198322639963
      ],
      [
       -79.7132532788619,
       43.6186416568443
      ],
      [
       -79.7152656808917,
       43.6178448555786
      ],
      [
       -79.7152998072521,
       43.6178314198038
      ],
      [
       -79.7207429389565,
       43.6156833481922
      ],
      [
       -79.7216770826689,
       43.6153146557112
      ],
      [
       -79.7287994984022,
       43.6125397556632
      ],
      [
       -79.7290841263606,
       43.6122743040035
      ],
      [
       -79.7290518422312,
       43.6122169253221
      ],
      [
       -79.7287288618187,
       43.6116426051961
      ],
      [
       -79.7283273142561,
       43.6112320079451
      ],
      [
       -79.7282290464022,
       43.6111315157118
      ],
      [
       -79.7281044297478,
       43.6110454256573
      ],
      [
       -79.7278742807376,
       43.6108864341224
      ],
      [
       -79.7276187098931,
       43.6107099128474
      ],
      [
       -79.7272250516799,
       43.6105090967261
      ],
      [
       -79.7261950088766,
       43.609983665199
      ],
      [
       -79.7250948407564,
       43.6094224481178
      ],
      [
       -79.7237003149304,
       43.6087109884742
      ],
      [
       -79.7233824082165,
       43.6085113551371
      ],
      [
       -79.723080489779,
       43.6083217391129
      ],
      [
       -79.7227867420448,
       43.6081372576365
      ],
      [
       -79.7227099268219,
       43.6080889877308
      ],
      [
       -79.7220250528226,
       43.6076551840522
      ],
      [
       -79.7219433304243,
       43.6076034120254
      ],
      [
       -79.7218417537354,
       43.6074421586554
      ],
      [
       -79.7217572515111,
       43.6073253112724
      ],
      [
       -79.7214616349427,
       43.6072418080632
      ],
      [
       -79.7210051852115,
       43.6072196758796
      ],
      [
       -79.7208207267902,
       43.6072473799429
      ],
      [
       -79.7206440360574,
       43.6072739253927
      ],
      [
       -79.7195445325127,
       43.6081483062078
      ],
      [
       -79.7183920848227,
       43.6093301874978
      ],
      [
       -79.7177757508574,
       43.6094745499867
      ],
      [
       -79.7154582179837,
       43.609820682166
      ],
      [
       -79.7147782917073,
       43.6096622615136
      ],
      [
       -79.7144728645429,
       43.60949753168
      ],
      [
       -79.7141465810311,
       43.6093215346874
      ],
      [
       -79.7136134116146,
       43.6086344502165
      ],
      [
       -79.7134880773531,
       43.6084729121953
      ],
      [
       -79.7134123139352,
       43.6083692983973
      ],
      [
       -79.7124414176699,
       43.6077848785518
      ],
      [
       -79.7123260229507,
       43.607715425439
      ],
      [
       -79.7123353206237,
       43.607477748481
      ],
      [
       -79.7124660375961,
       43.6073102947865
      ],
      [
       -79.7125628060376,
       43.6072009666813
      ],
      [
       -79.7128188444872,
       43.6069763168779
      ],
      [
       -79.7130286379521,
       43.6068238649768
      ],
      [
       -79.7135066616218,
       43.6065025776173
      ],
      [
       -79.713664862728,
       43.6064166364008
      ],
      [
       -79.7142748220304,
       43.6061335515695
      ],
      [
       -79.7145028824684,
       43.60598857495
      ],
      [
       -79.714637561685,
       43.6057548945867
      ],
      [
       -79.7147658557288,
       43.6055063324458
      ],
      [
       -79.7148439616282,
       43.6051276100967
      ],
      [
       -79.7149555250898,
       43.6048356105867
      ],
      [
       -79.7152702383699,
       43.6045687358466
      ],
      [
       -79.715569837803,
       43.6044292359809
      ],
      [
       -79.71611408786,
       43.6041603575981
      ],
      [
       -79.716618510852,
       43.604073774212
      ],
      [
       -79.7173868348096,
       43.6039418669551
      ],
      [
       -79.7175944353167,
       43.6039062253815
      ],
      [
       -79.7176496350903,
       43.6038730489602
      ],
      [
       -79.7179388218954,
       43.603699506979
      ],
      [
       -79.7180713027529,
       43.6035420925039
      ],
      [
       -79.7180921871383,
       43.6035172865276
      ],
      [
       -79.7181731971413,
       43.6034210830015
      ],
      [
       -79.7182182077613,
       43.6029873227074
      ],
      [
       -79.7180446189659,
       43.6025365523226
      ],
      [
       -79.718009758799,
       43.602445953615
      ],
      [
       -79.7180537510306,
       43.6022942339345
      ],
      [
       -79.7180797955153,
       43.6022045487852
      ],
      [
       -79.71811502805,
       43.6020829690588
      ],
      [
       -79.7181552475726,
       43.6019451641624
      ],
      [
       -79.7183201976672,
       43.6013794107376
      ],
      [
       -79.7184020908057,
       43.6010985875119
      ],
      [
       -79.7185232575373,
       43.6008621441772
      ],
      [
       -79.7185892323498,
       43.6008406825676
      ],
      [
       -79.7186927229239,
       43.6008070052052
      ],
      [
       -79.7187351292815,
       43.6007932010625
      ],
      [
       -79.7187915934913,
       43.6007933369415
      ],
      [
       -79.7190444394674,
       43.6007939899476
      ],
      [
       -79.7193236860556,
       43.6007624561544
      ],
      [
       -79.7195583880711,
       43.6007528886548
      ],
      [
       -79.7196863114066,
       43.6006899175519
      ],
      [
       -79.7198033547793,
       43.6006322691886
      ],
      [
       -79.720055571375,
       43.6004845201973
      ],
      [
       -79.7202247559791,
       43.6004776347011
      ],
      [
       -79.720495562864,
       43.6004665669511
      ],
      [
       -79.7206778264238,
       43.6004754518783
      ],
      [
       -79.720979189454,
       43.6005289858269
      ],
      [
       -79.7213236098943,
       43.6005902038739
      ],
      [
       -79.7224637203922,
       43.6009589002174
      ],
      [
       -79.7227355391205,
       43.6009826606539
      ],
      [
       -79.7230119941925,
       43.6010068405048
      ],
      [
       -79.7231397701638,
       43.6010060475168
      ],
      [
       -79.7234575248724,
       43.6010040438005
      ],
      [
       -79.7235933676281,
       43.6010032071337
      ],
      [
       -79.7237035437189,
       43.6009856495682
      ],
      [
       -79.7240171238717,
       43.6009357088517
      ],
      [
       -79.7243004800784,
       43.6008905469552
      ],
      [
       -79.7246857221827,
       43.6006065628449
      ],
      [
       -79.7248809286771,
       43.6003101048277
      ],
      [
       -79.7249073961879,
       43.6001020828188
      ],
      [
       -79.7249326239601,
       43.5999038838714
      ],
      [
       -79.7249337302294,
       43.5998950911694
      ],
      [
       -79.724932613759,
       43.5998876485885
      ],
      [
       -79.7248872200477,
       43.5995848606676
      ],
      [
       -79.7248721108659,
       43.5994838496626
      ],
      [
       -79.7248711491832,
       43.5994779367917
      ],
      [
       -79.7245353646228,
       43.5988390802453
      ],
      [
       -79.7243055632312,
       43.5985652846197
      ],
      [
       -79.7239453160216,
       43.5981360822951
      ],
      [
       -79.7235551371537,
       43.597248650682
      ],
      [
       -79.7234238744664,
       43.5969500120247
      ],
      [
       -79.7229805302969,
       43.5963522629639
      ],
      [
       -79.7218987609552,
       43.5956779939423
      ],
      [
       -79.7210903536263,
       43.5954364155194
      ],
      [
       -79.7207497311999,
       43.5953317020345
      ],
      [
       -79.7204057717661,
       43.5953831603247
      ],
      [
       -79.7197349910066,
       43.5952082012666
      ],
      [
       -79.7182813952174,
       43.5948291008314
      ],
      [
       -79.7179489599352,
       43.5945590405076
      ],
      [
       -79.7178831274617,
       43.5945055600631
      ],
      [
       -79.7176396358882,
       43.5943077705986
      ],
      [
       -79.7173877193718,
       43.5939227020113
      ],
      [
       -79.7174089827589,
       43.5936731505447
      ],
      [
       -79.7174535594754,
       43.5931495381606
      ],
      [
       -79.7174761601195,
       43.5930076026386
      ],
      [
       -79.717533532165,
       43.5926475705796
      ],
      [
       -79.7175441893085,
       43.5925708883779
      ],
      [
       -79.7175897798521,
       43.5922429729569
      ],
      [
       -79.7173732096193,
       43.5912265204033
      ],
      [
       -79.7171395286793,
       43.5910069978578
      ],
      [
       -79.7171188434254,
       43.590987575389
      ],
      [
       -79.7168989064362,
       43.5907809257061
      ],
      [
       -79.7164378082481,
       43.5905636172635
      ],
      [
       -79.7161533332054,
       43.5904328487236
      ],
      [
       -79.7152864896211,
       43.5899346220253
      ],
      [
       -79.7152821798091,
       43.5895842541105
      ],
      [
       -79.715767482795,
       43.5888578748395
      ],
      [
       -79.7164341982642,
       43.588222265528
      ],
      [
       -79.7167843990981,
       43.5875486851205
      ],
      [
       -79.7164549499539,
       43.5867508651447
      ],
      [
       -79.7162030461578,
       43.5864834774853
      ],
      [
       -79.7160682898688,
       43.5864093913084
      ],
      [
       -79.7160571005049,
       43.58639460073
      ],
      [
       -79.7155811548218,
       43.5861132553126
      ],
      [
       -79.7150119769125,
       43.585828743925
      ],
      [
       -79.7144006345064,
       43.5855525650509
      ],
      [
       -79.7141363741064,
       43.5854331936902
      ],
      [
       -79.7137174292261,
       43.5851401911482
      ],
      [
       -79.7136834108039,
       43.5851111466445
      ],
      [
       -79.7133949911606,
       43.5848647687659
      ],
      [
       -79.713166613017,
       43.5846610636911
      ],
      [
       -79.7125183964755,
       43.5841599786598
      ],
      [
       -79.7124265675047,
       43.5841455832164
      ],
      [
       -79.7124131280796,
       43.5841372768626
      ],
      [
       -79.7120113900234,
       43.5840815241531
      ],
      [
       -79.7114131128773,
       43.5840572883153
      ],
      [
       -79.711361334927,
       43.58405798229
      ],
      [
       -79.7105770143554,
       43.5840686260321
      ],
      [
       -79.7100772857828,
       43.5840513636511
      ],
      [
       -79.7094419302614,
       43.5839778754984
      ],
      [
       -79.7090041313044,
       43.5837891330097
      ],
      [
       -79.708461133465,
       43.5833957933118
      ],
      [
       -79.7082728035302,
       43.5830746354434
      ],
      [
       -79.7082111086228,
       43.5828769016397
      ],
      [
       -79.7084545283632,
       43.5822994976065
      ],
      [
       -79.7084972249625,
       43.5821981558611
      ],
      [
       -79.7085555753801,
       43.581997318763
      ],
      [
       -79.7086074756089,
       43.5817788283388
      ],
      [
       -79.7086482530583,
       43.5816071431691
      ],
      [
       -79.7086436101541,
       43.5815498123157
      ],
      [
       -79.7086348050812,
       43.5814409960687
      ],
      [
       -79.7084287271201,
       43.5808722531932
      ],
      [
       -79.7082906788326,
       43.580716699617
      ],
      [
       -79.7080706497379,
       43.5805901074128
      ],
      [
       -79.7078191091646,
       43.5804453017252
      ],
      [
       -79.7074396693206,
       43.580267469385
      ],
      [
       -79.7065454759811,
       43.5798482778229
      ],
      [
       -79.7063293277234,
       43.5797595774294
      ],
      [
       -79.7052171144525,
       43.5793033025462
      ],
      [
       -79.7048356854886,
       43.5791073840731
      ],
      [
       -79.7045447865818,
       43.5785660636411
      ],
      [
       -79.7043802892851,
       43.5781277139671
      ],
      [
       -79.7043361108076,
       43.5780100848031
      ],
      [
       -79.704222280913,
       43.5776638174287
      ],
      [
       -79.7038859753249,
       43.5773897522675
      ],
      [
       -79.7034602889099,
       43.5771453906078
      ],
      [
       -79.7031432183758,
       43.5771520989788
      ],
      [
       -79.7028873826201,
       43.5772348131138
      ],
      [
       -79.7025328956155,
       43.5773799027144
      ],
      [
       -79.7024746013197,
       43.5774225208504
      ],
      [
       -79.7024039855158,
       43.5774741670226
      ],
      [
       -79.7023872565241,
       43.5774864099273
      ],
      [
       -79.7021583026683,
       43.5775559836135
      ],
      [
       -79.7019697304292,
       43.5776058282936
      ],
      [
       -79.7017499684678,
       43.5777273644238
      ],
      [
       -79.7010746769723,
       43.5780087781525
      ],
      [
       -79.7010657431506,
       43.57801248085
      ],
      [
       -79.7010476596016,
       43.5780158148546
      ],
      [
       -79.7005679487672,
       43.5781047431996
      ],
      [
       -79.7003208331748,
       43.5781233868644
      ],
      [
       -79.700073355289,
       43.5780974431735
      ],
      [
       -79.6999145809715,
       43.5780808176923
      ],
      [
       -79.6996358131502,
       43.5778989423292
      ],
      [
       -79.6995937525452,
       43.5778353201737
      ],
      [
       -79.6994519913177,
       43.5776208360874
      ],
      [
       -79.6990115169647,
       43.5767401959386
      ],
      [
       -79.6989769140902,
       43.576671027284
      ],
      [
       -79.6989060699227,
       43.5765996966278
      ],
      [
       -79.6987832865276,
       43.5764360989421
      ],
      [
       -79.6986073346979,
       43.5762990430662
      ],
      [
       -79.6984384329301,
       43.5761290537973
      ],
      [
       -79.698464141452,
       43.5761211186076
      ],
      [
       -79.6986430522772,
       43.5760659581567
      ],
      [
       -79.698865060754,
       43.5759975135805
      ],
      [
       -79.7023566045585,
       43.574963165856
      ],
      [
       -79.7024659768634,
       43.574930755607
      ],
      [
       -79.7026956701419,
       43.5748827877038
      ],
      [
       -79.7029481055667,
       43.5748238844381
      ],
      [
       -79.7037105610118,
       43.5747394151038
      ],
      [
       -79.7043520569984,
       43.5747706207736
      ],
      [
       -79.7045995948558,
       43.5747617947821
      ],
      [
       -79.7051247070777,
       43.5747904715067
      ],
      [
       -79.7052725941691,
       43.5748240399443
      ],
      [
       -79.7062910504406,
       43.5750552737396
      ],
      [
       -79.7064154119785,
       43.5750998205212
      ],
      [
       -79.7066499174891,
       43.5750007272201
      ],
      [
       -79.707927838632,
       43.5744606456104
      ],
      [
       -79.708313999127,
       43.5742974504446
      ],
      [
       -79.7083281784139,
       43.5742914698941
      ],
      [
       -79.7086780097949,
       43.5741436137905
      ],
      [
       -79.7108986863015,
       43.572324214756
      ],
      [
       -79.7120770939661,
       43.5713586796467
      ],
      [
       -79.71222293937,
       43.5712814894236
      ],
      [
       -79.7122412394255,
       43.571317500276
      ],
      [
       -79.714165503689,
       43.5733025957689
      ],
      [
       -79.7145051426336,
       43.5735764927983
      ],
      [
       -79.7148561758976,
       43.5736304556665
      ],
      [
       -79.7152827080595,
       43.5735763933012
      ],
      [
       -79.7173519011575,
       43.5750009826585
      ],
      [
       -79.7173199838158,
       43.5754139481162
      ],
      [
       -79.7175619982103,
       43.5751015598882
      ],
      [
       -79.7180370816374,
       43.5743054520458
      ],
      [
       -79.7183081715255,
       43.5737862541282
      ],
      [
       -79.7184751702781,
       43.5735000565579
      ],
      [
       -79.7186416935215,
       43.573240762062
      ],
      [
       -79.7189205728901,
       43.5729377503087
      ],
      [
       -79.7195131950356,
       43.572440157802
      ],
      [
       -79.7207630836528,
       43.5713106482601
      ],
      [
       -79.7212051022569,
       43.5709104457605
      ],
      [
       -79.7214825934825,
       43.570670455009
      ],
      [
       -79.7217596932638,
       43.5704484556391
      ],
      [
       -79.7219604739535,
       43.5703245508225
      ],
      [
       -79.7220356939013,
       43.5702804434402
      ],
      [
       -79.722587891305,
       43.5699354484536
      ],
      [
       -79.7234066740567,
       43.5704488505687
      ],
      [
       -79.7245358369306,
       43.5712591027531
      ],
      [
       -79.7273836778723,
       43.5733024511776
      ],
      [
       -79.7283220996076,
       43.5740241452532
      ],
      [
       -79.7287703767201,
       43.5744973610333
      ],
      [
       -79.7290934901996,
       43.5749091813011
      ],
      [
       -79.7292693954868,
       43.5751333510208
      ],
      [
       -79.7301815868656,
       43.5762958482735
      ],
      [
       -79.7328150788967,
       43.5782789582604
      ],
      [
       -79.7332600922762,
       43.5786187634883
      ],
      [
       -79.7334422751995,
       43.5784544591382
      ],
      [
       -79.7338025001336,
       43.5781268544554
      ],
      [
       -79.735731662517,
       43.5763724953339
      ],
      [
       -79.7377157012725,
       43.5745680601808
      ],
      [
       -79.7378361986063,
       43.5744586442351
      ],
      [
       -79.7406828725739,
       43.5718777080774
      ],
      [
       -79.7421732005768,
       43.5705263531322
      ],
      [
       -79.7441783061071,
       43.5687242611646
      ],
      [
       -79.7442885770995,
       43.5686291549753
      ],
      [
       -79.7465656801573,
       43.5667490594157
      ],
      [
       -79.7468846766201,
       43.5664856459584
      ],
      [
       -79.7493261862698,
       43.5644009517499
      ],
      [
       -79.7497177812043,
       43.5646708470582
      ],
      [
       -79.7501328923415,
       43.5649545420887
      ],
      [
       -79.7505108767628,
       43.5652377577647
      ],
      [
       -79.7508887747589,
       43.5655300590625
      ],
      [
       -79.7513039009947,
       43.5658137508774
      ],
      [
       -79.7516941085103,
       43.5661060614996
      ],
      [
       -79.752084507686,
       43.5663894507225
      ],
      [
       -79.7524873004192,
       43.5666730413867
      ],
      [
       -79.7528894953688,
       43.5669835643257
      ],
      [
       -79.753340904191,
       43.5673126631463
      ],
      [
       -79.7537190016671,
       43.5675958531599
      ],
      [
       -79.7540485930599,
       43.5678245481484
      ],
      [
       -79.7544389793041,
       43.5681079489403
      ],
      [
       -79.7548294050021,
       43.5683913542216
      ],
      [
       -79.7552321848157,
       43.5686748521684
      ],
      [
       -79.7556226870622,
       43.5689582636585
      ],
      [
       -79.7560128814901,
       43.5692505493815
      ],
      [
       -79.7565376854343,
       43.569625442886
      ],
      [
       -79.7569283005154,
       43.569899866838
      ],
      [
       -79.7573185867363,
       43.5701922616203
      ],
      [
       -79.7577336092405,
       43.5704848482454
      ],
      [
       -79.7581606809524,
       43.570795657953
      ],
      [
       -79.7585752995257,
       43.5711062551791
      ],
      [
       -79.7590180059888,
       43.5714448613731
      ],
      [
       -79.7594467966608,
       43.5717427424367
      ],
      [
       -79.7598817956002,
       43.5720433553402
      ],
      [
       -79.7603206802783,
       43.5723497506189
      ],
      [
       -79.760747990168,
       43.5726515571989
      ],
      [
       -79.7611873835529,
       43.5729624404747
      ],
      [
       -79.7616144872168,
       43.5732731582972
      ],
      [
       -79.7621174135585,
       43.5736412430304
      ],
      [
       -79.7626759984564,
       43.5740500663785
      ],
      [
       -79.7636889823889,
       43.5747813625978
      ],
      [
       -79.7637622812505,
       43.5748271558936
      ],
      [
       -79.7641285788155,
       43.5750832605222
      ],
      [
       -79.7641895946607,
       43.5751288406083
      ],
      [
       -79.7645680863698,
       43.5753941400513
      ],
      [
       -79.7646292986344,
       43.5754307503633
      ],
      [
       -79.7650077888554,
       43.5756959447779
      ],
      [
       -79.7650565908871,
       43.5757325549426
      ],
      [
       -79.7653041570744,
       43.575917995725
      ],
      [
       -79.7654347068186,
       43.5760157655458
      ],
      [
       -79.7654714967585,
       43.5760341566148
      ],
      [
       -79.7658621098653,
       43.576317453938
      ],
      [
       -79.7662892160255,
       43.5766282487394
      ],
      [
       -79.7667412997956,
       43.5769302434076
      ],
      [
       -79.7671558151193,
       43.5772498518596
      ],
      [
       -79.7675954913763,
       43.5775517399257
      ],
      [
       -79.768022916832,
       43.5778534447362
      ],
      [
       -79.7684861896279,
       43.578209648611
      ],
      [
       -79.7695972833857,
       43.5789959545574
      ],
      [
       -79.7712353114284,
       43.5801698586643
      ],
      [
       -79.7735771051575,
       43.5818479526724
      ],
      [
       -79.7751275213431,
       43.5829631490332
      ],
      [
       -79.7763482901385,
       43.5838405596923
      ],
      [
       -79.7793632959991,
       43.5860427540146
      ],
      [
       -79.7820968075567,
       43.5880241305525
      ],
      [
       -79.7828470134008,
       43.5885678626141
      ],
      [
       -79.7830887373382,
       43.5887430485074
      ],
      [
       -79.7835996869248,
       43.5891133636634
      ],
      [
       -79.7847960937924,
       43.5899781840925
      ],
      [
       -79.7848964967772,
       43.5900507481291
      ],
      [
       -79.7871766103493,
       43.5916989443166
      ],
      [
       -79.7871141270574,
       43.5917558271617
      ],
      [
       -79.7870559571719,
       43.5918087633443
      ],
      [
       -79.7867546266703,
       43.5920830209235
      ],
      [
       -79.7854889325982,
       43.5932349008853
      ],
      [
       -79.7837514376297,
       43.5948017207174
      ],
      [
       -79.782937661567,
       43.5955169585818
      ],
      [
       -79.7822236974622,
       43.5959870067496
      ],
      [
       -79.7821982709059,
       43.5960037490132
      ],
      [
       -79.782067861087,
       43.5960896070098
      ],
      [
       -79.7839829952498,
       43.5974552603245
      ],
      [
       -79.78486772326,
       43.5980043540647
      ],
      [
       -79.7855622898573,
       43.5984158558651
      ],
      [
       -79.7861311943171,
       43.5988301672125
      ],
      [
       -79.7864833191781,
       43.5991114583335
      ],
      [
       -79.7874629079719,
       43.59991714206
      ],
      [
       -79.7875924164306,
       43.6000236496673
      ],
      [
       -79.7877263013841,
       43.6001420672664
      ],
      [
       -79.7878721004756,
       43.6002876582871
      ],
      [
       -79.7879979696926,
       43.6003859880857
      ],
      [
       -79.7881526176149,
       43.6005067682898
      ],
      [
       -79.7882257199067,
       43.6005705553536
      ],
      [
       -79.7882620042624,
       43.6006159593047
      ],
      [
       -79.7883465477295,
       43.6006973975419
      ],
      [
       -79.7884321242363,
       43.6007798488148
      ],
      [
       -79.7885166629399,
       43.6008430870059
      ],
      [
       -79.7895428994083,
       43.601610961937
      ],
      [
       -79.7903602599478,
       43.6022399954861
      ],
      [
       -79.7901119995486,
       43.6023985421339
      ],
      [
       -79.7900167302654,
       43.6024593905591
      ],
      [
       -79.788139404054,
       43.6036583596982
      ],
      [
       -79.7781519050616,
       43.6095751838861
      ],
      [
       -79.7765244016435,
       43.6100402840042
      ],
      [
       -79.7751780521846,
       43.6104752895032
      ],
      [
       -79.7723207603922,
       43.611321339686
      ],
      [
       -79.7705669473127,
       43.6118405969595
      ],
      [
       -79.7609300277086,
       43.6146930922552
      ],
      [
       -79.7597258031525,
       43.6157968556963
      ],
      [
       -79.7564237602122,
       43.6193261885018
      ],
      [
       -79.7565769072457,
       43.6193994283399
      ],
      [
       -79.756692814582,
       43.6194803899288
      ],
      [
       -79.7552489978839,
       43.6206139311684
      ],
      [
       -79.7535089938087,
       43.6214350051954
      ],
      [
       -79.7490441083486,
       43.6254830026527
      ],
      [
       -79.7476863913075,
       43.6267327285142
      ],
      [
       -79.7476744588478,
       43.6267516898498
      ],
      [
       -79.746842968417,
       43.6274861112797
      ],
      [
       -79.7458883561503,
       43.6287069949039
      ],
      [
       -79.7407758108457,
       43.6366665022164
      ],
      [
       -79.7397052281235,
       43.6386210768066
      ],
      [
       -79.7390878823263,
       43.6390894583102
      ],
      [
       -79.7373483929616,
       43.6404568774047
      ],
      [
       -79.7367312530076,
       43.6409432318961
      ],
      [
       -79.7366284073266,
       43.6410242924211
      ],
      [
       -79.7357553837537,
       43.641687975197
      ],
      [
       -79.7354130876061,
       43.6419481570751
      ],
      [
       -79.7344739940705,
       43.6426085796055
      ],
      [
       -79.733638405293,
       43.6431350744239
      ],
      [
       -79.7330265067293,
       43.6434884699949
      ],
      [
       -79.7323978878696,
       43.643828164575
      ],
      [
       -79.7308742977048,
       43.6446080677723
      ],
      [
       -79.728368568087,
       43.645126310652
      ],
      [
       -79.7262751627692,
       43.6446826519112
      ],
      [
       -79.7232426546607,
       43.6463662595729
      ],
      [
       -79.7177887763122,
       43.6494508792334
      ],
      [
       -79.7140013536952,
       43.6517301082397
      ],
      [
       -79.7138850991476,
       43.6517833667946
      ],
      [
       -79.7128626884962,
       43.6510758232687
      ],
      [
       -79.7116366996093,
       43.6502273763026
      ],
      [
       -79.7111610723993,
       43.6498528617824
      ],
      [
       -79.7111263791355,
       43.6497353633387
      ],
      [
       -79.7093071981818,
       43.6484092783535
      ],
      [
       -79.70913419788,
       43.648380367675
      ],
      [
       -79.7076933968333,
       43.6473375685228
      ],
      [
       -79.7069730962714,
       43.6468162757672
      ],
      [
       -79.7060809059412,
       43.6461779593671
      ],
      [
       -79.7062181921803,
       43.6460576763918
      ]
     ]
    ]
   },
   "properties": {
    "OBJECTID": 9,
    "PDZ": "M2",
    "CSDNAME": "Mississauga",
    "Shape__Area": 33064600.89038086,
    "Shape__Length": 34829.593204227865
   }
  },
  {
   "type": "Feature",
   "id": 10,
   "geometry": {
    "type": "Polygon",
    "coordinates": [
     [
      [
       -79.6921929812653,
       43.6096596717273
      ],
      [
       -79.6921587800241,
       43.609524271563
      ],
      [
       -79.6907193778489,
       43.6084723631944
      ],
      [
       -79.6905954853165,
       43.6084708719727
      ],
      [
       -79.6901997707925,
       43.6081873695406
      ],
      [
       -79.6877927831545,
       43.6062957632754
      ],
      [
       -79.6873793699366,
       43.6059308703196
      ],
      [
       -79.6873451851198,
       43.6057954706354
      ],
      [
       -79.6869439601677,
       43.6054396570381
      ],
      [
       -79.686762269217,
       43.6052484718771
      ],
      [
       -79.6866535825474,
       43.6051211650865
      ],
      [
       -79.6864242645968,
       43.6048394522931
      ],
      [
       -79.6862855731052,
       43.604617683134
      ],
      [
       -79.686208691812,
       43.604494754541
      ],
      [
       -79.6861873772939,
       43.604457130274
      ],
      [
       -79.6861697474949,
       43.6044260087385
      ],
      [
       -79.6853434699852,
       43.6029677527424
      ],
      [
       -79.685229286701,
       43.6027728574915
      ],
      [
       -79.6851881071588,
       43.6027188315107
      ],
      [
       -79.6850387846979,
       43.6025229727098
      ],
      [
       -79.6844802673323,
       43.6019268502969
      ],
      [
       -79.6834549804936,
       43.6011091515797
      ],
      [
       -79.6826417760479,
       43.6004064500275
      ],
      [
       -79.6824972433957,
       43.6002868458993
      ],
      [
       -79.6808930589656,
       43.5989591574907
      ],
      [
       -79.6800960802949,
       43.5982971727193
      ],
      [
       -79.6796422799966,
       43.5979452622672
      ],
      [
       -79.6792016591893,
       43.5976610486962
      ],
      [
       -79.6786596798741,
       43.5973756581766
      ],
      [
       -79.6785685643683,
       43.5973301600857
      ],
      [
       -79.6752443882096,
       43.5956703621282
      ],
      [
       -79.673071549305,
       43.594648249997
      ],
      [
       -79.6717314895851,
       43.5940178510452
      ],
      [
       -79.6714619699479,
       43.5938796718538
      ],
      [
       -79.6713684348763,
       43.5938277371197
      ],
      [
       -79.6711804794382,
       43.5937233610073
      ],
      [
       -79.6701318682736,
       43.5929638628013
      ],
      [
       -79.6699586836552,
       43.5929527735155
      ],
      [
       -79.6691902631695,
       43.5924036525891
      ],
      [
       -79.6690562600244,
       43.5923030489089
      ],
      [
       -79.6662394618849,
       43.5902712548632
      ],
      [
       -79.6659101514104,
       43.5900333582764
      ],
      [
       -79.6659129644834,
       43.5899073661239
      ],
      [
       -79.6640725652392,
       43.5885442611703
      ],
      [
       -79.6622314641761,
       43.5872170649802
      ],
      [
       -79.6620707798091,
       43.5872062640142
      ],
      [
       -79.6618879791329,
       43.5870690708403
      ],
      [
       -79.6616409066977,
       43.5868908389875
      ],
      [
       -79.6617682477434,
       43.5867851422075
      ],
      [
       -79.6621712959085,
       43.5864505663221
      ],
      [
       -79.6651791695457,
       43.5837493839904
      ],
      [
       -79.6661686711399,
       43.5826203921541
      ],
      [
       -79.6665034252057,
       43.5822412701996
      ],
      [
       -79.6686677944011,
       43.5801529452418
      ],
      [
       -79.6690687457354,
       43.579766011096
      ],
      [
       -79.6702757762309,
       43.5783644658133
      ],
      [
       -79.6713518946699,
       43.5771216823255
      ],
      [
       -79.6715278614705,
       43.576929166976
      ],
      [
       -79.6754096401556,
       43.5728440485539
      ],
      [
       -79.6755030488025,
       43.5727420244884
      ],
      [
       -79.675563270023,
       43.5723805482075
      ],
      [
       -79.6756837321872,
       43.5719112699258
      ],
      [
       -79.6777927744432,
       43.5702435800781
      ],
      [
       -79.6781794066776,
       43.5698854334377
      ],
      [
       -79.6797315671825,
       43.5686684668133
      ],
      [
       -79.6815316100009,
       43.5670919503454
      ],
      [
       -79.6821528293588,
       43.5664757204504
      ],
      [
       -79.6831057349775,
       43.5655420883273
      ],
      [
       -79.6831738586179,
       43.5654789873958
      ],
      [
       -79.6832799127522,
       43.5655602579908
      ],
      [
       -79.683318983461,
       43.5655821035149
      ],
      [
       -79.6833536130177,
       43.5656014820784
      ],
      [
       -79.683484542623,
       43.5656891482638
      ],
      [
       -79.6839295353362,
       43.5658465618991
      ],
      [
       -79.6845057170093,
       43.5659989241372
      ],
      [
       -79.6846437314324,
       43.5660298359029
      ],
      [
       -79.6847994121629,
       43.5660866564962
      ],
      [
       -79.6853570239146,
       43.5662413030159
      ],
      [
       -79.6853607680525,
       43.5662422906032
      ],
      [
       -79.6855377208478,
       43.5662666754405
      ],
      [
       -79.6856069694613,
       43.5662834692511
      ],
      [
       -79.685841412064,
       43.5663402702168
      ],
      [
       -79.6860608016982,
       43.5664022343918
      ],
      [
       -79.686199186729,
       43.5664403292883
      ],
      [
       -79.6862783420416,
       43.5664615089852
      ],
      [
       -79.6864438750305,
       43.5665057826365
      ],
      [
       -79.686733255376,
       43.5665456298979
      ],
      [
       -79.6867590180834,
       43.5665504126021
      ],
      [
       -79.6868442653,
       43.566573396978
      ],
      [
       -79.6869010065933,
       43.5666219405574
      ],
      [
       -79.6869636750554,
       43.5666535272873
      ],
      [
       -79.6871578035303,
       43.5667120045435
      ],
      [
       -79.6872706418534,
       43.5667472890004
      ],
      [
       -79.6875207234342,
       43.5668254887186
      ],
      [
       -79.6878461817724,
       43.5668829955975
      ],
      [
       -79.6879726102875,
       43.5669004074026
      ],
      [
       -79.6880796142295,
       43.5669214462797
      ],
      [
       -79.688296400965,
       43.5669640427408
      ],
      [
       -79.6887007061565,
       43.5669879726179
      ],
      [
       -79.6888895651763,
       43.5669512152198
      ],
      [
       -79.688949519798,
       43.5669395717866
      ],
      [
       -79.6890234783848,
       43.5669243279257
      ],
      [
       -79.6890976146393,
       43.5669127660197
      ],
      [
       -79.6891966578862,
       43.5668973252928
      ],
      [
       -79.6892202388967,
       43.5668604349785
      ],
      [
       -79.6892415857329,
       43.5668270396337
      ],
      [
       -79.6892990679606,
       43.5667778503886
      ],
      [
       -79.689433920838,
       43.5666624885423
      ],
      [
       -79.6895308932387,
       43.5666347656347
      ],
      [
       -79.6896872705338,
       43.5665895434741
      ],
      [
       -79.6899202575674,
       43.5665902185998
      ],
      [
       -79.6902753618901,
       43.5666050854741
      ],
      [
       -79.6903077975873,
       43.5666064610584
      ],
      [
       -79.6903670990939,
       43.5666349882814
      ],
      [
       -79.6905168220389,
       43.5667070631691
      ],
      [
       -79.6905402896418,
       43.566718346684
      ],
      [
       -79.690560563202,
       43.5667406839252
      ],
      [
       -79.6907096554651,
       43.5669048297055
      ],
      [
       -79.6907411871575,
       43.5669395414035
      ],
      [
       -79.6907586161051,
       43.5669920790096
      ],
      [
       -79.6908145884976,
       43.5670585605624
      ],
      [
       -79.6908118870067,
       43.5671524619283
      ],
      [
       -79.6908441245264,
       43.5673473074355
      ],
      [
       -79.6908419765306,
       43.5673586621842
      ],
      [
       -79.6907932589987,
       43.5676192799989
      ],
      [
       -79.6908472403116,
       43.5678192106092
      ],
      [
       -79.6908306193237,
       43.5680043853102
      ],
      [
       -79.6908314482607,
       43.5681548222501
      ],
      [
       -79.6908170228587,
       43.5683626250075
      ],
      [
       -79.6908058681758,
       43.5685887587889
      ],
      [
       -79.6909882560348,
       43.5687805029994
      ],
      [
       -79.6910255794514,
       43.5688080038416
      ],
      [
       -79.6910770360867,
       43.5688642616379
      ],
      [
       -79.6913069798235,
       43.5690360169818
      ],
      [
       -79.6913693634801,
       43.5690617048632
      ],
      [
       -79.6916570682856,
       43.5691800629922
      ],
      [
       -79.6917454110597,
       43.5692368399048
      ],
      [
       -79.6918732747383,
       43.5693116872852
      ],
      [
       -79.6919830165645,
       43.5693759013467
      ],
      [
       -79.6920587478118,
       43.5694202404471
      ],
      [
       -79.6924221441395,
       43.5696423414008
      ],
      [
       -79.6925837391456,
       43.5697791535668
      ],
      [
       -79.6926803100635,
       43.5698687887746
      ],
      [
       -79.6927197182258,
       43.5699058887318
      ],
      [
       -79.6929774572656,
       43.5700868455833
      ],
      [
       -79.6930691172458,
       43.5701652304472
      ],
      [
       -79.6931430693015,
       43.570230766575
      ],
      [
       -79.6933746670685,
       43.5705370151277
      ],
      [
       -79.6934851787763,
       43.5706568114572
      ],
      [
       -79.693601975809,
       43.5707711023897
      ],
      [
       -79.693588895608,
       43.571120495371
      ],
      [
       -79.6934572708088,
       43.571395002623
      ],
      [
       -79.6933423942575,
       43.5716875418176
      ],
      [
       -79.6932023156731,
       43.5720404693831
      ],
      [
       -79.6930591755048,
       43.5723820499407
      ],
      [
       -79.6929915536995,
       43.5726357929335
      ],
      [
       -79.692969596125,
       43.5729527749367
      ],
      [
       -79.693231784378,
       43.5734840392649
      ],
      [
       -79.6933281266208,
       43.57361124883
      ],
      [
       -79.6935124246516,
       43.5738190307473
      ],
      [
       -79.6936708953597,
       43.5739966633332
      ],
      [
       -79.6938078918858,
       43.5741864047928
      ],
      [
       -79.6939213103835,
       43.5744353323234
      ],
      [
       -79.6939897433116,
       43.5745300527045
      ],
      [
       -79.6940272568185,
       43.5746542412556
      ],
      [
       -79.6942539878554,
       43.5747650989722
      ],
      [
       -79.6943947017038,
       43.5748057811825
      ],
      [
       -79.695152210492,
       43.5750246575723
      ],
      [
       -79.6963277349663,
       43.5753445550159
      ],
      [
       -79.6963725280794,
       43.5753567180207
      ],
      [
       -79.6969761766655,
       43.5755473384784
      ],
      [
       -79.697149852932,
       43.5755845527995
      ],
      [
       -79.6977028022448,
       43.5757030929949
      ],
      [
       -79.6984384329301,
       43.5761290537973
      ],
      [
       -79.6986073346979,
       43.5762990430662
      ],
      [
       -79.6987832865276,
       43.5764360989421
      ],
      [
       -79.6989060699227,
       43.5765996966278
      ],
      [
       -79.6989769140902,
       43.576671027284
      ],
      [
       -79.6990115169647,
       43.5767401959386
      ],
      [
       -79.6994519913177,
       43.5776208360874
      ],
      [
       -79.6995937525452,
       43.5778353201737
      ],
      [
       -79.6996358131502,
       43.5778989423292
      ],
      [
       -79.6999145809715,
       43.5780808176923
      ],
      [
       -79.700073355289,
       43.5780974431735
      ],
      [
       -79.7003208331748,
       43.5781233868644
      ],
      [
       -79.7005679487672,
       43.5781047431996
      ],
      [
       -79.7010476596016,
       43.5780158148546
      ],
      [
       -79.7010657431506,
       43.57801248085
      ],
      [
       -79.7010746769723,
       43.5780087781525
      ],
      [
       -79.7017499684678,
       43.5777273644238
      ],
      [
       -79.7019697304292,
       43.5776058282936
      ],
      [
       -79.7021583026683,
       43.5775559836135
      ],
      [
       -79.7023872565241,
       43.5774864099273
      ],
      [
       -79.7024039855158,
       43.5774741670226
      ],
      [
       -79.7024746013197,
       43.5774225208504
      ],
      [
       -79.7025328956155,
       43.5773799027144
      ],
      [
       -79.7028873826201,
       43.5772348131138
      ],
      [
       -79.7031432183758,
       43.5771520989788
      ],
      [
       -79.7034602889099,
       43.5771453906078
      ],
      [
       -79.7038859753249,
       43.5773897522675
      ],
      [
       -79.704222280913,
       43.5776638174287
      ],
      [
       -79.7043361108076,
       43.5780100848031
      ],
      [
       -79.7043802892851,
       43.5781277139671
      ],
      [
       -79.7045447865818,
       43.5785660636411
      ],
      [
       -79.7048356854886,
       43.5791073840731
      ],
      [
       -79.7052171144525,
       43.5793033025462
      ],
      [
       -79.7063293277234,
       43.5797595774294
      ],
      [
       -79.7065454759811,
       43.5798482778229
      ],
      [
       -79.7074396693206,
       43.580267469385
      ],
      [
       -79.7078191091646,
       43.5804453017252
      ],
      [
       -79.7080706497379,
       43.5805901074128
      ],
      [
       -79.7082906788326,
       43.580716699617
      ],
      [
       -79.7084287271201,
       43.5808722531932
      ],
      [
       -79.7086348050812,
       43.5814409960687
      ],
      [
       -79.7086436101541,
       43.5815498123157
      ],
      [
       -79.7086482530583,
       43.5816071431691
      ],
      [
       -79.7086074756089,
       43.5817788283388
      ],
      [
       -79.7085555753801,
       43.581997318763
      ],
      [
       -79.7084972249625,
       43.5821981558611
      ],
      [
       -79.7084545283632,
       43.5822994976065
      ],
      [
       -79.7082111086228,
       43.5828769016397
      ],
      [
       -79.7082728035302,
       43.5830746354434
      ],
      [
       -79.708461133465,
       43.5833957933118
      ],
      [
       -79.7090041313044,
       43.5837891330097
      ],
      [
       -79.7094419302614,
       43.5839778754984
      ],
      [
       -79.7100772857828,
       43.5840513636511
      ],
      [
       -79.7105770143554,
       43.5840686260321
      ],
      [
       -79.711361334927,
       43.58405798229
      ],
      [
       -79.7114131128773,
       43.5840572883153
      ],
      [
       -79.7120113900234,
       43.5840815241531
      ],
      [
       -79.7124131280796,
       43.5841372768626
      ],
      [
       -79.7124265675047,
       43.5841455832164
      ],
      [
       -79.7125183964755,
       43.5841599786598
      ],
      [
       -79.713166613017,
       43.5846610636911
      ],
      [
       -79.7133949911606,
       43.5848647687659
      ],
      [
       -79.7136834108039,
       43.5851111466445
      ],
      [
       -79.7137174292261,
       43.5851401911482
      ],
      [
       -79.7141363741064,
       43.5854331936902
      ],
      [
       -79.7144006345064,
       43.5855525650509
      ],
      [
       -79.7150119769125,
       43.585828743925
      ],
      [
       -79.7155811548218,
       43.5861132553126
      ],
      [
       -79.7160571005049,
       43.58639460073
      ],
      [
       -79.7160682898688,
       43.5864093913084
      ],
      [
       -79.7162030461578,
       43.5864834774853
      ],
      [
       -79.7164549499539,
       43.5867508651447
      ],
      [
       -79.7167843990981,
       43.5875486851205
      ],
      [
       -79.7164341982642,
       43.588222265528
      ],
      [
       -79.715767482795,
       43.5888578748395
      ],
      [
       -79.7152821798091,
       43.5895842541105
      ],
      [
       -79.7152864896211,
       43.5899346220253
      ],
      [
       -79.7161533332054,
       43.5904328487236
      ],
      [
       -79.7164378082481,
       43.5905636172635
      ],
      [
       -79.7168989064362,
       43.5907809257061
      ],
      [
       -79.7171188434254,
       43.590987575389
      ],
      [
       -79.7171395286793,
       43.5910069978578
      ],
      [
       -79.7173732096193,
       43.5912265204033
      ],
      [
       -79.7175897798521,
       43.5922429729569
      ],
      [
       -79.7175441893085,
       43.5925708883779
      ],
      [
       -79.717533532165,
       43.5926475705796
      ],
      [
       -79.7174761601195,
       43.5930076026386
      ],
      [
       -79.7174535594754,
       43.5931495381606
      ],
      [
       -79.7174089827589,
       43.5936731505447
      ],
      [
       -79.7173877193718,
       43.5939227020113
      ],
      [
       -79.7176396358882,
       43.5943077705986
      ],
      [
       -79.7178831274617,
       43.5945055600631
      ],
      [
       -79.7179489599352,
       43.5945590405076
      ],
      [
       -79.7182813952174,
       43.5948291008314
      ],
      [
       -79.7197349910066,
       43.5952082012666
      ],
      [
       -79.7204057717661,
       43.5953831603247
      ],
      [
       -79.7207497311999,
       43.5953317020345
      ],
      [
       -79.7210903536263,
       43.5954364155194
      ],
      [
       -79.7218987609552,
       43.5956779939423
      ],
      [
       -79.7229805302969,
       43.5963522629639
      ],
      [
       -79.7234238744664,
       43.5969500120247
      ],
      [
       -79.7235551371537,
       43.597248650682
      ],
      [
       -79.7239453160216,
       43.5981360822951
      ],
      [
       -79.7243055632312,
       43.5985652846197
      ],
      [
       -79.7245353646228,
       43.5988390802453
      ],
      [
       -79.7248711491832,
       43.5994779367917
      ],
      [
       -79.7248721108659,
       43.5994838496626
      ],
      [
       -79.7248872200477,
       43.5995848606676
      ],
      [
       -79.724932613759,
       43.5998876485885
      ],
      [
       -79.7249337302294,
       43.5998950911694
      ],
      [
       -79.7249326239601,
       43.5999038838714
      ],
      [
       -79.7249073961879,
       43.6001020828188
      ],
      [
       -79.7248809286771,
       43.6003101048277
      ],
      [
       -79.7246857221827,
       43.6006065628449
      ],
      [
       -79.7243004800784,
       43.6008905469552
      ],
      [
       -79.7240171238717,
       43.6009357088517
      ],
      [
       -79.7237035437189,
       43.6009856495682
      ],
      [
       -79.7235933676281,
       43.6010032071337
      ],
      [
       -79.7234575248724,
       43.6010040438005
      ],
      [
       -79.7231397701638,
       43.6010060475168
      ],
      [
       -79.7230119941925,
       43.6010068405048
      ],
      [
       -79.7227355391205,
       43.6009826606539
      ],
      [
       -79.7224637203922,
       43.6009589002174
      ],
      [
       -79.7213236098943,
       43.6005902038739
      ],
      [
       -79.720979189454,
       43.6005289858269
      ],
      [
       -79.7206778264238,
       43.6004754518783
      ],
      [
       -79.720495562864,
       43.6004665669511
      ],
      [
       -79.7202247559791,
       43.6004776347011
      ],
      [
       -79.720055571375,
       43.6004845201973
      ],
      [
       -79.7198033547793,
       43.6006322691886
      ],
      [
       -79.7196863114066,
       43.6006899175519
      ],
      [
       -79.7195583880711,
       43.6007528886548
      ],
      [
       -79.7193236860556,
       43.6007624561544
      ],
      [
       -79.7190444394674,
       43.6007939899476
      ],
      [
       -79.7187915934913,
       43.6007933369415
      ],
      [
       -79.7187351292815,
       43.6007932010625
      ],
      [
       -79.7186927229239,
       43.6008070052052
      ],
      [
       -79.7185892323498,
       43.6008406825676
      ],
      [
       -79.7185232575373,
       43.6008621441772
      ],
      [
       -79.7184020908057,
       43.6010985875119
      ],
      [
       -79.7183201976672,
       43.6013794107376
      ],
      [
       -79.7181552475726,
       43.6019451641624
      ],
      [
       -79.71811502805,
       43.6020829690588
      ],
      [
       -79.7180797955153,
       43.6022045487852
      ],
      [
       -79.7180537510306,
       43.6022942339345
      ],
      [
       -79.718009758799,
       43.602445953615
      ],
      [
       -79.7180446189659,
       43.6025365523226
      ],
      [
       -79.7182182077613,
       43.6029873227074
      ],
      [
       -79.7181731971413,
       43.6034210830015
      ],
      [
       -79.7180921871383,
       43.6035172865276
      ],
      [
       -79.7180713027529,
       43.6035420925039
      ],
      [
       -79.7179388218954,
       43.603699506979
      ],
      [
       -79.7176496350903,
       43.6038730489602
      ],
      [
       -79.7175944353167,
       43.6039062253815
      ],
      [
       -79.7173868348096,
       43.6039418669551
      ],
      [
       -79.716618510852,
       43.604073774212
      ],
      [
       -79.71611408786,
       43.6041603575981
      ],
      [
       -79.715569837803,
       43.6044292359809
      ],
      [
       -79.7152702383699,
       43.6045687358466
      ],
      [
       -79.7149555250898,
       43.6048356105867
      ],
      [
       -79.7148439616282,
       43.6051276100967
      ],
      [
       -79.7147658557288,
       43.6055063324458
      ],
      [
       -79.714637561685,
       43.6057548945867
      ],
      [
       -79.7145028824684,
       43.60598857495
      ],
      [
       -79.7142748220304,
       43.6061335515695
      ],
      [
       -79.713664862728,
       43.6064166364008
      ],
      [
       -79.7135066616218,
       43.6065025776173
      ],
      [
       -79.7130286379521,
       43.6068238649768
      ],
      [
       -79.7128188444872,
       43.6069763168779
      ],
      [
       -79.7125628060376,
       43.6072009666813
      ],
      [
       -79.7124660375961,
       43.6073102947865
      ],
      [
       -79.7123353206237,
       43.607477748481
      ],
      [
       -79.7123260229507,
       43.607715425439
      ],
      [
       -79.7124414176699,
       43.6077848785518
      ],
      [
       -79.7134123139352,
       43.6083692983973
      ],
      [
       -79.7134880773531,
       43.6084729121953
      ],
      [
       -79.7136134116146,
       43.6086344502165
      ],
      [
       -79.7141465810311,
       43.6093215346874
      ],
      [
       -79.7144728645429,
       43.60949753168
      ],
      [
       -79.7147782917073,
       43.6096622615136
      ],
      [
       -79.7154582179837,
       43.609820682166
      ],
      [
       -79.7177757508574,
       43.6094745499867
      ],
      [
       -79.7183920848227,
       43.6093301874978
      ],
      [
       -79.7195445325127,
       43.6081483062078
      ],
      [
       -79.7206440360574,
       43.6072739253927
      ],
      [
       -79.7208207267902,
       43.6072473799429
      ],
      [
       -79.7210051852115,
       43.6072196758796
      ],
      [
       -79.7214616349427,
       43.6072418080632
      ],
      [
       -79.7217572515111,
       43.6073253112724
      ],
      [
       -79.7218417537354,
       43.6074421586554
      ],
      [
       -79.7219433304243,
       43.6076034120254
      ],
      [
       -79.7220250528226,
       43.6076551840522
      ],
      [
       -79.7227099268219,
       43.6080889877308
      ],
      [
       -79.7227867420448,
       43.6081372576365
      ],
      [
       -79.723080489779,
       43.6083217391129
      ],
      [
       -79.7233824082165,
       43.6085113551371
      ],
      [
       -79.7237003149304,
       43.6087109884742
      ],
      [
       -79.7250948407564,
       43.6094224481178
      ],
      [
       -79.7261950088766,
       43.609983665199
      ],
      [
       -79.7272250516799,
       43.6105090967261
      ],
      [
       -79.7276187098931,
       43.6107099128474
      ],
      [
       -79.7278742807376,
       43.6108864341224
      ],
      [
       -79.7281044297478,
       43.6110454256573
      ],
      [
       -79.7282290464022,
       43.6111315157118
      ],
      [
       -79.7283273142561,
       43.6112320079451
      ],
      [
       -79.7287288618187,
       43.6116426051961
      ],
      [
       -79.7290518422312,
       43.6122169253221
      ],
      [
       -79.7290841263606,
       43.6122743040035
      ],
      [
       -79.7287994984022,
       43.6125397556632
      ],
      [
       -79.7216770826689,
       43.6153146557112
      ],
      [
       -79.7207429389565,
       43.6156833481922
      ],
      [
       -79.7152998072521,
       43.6178314198038
      ],
      [
       -79.7152656808917,
       43.6178448555786
      ],
      [
       -79.7132532788619,
       43.6186416568443
      ],
      [
       -79.7102409917789,
       43.6198322639963
      ],
      [
       -79.7100194713545,
       43.619918413956
      ],
      [
       -79.7096785925531,
       43.6200509688465
      ],
      [
       -79.708428690297,
       43.6205410769663
      ],
      [
       -79.7081289889798,
       43.6206059538473
      ],
      [
       -79.70805345146,
       43.6206351716238
      ],
      [
       -79.7078912947063,
       43.6207510668183
      ],
      [
       -79.7078037710124,
       43.6207861681035
      ],
      [
       -79.7078012242974,
       43.6207871396565
      ],
      [
       -79.7073038917341,
       43.6209785704073
      ],
      [
       -79.7051668813574,
       43.6218007520046
      ],
      [
       -79.7026913672757,
       43.6227991588327
      ],
      [
       -79.70024107337,
       43.6237707613704
      ],
      [
       -79.7002034705906,
       43.6237883579574
      ],
      [
       -79.6997409772997,
       43.6239721535684
      ],
      [
       -79.6997109384301,
       43.6239479062531
      ],
      [
       -79.6995825936875,
       43.6238442643342
      ],
      [
       -79.6995468517231,
       43.6238188301929
      ],
      [
       -79.6993387819581,
       43.6236706790737
      ],
      [
       -79.6993384892381,
       43.6236704587466
      ],
      [
       -79.6961156237832,
       43.621344576011
      ],
      [
       -79.695953889615,
       43.6212278678659
      ],
      [
       -79.6931534891992,
       43.6190978595484
      ],
      [
       -79.6931030762959,
       43.6190568561028
      ],
      [
       -79.6904452676463,
       43.6170910639002
      ],
      [
       -79.6902327789405,
       43.6169339549096
      ],
      [
       -79.6905036921765,
       43.6166994650013
      ],
      [
       -79.6926449727101,
       43.6148119686166
      ],
      [
       -79.6929674961519,
       43.6145217628178
      ],
      [
       -79.6929820807709,
       43.6144228639383
      ],
      [
       -79.6952600732158,
       43.6124028687796
      ],
      [
       -79.6956003809205,
       43.6121016628207
      ],
      [
       -79.693986695074,
       43.6109497532351
      ],
      [
       -79.692577178188,
       43.6099336658959
      ],
      [
       -79.6921929812653,
       43.6096596717273
      ]
     ]
    ]
   },
   "properties": {
    "OBJECTID": 10,
    "PDZ": "M3",
    "CSDNAME": "Mississauga",
    "Shape__Area": 16505771.442138672,
    "Shape__Length": 21063.744333912495
   }
  },
  {
   "type": "Feature",
   "id": 11,
   "geometry": {
    "type": "Polygon",
    "coordinates": [
     [
      [
       -79.6347556577659,
       43.7339262762769
      ],
      [
       -79.6345089953159,
       43.73375244675
      ],
      [
       -79.6338220145568,
       43.7342870329527
      ],
      [
       -79.6328273639048,
       43.7349676428015
      ],
      [
       -79.6305327141358,
       43.7354042100183
      ],
      [
       -79.6303128657169,
       43.7354487795386
      ],
      [
       -79.630273578294,
       43.7355384007971
      ],
      [
       -79.6304039868217,
       43.7358100871222
      ],
      [
       -79.6304631715884,
       43.7359368785856
      ],
      [
       -79.63049298133,
       43.7362613018917
      ],
      [
       -79.6304772714081,
       43.7364051790977
      ],
      [
       -79.6299097952906,
       43.7353622931873
      ],
      [
       -79.6291816160187,
       43.7340966419937
      ],
      [
       -79.6290374932594,
       43.7338433357403
      ],
      [
       -79.6289778555203,
       43.7337139206569
      ],
      [
       -79.6289517292443,
       43.7336658824969
      ],
      [
       -79.6283510546896,
       43.7328978745936
      ],
      [
       -79.6268494360642,
       43.7306190478754
      ],
      [
       -79.6266553083583,
       43.7303184204234
      ],
      [
       -79.625821772276,
       43.729059382501
      ],
      [
       -79.6258140822499,
       43.7290413814316
      ],
      [
       -79.6257830408058,
       43.7289689766968
      ],
      [
       -79.6257793816939,
       43.7289603988746
      ],
      [
       -79.6257442637539,
       43.7288839897299
      ],
      [
       -79.6257080791504,
       43.7288074804092
      ],
      [
       -79.6256709703387,
       43.7287309941762
      ],
      [
       -79.6254071746986,
       43.7282178486312
      ],
      [
       -79.6253009604511,
       43.7280112739645
      ],
      [
       -79.6252514634647,
       43.7279078828078
      ],
      [
       -79.6252055729293,
       43.727831383512
      ],
      [
       -79.6251604615574,
       43.7277594729147
      ],
      [
       -79.6251164730678,
       43.7276829874599
      ],
      [
       -79.6250728787652,
       43.7276064806189
      ],
      [
       -79.6250296695517,
       43.7275345829486
      ],
      [
       -79.6248175591653,
       43.7271160784198
      ],
      [
       -79.6246443717239,
       43.7267743925382
      ],
      [
       -79.6241746832649,
       43.7259632504836
      ],
      [
       -79.6240006503688,
       43.7256626954708
      ],
      [
       -79.6239973558958,
       43.7256567024742
      ],
      [
       -79.6230613509515,
       43.7239825839371
      ],
      [
       -79.6228686679098,
       43.7236267529967
      ],
      [
       -79.6228340714368,
       43.7235628789093
      ],
      [
       -79.6228331504917,
       43.7235611876969
      ],
      [
       -79.6225724767008,
       43.7230879895168
      ],
      [
       -79.6223873620826,
       43.7227535204876
      ],
      [
       -79.6221857276024,
       43.7223891564426
      ],
      [
       -79.6216921709331,
       43.7214972756768
      ],
      [
       -79.6203919605844,
       43.7191856824728
      ],
      [
       -79.6200457679382,
       43.7185871811837
      ],
      [
       -79.6200339660183,
       43.7185600766899
      ],
      [
       -79.6199981770132,
       43.7184965969714
      ],
      [
       -79.6199861783485,
       43.7184784975335
      ],
      [
       -79.619800593372,
       43.7181432936021
      ],
      [
       -79.6195093728606,
       43.7176172789967
      ],
      [
       -79.6194612034822,
       43.7175350314161
      ],
      [
       -79.6188559700547,
       43.7165018600054
      ],
      [
       -79.6171151634142,
       43.7135299915956
      ],
      [
       -79.6170982734375,
       43.7135010928707
      ],
      [
       -79.6151469811504,
       43.7101907754922
      ],
      [
       -79.6137806708396,
       43.7078831760824
      ],
      [
       -79.6136730186031,
       43.7077102694656
      ],
      [
       -79.6135278311405,
       43.7074771641263
      ],
      [
       -79.6135272467609,
       43.7074761855212
      ],
      [
       -79.6134227035038,
       43.7073082477854
      ],
      [
       -79.6125932496185,
       43.7059760753971
      ],
      [
       -79.6124046584411,
       43.7056760553336
      ],
      [
       -79.6122752769949,
       43.7054702616534
      ],
      [
       -79.6122751815526,
       43.7054700948236
      ],
      [
       -79.6122283701871,
       43.7053956101578
      ],
      [
       -79.6122171534606,
       43.7053777741748
      ],
      [
       -79.6120545334075,
       43.7051190436191
      ],
      [
       -79.6116150606609,
       43.7044197820403
      ],
      [
       -79.6103893441611,
       43.7024992807477
      ],
      [
       -79.6099212987344,
       43.70177805661
      ],
      [
       -79.6096998951723,
       43.7014368984333
      ],
      [
       -79.6096201630126,
       43.701308470713
      ],
      [
       -79.6094354066242,
       43.701033808357
      ],
      [
       -79.6092721482937,
       43.7007910765802
      ],
      [
       -79.6091165537291,
       43.7005460788216
      ],
      [
       -79.6081469471137,
       43.69900358362
      ],
      [
       -79.6072727608093,
       43.6976333881834
      ],
      [
       -79.6071890430399,
       43.6974972811529
      ],
      [
       -79.6071556733246,
       43.6974468309866
      ],
      [
       -79.6071530681522,
       43.6974428798539
      ],
      [
       -79.6070962010959,
       43.6973527432826
      ],
      [
       -79.6070172730378,
       43.6972276765116
      ],
      [
       -79.6070094605514,
       43.6972151586552
      ],
      [
       -79.6069278824437,
       43.6970843438657
      ],
      [
       -79.6068626276928,
       43.6969797653763
      ],
      [
       -79.6068294379407,
       43.6969265513174
      ],
      [
       -79.6066875056487,
       43.696699041002
      ],
      [
       -79.6060761655306,
       43.6957189840545
      ],
      [
       -79.6060523480502,
       43.6956736733178
      ],
      [
       -79.6052040529185,
       43.6942586912323
      ],
      [
       -79.6047146556925,
       43.6934243703525
      ],
      [
       -79.6028258196305,
       43.6896825329616
      ],
      [
       -79.6026679559934,
       43.6893698350709
      ],
      [
       -79.6024918223451,
       43.6890569018358
      ],
      [
       -79.6018723481993,
       43.6879556449231
      ],
      [
       -79.601568601169,
       43.6874836990489
      ],
      [
       -79.6010022843654,
       43.6866698872803
      ],
      [
       -79.6008410030473,
       43.6864395520035
      ],
      [
       -79.6006024913369,
       43.6861301360891
      ],
      [
       -79.6004924376548,
       43.6854598325515
      ],
      [
       -79.6004491219201,
       43.6852080650157
      ],
      [
       -79.6000687546403,
       43.6845627838246
      ],
      [
       -79.5999708795042,
       43.6838023288522
      ],
      [
       -79.5947429798237,
       43.6744837972247
      ],
      [
       -79.5946274958154,
       43.6742809537405
      ],
      [
       -79.5937904723143,
       43.6731238937504
      ],
      [
       -79.59323793446,
       43.6721987836333
      ],
      [
       -79.5931445571264,
       43.6720421855031
      ],
      [
       -79.5920898404544,
       43.6702735772285
      ],
      [
       -79.591855926949,
       43.6698724564399
      ],
      [
       -79.5915825702374,
       43.6694036709641
      ],
      [
       -79.5915541827251,
       43.6693564567165
      ],
      [
       -79.591454505495,
       43.6691905712129
      ],
      [
       -79.59141149435,
       43.669118997617
      ],
      [
       -79.5913102556844,
       43.6689505374297
      ],
      [
       -79.591294506726,
       43.6689243301334
      ],
      [
       -79.5912228272996,
       43.6688050155534
      ],
      [
       -79.5911973672721,
       43.6687626426823
      ],
      [
       -79.5911944694286,
       43.6687578303904
      ],
      [
       -79.5911138257514,
       43.668623633434
      ],
      [
       -79.5910903885405,
       43.668584617819
      ],
      [
       -79.5909229707476,
       43.6683060142162
      ],
      [
       -79.5908766514408,
       43.6682289306516
      ],
      [
       -79.590777970425,
       43.6680711441219
      ],
      [
       -79.5906461743744,
       43.6678453613356
      ],
      [
       -79.590568557734,
       43.6677161723612
      ],
      [
       -79.5904043465969,
       43.6674417844212
      ],
      [
       -79.5903010555315,
       43.66729813076
      ],
      [
       -79.5902596371527,
       43.6672405477189
      ],
      [
       -79.5902515362566,
       43.6672292667446
      ],
      [
       -79.5901307523316,
       43.6671039830156
      ],
      [
       -79.5899350327461,
       43.6669425846826
      ],
      [
       -79.5900108614314,
       43.6668199947071
      ],
      [
       -79.590054166398,
       43.6667498698912
      ],
      [
       -79.589713540959,
       43.6663366755379
      ],
      [
       -79.5887666957587,
       43.6646181655915
      ],
      [
       -79.5896364513106,
       43.6638055860832
      ],
      [
       -79.5911078521446,
       43.662423685912
      ],
      [
       -79.5919564354072,
       43.6616552769959
      ],
      [
       -79.5925232032254,
       43.6611313314105
      ],
      [
       -79.5932201731628,
       43.6604870375095
      ],
      [
       -79.5940182530001,
       43.6597492745325
      ],
      [
       -79.5956735557841,
       43.6582893741271
      ],
      [
       -79.5983697629436,
       43.6558807667826
      ],
      [
       -79.5984812567938,
       43.6557815809145
      ],
      [
       -79.6031166523355,
       43.6515997817737
      ],
      [
       -79.6055752014203,
       43.64938169871
      ],
      [
       -79.6063619421804,
       43.6486718836542
      ],
      [
       -79.6064091336178,
       43.6486296084378
      ],
      [
       -79.6084985522733,
       43.6467582654875
      ],
      [
       -79.6084999879124,
       43.6467569854983
      ],
      [
       -79.6088277466469,
       43.6464651725622
      ],
      [
       -79.6088586129986,
       43.6464368283904
      ],
      [
       -79.6088222616899,
       43.6464137446205
      ],
      [
       -79.6088040615696,
       43.6464021619157
      ],
      [
       -79.6084226232729,
       43.6461625200155
      ],
      [
       -79.6083369197883,
       43.646080309578
      ],
      [
       -79.6081191611135,
       43.6457079713714
      ],
      [
       -79.6080478790996,
       43.6454997451911
      ],
      [
       -79.6080264086165,
       43.6452831279804
      ],
      [
       -79.6079288535218,
       43.645164676982
      ],
      [
       -79.6077448585037,
       43.6450091121858
      ],
      [
       -79.607450140149,
       43.6447800414007
      ],
      [
       -79.6072153711545,
       43.6446778798654
      ],
      [
       -79.6071160472429,
       43.6446585598323
      ],
      [
       -79.6068785417214,
       43.6446824554734
      ],
      [
       -79.6064046300083,
       43.6446852506683
      ],
      [
       -79.6060929549495,
       43.6446811609386
      ],
      [
       -79.6058416541152,
       43.6447588648142
      ],
      [
       -79.6055422693275,
       43.6447639589543
      ],
      [
       -79.6053811670399,
       43.6447168214121
      ],
      [
       -79.6050990649144,
       43.6444788621497
      ],
      [
       -79.6048762268368,
       43.6444038892641
      ],
      [
       -79.6041650198613,
       43.6444215359685
      ],
      [
       -79.6036014617915,
       43.6445221951185
      ],
      [
       -79.6034766170911,
       43.6445295395303
      ],
      [
       -79.6032245341017,
       43.6446342426191
      ],
      [
       -79.6028879383515,
       43.644629805375
      ],
      [
       -79.6025778717846,
       43.6445536887773
      ],
      [
       -79.6024292773671,
       43.6445066810938
      ],
      [
       -79.6021354884908,
       43.6442235401976
      ],
      [
       -79.6018888129647,
       43.6440941706523
      ],
      [
       -79.6007878208043,
       43.6438883236173
      ],
      [
       -79.6006965299703,
       43.6438712347837
      ],
      [
       -79.6004607755929,
       43.6438271614573
      ],
      [
       -79.6004590311711,
       43.6438268375642
      ],
      [
       -79.6022969266132,
       43.6409637516423
      ],
      [
       -79.6048355833792,
       43.6383391273322
      ],
      [
       -79.6066851039906,
       43.6369519354024
      ],
      [
       -79.607782683137,
       43.636093756084
      ],
      [
       -79.6079782011723,
       43.6359433565656
      ],
      [
       -79.6108146299528,
       43.6337609480152
      ],
      [
       -79.6120814578743,
       43.6327089034813
      ],
      [
       -79.6141104940162,
       43.6310683359003
      ],
      [
       -79.6142860551849,
       43.6309292751399
      ],
      [
       -79.6179468340862,
       43.6280297456426
      ],
      [
       -79.6185648151837,
       43.6274008374168
      ],
      [
       -79.6205641820664,
       43.6254747262223
      ],
      [
       -79.6215528324678,
       43.6245039293012
      ],
      [
       -79.623807055425,
       43.622290400236
      ],
      [
       -79.6245889464365,
       43.6215013370263
      ],
      [
       -79.6254730156933,
       43.6206403415956
      ],
      [
       -79.6296605950124,
       43.6165615170907
      ],
      [
       -79.629759781566,
       43.6164453743109
      ],
      [
       -79.6317093678605,
       43.614162127576
      ],
      [
       -79.6321251463391,
       43.6137995872123
      ],
      [
       -79.6378897555221,
       43.6087727160411
      ],
      [
       -79.6385862319745,
       43.6081043953043
      ],
      [
       -79.6419545272476,
       43.6048024744062
      ],
      [
       -79.644317494477,
       43.602572828461
      ],
      [
       -79.6446261974668,
       43.6023108043891
      ],
      [
       -79.6454445425361,
       43.6016878372588
      ],
      [
       -79.6455291094673,
       43.6015806759704
      ],
      [
       -79.6457807999056,
       43.6017470351239
      ],
      [
       -79.6458940108129,
       43.6016309324878
      ],
      [
       -79.646206657098,
       43.6013103400699
      ],
      [
       -79.6474398316142,
       43.6001315052984
      ],
      [
       -79.6474918414343,
       43.600079964054
      ],
      [
       -79.6488394346439,
       43.5987666564641
      ],
      [
       -79.6514673873818,
       43.596193977115
      ],
      [
       -79.6520069297323,
       43.5956822866029
      ],
      [
       -79.6537712790527,
       43.5940826263476
      ],
      [
       -79.654513360158,
       43.5935059102507
      ],
      [
       -79.655309551193,
       43.5928900415241
      ],
      [
       -79.6553803843946,
       43.592812904397
      ],
      [
       -79.656333523702,
       43.5918926204883
      ],
      [
       -79.6606500861265,
       43.5877243166686
      ],
      [
       -79.660904773342,
       43.5874696365553
      ],
      [
       -79.6610186719839,
       43.5874055609839
      ],
      [
       -79.6611488663145,
       43.5872944634915
      ],
      [
       -79.6611890315225,
       43.5872184158115
      ],
      [
       -79.6616409066977,
       43.5868908389875
      ],
      [
       -79.6618879791329,
       43.5870690708403
      ],
      [
       -79.6620707798091,
       43.5872062640142
      ],
      [
       -79.6622314641761,
       43.5872170649802
      ],
      [
       -79.6640725652392,
       43.5885442611703
      ],
      [
       -79.6659129644834,
       43.5899073661239
      ],
      [
       -79.6659101514104,
       43.5900333582764
      ],
      [
       -79.6662394618849,
       43.5902712548632
      ],
      [
       -79.6690562600244,
       43.5923030489089
      ],
      [
       -79.6691902631695,
       43.5924036525891
      ],
      [
       -79.6699586836552,
       43.5929527735155
      ],
      [
       -79.6701318682736,
       43.5929638628013
      ],
      [
       -79.6711804794382,
       43.5937233610073
      ],
      [
       -79.6713684348763,
       43.5938277371197
      ],
      [
       -79.6714619699479,
       43.5938796718538
      ],
      [
       -79.6717314895851,
       43.5940178510452
      ],
      [
       -79.673071549305,
       43.594648249997
      ],
      [
       -79.6752443882096,
       43.5956703621282
      ],
      [
       -79.6785685643683,
       43.5973301600857
      ],
      [
       -79.6786596798741,
       43.5973756581766
      ],
      [
       -79.6792016591893,
       43.5976610486962
      ],
      [
       -79.6796422799966,
       43.5979452622672
      ],
      [
       -79.6800960802949,
       43.5982971727193
      ],
      [
       -79.6808930589656,
       43.5989591574907
      ],
      [
       -79.6824972433957,
       43.6002868458993
      ],
      [
       -79.6826417760479,
       43.6004064500275
      ],
      [
       -79.6834549804936,
       43.6011091515797
      ],
      [
       -79.6844802673323,
       43.6019268502969
      ],
      [
       -79.6850387846979,
       43.6025229727098
      ],
      [
       -79.6851881071588,
       43.6027188315107
      ],
      [
       -79.685229286701,
       43.6027728574915
      ],
      [
       -79.6853434699852,
       43.6029677527424
      ],
      [
       -79.6861697474949,
       43.6044260087385
      ],
      [
       -79.6861873772939,
       43.604457130274
      ],
      [
       -79.686208691812,
       43.604494754541
      ],
      [
       -79.6862855731052,
       43.604617683134
      ],
      [
       -79.6864242645968,
       43.6048394522931
      ],
      [
       -79.6866535825474,
       43.6051211650865
      ],
      [
       -79.686762269217,
       43.6052484718771
      ],
      [
       -79.6869439601677,
       43.6054396570381
      ],
      [
       -79.6873451851198,
       43.6057954706354
      ],
      [
       -79.6873793699366,
       43.6059308703196
      ],
      [
       -79.6877927831545,
       43.6062957632754
      ],
      [
       -79.6901997707925,
       43.6081873695406
      ],
      [
       -79.6905954853165,
       43.6084708719727
      ],
      [
       -79.6907193778489,
       43.6084723631944
      ],
      [
       -79.6921587800241,
       43.609524271563
      ],
      [
       -79.6921929812653,
       43.6096596717273
      ],
      [
       -79.692577178188,
       43.6099336658959
      ],
      [
       -79.693986695074,
       43.6109497532351
      ],
      [
       -79.6956003809205,
       43.6121016628207
      ],
      [
       -79.6952600732158,
       43.6124028687796
      ],
      [
       -79.6929820807709,
       43.6144228639383
      ],
      [
       -79.6929674961519,
       43.6145217628178
      ],
      [
       -79.6926449727101,
       43.6148119686166
      ],
      [
       -79.6905036921765,
       43.6166994650013
      ],
      [
       -79.6902327789405,
       43.6169339549096
      ],
      [
       -79.6904452676463,
       43.6170910639002
      ],
      [
       -79.6931030762959,
       43.6190568561028
      ],
      [
       -79.6931534891992,
       43.6190978595484
      ],
      [
       -79.695953889615,
       43.6212278678659
      ],
      [
       -79.6961156237832,
       43.621344576011
      ],
      [
       -79.6993384892381,
       43.6236704587466
      ],
      [
       -79.6993387819581,
       43.6236706790737
      ],
      [
       -79.6995468517231,
       43.6238188301929
      ],
      [
       -79.6995825936875,
       43.6238442643342
      ],
      [
       -79.6997109384301,
       43.6239479062531
      ],
      [
       -79.6997409772997,
       43.6239721535684
      ],
      [
       -79.7002034705906,
       43.6237883579574
      ],
      [
       -79.70024107337,
       43.6237707613704
      ],
      [
       -79.7026913672757,
       43.6227991588327
      ],
      [
       -79.7051668813574,
       43.6218007520046
      ],
      [
       -79.7073038917341,
       43.6209785704073
      ],
      [
       -79.7078012242974,
       43.6207871396565
      ],
      [
       -79.7078037710124,
       43.6207861681035
      ],
      [
       -79.7078912947063,
       43.6207510668183
      ],
      [
       -79.7079766827776,
       43.6208114494237
      ],
      [
       -79.7080500782339,
       43.6208609663498
      ],
      [
       -79.708147887693,
       43.6209250647121
      ],
      [
       -79.7089532692861,
       43.62151045982
      ],
      [
       -79.7092576740275,
       43.6217659681714
      ],
      [
       -79.7112660943133,
       43.6234813617462
      ],
      [
       -79.7112951423759,
       43.6235000952205
      ],
      [
       -79.7118773691014,
       43.6238754644137
      ],
      [
       -79.7134753767151,
       43.6250819638887
      ],
      [
       -79.7136730757316,
       43.6251112513365
      ],
      [
       -79.7142350807278,
       43.6254956765959
      ],
      [
       -79.7142940733509,
       43.6256314576769
      ],
      [
       -79.7149508966166,
       43.6262240692023
      ],
      [
       -79.7156317996226,
       43.62684396576
      ],
      [
       -79.7162760824032,
       43.62743646648
      ],
      [
       -79.7165976311912,
       43.6276907988439
      ],
      [
       -79.716934391352,
       43.627957162003
      ],
      [
       -79.7186558957256,
       43.6291919704332
      ],
      [
       -79.7200098851199,
       43.6302245761705
      ],
      [
       -79.7209122939676,
       43.6309279742464
      ],
      [
       -79.7213010970106,
       43.6313014770654
      ],
      [
       -79.721771579222,
       43.6319100585842
      ],
      [
       -79.7220313025431,
       43.6325252561139
      ],
      [
       -79.7221140945376,
       43.6327152581825
      ],
      [
       -79.7222981770004,
       43.6327983537354
      ],
      [
       -79.7220613910869,
       43.6328586732164
      ],
      [
       -79.7216242051373,
       43.6330158704485
      ],
      [
       -79.7210746735326,
       43.6332078717378
      ],
      [
       -79.7205615968135,
       43.6334361584068
      ],
      [
       -79.7202352989904,
       43.633621654761
      ],
      [
       -79.7198449777976,
       43.6339053535508
      ],
      [
       -79.7194155981054,
       43.6342787657318
      ],
      [
       -79.7186209110874,
       43.6349568774123
      ],
      [
       -79.7182537911325,
       43.635270118922
      ],
      [
       -79.7171554753163,
       43.6362072754683
      ],
      [
       -79.7167858034011,
       43.6365162696757
      ],
      [
       -79.7164605946738,
       43.6368207674783
      ],
      [
       -79.7164577787992,
       43.6369557729623
      ],
      [
       -79.713848278108,
       43.639297961219
      ],
      [
       -79.7133864033628,
       43.6397124749525
      ],
      [
       -79.7133710757868,
       43.6398473619567
      ],
      [
       -79.7129791848495,
       43.6402030717026
      ],
      [
       -79.7127670986307,
       43.6402637768803
      ],
      [
       -79.7112503012612,
       43.6416242636352
      ],
      [
       -79.7109721899235,
       43.6418731593058
      ],
      [
       -79.7087751916823,
       43.6438247634007
      ],
      [
       -79.7062181921803,
       43.6460576763918
      ],
      [
       -79.7060809059412,
       43.6461779593671
      ],
      [
       -79.7069730962714,
       43.6468162757672
      ],
      [
       -79.7076933968333,
       43.6473375685228
      ],
      [
       -79.70913419788,
       43.648380367675
      ],
      [
       -79.7093071981818,
       43.6484092783535
      ],
      [
       -79.7111263791355,
       43.6497353633387
      ],
      [
       -79.7111610723993,
       43.6498528617824
      ],
      [
       -79.7116366996093,
       43.6502273763026
      ],
      [
       -79.7128626884962,
       43.6510758232687
      ],
      [
       -79.7138850991476,
       43.6517833667946
      ],
      [
       -79.7129772151022,
       43.6522565756733
      ],
      [
       -79.7104349861744,
       43.6532839832177
      ],
      [
       -79.7085042730329,
       43.6542454260315
      ],
      [
       -79.707321199279,
       43.6552098828623
      ],
      [
       -79.7027669780925,
       43.6589221593534
      ],
      [
       -79.7011754888298,
       43.6602192586681
      ],
      [
       -79.6969105887172,
       43.6639165008085
      ],
      [
       -79.696239663872,
       43.664498035109
      ],
      [
       -79.6960328587713,
       43.6646848430186
      ],
      [
       -79.6959814259516,
       43.6647312954391
      ],
      [
       -79.6959631264364,
       43.6647478528673
      ],
      [
       -79.6954943171445,
       43.6651713051917
      ],
      [
       -79.6952137315469,
       43.66542477371
      ],
      [
       -79.6948579871511,
       43.665690665887
      ],
      [
       -79.694657565104,
       43.6658404416675
      ],
      [
       -79.6932873619624,
       43.6668644920115
      ],
      [
       -79.6908264835534,
       43.6687035891229
      ],
      [
       -79.6902305811283,
       43.6696244879951
      ],
      [
       -79.6869193250868,
       43.6778543097177
      ],
      [
       -79.6867673544602,
       43.6782216482088
      ],
      [
       -79.6855263839513,
       43.6804375966016
      ],
      [
       -79.6843538626841,
       43.682531210038
      ],
      [
       -79.6842657201882,
       43.6826885523488
      ],
      [
       -79.6836543858209,
       43.6838910984813
      ],
      [
       -79.6816137619616,
       43.6879045922216
      ],
      [
       -79.6814357268641,
       43.688265902997
      ],
      [
       -79.6798934390694,
       43.6913954290163
      ],
      [
       -79.6791379359392,
       43.6929283001237
      ],
      [
       -79.6778568095312,
       43.6950003577384
      ],
      [
       -79.6776084061999,
       43.6953444330181
      ],
      [
       -79.6751011597857,
       43.6988007937925
      ],
      [
       -79.6741576717148,
       43.7001013114391
      ],
      [
       -79.6734062837388,
       43.701136983552
      ],
      [
       -79.6736150744285,
       43.7033844406142
      ],
      [
       -79.673676157275,
       43.7040419284749
      ],
      [
       -79.673698176962,
       43.7042790118085
      ],
      [
       -79.6738817716539,
       43.7062551189397
      ],
      [
       -79.6737211227214,
       43.7063875104287
      ],
      [
       -79.6732519349212,
       43.7067741503569
      ],
      [
       -79.6723783973466,
       43.7075941908918
      ],
      [
       -79.6717933038619,
       43.7081434403177
      ],
      [
       -79.6716422229687,
       43.7082791742152
      ],
      [
       -79.6715979919388,
       43.7083182032517
      ],
      [
       -79.671490580303,
       43.7084154163994
      ],
      [
       -79.6713381011145,
       43.7085524112801
      ],
      [
       -79.6637417402323,
       43.7153703201153
      ],
      [
       -79.6622060314776,
       43.7167020157528
      ],
      [
       -79.6615466943559,
       43.7173428804581
      ],
      [
       -79.6613474277183,
       43.7175160332556
      ],
      [
       -79.6612130371879,
       43.7176328028227
      ],
      [
       -79.6611999821951,
       43.7176441396926
      ],
      [
       -79.6610961152466,
       43.717734404624
      ],
      [
       -79.661072656263,
       43.7177548170153
      ],
      [
       -79.6609030265893,
       43.7179023896746
      ],
      [
       -79.6596875099644,
       43.718959758088
      ],
      [
       -79.6588336382096,
       43.7197535351655
      ],
      [
       -79.6588320327762,
       43.7197550487786
      ],
      [
       -79.6586811876099,
       43.7198952635906
      ],
      [
       -79.658535507718,
       43.7200306794578
      ],
      [
       -79.6585339022697,
       43.7200321930664
      ],
      [
       -79.6571141850864,
       43.7213519213727
      ],
      [
       -79.6567989018775,
       43.7216377012537
      ],
      [
       -79.6566438554298,
       43.7217782700149
      ],
      [
       -79.6564960404726,
       43.7219122589352
      ],
      [
       -79.6531524496992,
       43.7249427284041
      ],
      [
       -79.6529998231209,
       43.7250810282664
      ],
      [
       -79.6528496602396,
       43.7252171159093
      ],
      [
       -79.6508179668807,
       43.7270582933608
      ],
      [
       -79.6505316539658,
       43.7273149424982
      ],
      [
       -79.6504078172607,
       43.7274259550428
      ],
      [
       -79.6503792986248,
       43.7274515132592
      ],
      [
       -79.6502268072857,
       43.7275881929539
      ],
      [
       -79.6491175412669,
       43.7285825259731
      ],
      [
       -79.6488144191042,
       43.7288569148493
      ],
      [
       -79.6477011616609,
       43.7298748370029
      ],
      [
       -79.646436968375,
       43.7310307294991
      ],
      [
       -79.6462865516246,
       43.7311682639587
      ],
      [
       -79.6462809375958,
       43.7311734079688
      ],
      [
       -79.6461337967488,
       43.7313047773956
      ],
      [
       -79.6429840112923,
       43.7341171768967
      ],
      [
       -79.6428306684269,
       43.7342540921259
      ],
      [
       -79.6426783986008,
       43.7343900339721
      ],
      [
       -79.6395098736613,
       43.7372194447354
      ],
      [
       -79.6393796016652,
       43.7373425209274
      ],
      [
       -79.6384050847248,
       43.7367249981246
      ],
      [
       -79.637698480945,
       43.7361224001869
      ],
      [
       -79.6355375855431,
       43.7344938838311
      ],
      [
       -79.6351221834948,
       43.734191801037
      ],
      [
       -79.6347556577659,
       43.7339262762769
      ]
     ]
    ]
   },
   "properties": {
    "OBJECTID": 11,
    "PDZ": "M4",
    "CSDNAME": "Mississauga",
    "Shape__Area": 93070666.64892578,
    "Shape__Length": 43983.46390905518
   }
  },
  {
   "type": "Feature",
   "id": 12,
   "geometry": {
    "type": "Polygon",
    "coordinates": [
     [
      [
       -79.6842187757046,
       43.5621637391485
      ],
      [
       -79.6840581277235,
       43.5619534175146
      ],
      [
       -79.6839755720258,
       43.5620071191817
      ],
      [
       -79.6838751561582,
       43.5617729005544
      ],
      [
       -79.6838723203373,
       43.5617662634107
      ],
      [
       -79.6836291067325,
       43.5616441012042
      ],
      [
       -79.6833521874376,
       43.5615884857001
      ],
      [
       -79.68295922841,
       43.5615981061072
      ],
      [
       -79.6827862091555,
       43.5616692409795
      ],
      [
       -79.6821085773352,
       43.5618184050472
      ],
      [
       -79.6817503728579,
       43.5619515671819
      ],
      [
       -79.6813910548291,
       43.5621570478212
      ],
      [
       -79.6811177030159,
       43.5623722234439
      ],
      [
       -79.6809682916481,
       43.5625158901663
      ],
      [
       -79.6809428922495,
       43.5625881834677
      ],
      [
       -79.6806953126838,
       43.562713043798
      ],
      [
       -79.6803620693313,
       43.5628192757043
      ],
      [
       -79.680031955182,
       43.5627987113146
      ],
      [
       -79.6794929623058,
       43.5627688523063
      ],
      [
       -79.6793809505653,
       43.5627494979255
      ],
      [
       -79.6791981550128,
       43.5627023907876
      ],
      [
       -79.6788906418989,
       43.5625737777774
      ],
      [
       -79.6786326377233,
       43.5624060021412
      ],
      [
       -79.6783177254882,
       43.5621769200769
      ],
      [
       -79.6778625508372,
       43.5619244952922
      ],
      [
       -79.6775371235828,
       43.5617897953705
      ],
      [
       -79.6770683215492,
       43.5617165449223
      ],
      [
       -79.6766743513237,
       43.5617106810098
      ],
      [
       -79.6762518983884,
       43.5617931121639
      ],
      [
       -79.6760473660472,
       43.5618459330591
      ],
      [
       -79.6752537181154,
       43.5619470013279
      ],
      [
       -79.6746740147933,
       43.5619966004201
      ],
      [
       -79.6742103490893,
       43.5619773376382
      ],
      [
       -79.6738629777676,
       43.5619247600767
      ],
      [
       -79.6736146567115,
       43.5618058596448
      ],
      [
       -79.6734962478093,
       43.5616803419077
      ],
      [
       -79.6733300719678,
       43.5615096067477
      ],
      [
       -79.6731969494892,
       43.5613184321604
      ],
      [
       -79.6730455779498,
       43.5610577258627
      ],
      [
       -79.672912341885,
       43.5609469362425
      ],
      [
       -79.6727973452366,
       43.5608522459343
      ],
      [
       -79.6727243962822,
       43.5608081262323
      ],
      [
       -79.6726663368425,
       43.560773292405
      ],
      [
       -79.6725429664763,
       43.5607018080679
      ],
      [
       -79.6720807489709,
       43.5605106826782
      ],
      [
       -79.6717287876773,
       43.5602661935537
      ],
      [
       -79.6716065817227,
       43.5600988237645
      ],
      [
       -79.6714861462619,
       43.559941290667
      ],
      [
       -79.671405999572,
       43.5597479275508
      ],
      [
       -79.6712712170537,
       43.5595947601234
      ],
      [
       -79.670950396366,
       43.5593322937276
      ],
      [
       -79.6706547981278,
       43.5591564229735
      ],
      [
       -79.6703334171539,
       43.5589290012119
      ],
      [
       -79.6701826672621,
       43.55870963962
      ],
      [
       -79.6699458811206,
       43.5584015887263
      ],
      [
       -79.6695385872821,
       43.5579966787034
      ],
      [
       -79.6688519430898,
       43.5574753467077
      ],
      [
       -79.668581545624,
       43.5571956785899
      ],
      [
       -79.6685084523035,
       43.5569817572573
      ],
      [
       -79.668478954324,
       43.5568971129139
      ],
      [
       -79.6684431956252,
       43.5568115591546
      ],
      [
       -79.6677935638595,
       43.555952769905
      ],
      [
       -79.6674294222033,
       43.5557072313506
      ],
      [
       -79.6669820973138,
       43.5557245368967
      ],
      [
       -79.6660757734039,
       43.5558759110681
      ],
      [
       -79.6650516220336,
       43.5559443160733
      ],
      [
       -79.6647920481149,
       43.5559289470456
      ],
      [
       -79.6644713231263,
       43.5559049646205
      ],
      [
       -79.6641812889522,
       43.5558391206839
      ],
      [
       -79.6639266411742,
       43.5557321285491
      ],
      [
       -79.663560501387,
       43.555549025578
      ],
      [
       -79.6634297603991,
       43.5554169179234
      ],
      [
       -79.6632838277778,
       43.5552572015224
      ],
      [
       -79.662456376024,
       43.5542973131916
      ],
      [
       -79.6623540094698,
       43.5541712583833
      ],
      [
       -79.6621841762796,
       43.5539661593925
      ],
      [
       -79.6619943506113,
       43.5537659044433
      ],
      [
       -79.6616288818574,
       43.5535041721892
      ],
      [
       -79.6613303236283,
       43.5532814708151
      ],
      [
       -79.6609391644662,
       43.5530397523164
      ],
      [
       -79.6607415786141,
       43.5529112074775
      ],
      [
       -79.660480617303,
       43.5528127965018
      ],
      [
       -79.6598093327505,
       43.5525474645238
      ],
      [
       -79.6594322631056,
       43.552405413842
      ],
      [
       -79.6588493618249,
       43.5521383511192
      ],
      [
       -79.6582474881855,
       43.5518508845614
      ],
      [
       -79.6575048588225,
       43.5514689188797
      ],
      [
       -79.657202146983,
       43.5512130696595
      ],
      [
       -79.6567933245182,
       43.5508427706988
      ],
      [
       -79.6561453187943,
       43.5502895101937
      ],
      [
       -79.6558662280132,
       43.5500914487312
      ],
      [
       -79.6554088232738,
       43.5497568915217
      ],
      [
       -79.6553506033615,
       43.5496823695314
      ],
      [
       -79.6553249973068,
       43.5496077296276
      ],
      [
       -79.6551345235358,
       43.5492730208309
      ],
      [
       -79.6550994396434,
       43.5487708954076
      ],
      [
       -79.6551340926799,
       43.5483733238786
      ],
      [
       -79.6552629908099,
       43.5480127774548
      ],
      [
       -79.655541049447,
       43.5476543508296
      ],
      [
       -79.6562852700108,
       43.5467936764507
      ],
      [
       -79.6565375443883,
       43.5465073542881
      ],
      [
       -79.6569545957017,
       43.5461402010173
      ],
      [
       -79.6577327856494,
       43.545468957133
      ],
      [
       -79.6580316967556,
       43.5450566751694
      ],
      [
       -79.6582342883606,
       43.5446639352936
      ],
      [
       -79.6583270978077,
       43.5441870895639
      ],
      [
       -79.6583296470014,
       43.5440183681907
      ],
      [
       -79.6583389517745,
       43.5438031802895
      ],
      [
       -79.6582452094866,
       43.5434538364273
      ],
      [
       -79.6580698266326,
       43.5432238145473
      ],
      [
       -79.6578032794574,
       43.5430164397514
      ],
      [
       -79.657548684855,
       43.5429035001791
      ],
      [
       -79.6572568408199,
       43.5428385699948
      ],
      [
       -79.6559175151954,
       43.5426137064032
      ],
      [
       -79.6549153139303,
       43.5424364913277
      ],
      [
       -79.6541117619126,
       43.5424293907368
      ],
      [
       -79.6535030903782,
       43.5425149552373
      ],
      [
       -79.6532992642701,
       43.5424861298602
      ],
      [
       -79.6530745156394,
       43.5423833274907
      ],
      [
       -79.6529159825327,
       43.5421241554473
      ],
      [
       -79.652613920483,
       43.5415191969503
      ],
      [
       -79.6522325729694,
       43.5407846368736
      ],
      [
       -79.6517994440626,
       43.5402439930986
      ],
      [
       -79.6510836774143,
       43.5398172139275
      ],
      [
       -79.6506655701599,
       43.5396160349515
      ],
      [
       -79.6503067073528,
       43.5395889424547
      ],
      [
       -79.6500802655238,
       43.5396752715748
      ],
      [
       -79.6496223052696,
       43.5400188763007
      ],
      [
       -79.6493337517082,
       43.5403982570962
      ],
      [
       -79.6489787703895,
       43.5409043727278
      ],
      [
       -79.6485505936015,
       43.5416842326823
      ],
      [
       -79.6484060089141,
       43.542020482423
      ],
      [
       -79.6482648406867,
       43.5424487114573
      ],
      [
       -79.6481369925914,
       43.5427443043999
      ],
      [
       -79.6480435490772,
       43.543032928821
      ],
      [
       -79.6480535564964,
       43.5433302842929
      ],
      [
       -79.648300910058,
       43.543744050334
      ],
      [
       -79.6484480863142,
       43.5443804265646
      ],
      [
       -79.6484276036766,
       43.5445787518164
      ],
      [
       -79.6483550740834,
       43.5447282978352
      ],
      [
       -79.6481557822015,
       43.5448954208994
      ],
      [
       -79.6479495291162,
       43.5451799251532
      ],
      [
       -79.6477905087757,
       43.5459268394617
      ],
      [
       -79.6477142593304,
       43.5462119958691
      ],
      [
       -79.6475511316464,
       43.5463960474422
      ],
      [
       -79.6473842816995,
       43.5465026717212
      ],
      [
       -79.6471612468324,
       43.5466368307785
      ],
      [
       -79.6467579084453,
       43.5467454795652
      ],
      [
       -79.6463460466528,
       43.5467641579083
      ],
      [
       -79.6457384023399,
       43.5467847096165
      ],
      [
       -79.6447836167496,
       43.5466732759838
      ],
      [
       -79.6442028426257,
       43.5465791746777
      ],
      [
       -79.6433944602684,
       43.5464142256148
      ],
      [
       -79.6425644244768,
       43.5463000201136
      ],
      [
       -79.6416402935757,
       43.5462244625043
      ],
      [
       -79.641081254308,
       43.5463386828679
      ],
      [
       -79.6408519079424,
       43.5464660041963
      ],
      [
       -79.6406410688665,
       43.5466381802449
      ],
      [
       -79.6406117980048,
       43.5468756600374
      ],
      [
       -79.6406740320954,
       43.5472221204258
      ],
      [
       -79.6408516734509,
       43.5475313569311
      ],
      [
       -79.6410709314266,
       43.5477458812972
      ],
      [
       -79.6418078692191,
       43.5482763537992
      ],
      [
       -79.6421325501775,
       43.5485531457685
      ],
      [
       -79.6422343484073,
       43.5486774111741
      ],
      [
       -79.642398325612,
       43.5489634135322
      ],
      [
       -79.6424669885135,
       43.5491024967097
      ],
      [
       -79.6424247424542,
       43.5495227814299
      ],
      [
       -79.6420784587623,
       43.5499719280872
      ],
      [
       -79.6418998065858,
       43.5501833863631
      ],
      [
       -79.6415636206157,
       43.5504334205713
      ],
      [
       -79.6413478266315,
       43.5505432612257
      ],
      [
       -79.6410352428151,
       43.5506469950042
      ],
      [
       -79.6405906848226,
       43.5506965350533
      ],
      [
       -79.6401554353432,
       43.5506746286065
      ],
      [
       -79.6395108779853,
       43.5506265155409
      ],
      [
       -79.6384605047649,
       43.5504054083318
      ],
      [
       -79.637991474051,
       43.550279355166
      ],
      [
       -79.6377541893825,
       43.5502082280957
      ],
      [
       -79.6367937708327,
       43.5498382279005
      ],
      [
       -79.6361437438127,
       43.5495862887723
      ],
      [
       -79.6357369187997,
       43.5494523101736
      ],
      [
       -79.6356562611937,
       43.5494397889839
      ],
      [
       -79.6353429128716,
       43.5493945443143
      ],
      [
       -79.63512044561,
       43.5494109508489
      ],
      [
       -79.6346991864577,
       43.549488993808
      ],
      [
       -79.6338606312197,
       43.5494649550858
      ],
      [
       -79.6334551860308,
       43.5493900408847
      ],
      [
       -79.6332107656917,
       43.5492894072165
      ],
      [
       -79.6320476122728,
       43.5489033656559
      ],
      [
       -79.6309618475836,
       43.5483832794884
      ],
      [
       -79.6306072751598,
       43.548245888079
      ],
      [
       -79.6305092073272,
       43.5482181880913
      ],
      [
       -79.6302994835074,
       43.548216675709
      ],
      [
       -79.6300392127757,
       43.5482688491483
      ],
      [
       -79.6298765678052,
       43.5483759672895
      ],
      [
       -79.6296754636761,
       43.5485551548227
      ],
      [
       -79.6296454465,
       43.5486080433766
      ],
      [
       -79.6293431199388,
       43.5491404934464
      ],
      [
       -79.6292886814179,
       43.5494117434801
      ],
      [
       -79.6292706543007,
       43.5497196265311
      ],
      [
       -79.6291266479011,
       43.550152964587
      ],
      [
       -79.6289525593806,
       43.5508759128535
      ],
      [
       -79.6289004189541,
       43.5510203181005
      ],
      [
       -79.6286960809632,
       43.5513715025028
      ],
      [
       -79.6285200025264,
       43.5515327872468
      ],
      [
       -79.6280456361791,
       43.5517909695774
      ],
      [
       -79.6278951425956,
       43.5519072500497
      ],
      [
       -79.6257143453953,
       43.5529016250984
      ],
      [
       -79.6256455410764,
       43.5528294882522
      ],
      [
       -79.6255488396152,
       43.5527281623535
      ],
      [
       -79.6254571827888,
       43.5527545722349
      ],
      [
       -79.6250828934859,
       43.5527953840091
      ],
      [
       -79.6246094624338,
       43.5528170556901
      ],
      [
       -79.6242596171031,
       43.5528761841465
      ],
      [
       -79.624033935366,
       43.5529456751782
      ],
      [
       -79.6225341189528,
       43.553694360034
      ],
      [
       -79.6223064858837,
       43.5538359044959
      ],
      [
       -79.6221794790222,
       43.5539335959925
      ],
      [
       -79.6216496609794,
       43.554215829134
      ],
      [
       -79.6210703699833,
       43.5544884895524
      ],
      [
       -79.620345065037,
       43.5546334159432
      ],
      [
       -79.6198353071798,
       43.5546096431871
      ],
      [
       -79.6192157727769,
       43.5544856179751
      ],
      [
       -79.6189916066519,
       43.5544920824613
      ],
      [
       -79.6188289908112,
       43.5545262466247
      ],
      [
       -79.6187027544863,
       43.5545968898895
      ],
      [
       -79.618549886161,
       43.554730287444
      ],
      [
       -79.6183607720553,
       43.5548272222845
      ],
      [
       -79.6180061351304,
       43.5550664470517
      ],
      [
       -79.6178174612151,
       43.5551453412333
      ],
      [
       -79.6175424504164,
       43.5551962669926
      ],
      [
       -79.6169823181518,
       43.5551989313291
      ],
      [
       -79.6167712198448,
       43.5551785301208
      ],
      [
       -79.6165978100535,
       43.5551405638784
      ],
      [
       -79.6165509705551,
       43.5549691041071
      ],
      [
       -79.6164274969581,
       43.5549226991538
      ],
      [
       -79.6161166207232,
       43.5549101849389
      ],
      [
       -79.6155241340438,
       43.5552097092651
      ],
      [
       -79.6154947462191,
       43.5553625604135
      ],
      [
       -79.6153818568081,
       43.5553973021168
      ],
      [
       -79.615245014675,
       43.5553957651507
      ],
      [
       -79.6151714358929,
       43.5553409411715
      ],
      [
       -79.6150353595714,
       43.5553033834155
      ],
      [
       -79.6146133226062,
       43.5552535928836
      ],
      [
       -79.6143910658721,
       43.5551700577159
      ],
      [
       -79.6138811423952,
       43.5551552532626
      ],
      [
       -79.6135167495019,
       43.5552952009616
      ],
      [
       -79.6132166085642,
       43.5553548479853
      ],
      [
       -79.6125994838031,
       43.5556450568186
      ],
      [
       -79.6121344237982,
       43.5558289138685
      ],
      [
       -79.6119191559482,
       43.5559705813691
      ],
      [
       -79.6117059085824,
       43.5560402259853
      ],
      [
       -79.611588601502,
       43.5560459297616
      ],
      [
       -79.6114068681784,
       43.5560548423193
      ],
      [
       -79.6111467647953,
       43.5559978398239
      ],
      [
       -79.6108924308083,
       43.5562021555996
      ],
      [
       -79.6104278712216,
       43.5563679738916
      ],
      [
       -79.6102001382015,
       43.5564064106552
      ],
      [
       -79.6101300869646,
       43.5564181277286
      ],
      [
       -79.6100190735719,
       43.556410199512
      ],
      [
       -79.6108405379841,
       43.5552969475824
      ],
      [
       -79.6108415843675,
       43.5552955367541
      ],
      [
       -79.6112879396038,
       43.5546811564535
      ],
      [
       -79.6119252351157,
       43.5538875510422
      ],
      [
       -79.6120674675907,
       43.5537321487964
      ],
      [
       -79.6126904608963,
       43.553068963197
      ],
      [
       -79.6133815527837,
       43.5524645576536
      ],
      [
       -79.6133834392807,
       43.5524631632948
      ],
      [
       -79.6136082327666,
       43.5522962565691
      ],
      [
       -79.6136564497416,
       43.5522623665175
      ],
      [
       -79.6137468653705,
       43.5521994584101
      ],
      [
       -79.6147782560231,
       43.5514820635006
      ],
      [
       -79.6157190524335,
       43.5509441642505
      ],
      [
       -79.6162444454664,
       43.5507074439478
      ],
      [
       -79.6167324633939,
       43.5504792523253
      ],
      [
       -79.6174079476485,
       43.5501722551677
      ],
      [
       -79.6183961492972,
       43.5497250532685
      ],
      [
       -79.6185714565798,
       43.5496370572482
      ],
      [
       -79.6191851615432,
       43.5493355310401
      ],
      [
       -79.6196982506308,
       43.5490834490329
      ],
      [
       -79.6210151619413,
       43.5483339666473
      ],
      [
       -79.6219841480676,
       43.5476433471457
      ],
      [
       -79.622434229268,
       43.5472866499
      ],
      [
       -79.6226429585991,
       43.547121213574
      ],
      [
       -79.6230808469344,
       43.5467741641794
      ],
      [
       -79.6265555754524,
       43.5435814602541
      ],
      [
       -79.6290465259815,
       43.5412923482424
      ],
      [
       -79.6291743554943,
       43.5411748596052
      ],
      [
       -79.634433110586,
       43.5364193630446
      ],
      [
       -79.634529729656,
       43.5363319905788
      ],
      [
       -79.638036697945,
       43.5331599664375
      ],
      [
       -79.6380700215219,
       43.5331298413027
      ],
      [
       -79.6412952963014,
       43.5302121222677
      ],
      [
       -79.6414065388143,
       43.5301114808283
      ],
      [
       -79.6429201487733,
       43.5287420628593
      ],
      [
       -79.6434886418532,
       43.5282265593213
      ],
      [
       -79.6438280528934,
       43.5279137816641
      ],
      [
       -79.6443592635174,
       43.5274242378023
      ],
      [
       -79.6443857427411,
       43.5273998417865
      ],
      [
       -79.6457442821213,
       43.5261527162396
      ],
      [
       -79.6465792680254,
       43.5253861464818
      ],
      [
       -79.6474759442257,
       43.5245607191634
      ],
      [
       -79.6476074420011,
       43.5244396557358
      ],
      [
       -79.6477210673057,
       43.524341958054
      ],
      [
       -79.6477589720225,
       43.5243063457873
      ],
      [
       -79.6478277953291,
       43.5242418015844
      ],
      [
       -79.647872753362,
       43.5241996465675
      ],
      [
       -79.6479466631033,
       43.5241389405861
      ],
      [
       -79.6479483709536,
       43.5241375462362
      ],
      [
       -79.6481000492304,
       43.5239952586609
      ],
      [
       -79.6491326462914,
       43.5230470909299
      ],
      [
       -79.6491359522719,
       43.5230440568855
      ],
      [
       -79.6506395419061,
       43.5216481484261
      ],
      [
       -79.6510591005148,
       43.5212644490531
      ],
      [
       -79.6521890986843,
       43.5202310311436
      ],
      [
       -79.6530014731332,
       43.5194880411815
      ],
      [
       -79.6557015901264,
       43.5170196967922
      ],
      [
       -79.6557736682343,
       43.5169537975384
      ],
      [
       -79.6589488795266,
       43.514050723408
      ],
      [
       -79.6589495311809,
       43.5140501250732
      ],
      [
       -79.6595933027737,
       43.5134614636625
      ],
      [
       -79.6596912033665,
       43.5133719424317
      ],
      [
       -79.6597003090439,
       43.5133636195037
      ],
      [
       -79.6597402637234,
       43.513327095284
      ],
      [
       -79.6599684428662,
       43.5131184571977
      ],
      [
       -79.6603135756393,
       43.5128028504234
      ],
      [
       -79.6636719606373,
       43.5097446339682
      ],
      [
       -79.6638792619438,
       43.5098821346179
      ],
      [
       -79.6640864563524,
       43.5100196444454
      ],
      [
       -79.6641839917294,
       43.5100838105518
      ],
      [
       -79.664451602301,
       43.5102849673918
      ],
      [
       -79.6652549650605,
       43.5108887356619
      ],
      [
       -79.6655718670786,
       43.5111085366868
      ],
      [
       -79.6657696653276,
       43.5111108588588
      ],
      [
       -79.6686127658391,
       43.5132077488445
      ],
      [
       -79.6688184512281,
       43.5133623367562
      ],
      [
       -79.6698605521167,
       43.5141583363797
      ],
      [
       -79.670528350254,
       43.5146343426929
      ],
      [
       -79.6721478666498,
       43.5158286468927
      ],
      [
       -79.6722671749975,
       43.515950447793
      ],
      [
       -79.672664494487,
       43.5162386022507
      ],
      [
       -79.6763357581798,
       43.5189010543195
      ],
      [
       -79.6787974572815,
       43.5207254514068
      ],
      [
       -79.678945159155,
       43.5207632478236
      ],
      [
       -79.6803345549025,
       43.521733652959
      ],
      [
       -79.6812109784927,
       43.5224011617538
      ],
      [
       -79.6813697638336,
       43.5224929411533
      ],
      [
       -79.6816256716591,
       43.5226760520032
      ],
      [
       -79.6818335562323,
       43.5227864412739
      ],
      [
       -79.6825534771361,
       43.5221194602663
      ],
      [
       -79.6827556778036,
       43.5219236586997
      ],
      [
       -79.68317116613,
       43.5215953453299
      ],
      [
       -79.684396574161,
       43.5204388417639
      ],
      [
       -79.6848007600991,
       43.5200563566256
      ],
      [
       -79.6848663728087,
       43.5198860363206
      ],
      [
       -79.6861668624985,
       43.5186854544853
      ],
      [
       -79.6863663687311,
       43.5186156599653
      ],
      [
       -79.6872412782038,
       43.5178201513707
      ],
      [
       -79.6874848572213,
       43.5175910814652
      ],
      [
       -79.6893606668335,
       43.5158268336588
      ],
      [
       -79.6895788535094,
       43.5156215541823
      ],
      [
       -79.6897258212594,
       43.5154918231438
      ],
      [
       -79.6902170574983,
       43.5150582541244
      ],
      [
       -79.6904581848313,
       43.5147818355363
      ],
      [
       -79.6905682746428,
       43.5146775471793
      ],
      [
       -79.6918854638238,
       43.5134295716808
      ],
      [
       -79.6930217560804,
       43.5123710491378
      ],
      [
       -79.6931730613676,
       43.5122377371908
      ],
      [
       -79.6933495724545,
       43.5120866390905
      ],
      [
       -79.6936015733107,
       43.5118734499223
      ],
      [
       -79.6936394589159,
       43.5118378491119
      ],
      [
       -79.6947639810639,
       43.5107522600547
      ],
      [
       -79.6950677641739,
       43.510431542238
      ],
      [
       -79.6963802725112,
       43.5092309465321
      ],
      [
       -79.6970363557424,
       43.5086351470964
      ],
      [
       -79.6971237643223,
       43.5086001392382
      ],
      [
       -79.6974758650386,
       43.5083340499293
      ],
      [
       -79.7008498596767,
       43.5107945406315
      ],
      [
       -79.7044181626215,
       43.5134372317467
      ],
      [
       -79.7112631684682,
       43.5185118419839
      ],
      [
       -79.7159664699954,
       43.5220607517328
      ],
      [
       -79.7159961733321,
       43.5220833841239
      ],
      [
       -79.7160265291567,
       43.5221064659393
      ],
      [
       -79.7172138851592,
       43.523010047084
      ],
      [
       -79.7175244238623,
       43.5232214207363
      ],
      [
       -79.7175780770974,
       43.5232579518635
      ],
      [
       -79.7176862652081,
       43.5233229337066
      ],
      [
       -79.7178189900458,
       43.5234026386983
      ],
      [
       -79.7182219850758,
       43.5236126549743
      ],
      [
       -79.7185389951814,
       43.5237530431083
      ],
      [
       -79.7189469883639,
       43.523924043865
      ],
      [
       -79.7193864919609,
       43.524074940533
      ],
      [
       -79.7197310678002,
       43.5241770324781
      ],
      [
       -79.7201086958281,
       43.5242722468966
      ],
      [
       -79.7209162830009,
       43.5243992380522
      ],
      [
       -79.7218535880945,
       43.5245276504707
      ],
      [
       -79.723051679146,
       43.5246875395239
      ],
      [
       -79.7233691817912,
       43.5247318581453
      ],
      [
       -79.7239623869749,
       43.524867848987
      ],
      [
       -79.7241164315853,
       43.5249149402124
      ],
      [
       -79.7241854959922,
       43.524936050457
      ],
      [
       -79.7242484077127,
       43.5249596941966
      ],
      [
       -79.7245598734758,
       43.5250767370436
      ],
      [
       -79.7248397651386,
       43.5251977479455
      ],
      [
       -79.7251531904534,
       43.5253747390089
      ],
      [
       -79.7253455647176,
       43.5254769498751
      ],
      [
       -79.7254911883882,
       43.5256135545865
      ],
      [
       -79.725680562742,
       43.5257355333528
      ],
      [
       -79.726580059609,
       43.5263150163032
      ],
      [
       -79.7268486773398,
       43.5264880513823
      ],
      [
       -79.7269223677127,
       43.5265359285795
      ],
      [
       -79.7270864984464,
       43.5266425473498
      ],
      [
       -79.727168199902,
       43.5266966364048
      ],
      [
       -79.7274396680489,
       43.5268762811508
      ],
      [
       -79.7278067880332,
       43.5271192578814
      ],
      [
       -79.7280140844623,
       43.5272781483912
      ],
      [
       -79.7283439693243,
       43.5275530474508
      ],
      [
       -79.7285456996602,
       43.5277625494752
      ],
      [
       -79.7286810930637,
       43.5279291452491
      ],
      [
       -79.7290018834804,
       43.5284161373104
      ],
      [
       -79.7295656791437,
       43.5294618356844
      ],
      [
       -79.729586180069,
       43.5295075245036
      ],
      [
       -79.7296072754477,
       43.5295545498361
      ],
      [
       -79.7296894947035,
       43.5297428567022
      ],
      [
       -79.7297690737121,
       43.5300317418967
      ],
      [
       -79.7298822175044,
       43.5306502767191
      ],
      [
       -79.729933480216,
       43.5309304552965
      ],
      [
       -79.7289161957995,
       43.5304599424229
      ],
      [
       -79.7284392766755,
       43.530184542488
      ],
      [
       -79.7281760182085,
       43.5299945296217
      ],
      [
       -79.7275806958914,
       43.5304407491146
      ],
      [
       -79.725973706478,
       43.5316452616849
      ],
      [
       -79.7239457990624,
       43.5331732065776
      ],
      [
       -79.7238124166721,
       43.5332767463351
      ],
      [
       -79.721658421801,
       43.5351855991473
      ],
      [
       -79.7201042568758,
       43.5365628684431
      ],
      [
       -79.7182805213354,
       43.5381545571775
      ],
      [
       -79.7142499343569,
       43.5416792089867
      ],
      [
       -79.7134556609668,
       43.5425447786593
      ],
      [
       -79.7130803213395,
       43.5427706180151
      ],
      [
       -79.711947556899,
       43.5434521404759
      ],
      [
       -79.71141474861,
       43.5437727024119
      ],
      [
       -79.7109655132218,
       43.5441918781593
      ],
      [
       -79.7108572244982,
       43.5442929113364
      ],
      [
       -79.7096359747447,
       43.5452827489858
      ],
      [
       -79.7061705446073,
       43.5482120060778
      ],
      [
       -79.7045838668092,
       43.5496678646333
      ],
      [
       -79.7042336138803,
       43.5499853558929
      ],
      [
       -79.702723593007,
       43.5512255020478
      ],
      [
       -79.6998783299611,
       43.5535620342604
      ],
      [
       -79.6996838665765,
       43.5537305805892
      ],
      [
       -79.6987968123399,
       43.554435981142
      ],
      [
       -79.6983977395168,
       43.5547052560082
      ],
      [
       -79.6981174435797,
       43.5548943546745
      ],
      [
       -79.697755537613,
       43.5552399532556
      ],
      [
       -79.6973265356077,
       43.5555362990403
      ],
      [
       -79.697110464101,
       43.5557038185237
      ],
      [
       -79.6969505990998,
       43.5558668324631
      ],
      [
       -79.6942899293258,
       43.5581631376446
      ],
      [
       -79.6935989472814,
       43.5585500488123
      ],
      [
       -79.6910589131353,
       43.5599843957333
      ],
      [
       -79.6900369309018,
       43.5605806626542
      ],
      [
       -79.6873685513687,
       43.56228757534
      ],
      [
       -79.6868286898833,
       43.5618981287571
      ],
      [
       -79.6848214332295,
       43.5629420512951
      ],
      [
       -79.6847651806196,
       43.5629916396423
      ],
      [
       -79.6847304167238,
       43.5629371683544
      ],
      [
       -79.6846461484289,
       43.5628249713334
      ],
      [
       -79.6845936989759,
       43.5627581130772
      ],
      [
       -79.684495145649,
       43.5626286906294
      ],
      [
       -79.6842855149779,
       43.5622586125792
      ],
      [
       -79.6842353531592,
       43.5621872694395
      ],
      [
       -79.6842187757046,
       43.5621637391485
      ]
     ]
    ]
   },
   "properties": {
    "OBJECTID": 12,
    "PDZ": "M5",
    "CSDNAME": "Mississauga",
    "Shape__Area": 27743392.551757812,
    "Shape__Length": 29878.258658249517
   }
  },
  {
   "type": "Feature",
   "id": 13,
   "geometry": {
    "type": "Polygon",
    "coordinates": [
     [
      [
       -79.6011151459442,
       43.5935222578544
      ],
      [
       -79.6013818577002,
       43.5932777625989
      ],
      [
       -79.6015538433129,
       43.5931317642955
      ],
      [
       -79.6028350581165,
       43.5920439733714
      ],
      [
       -79.6029170956421,
       43.591970681237
      ],
      [
       -79.6030378380544,
       43.5918628058275
      ],
      [
       -79.6032525631127,
       43.5916709556468
      ],
      [
       -79.6033754064429,
       43.5916502293566
      ],
      [
       -79.6034515598078,
       43.5916373530506
      ],
      [
       -79.6036133566475,
       43.5916032542433
      ],
      [
       -79.6035057138822,
       43.5917015317543
      ],
      [
       -79.6034246911428,
       43.5917755048132
      ],
      [
       -79.6033504299728,
       43.5918433026373
      ],
      [
       -79.6033129555211,
       43.5918774976133
      ],
      [
       -79.6033467160787,
       43.591869705669
      ],
      [
       -79.6035156613698,
       43.5918307385345
      ],
      [
       -79.6037425316444,
       43.5917783811434
      ],
      [
       -79.6055980157474,
       43.5913502865615
      ],
      [
       -79.6056098711856,
       43.5913475435969
      ],
      [
       -79.605613096847,
       43.5913467995968
      ],
      [
       -79.6058344101961,
       43.591295719957
      ],
      [
       -79.6058491870517,
       43.5912923174896
      ],
      [
       -79.6060127318938,
       43.5912545755643
      ],
      [
       -79.6060362865602,
       43.5912491452682
      ],
      [
       -79.6060588328248,
       43.5912439304716
      ],
      [
       -79.6060739083579,
       43.5912404676889
      ],
      [
       -79.6092376379424,
       43.590510346334
      ],
      [
       -79.6094351449923,
       43.5904646794965
      ],
      [
       -79.6128123091569,
       43.5896838018883
      ],
      [
       -79.6128825283165,
       43.5896675716044
      ],
      [
       -79.6130452500389,
       43.5896299572684
      ],
      [
       -79.6131175393751,
       43.5896132270244
      ],
      [
       -79.613272652158,
       43.5895773469591
      ],
      [
       -79.6133428723356,
       43.5895611155037
      ],
      [
       -79.6142450636687,
       43.5893524547886
      ],
      [
       -79.6144775152204,
       43.5892987156612
      ],
      [
       -79.6147052858134,
       43.5892460259246
      ],
      [
       -79.6147519107438,
       43.5892352468061
      ],
      [
       -79.6156389711303,
       43.588958218594
      ],
      [
       -79.6161253076556,
       43.5887748799251
      ],
      [
       -79.6162783208743,
       43.588716116326
      ],
      [
       -79.6163071925601,
       43.5887050190102
      ],
      [
       -79.616340415565,
       43.588692261794
      ],
      [
       -79.6164891183905,
       43.5886351375905
      ],
      [
       -79.617615389429,
       43.5881089338896
      ],
      [
       -79.6180158118502,
       43.5878851266221
      ],
      [
       -79.618208059586,
       43.5877776556671
      ],
      [
       -79.6183988559655,
       43.5876710024174
      ],
      [
       -79.6184193411005,
       43.5876595591869
      ],
      [
       -79.6194928621577,
       43.5869166547308
      ],
      [
       -79.6203990364778,
       43.5861539167238
      ],
      [
       -79.6205537448995,
       43.586023710014
      ],
      [
       -79.6207148156493,
       43.5858881387263
      ],
      [
       -79.6221406855292,
       43.5846878719927
      ],
      [
       -79.62225403052,
       43.5845890872359
      ],
      [
       -79.6224221890128,
       43.5844425257661
      ],
      [
       -79.6224459736046,
       43.5844217816832
      ],
      [
       -79.626836819588,
       43.5807645398869
      ],
      [
       -79.6268937370516,
       43.5807187231493
      ],
      [
       -79.6269411051935,
       43.5806805810725
      ],
      [
       -79.6269996042301,
       43.5806334533824
      ],
      [
       -79.627056609596,
       43.580587572789
      ],
      [
       -79.6282671166553,
       43.5795934900851
      ],
      [
       -79.6286153308377,
       43.5793075192712
      ],
      [
       -79.6287717789529,
       43.5791790382836
      ],
      [
       -79.6289353573913,
       43.5790446873288
      ],
      [
       -79.6293902723387,
       43.5786710582461
      ],
      [
       -79.6311448527549,
       43.5772299908642
      ],
      [
       -79.6313048488533,
       43.5770985847054
      ],
      [
       -79.6314648510361,
       43.57696715228
      ],
      [
       -79.6342811973221,
       43.5746537709401
      ],
      [
       -79.6344488365947,
       43.5745160803561
      ],
      [
       -79.6346014628317,
       43.5743907114201
      ],
      [
       -79.6351929490386,
       43.5739047996359
      ],
      [
       -79.6354254444013,
       43.5737327949466
      ],
      [
       -79.6355885514281,
       43.5736121310498
      ],
      [
       -79.6357641513335,
       43.5734822409955
      ],
      [
       -79.6365821348106,
       43.5728770658554
      ],
      [
       -79.6378989481987,
       43.5720734234517
      ],
      [
       -79.6386410025614,
       43.5717436397062
      ],
      [
       -79.6391157285776,
       43.5715326566591
      ],
      [
       -79.6401249182922,
       43.571084134612
      ],
      [
       -79.6358460599064,
       43.5680597588806
      ],
      [
       -79.6333382379193,
       43.5662979624964
      ],
      [
       -79.6328876637411,
       43.5659805657519
      ],
      [
       -79.6324886537158,
       43.5657076465127
      ],
      [
       -79.630359966758,
       43.564248455763
      ],
      [
       -79.6301888706924,
       43.5641473608428
      ],
      [
       -79.6299569553034,
       43.5640005497151
      ],
      [
       -79.6296998619842,
       43.5638714714411
      ],
      [
       -79.6294303467853,
       43.5637421662145
      ],
      [
       -79.629159856951,
       43.5636578518949
      ],
      [
       -79.627796249381,
       43.5632354497307
      ],
      [
       -79.6277047470041,
       43.5632130512489
      ],
      [
       -79.6260103566394,
       43.5627646691781
      ],
      [
       -79.6257028381841,
       43.5626709533429
      ],
      [
       -79.6251742530657,
       43.5625024680897
      ],
      [
       -79.6249165589218,
       43.5624003651149
      ],
      [
       -79.624524559018,
       43.5622155621056
      ],
      [
       -79.6241210617491,
       43.5619945571639
      ],
      [
       -79.6237460204538,
       43.5617340395849
      ],
      [
       -79.6233165387446,
       43.5614356576111
      ],
      [
       -79.6230477584944,
       43.5612458613187
      ],
      [
       -79.6226107592419,
       43.5609414488378
      ],
      [
       -79.6224443666755,
       43.5608277590554
      ],
      [
       -79.6220314516168,
       43.5605485677572
      ],
      [
       -79.6218169629273,
       43.5604091623977
      ],
      [
       -79.6216574592365,
       43.5603441593972
      ],
      [
       -79.6214730602725,
       43.5602879500625
      ],
      [
       -79.6213374364616,
       43.5602592643856
      ],
      [
       -79.6212512572848,
       43.5602402465375
      ],
      [
       -79.6211029616611,
       43.5602294509992
      ],
      [
       -79.6209543602794,
       43.5602276646554
      ],
      [
       -79.620818057122,
       43.5602349594401
      ],
      [
       -79.6206071610894,
       43.5602504471748
      ],
      [
       -79.6193045612839,
       43.5603607654739
      ],
      [
       -79.6191682652352,
       43.5603681610219
      ],
      [
       -79.6184989566484,
       43.5603960461489
      ],
      [
       -79.6182516476439,
       43.5603840682395
      ],
      [
       -79.6180164391965,
       43.5603812473631
      ],
      [
       -79.6179300508815,
       43.5603711448159
      ],
      [
       -79.617868340993,
       43.5603614486447
      ],
      [
       -79.6176215569244,
       43.5603224662083
      ],
      [
       -79.6171656669545,
       43.5602268537622
      ],
      [
       -79.6161058515768,
       43.560006957764
      ],
      [
       -79.6156134624582,
       43.559883966066
      ],
      [
       -79.6149980557904,
       43.5597234511135
      ],
      [
       -79.6094575543409,
       43.5584771226464
      ],
      [
       -79.6088297642001,
       43.5582800536855
      ],
      [
       -79.6086721999623,
       43.5582305638779
      ],
      [
       -79.6093325391006,
       43.5573405493142
      ],
      [
       -79.60934319276,
       43.5573261319425
      ],
      [
       -79.6096122351124,
       43.5569615612788
      ],
      [
       -79.6098102509323,
       43.5566931811035
      ],
      [
       -79.6100190735719,
       43.556410199512
      ],
      [
       -79.6101300869646,
       43.5564181277286
      ],
      [
       -79.6102001382015,
       43.5564064106552
      ],
      [
       -79.6104278712216,
       43.5563679738916
      ],
      [
       -79.6108924308083,
       43.5562021555996
      ],
      [
       -79.6111467647953,
       43.5559978398239
      ],
      [
       -79.6114068681784,
       43.5560548423193
      ],
      [
       -79.611588601502,
       43.5560459297616
      ],
      [
       -79.6117059085824,
       43.5560402259853
      ],
      [
       -79.6119191559482,
       43.5559705813691
      ],
      [
       -79.6121344237982,
       43.5558289138685
      ],
      [
       -79.6125994838031,
       43.5556450568186
      ],
      [
       -79.6132166085642,
       43.5553548479853
      ],
      [
       -79.6135167495019,
       43.5552952009616
      ],
      [
       -79.6138811423952,
       43.5551552532626
      ],
      [
       -79.6143910658721,
       43.5551700577159
      ],
      [
       -79.6146133226062,
       43.5552535928836
      ],
      [
       -79.6150353595714,
       43.5553033834155
      ],
      [
       -79.6151714358929,
       43.5553409411715
      ],
      [
       -79.615245014675,
       43.5553957651507
      ],
      [
       -79.6153818568081,
       43.5553973021168
      ],
      [
       -79.6154947462191,
       43.5553625604135
      ],
      [
       -79.6155241340438,
       43.5552097092651
      ],
      [
       -79.6161166207232,
       43.5549101849389
      ],
      [
       -79.6164274969581,
       43.5549226991538
      ],
      [
       -79.6165509705551,
       43.5549691041071
      ],
      [
       -79.6165978100535,
       43.5551405638784
      ],
      [
       -79.6167712198448,
       43.5551785301208
      ],
      [
       -79.6169823181518,
       43.5551989313291
      ],
      [
       -79.6175424504164,
       43.5551962669926
      ],
      [
       -79.6178174612151,
       43.5551453412333
      ],
      [
       -79.6180061351304,
       43.5550664470517
      ],
      [
       -79.6183607720553,
       43.5548272222845
      ],
      [
       -79.618549886161,
       43.554730287444
      ],
      [
       -79.6187027544863,
       43.5545968898895
      ],
      [
       -79.6188289908112,
       43.5545262466247
      ],
      [
       -79.6189916066519,
       43.5544920824613
      ],
      [
       -79.6192157727769,
       43.5544856179751
      ],
      [
       -79.6198353071798,
       43.5546096431871
      ],
      [
       -79.620345065037,
       43.5546334159432
      ],
      [
       -79.6210703699833,
       43.5544884895524
      ],
      [
       -79.6216496609794,
       43.554215829134
      ],
      [
       -79.6221794790222,
       43.5539335959925
      ],
      [
       -79.6223064858837,
       43.5538359044959
      ],
      [
       -79.6225341189528,
       43.553694360034
      ],
      [
       -79.624033935366,
       43.5529456751782
      ],
      [
       -79.6242596171031,
       43.5528761841465
      ],
      [
       -79.6246094624338,
       43.5528170556901
      ],
      [
       -79.6250828934859,
       43.5527953840091
      ],
      [
       -79.6254571827888,
       43.5527545722349
      ],
      [
       -79.6255488396152,
       43.5527281623535
      ],
      [
       -79.6256455410764,
       43.5528294882522
      ],
      [
       -79.6257143453953,
       43.5529016250984
      ],
      [
       -79.6278951425956,
       43.5519072500497
      ],
      [
       -79.6280456361791,
       43.5517909695774
      ],
      [
       -79.6285200025264,
       43.5515327872468
      ],
      [
       -79.6286960809632,
       43.5513715025028
      ],
      [
       -79.6289004189541,
       43.5510203181005
      ],
      [
       -79.6289525593806,
       43.5508759128535
      ],
      [
       -79.6291266479011,
       43.550152964587
      ],
      [
       -79.6292706543007,
       43.5497196265311
      ],
      [
       -79.6292886814179,
       43.5494117434801
      ],
      [
       -79.6293431199388,
       43.5491404934464
      ],
      [
       -79.6296454465,
       43.5486080433766
      ],
      [
       -79.6296754636761,
       43.5485551548227
      ],
      [
       -79.6298765678052,
       43.5483759672895
      ],
      [
       -79.6300392127757,
       43.5482688491483
      ],
      [
       -79.6302994835074,
       43.548216675709
      ],
      [
       -79.6305092073272,
       43.5482181880913
      ],
      [
       -79.6306072751598,
       43.548245888079
      ],
      [
       -79.6309618475836,
       43.5483832794884
      ],
      [
       -79.6320476122728,
       43.5489033656559
      ],
      [
       -79.6332107656917,
       43.5492894072165
      ],
      [
       -79.6334551860308,
       43.5493900408847
      ],
      [
       -79.6338606312197,
       43.5494649550858
      ],
      [
       -79.6346991864577,
       43.549488993808
      ],
      [
       -79.63512044561,
       43.5494109508489
      ],
      [
       -79.6353429128716,
       43.5493945443143
      ],
      [
       -79.6356562611937,
       43.5494397889839
      ],
      [
       -79.6357369187997,
       43.5494523101736
      ],
      [
       -79.6361437438127,
       43.5495862887723
      ],
      [
       -79.6367937708327,
       43.5498382279005
      ],
      [
       -79.6377541893825,
       43.5502082280957
      ],
      [
       -79.637991474051,
       43.550279355166
      ],
      [
       -79.6384605047649,
       43.5504054083318
      ],
      [
       -79.6395108779853,
       43.5506265155409
      ],
      [
       -79.6401554353432,
       43.5506746286065
      ],
      [
       -79.6405906848226,
       43.5506965350533
      ],
      [
       -79.6410352428151,
       43.5506469950042
      ],
      [
       -79.6413478266315,
       43.5505432612257
      ],
      [
       -79.6415636206157,
       43.5504334205713
      ],
      [
       -79.6418998065858,
       43.5501833863631
      ],
      [
       -79.6420784587623,
       43.5499719280872
      ],
      [
       -79.6424247424542,
       43.5495227814299
      ],
      [
       -79.6424669885135,
       43.5491024967097
      ],
      [
       -79.642398325612,
       43.5489634135322
      ],
      [
       -79.6422343484073,
       43.5486774111741
      ],
      [
       -79.6421325501775,
       43.5485531457685
      ],
      [
       -79.6418078692191,
       43.5482763537992
      ],
      [
       -79.6410709314266,
       43.5477458812972
      ],
      [
       -79.6408516734509,
       43.5475313569311
      ],
      [
       -79.6406740320954,
       43.5472221204258
      ],
      [
       -79.6406117980048,
       43.5468756600374
      ],
      [
       -79.6406410688665,
       43.5466381802449
      ],
      [
       -79.6408519079424,
       43.5464660041963
      ],
      [
       -79.641081254308,
       43.5463386828679
      ],
      [
       -79.6416402935757,
       43.5462244625043
      ],
      [
       -79.6425644244768,
       43.5463000201136
      ],
      [
       -79.6433944602684,
       43.5464142256148
      ],
      [
       -79.6442028426257,
       43.5465791746777
      ],
      [
       -79.6447836167496,
       43.5466732759838
      ],
      [
       -79.6457384023399,
       43.5467847096165
      ],
      [
       -79.6463460466528,
       43.5467641579083
      ],
      [
       -79.6467579084453,
       43.5467454795652
      ],
      [
       -79.6471612468324,
       43.5466368307785
      ],
      [
       -79.6473842816995,
       43.5465026717212
      ],
      [
       -79.6475511316464,
       43.5463960474422
      ],
      [
       -79.6477142593304,
       43.5462119958691
      ],
      [
       -79.6477905087757,
       43.5459268394617
      ],
      [
       -79.6479495291162,
       43.5451799251532
      ],
      [
       -79.6481557822015,
       43.5448954208994
      ],
      [
       -79.6483550740834,
       43.5447282978352
      ],
      [
       -79.6484276036766,
       43.5445787518164
      ],
      [
       -79.6484480863142,
       43.5443804265646
      ],
      [
       -79.648300910058,
       43.543744050334
      ],
      [
       -79.6480535564964,
       43.5433302842929
      ],
      [
       -79.6480435490772,
       43.543032928821
      ],
      [
       -79.6481369925914,
       43.5427443043999
      ],
      [
       -79.6482648406867,
       43.5424487114573
      ],
      [
       -79.6484060089141,
       43.542020482423
      ],
      [
       -79.6485505936015,
       43.5416842326823
      ],
      [
       -79.6489787703895,
       43.5409043727278
      ],
      [
       -79.6493337517082,
       43.5403982570962
      ],
      [
       -79.6496223052696,
       43.5400188763007
      ],
      [
       -79.6500802655238,
       43.5396752715748
      ],
      [
       -79.6503067073528,
       43.5395889424547
      ],
      [
       -79.6506655701599,
       43.5396160349515
      ],
      [
       -79.6510836774143,
       43.5398172139275
      ],
      [
       -79.6517994440626,
       43.5402439930986
      ],
      [
       -79.6522325729694,
       43.5407846368736
      ],
      [
       -79.652613920483,
       43.5415191969503
      ],
      [
       -79.6529159825327,
       43.5421241554473
      ],
      [
       -79.6530745156394,
       43.5423833274907
      ],
      [
       -79.6532992642701,
       43.5424861298602
      ],
      [
       -79.6535030903782,
       43.5425149552373
      ],
      [
       -79.6541117619126,
       43.5424293907368
      ],
      [
       -79.6549153139303,
       43.5424364913277
      ],
      [
       -79.6559175151954,
       43.5426137064032
      ],
      [
       -79.6572568408199,
       43.5428385699948
      ],
      [
       -79.657548684855,
       43.5429035001791
      ],
      [
       -79.6578032794574,
       43.5430164397514
      ],
      [
       -79.6580698266326,
       43.5432238145473
      ],
      [
       -79.6582452094866,
       43.5434538364273
      ],
      [
       -79.6583389517745,
       43.5438031802895
      ],
      [
       -79.6583296470014,
       43.5440183681907
      ],
      [
       -79.6583270978077,
       43.5441870895639
      ],
      [
       -79.6582342883606,
       43.5446639352936
      ],
      [
       -79.6580316967556,
       43.5450566751694
      ],
      [
       -79.6577327856494,
       43.545468957133
      ],
      [
       -79.6569545957017,
       43.5461402010173
      ],
      [
       -79.6565375443883,
       43.5465073542881
      ],
      [
       -79.6562852700108,
       43.5467936764507
      ],
      [
       -79.655541049447,
       43.5476543508296
      ],
      [
       -79.6552629908099,
       43.5480127774548
      ],
      [
       -79.6551340926799,
       43.5483733238786
      ],
      [
       -79.6550994396434,
       43.5487708954076
      ],
      [
       -79.6551345235358,
       43.5492730208309
      ],
      [
       -79.6553249973068,
       43.5496077296276
      ],
      [
       -79.6553506033615,
       43.5496823695314
      ],
      [
       -79.6554088232738,
       43.5497568915217
      ],
      [
       -79.6558662280132,
       43.5500914487312
      ],
      [
       -79.6561453187943,
       43.5502895101937
      ],
      [
       -79.6567933245182,
       43.5508427706988
      ],
      [
       -79.657202146983,
       43.5512130696595
      ],
      [
       -79.6575048588225,
       43.5514689188797
      ],
      [
       -79.6582474881855,
       43.5518508845614
      ],
      [
       -79.6588493618249,
       43.5521383511192
      ],
      [
       -79.6594322631056,
       43.552405413842
      ],
      [
       -79.6598093327505,
       43.5525474645238
      ],
      [
       -79.660480617303,
       43.5528127965018
      ],
      [
       -79.6607415786141,
       43.5529112074775
      ],
      [
       -79.6609391644662,
       43.5530397523164
      ],
      [
       -79.6613303236283,
       43.5532814708151
      ],
      [
       -79.6616288818574,
       43.5535041721892
      ],
      [
       -79.6619943506113,
       43.5537659044433
      ],
      [
       -79.6621841762796,
       43.5539661593925
      ],
      [
       -79.6623540094698,
       43.5541712583833
      ],
      [
       -79.662456376024,
       43.5542973131916
      ],
      [
       -79.6632838277778,
       43.5552572015224
      ],
      [
       -79.6634297603991,
       43.5554169179234
      ],
      [
       -79.663560501387,
       43.555549025578
      ],
      [
       -79.6639266411742,
       43.5557321285491
      ],
      [
       -79.6641812889522,
       43.5558391206839
      ],
      [
       -79.6644713231263,
       43.5559049646205
      ],
      [
       -79.6647920481149,
       43.5559289470456
      ],
      [
       -79.6650516220336,
       43.5559443160733
      ],
      [
       -79.6660757734039,
       43.5558759110681
      ],
      [
       -79.6669820973138,
       43.5557245368967
      ],
      [
       -79.6674294222033,
       43.5557072313506
      ],
      [
       -79.6677935638595,
       43.555952769905
      ],
      [
       -79.6684431956252,
       43.5568115591546
      ],
      [
       -79.668478954324,
       43.5568971129139
      ],
      [
       -79.6685084523035,
       43.5569817572573
      ],
      [
       -79.668581545624,
       43.5571956785899
      ],
      [
       -79.6688519430898,
       43.5574753467077
      ],
      [
       -79.6695385872821,
       43.5579966787034
      ],
      [
       -79.6699458811206,
       43.5584015887263
      ],
      [
       -79.6701826672621,
       43.55870963962
      ],
      [
       -79.6703334171539,
       43.5589290012119
      ],
      [
       -79.6706547981278,
       43.5591564229735
      ],
      [
       -79.670950396366,
       43.5593322937276
      ],
      [
       -79.6712712170537,
       43.5595947601234
      ],
      [
       -79.671405999572,
       43.5597479275508
      ],
      [
       -79.6714861462619,
       43.559941290667
      ],
      [
       -79.6716065817227,
       43.5600988237645
      ],
      [
       -79.6717287876773,
       43.5602661935537
      ],
      [
       -79.6720807489709,
       43.5605106826782
      ],
      [
       -79.6725429664763,
       43.5607018080679
      ],
      [
       -79.6726663368425,
       43.560773292405
      ],
      [
       -79.6727243962822,
       43.5608081262323
      ],
      [
       -79.6727973452366,
       43.5608522459343
      ],
      [
       -79.672912341885,
       43.5609469362425
      ],
      [
       -79.6730455779498,
       43.5610577258627
      ],
      [
       -79.6731969494892,
       43.5613184321604
      ],
      [
       -79.6733300719678,
       43.5615096067477
      ],
      [
       -79.6734962478093,
       43.5616803419077
      ],
      [
       -79.6736146567115,
       43.5618058596448
      ],
      [
       -79.6738629777676,
       43.5619247600767
      ],
      [
       -79.6742103490893,
       43.5619773376382
      ],
      [
       -79.6746740147933,
       43.5619966004201
      ],
      [
       -79.6752537181154,
       43.5619470013279
      ],
      [
       -79.6760473660472,
       43.5618459330591
      ],
      [
       -79.6762518983884,
       43.5617931121639
      ],
      [
       -79.6766743513237,
       43.5617106810098
      ],
      [
       -79.6770683215492,
       43.5617165449223
      ],
      [
       -79.6775371235828,
       43.5617897953705
      ],
      [
       -79.6778625508372,
       43.5619244952922
      ],
      [
       -79.6783177254882,
       43.5621769200769
      ],
      [
       -79.6786326377233,
       43.5624060021412
      ],
      [
       -79.6788906418989,
       43.5625737777774
      ],
      [
       -79.6791981550128,
       43.5627023907876
      ],
      [
       -79.6793809505653,
       43.5627494979255
      ],
      [
       -79.6794929623058,
       43.5627688523063
      ],
      [
       -79.680031955182,
       43.5627987113146
      ],
      [
       -79.6803620693313,
       43.5628192757043
      ],
      [
       -79.6806953126838,
       43.562713043798
      ],
      [
       -79.6809428922495,
       43.5625881834677
      ],
      [
       -79.6809682916481,
       43.5625158901663
      ],
      [
       -79.6811177030159,
       43.5623722234439
      ],
      [
       -79.6813910548291,
       43.5621570478212
      ],
      [
       -79.6817503728579,
       43.5619515671819
      ],
      [
       -79.6821085773352,
       43.5618184050472
      ],
      [
       -79.6827862091555,
       43.5616692409795
      ],
      [
       -79.68295922841,
       43.5615981061072
      ],
      [
       -79.6833521874376,
       43.5615884857001
      ],
      [
       -79.6836291067325,
       43.5616441012042
      ],
      [
       -79.6838723203373,
       43.5617662634107
      ],
      [
       -79.6838751561582,
       43.5617729005544
      ],
      [
       -79.6839755720258,
       43.5620071191817
      ],
      [
       -79.6840581277235,
       43.5619534175146
      ],
      [
       -79.6842187757046,
       43.5621637391485
      ],
      [
       -79.6842353531592,
       43.5621872694395
      ],
      [
       -79.6842855149779,
       43.5622586125792
      ],
      [
       -79.684495145649,
       43.5626286906294
      ],
      [
       -79.6845936989759,
       43.5627581130772
      ],
      [
       -79.6846461484289,
       43.5628249713334
      ],
      [
       -79.6847304167238,
       43.5629371683544
      ],
      [
       -79.6847651806196,
       43.5629916396423
      ],
      [
       -79.6848214332295,
       43.5629420512951
      ],
      [
       -79.6868286898833,
       43.5618981287571
      ],
      [
       -79.6873685513687,
       43.56228757534
      ],
      [
       -79.6862831153131,
       43.5628985973419
      ],
      [
       -79.68331422668,
       43.5653805690283
      ],
      [
       -79.6831738586179,
       43.5654789873958
      ],
      [
       -79.6831057349775,
       43.5655420883273
      ],
      [
       -79.6821528293588,
       43.5664757204504
      ],
      [
       -79.6815316100009,
       43.5670919503454
      ],
      [
       -79.6797315671825,
       43.5686684668133
      ],
      [
       -79.6781794066776,
       43.5698854334377
      ],
      [
       -79.6777927744432,
       43.5702435800781
      ],
      [
       -79.6756837321872,
       43.5719112699258
      ],
      [
       -79.675563270023,
       43.5723805482075
      ],
      [
       -79.6755030488025,
       43.5727420244884
      ],
      [
       -79.6754096401556,
       43.5728440485539
      ],
      [
       -79.6715278614705,
       43.576929166976
      ],
      [
       -79.6713518946699,
       43.5771216823255
      ],
      [
       -79.6702757762309,
       43.5783644658133
      ],
      [
       -79.6690687457354,
       43.579766011096
      ],
      [
       -79.6686677944011,
       43.5801529452418
      ],
      [
       -79.6665034252057,
       43.5822412701996
      ],
      [
       -79.6661686711399,
       43.5826203921541
      ],
      [
       -79.6651791695457,
       43.5837493839904
      ],
      [
       -79.6621712959085,
       43.5864505663221
      ],
      [
       -79.6617682477434,
       43.5867851422075
      ],
      [
       -79.6616409066977,
       43.5868908389875
      ],
      [
       -79.6611890315225,
       43.5872184158115
      ],
      [
       -79.6611488663145,
       43.5872944634915
      ],
      [
       -79.6610186719839,
       43.5874055609839
      ],
      [
       -79.660904773342,
       43.5874696365553
      ],
      [
       -79.6606500861265,
       43.5877243166686
      ],
      [
       -79.656333523702,
       43.5918926204883
      ],
      [
       -79.6553803843946,
       43.592812904397
      ],
      [
       -79.655309551193,
       43.5928900415241
      ],
      [
       -79.654513360158,
       43.5935059102507
      ],
      [
       -79.6537712790527,
       43.5940826263476
      ],
      [
       -79.6520069297323,
       43.5956822866029
      ],
      [
       -79.6514673873818,
       43.596193977115
      ],
      [
       -79.6488394346439,
       43.5987666564641
      ],
      [
       -79.6474918414343,
       43.600079964054
      ],
      [
       -79.6474398316142,
       43.6001315052984
      ],
      [
       -79.646206657098,
       43.6013103400699
      ],
      [
       -79.6458940108129,
       43.6016309324878
      ],
      [
       -79.6457807999056,
       43.6017470351239
      ],
      [
       -79.6455291094673,
       43.6015806759704
      ],
      [
       -79.6454724776765,
       43.6015432612967
      ],
      [
       -79.6453388631237,
       43.6014245626245
      ],
      [
       -79.6448053510815,
       43.60102408321
      ],
      [
       -79.6448026544734,
       43.6010220658532
      ],
      [
       -79.6446077677265,
       43.600875676424
      ],
      [
       -79.6443274465899,
       43.6006652696134
      ],
      [
       -79.6440716459621,
       43.6004731619212
      ],
      [
       -79.6438936650238,
       43.6003540684959
      ],
      [
       -79.643400271668,
       43.6000239764276
      ],
      [
       -79.6432723088224,
       43.5999220556504
      ],
      [
       -79.6432092270763,
       43.5998718109014
      ],
      [
       -79.6429986715703,
       43.5997040732789
      ],
      [
       -79.6428156803354,
       43.5995758561397
      ],
      [
       -79.6425110600827,
       43.5993471744008
      ],
      [
       -79.6419390417444,
       43.5989450662795
      ],
      [
       -79.6419377684477,
       43.5989441696578
      ],
      [
       -79.6417249756459,
       43.5988051889344
      ],
      [
       -79.6416850802908,
       43.5987791398354
      ],
      [
       -79.6416569594574,
       43.5987607661102
      ],
      [
       -79.6414132690709,
       43.5985777769477
      ],
      [
       -79.6411334705167,
       43.598349352319
      ],
      [
       -79.6408670583257,
       43.598076074181
      ],
      [
       -79.6404038444541,
       43.5977912489918
      ],
      [
       -79.6394156708864,
       43.5970593699979
      ],
      [
       -79.6387455533053,
       43.5965561586303
      ],
      [
       -79.6383294726481,
       43.5962399616345
      ],
      [
       -79.6379648468335,
       43.5960155590807
      ],
      [
       -79.6364299481637,
       43.5948627513602
      ],
      [
       -79.6362133245634,
       43.5946932675093
      ],
      [
       -79.6360930136846,
       43.5945991427746
      ],
      [
       -79.6356449273739,
       43.594248610662
      ],
      [
       -79.6355534739999,
       43.5941770571325
      ],
      [
       -79.6350300712343,
       43.5937655630728
      ],
      [
       -79.6345754477726,
       43.5941473611963
      ],
      [
       -79.6342994645052,
       43.5942970532498
      ],
      [
       -79.6329227656244,
       43.5954601627021
      ],
      [
       -79.6323923535285,
       43.5959040610754
      ],
      [
       -79.6317858433702,
       43.5964279715012
      ],
      [
       -79.6316467710573,
       43.5965523629908
      ],
      [
       -79.6309134716229,
       43.5972009709469
      ],
      [
       -79.6307556863903,
       43.5973341196011
      ],
      [
       -79.6282891856355,
       43.5994152959903
      ],
      [
       -79.627247186163,
       43.6002944666125
      ],
      [
       -79.6266304701126,
       43.6008147753687
      ],
      [
       -79.6262669664118,
       43.6011215669508
      ],
      [
       -79.6261552581386,
       43.6012175577041
      ],
      [
       -79.6257931565082,
       43.6015391771024
      ],
      [
       -79.6239438041259,
       43.6031817361753
      ],
      [
       -79.6233762746709,
       43.6036857843881
      ],
      [
       -79.6215985414646,
       43.605264568063
      ],
      [
       -79.6201311632979,
       43.6065794635983
      ],
      [
       -79.6193972631518,
       43.6072459717921
      ],
      [
       -79.6192321664908,
       43.6074042694539
      ],
      [
       -79.6186563430564,
       43.6079032746911
      ],
      [
       -79.6185771634877,
       43.6077447684747
      ],
      [
       -79.6184203582783,
       43.6075582570234
      ],
      [
       -79.6178630352362,
       43.6071784762365
      ],
      [
       -79.6167030545089,
       43.6063939614785
      ],
      [
       -79.6156790676192,
       43.6056612595112
      ],
      [
       -79.6136299406755,
       43.6042408672238
      ],
      [
       -79.6135812619985,
       43.6042041725292
      ],
      [
       -79.6132519672353,
       43.6039751696007
      ],
      [
       -79.6127521415402,
       43.6036178744092
      ],
      [
       -79.6126912448499,
       43.6035721575982
      ],
      [
       -79.6116184615853,
       43.6028117670152
      ],
      [
       -79.6094367399434,
       43.6012680632064
      ],
      [
       -79.6073626409272,
       43.5998426548104
      ],
      [
       -79.6065211619431,
       43.5992651745452
      ],
      [
       -79.6057718022792,
       43.5987336670152
      ],
      [
       -79.6034925481133,
       43.5971169540679
      ],
      [
       -79.6032214518036,
       43.596924476271
      ],
      [
       -79.6026333410119,
       43.5964805726607
      ],
      [
       -79.6024021453114,
       43.5962975639961
      ],
      [
       -79.602280537675,
       43.5961970607688
      ],
      [
       -79.6020954648887,
       43.5961677557473
      ],
      [
       -79.6017433455316,
       43.5958573573617
      ],
      [
       -79.6015493527503,
       43.5956748677835
      ],
      [
       -79.6011594364029,
       43.5953909694665
      ],
      [
       -79.6001089397966,
       43.5947478725483
      ],
      [
       -79.6000001652171,
       43.5946824092057
      ],
      [
       -79.6000233326989,
       43.5946612733089
      ],
      [
       -79.600122677581,
       43.5945846323112
      ],
      [
       -79.6003067659354,
       43.5944426027516
      ],
      [
       -79.6005183348448,
       43.5942793591425
      ],
      [
       -79.6010962386935,
       43.5937872677153
      ],
      [
       -79.6011044140678,
       43.5936728807845
      ],
      [
       -79.6011151459442,
       43.5935222578544
      ]
     ]
    ]
   },
   "properties": {
    "OBJECTID": 13,
    "PDZ": "M6",
    "CSDNAME": "Mississauga",
    "Shape__Area": 21509606.637695312,
    "Shape__Length": 28733.594511563628
   }
  },
  {
   "type": "Feature",
   "id": 14,
   "geometry": {
    "type": "Polygon",
    "coordinates": [
     [
      [
       -79.5965850568936,
       43.5923005653322
      ],
      [
       -79.5941866382308,
       43.590641357557
      ],
      [
       -79.5922841605203,
       43.589311768496
      ],
      [
       -79.5918097414381,
       43.5889801673168
      ],
      [
       -79.591668845594,
       43.5888816651936
      ],
      [
       -79.5911674582165,
       43.5885226746646
      ],
      [
       -79.5902547589714,
       43.5878692691009
      ],
      [
       -79.5887524273941,
       43.5868242581342
      ],
      [
       -79.5872604580317,
       43.5857838609889
      ],
      [
       -79.5868449538198,
       43.5855446651297
      ],
      [
       -79.5865597533282,
       43.5855590712226
      ],
      [
       -79.5863028677726,
       43.5854247651349
      ],
      [
       -79.5859601414239,
       43.5852455739742
      ],
      [
       -79.5852467690105,
       43.5848680542941
      ],
      [
       -79.5843573280983,
       43.584397368493
      ],
      [
       -79.583814626108,
       43.5840824551193
      ],
      [
       -79.5834812885411,
       43.5838614941873
      ],
      [
       -79.5834073309183,
       43.5838124646122
      ],
      [
       -79.583365786657,
       43.5837813162315
      ],
      [
       -79.5832986136747,
       43.5837310011583
      ],
      [
       -79.5832361205905,
       43.5836842151045
      ],
      [
       -79.5831776410108,
       43.5836404293849
      ],
      [
       -79.5831499108503,
       43.5836196582199
      ],
      [
       -79.5830380849806,
       43.5835358860679
      ],
      [
       -79.5830009553072,
       43.5835080760481
      ],
      [
       -79.5828799077851,
       43.5834103322202
      ],
      [
       -79.5826995782429,
       43.5832647234267
      ],
      [
       -79.5826192524866,
       43.5831998780346
      ],
      [
       -79.5825257205306,
       43.5831104949091
      ],
      [
       -79.5823884565313,
       43.5829792687609
      ],
      [
       -79.582185242157,
       43.5827458543519
      ],
      [
       -79.5818546508802,
       43.5823133613006
      ],
      [
       -79.5813733515731,
       43.5814885767205
      ],
      [
       -79.5809228331345,
       43.5808521520609
      ],
      [
       -79.5804900300605,
       43.5802975527317
      ],
      [
       -79.5805708340016,
       43.5800194581423
      ],
      [
       -79.5803406486038,
       43.5798004648468
      ],
      [
       -79.5802197409691,
       43.5796729678628
      ],
      [
       -79.5799770368709,
       43.5794628583811
      ],
      [
       -79.5793703082902,
       43.5790417009554
      ],
      [
       -79.5774952751674,
       43.5777401671378
      ],
      [
       -79.5770184442372,
       43.5774091521249
      ],
      [
       -79.576272531789,
       43.5768865625803
      ],
      [
       -79.574396650672,
       43.5755576704197
      ],
      [
       -79.5731524209876,
       43.5746687592977
      ],
      [
       -79.5714642267317,
       43.5734591581015
      ],
      [
       -79.5696543403677,
       43.5721558824323
      ],
      [
       -79.5697631573332,
       43.5720512979626
      ],
      [
       -79.5702778005065,
       43.5715802211317
      ],
      [
       -79.5703827428239,
       43.5714648043517
      ],
      [
       -79.5710422246965,
       43.5707071925538
      ],
      [
       -79.571626293041,
       43.5701839021336
      ],
      [
       -79.5723166007333,
       43.5695546614183
      ],
      [
       -79.5725567850101,
       43.5693357103725
      ],
      [
       -79.5738775353351,
       43.5681317223937
      ],
      [
       -79.5738945406603,
       43.5681163683533
      ],
      [
       -79.5739097218126,
       43.5681026987199
      ],
      [
       -79.5740101915006,
       43.5680120657998
      ],
      [
       -79.5740157275216,
       43.568007048474
      ],
      [
       -79.5740671355707,
       43.5679597891323
      ],
      [
       -79.5741271567336,
       43.5679045740807
      ],
      [
       -79.5742842013701,
       43.5677601550066
      ],
      [
       -79.5743068686723,
       43.5677393151237
      ],
      [
       -79.5744983093982,
       43.5675632712284
      ],
      [
       -79.5761078473329,
       43.5660847903753
      ],
      [
       -79.5763057400507,
       43.565903014344
      ],
      [
       -79.5763357322747,
       43.5658754681214
      ],
      [
       -79.5767563190804,
       43.5654891292083
      ],
      [
       -79.5769804744144,
       43.565283188849
      ],
      [
       -79.5783161510633,
       43.5640561497891
      ],
      [
       -79.578455598205,
       43.563928022138
      ],
      [
       -79.57826464944,
       43.5638104575077
      ],
      [
       -79.577168644963,
       43.5635537486386
      ],
      [
       -79.5760980364351,
       43.5632702578034
      ],
      [
       -79.5749903407929,
       43.5629863585276
      ],
      [
       -79.5738327449968,
       43.5627198673744
      ],
      [
       -79.5725284525837,
       43.5623703619594
      ],
      [
       -79.570801527144,
       43.5625422632279
      ],
      [
       -79.5702768359051,
       43.5623994433559
      ],
      [
       -79.5704011352167,
       43.5622717528311
      ],
      [
       -79.5698092273912,
       43.5616430559009
      ],
      [
       -79.5684683299667,
       43.5612751532738
      ],
      [
       -79.5675209778619,
       43.562013418736
      ],
      [
       -79.5672627141919,
       43.5622115126752
      ],
      [
       -79.5671833739891,
       43.5621287802574
      ],
      [
       -79.5673770806174,
       43.5618827834911
      ],
      [
       -79.567636819359,
       43.5613728008622
      ],
      [
       -79.5677774624455,
       43.5611854769949
      ],
      [
       -79.5681521824807,
       43.5605238773084
      ],
      [
       -79.5684057290213,
       43.560274938409
      ],
      [
       -79.568457989163,
       43.5601585536167
      ],
      [
       -79.5686605238421,
       43.5599719874954
      ],
      [
       -79.56887691254,
       43.5597225912381
      ],
      [
       -79.5697501447624,
       43.5589231667291
      ],
      [
       -79.5700937066849,
       43.558531278033
      ],
      [
       -79.570485499201,
       43.5581940257339
      ],
      [
       -79.5707626924643,
       43.5579903930217
      ],
      [
       -79.5709028985743,
       43.5578210624428
      ],
      [
       -79.5713439907944,
       43.5574934365564
      ],
      [
       -79.5717598835703,
       43.5571834995203
      ],
      [
       -79.5726851329623,
       43.556798870247
      ],
      [
       -79.5728468918111,
       43.5567648682607
      ],
      [
       -79.573720115453,
       43.5564876460244
      ],
      [
       -79.5742828139494,
       43.55625155763
      ],
      [
       -79.5746988897709,
       43.5559325855046
      ],
      [
       -79.5749353142945,
       43.5558815123884
      ],
      [
       -79.5753236688459,
       43.5556882709407
      ],
      [
       -79.5754975872119,
       43.5556634118024
      ],
      [
       -79.5757728447395,
       43.5555407892184
      ],
      [
       -79.5761444781645,
       43.5552174322094
      ],
      [
       -79.5761875305371,
       43.5552035412477
      ],
      [
       -79.5763398854082,
       43.5551543821682
      ],
      [
       -79.576590270289,
       43.5550017262854
      ],
      [
       -79.5767036011219,
       43.5549221116256
      ],
      [
       -79.5767675881919,
       43.5548328667218
      ],
      [
       -79.5769389564254,
       43.5549160161757
      ],
      [
       -79.577799093301,
       43.5546656200156
      ],
      [
       -79.5788663616001,
       43.5540306031734
      ],
      [
       -79.5788999016337,
       43.5541840740688
      ],
      [
       -79.5789716159715,
       43.5542930099632
      ],
      [
       -79.5792046599367,
       43.5543859529117
      ],
      [
       -79.5793533787826,
       43.5543788035277
      ],
      [
       -79.5796177624479,
       43.5541929962846
      ],
      [
       -79.5797677493264,
       43.5541318403843
      ],
      [
       -79.5799290765738,
       43.5541158464306
      ],
      [
       -79.5802081282454,
       43.5538311689263
      ],
      [
       -79.5805274766094,
       43.5534119381282
      ],
      [
       -79.580663614985,
       43.5534136348857
      ],
      [
       -79.5807515100107,
       43.5533607008658
      ],
      [
       -79.5810076919648,
       43.5529947259587
      ],
      [
       -79.5806173809892,
       43.5527467512261
      ],
      [
       -79.5806800885784,
       43.5527115099475
      ],
      [
       -79.5810599514408,
       43.5528783181051
      ],
      [
       -79.5811472317565,
       43.5528523766623
      ],
      [
       -79.5812229588537,
       43.5527902961696
      ],
      [
       -79.5812517429493,
       43.5526195850093
      ],
      [
       -79.5745944398117,
       43.548809077771
      ],
      [
       -79.5746848904934,
       43.5486481177858
      ],
      [
       -79.5747593434714,
       43.5486400483251
      ],
      [
       -79.5747830476317,
       43.5486853597648
      ],
      [
       -79.5747557570036,
       43.5487930684546
      ],
      [
       -79.5812676801066,
       43.5524667108354
      ],
      [
       -79.5813916565309,
       43.5524592354944
      ],
      [
       -79.5816417288378,
       43.5523542933649
      ],
      [
       -79.581702138917,
       43.5524180696435
      ],
      [
       -79.5821533424263,
       43.5519919135181
      ],
      [
       -79.5823984479446,
       43.5517604107472
      ],
      [
       -79.5817020796437,
       43.5513646028191
      ],
      [
       -79.5812746326583,
       43.5511161821121
      ],
      [
       -79.5808714816337,
       43.550886071386
      ],
      [
       -79.5802361671191,
       43.5505270125461
      ],
      [
       -79.5801384444697,
       43.5504717869022
      ],
      [
       -79.5801653150552,
       43.5503820699785
      ],
      [
       -79.5801288249506,
       43.5503546063003
      ],
      [
       -79.5800776302517,
       43.5504260057138
      ],
      [
       -79.579979669521,
       43.5503797720501
      ],
      [
       -79.5800312744397,
       43.5502903786239
      ],
      [
       -79.5799945793732,
       43.5502719119325
      ],
      [
       -79.5799186491887,
       43.5503429877921
      ],
      [
       -79.5798454241184,
       43.5502970766093
      ],
      [
       -79.5793936724029,
       43.5500303306256
      ],
      [
       -79.5793204536337,
       43.5499843948724
      ],
      [
       -79.5793966225445,
       43.5499043263985
      ],
      [
       -79.5796752425905,
       43.5496376518683
      ],
      [
       -79.5799034840563,
       43.5494063851195
      ],
      [
       -79.5799796569781,
       43.5493262919861
      ],
      [
       -79.5802386871953,
       43.549365522208
      ],
      [
       -79.5811022553822,
       43.5494933147929
      ],
      [
       -79.5811406352606,
       43.5494397559011
      ],
      [
       -79.5810061853248,
       43.5493660606516
      ],
      [
       -79.581059095052,
       43.5492226422541
      ],
      [
       -79.5809487670502,
       43.5491762622005
      ],
      [
       -79.5806949890958,
       43.5489119886957
      ],
      [
       -79.5803951042613,
       43.5485030722415
      ],
      [
       -79.5801134336225,
       43.548373524846
      ],
      [
       -79.5765136285617,
       43.5482657163352
      ],
      [
       -79.5765031563087,
       43.5481845465011
      ],
      [
       -79.5804620641588,
       43.5482878049424
      ],
      [
       -79.580463363797,
       43.5482902909011
      ],
      [
       -79.5804627649938,
       43.5482896432748
      ],
      [
       -79.5806510203622,
       43.5486496914429
      ],
      [
       -79.5807711751924,
       43.5488042544634
      ],
      [
       -79.5811591628871,
       43.5491512160286
      ],
      [
       -79.5815123758114,
       43.5493987178776
      ],
      [
       -79.5817940567728,
       43.5495282601404
      ],
      [
       -79.5822121045469,
       43.549650504368
      ],
      [
       -79.5825447680238,
       43.549717667454
      ],
      [
       -79.5839633291535,
       43.5499333206112
      ],
      [
       -79.5840103083126,
       43.5500419524143
      ],
      [
       -79.5840969240207,
       43.550068540169
      ],
      [
       -79.5842301039873,
       43.5501277555002
      ],
      [
       -79.5843748594868,
       43.5502072066308
      ],
      [
       -79.584487922519,
       43.5502639692322
      ],
      [
       -79.5847327087367,
       43.5503840612999
      ],
      [
       -79.5842877414087,
       43.5508827752221
      ],
      [
       -79.584555600511,
       43.5510751644241
      ],
      [
       -79.5846407470648,
       43.5511392589671
      ],
      [
       -79.5848612124608,
       43.5512410342525
      ],
      [
       -79.585044326952,
       43.5513513571612
      ],
      [
       -79.585415797131,
       43.5513469299035
      ],
      [
       -79.5856612369145,
       43.5514400311315
      ],
      [
       -79.5862311903773,
       43.5508888143903
      ],
      [
       -79.5863792726021,
       43.5509499601131
      ],
      [
       -79.5865743947632,
       43.5507703068573
      ],
      [
       -79.5865923901619,
       43.5507537133481
      ],
      [
       -79.5866056073472,
       43.5507415546914
      ],
      [
       -79.5866062268007,
       43.5507409518741
      ],
      [
       -79.5867582482597,
       43.5505975749442
      ],
      [
       -79.5867210398503,
       43.5505887411302
      ],
      [
       -79.5866484646103,
       43.5505157985844
      ],
      [
       -79.5858037890261,
       43.5501091686835
      ],
      [
       -79.5857534181031,
       43.5501445807334
      ],
      [
       -79.585583328528,
       43.5500073961623
      ],
      [
       -79.5856214913229,
       43.549962857868
      ],
      [
       -79.5855122160404,
       43.5498714757469
      ],
      [
       -79.5852869409595,
       43.5499767288059
      ],
      [
       -79.5850788516398,
       43.5498751030141
      ],
      [
       -79.5849796241367,
       43.5498828806263
      ],
      [
       -79.5842474228087,
       43.5494326227423
      ],
      [
       -79.5835598527821,
       43.5491899980381
      ],
      [
       -79.5835498151656,
       43.5490908134678
      ],
      [
       -79.5836159039058,
       43.5489115525568
      ],
      [
       -79.5837271074925,
       43.5483906918754
      ],
      [
       -79.5837906988858,
       43.5483194452798
      ],
      [
       -79.5840046594922,
       43.548169041776
      ],
      [
       -79.583933357368,
       43.548042094165
      ],
      [
       -79.5838001728482,
       43.5479143987703
      ],
      [
       -79.5836774811676,
       43.5478678492588
      ],
      [
       -79.5836174891774,
       43.547786056589
      ],
      [
       -79.5824691197887,
       43.5476637764268
      ],
      [
       -79.5824615144729,
       43.5479878254733
      ],
      [
       -79.5823125717532,
       43.5480039973455
      ],
      [
       -79.5822886907098,
       43.5479676911444
      ],
      [
       -79.5822962636381,
       43.5476436372058
      ],
      [
       -79.5820621851461,
       43.5475957125707
      ],
      [
       -79.5818534945526,
       43.5475210973782
      ],
      [
       -79.5814613032258,
       43.5473541486697
      ],
      [
       -79.581327275172,
       43.5472624355413
      ],
      [
       -79.5812673147596,
       43.5471806708396
      ],
      [
       -79.5812676122085,
       43.5471783865938
      ],
      [
       -79.5812478099648,
       43.5469829710198
      ],
      [
       -79.5813384388811,
       43.5468130083218
      ],
      [
       -79.5814361821608,
       43.5468682611348
      ],
      [
       -79.5813594022459,
       43.5469753464892
      ],
      [
       -79.58134490554,
       43.5470652110123
      ],
      [
       -79.581642948967,
       43.5470238926745
      ],
      [
       -79.5817556028578,
       43.5469712623137
      ],
      [
       -79.5818317689696,
       43.5468911678214
      ],
      [
       -79.5818619925068,
       43.5466574312003
      ],
      [
       -79.5821090795132,
       43.5463997533166
      ],
      [
       -79.5823568648264,
       43.5461413443095
      ],
      [
       -79.5824468684585,
       43.5459983987092
      ],
      [
       -79.5825001451543,
       43.5458369822394
      ],
      [
       -79.5825215968075,
       43.5454500599651
      ],
      [
       -79.5825612716431,
       43.5453425038029
      ],
      [
       -79.5825514352408,
       43.545234348108
      ],
      [
       -79.5825896050912,
       43.5451897883675
      ],
      [
       -79.5827737519568,
       43.5452551055644
      ],
      [
       -79.5833113608912,
       43.5450276768087
      ],
      [
       -79.5835513172451,
       43.5448235455935
      ],
      [
       -79.5836161350228,
       43.5446982924235
      ],
      [
       -79.5837011622556,
       43.5442401257626
      ],
      [
       -79.5829719420408,
       43.5436638354885
      ],
      [
       -79.5825306792383,
       43.5434783009
      ],
      [
       -79.5826063959314,
       43.5434161976376
      ],
      [
       -79.5827783791344,
       43.5434723446207
      ],
      [
       -79.5828169889805,
       43.5434097946726
      ],
      [
       -79.5829283606541,
       43.5434111906592
      ],
      [
       -79.5828645714627,
       43.5434914330724
      ],
      [
       -79.5830732804488,
       43.5435660493797
      ],
      [
       -79.5840207672618,
       43.5443341440474
      ],
      [
       -79.5840927175691,
       43.5444340784377
      ],
      [
       -79.5842992776272,
       43.5445986986537
      ],
      [
       -79.584776421537,
       43.5448387275626
      ],
      [
       -79.5848733155876,
       43.5449299598769
      ],
      [
       -79.5849975076278,
       43.5449134872783
      ],
      [
       -79.5852598998862,
       43.5448086877492
      ],
      [
       -79.584795319245,
       43.5445598375168
      ],
      [
       -79.5847242250345,
       43.5444238951164
      ],
      [
       -79.5846625902978,
       43.5444141315225
      ],
      [
       -79.584614148416,
       43.5443685031915
      ],
      [
       -79.5846164381727,
       43.5442694892777
      ],
      [
       -79.5847081434853,
       43.5440545248027
      ],
      [
       -79.5848344200601,
       43.5439480355006
      ],
      [
       -79.5852287588818,
       43.5434936946527
      ],
      [
       -79.5852816092668,
       43.5433502977169
      ],
      [
       -79.5852873198288,
       43.5431072498674
      ],
      [
       -79.5852518583974,
       43.5430347782759
      ],
      [
       -79.5858798622916,
       43.5426463751918
      ],
      [
       -79.5865820596238,
       43.5422588806109
      ],
      [
       -79.5876616076468,
       43.5416149114243
      ],
      [
       -79.5879787241022,
       43.5412856946636
      ],
      [
       -79.5880578026056,
       43.5410795736934
      ],
      [
       -79.5883491272357,
       43.5407950415573
      ],
      [
       -79.5887245670451,
       43.5406195809833
      ],
      [
       -79.588960077871,
       43.5406044864186
      ],
      [
       -79.5891697981711,
       43.5406341016428
      ],
      [
       -79.5893933895684,
       43.5406008445846
      ],
      [
       -79.5895196456894,
       43.5404943506709
      ],
      [
       -79.5896593246623,
       43.540342999947
      ],
      [
       -79.589791029718,
       43.5400024538747
      ],
      [
       -79.5899955330141,
       43.5397258513706
      ],
      [
       -79.5901341459494,
       43.5396195289836
      ],
      [
       -79.5904954992638,
       43.5395159305782
      ],
      [
       -79.5910418374996,
       43.5394416216908
      ],
      [
       -79.5912400368868,
       43.5394350765307
      ],
      [
       -79.5914619243448,
       43.5394738055738
      ],
      [
       -79.5918171853842,
       43.5396312638192
      ],
      [
       -79.5921745596614,
       43.5396986862135
      ],
      [
       -79.5926271617057,
       43.539929374376
      ],
      [
       -79.5930216445135,
       43.5399066643722
      ],
      [
       -79.5932716539131,
       43.5398922706051
      ],
      [
       -79.5937202433191,
       43.5397627313063
      ],
      [
       -79.5946812105719,
       43.5394234019473
      ],
      [
       -79.595246374409,
       43.5390701818568
      ],
      [
       -79.5958132242493,
       43.5386449432621
      ],
      [
       -79.5959650352838,
       43.5385027513873
      ],
      [
       -79.5960805978252,
       43.5383240869306
      ],
      [
       -79.5961930131559,
       43.5382804370873
      ],
      [
       -79.5963314069989,
       43.538183103144
      ],
      [
       -79.5963714529612,
       43.53805752577
      ],
      [
       -79.5963787584076,
       43.5377424881872
      ],
      [
       -79.5964584387244,
       43.5375093527242
      ],
      [
       -79.5967102899739,
       43.5373233630738
      ],
      [
       -79.5970575839748,
       43.5372916121628
      ],
      [
       -79.5970596453231,
       43.5372015982533
      ],
      [
       -79.5972253065923,
       43.536996534227
      ],
      [
       -79.5972433200498,
       43.5367536400325
      ],
      [
       -79.5972691015635,
       43.5367089286865
      ],
      [
       -79.5975161465134,
       43.536729969892
      ],
      [
       -79.5976514248837,
       43.5367676531194
      ],
      [
       -79.5977883602446,
       43.5367333155944
      ],
      [
       -79.598003511641,
       43.5365288646756
      ],
      [
       -79.5981079144475,
       43.5362960222067
      ],
      [
       -79.5982819762955,
       43.536262152889
      ],
      [
       -79.5982909317001,
       43.5358750736705
      ],
      [
       -79.5983163032811,
       43.535848380567
      ],
      [
       -79.5986256462336,
       43.5358521678272
      ],
      [
       -79.5986885526504,
       43.5358079238674
      ],
      [
       -79.5988751105671,
       43.5352339452857
      ],
      [
       -79.5987553395905,
       43.5350613983271
      ],
      [
       -79.5987943230824,
       43.5349808509398
      ],
      [
       -79.5990541678139,
       43.5349840212935
      ],
      [
       -79.5991804211036,
       43.5348775210344
      ],
      [
       -79.5992455835761,
       43.5347342682541
      ],
      [
       -79.5992742985817,
       43.5345635412131
      ],
      [
       -79.5992679765929,
       43.5343023392852
      ],
      [
       -79.5990867518695,
       43.5341110395082
      ],
      [
       -79.5990882060585,
       43.5340480177823
      ],
      [
       -79.5993345508289,
       43.5335648147094
      ],
      [
       -79.5994167092798,
       43.5332236562757
      ],
      [
       -79.5994204547061,
       43.5330616300313
      ],
      [
       -79.5995336918638,
       43.5329819947962
      ],
      [
       -79.5996209233393,
       43.5329560376082
      ],
      [
       -79.5996564820593,
       43.5324882712886
      ],
      [
       -79.5996988111157,
       43.532263668184
      ],
      [
       -79.5998300449471,
       43.5319411430455
      ],
      [
       -79.5998333875635,
       43.5317971119333
      ],
      [
       -79.6004266370686,
       43.5307598945236
      ],
      [
       -79.6004542994894,
       43.5306341738367
      ],
      [
       -79.6006509176028,
       43.5301593827311
      ],
      [
       -79.6007662059095,
       43.5299897113031
      ],
      [
       -79.6009871459261,
       43.5295332074818
      ],
      [
       -79.6011868975592,
       43.5289233604814
      ],
      [
       -79.6013799359422,
       43.5286015689072
      ],
      [
       -79.6014486611489,
       43.5283052730338
      ],
      [
       -79.601579671013,
       43.5279917488269
      ],
      [
       -79.6015827739594,
       43.5278567115442
      ],
      [
       -79.6015473320041,
       43.5277842567566
      ],
      [
       -79.6014743677861,
       43.5277293286403
      ],
      [
       -79.6014254837059,
       43.5277017254408
      ],
      [
       -79.6014150052473,
       43.5276205710039
      ],
      [
       -79.601491713824,
       43.5275134537684
      ],
      [
       -79.6016661487317,
       43.527461561134
      ],
      [
       -79.6017300905237,
       43.5273722903981
      ],
      [
       -79.6017840569033,
       43.5266436161027
      ],
      [
       -79.601748414943,
       43.526580158533
      ],
      [
       -79.6016508913495,
       43.5265159368065
      ],
      [
       -79.6016169011396,
       43.526380463755
      ],
      [
       -79.6016303084708,
       43.5263356071716
      ],
      [
       -79.6017055627222,
       43.5262915098081
      ],
      [
       -79.6018542217106,
       43.5262843275737
      ],
      [
       -79.6019177543769,
       43.5262130752531
      ],
      [
       -79.6019347029635,
       43.5260151703182
      ],
      [
       -79.6020136939853,
       43.5258090524146
      ],
      [
       -79.6020702546845,
       43.5255035932358
      ],
      [
       -79.6020955168521,
       43.5249456449286
      ],
      [
       -79.6020506122339,
       43.5247470069599
      ],
      [
       -79.6021656762676,
       43.5245863596381
      ],
      [
       -79.6021796220335,
       43.5239832405373
      ],
      [
       -79.6021557034121,
       43.5239469387821
      ],
      [
       -79.6021697508028,
       43.5238750739756
      ],
      [
       -79.6022330456224,
       43.5238128136569
      ],
      [
       -79.6022963736078,
       43.5237505582099
      ],
      [
       -79.6023308616692,
       43.5233277888299
      ],
      [
       -79.6023285635073,
       43.5223553163081
      ],
      [
       -79.602332538614,
       43.5221842829472
      ],
      [
       -79.6023370164151,
       43.5219902438861
      ],
      [
       -79.6023645266049,
       43.5207980486328
      ],
      [
       -79.6023778273884,
       43.5202219498303
      ],
      [
       -79.6022213763916,
       43.5200309367922
      ],
      [
       -79.6022152469551,
       43.5197607326116
      ],
      [
       -79.6022052751617,
       43.5191213274711
      ],
      [
       -79.6022408096121,
       43.5186535427359
      ],
      [
       -79.6022415081594,
       43.5183453678264
      ],
      [
       -79.6022421568368,
       43.5180592866269
      ],
      [
       -79.6022154459439,
       43.517608763394
      ],
      [
       -79.6022170962149,
       43.5175367496224
      ],
      [
       -79.6021816683573,
       43.5174642743782
      ],
      [
       -79.6021537150687,
       43.5170677480823
      ],
      [
       -79.602182408143,
       43.5168970357288
      ],
      [
       -79.6021709596862,
       43.5163206267531
      ],
      [
       -79.6021355970004,
       43.5157079186723
      ],
      [
       -79.6022003649795,
       43.5155826491519
      ],
      [
       -79.602090908837,
       43.515500269934
      ],
      [
       -79.6020326108762,
       43.515346494855
      ],
      [
       -79.6020036188321,
       43.5149949727569
      ],
      [
       -79.6021281258542,
       43.5149604859534
      ],
      [
       -79.6021668926163,
       43.5148889160988
      ],
      [
       -79.602149653826,
       43.5145645528322
      ],
      [
       -79.6020196950572,
       43.5137616018346
      ],
      [
       -79.6017161137109,
       43.5124432911681
      ],
      [
       -79.6017101957367,
       43.5121640760692
      ],
      [
       -79.6016755738908,
       43.5120556200227
      ],
      [
       -79.6015961541601,
       43.5112082431877
      ],
      [
       -79.6015300542438,
       43.510856284815
      ],
      [
       -79.6012737702731,
       43.5101688382295
      ],
      [
       -79.6012024854258,
       43.5100419035228
      ],
      [
       -79.6011950870406,
       43.5098257018749
      ],
      [
       -79.6012225340502,
       43.5097089892622
      ],
      [
       -79.601454495717,
       43.5093066444205
      ],
      [
       -79.6017860322146,
       43.5088784946651
      ],
      [
       -79.6021277705377,
       43.5080092790558
      ],
      [
       -79.6022138160914,
       43.5074970858577
      ],
      [
       -79.6022967212773,
       43.5071199361663
      ],
      [
       -79.6022755317575,
       43.5065545714163
      ],
      [
       -79.6022737631759,
       43.5065073824659
      ],
      [
       -79.6026402924715,
       43.5061696975206
      ],
      [
       -79.6028396294361,
       43.5061091129644
      ],
      [
       -79.6030874618012,
       43.5055538591494
      ],
      [
       -79.6031410944928,
       43.5053744567178
      ],
      [
       -79.6032176614898,
       43.5047360967045
      ],
      [
       -79.6037141187128,
       43.5025181268352
      ],
      [
       -79.6036788984032,
       43.5024366628719
      ],
      [
       -79.6038558230698,
       43.5017364978574
      ],
      [
       -79.6042577033507,
       43.5003997786657
      ],
      [
       -79.6043229320077,
       43.5000955177738
      ],
      [
       -79.6043270155784,
       43.5000764914194
      ],
      [
       -79.6044216543182,
       43.4997264602972
      ],
      [
       -79.6049916751213,
       43.4986079002491
      ],
      [
       -79.6052485019608,
       43.4981968434281
      ],
      [
       -79.6057054613902,
       43.4976891974786
      ],
      [
       -79.60581018413,
       43.4974383554303
      ],
      [
       -79.6062034451004,
       43.497010950024
      ],
      [
       -79.6064211071653,
       43.4966894482673
      ],
      [
       -79.6065340507798,
       43.4966187880869
      ],
      [
       -79.6037321860362,
       43.4947567564765
      ],
      [
       -79.6027089094759,
       43.4930064427748
      ],
      [
       -79.6026392961514,
       43.4928075155232
      ],
      [
       -79.602715142859,
       43.4927363957216
      ],
      [
       -79.6027769456851,
       43.4927371537817
      ],
      [
       -79.6037983664861,
       43.4945684889797
      ],
      [
       -79.6040219640157,
       43.4945261870022
      ],
      [
       -79.6040815172409,
       43.4946259591111
      ],
      [
       -79.603882024184,
       43.4946955617684
      ],
      [
       -79.6067092423533,
       43.4965308727268
      ],
      [
       -79.6076888047268,
       43.4958855164486
      ],
      [
       -79.6082998628694,
       43.4956678581056
      ],
      [
       -79.6086380727888,
       43.4954828819441
      ],
      [
       -79.6088373574322,
       43.4954222870249
      ],
      [
       -79.6091100074044,
       43.4953985713242
      ],
      [
       -79.6092600385291,
       43.4953283722496
      ],
      [
       -79.6098955887567,
       43.4951200128534
      ],
      [
       -79.6105820612603,
       43.4948492270344
      ],
      [
       -79.6112825156568,
       43.4945065762785
      ],
      [
       -79.6121777308788,
       43.4943013427945
      ],
      [
       -79.6124023512694,
       43.494214024989
      ],
      [
       -79.6125289059343,
       43.4940894918307
      ],
      [
       -79.6128662474031,
       43.4939405254186
      ],
      [
       -79.6133942091852,
       43.493568765056
      ],
      [
       -79.613936986597,
       43.493089116504
      ],
      [
       -79.6141523473395,
       43.4928666159091
      ],
      [
       -79.6145352021824,
       43.4923490243309
      ],
      [
       -79.6147573191157,
       43.4918294667685
      ],
      [
       -79.6148488275096,
       43.4916144808033
      ],
      [
       -79.6149571889434,
       43.4912015927249
      ],
      [
       -79.6153620720453,
       43.4902610580912
      ],
      [
       -79.6153649685785,
       43.4901350455332
      ],
      [
       -79.6153175542078,
       43.4900444223086
      ],
      [
       -79.6155479134912,
       43.4891647921828
      ],
      [
       -79.6155460165636,
       43.4887055553073
      ],
      [
       -79.6154743236468,
       43.4885966603722
      ],
      [
       -79.6147697805334,
       43.4880388484288
      ],
      [
       -79.6141633336606,
       43.4875182731082
      ],
      [
       -79.6135408473898,
       43.4871595644374
      ],
      [
       -79.6127638328665,
       43.4865288438947
      ],
      [
       -79.6126776998682,
       43.4865097849384
      ],
      [
       -79.6125190183038,
       43.4864178237286
      ],
      [
       -79.612375634047,
       43.4861999768486
      ],
      [
       -79.6123896209156,
       43.4861281185782
      ],
      [
       -79.609593245011,
       43.484041189932
      ],
      [
       -79.6095818990295,
       43.4839960229251
      ],
      [
       -79.609607234565,
       43.483969333814
      ],
      [
       -79.6099740103143,
       43.4836136265762
      ],
      [
       -79.6100246874734,
       43.4835602221321
      ],
      [
       -79.6100988658847,
       43.4835611248836
      ],
      [
       -79.6107196741745,
       43.4839918574061
      ],
      [
       -79.6107243978833,
       43.4843250695671
      ],
      [
       -79.610769724474,
       43.4845057040161
      ],
      [
       -79.6108529450366,
       43.484650773165
      ],
      [
       -79.6125179906608,
       43.4859225696497
      ],
      [
       -79.6127030383517,
       43.4859428470885
      ],
      [
       -79.6128252256893,
       43.486007360806
      ],
      [
       -79.6130918381369,
       43.4862447023845
      ],
      [
       -79.6132507185241,
       43.4863276682372
      ],
      [
       -79.6143473408436,
       43.4870432892354
      ],
      [
       -79.614565758065,
       43.4872260091143
      ],
      [
       -79.6146883543089,
       43.4872725075254
      ],
      [
       -79.6148346491808,
       43.4873643408506
      ],
      [
       -79.6151987745252,
       43.4876658764656
      ],
      [
       -79.6155152868123,
       43.4878858093184
      ],
      [
       -79.615785218718,
       43.4879791188188
      ],
      [
       -79.6159461396495,
       43.4879720629381
      ],
      [
       -79.6167287297202,
       43.4878194738563
      ],
      [
       -79.6171653732538,
       43.4876536750459
      ],
      [
       -79.617391617239,
       43.4874943244956
      ],
      [
       -79.6174956223169,
       43.4872704849878
      ],
      [
       -79.6178242756993,
       43.4869593017906
      ],
      [
       -79.6182629326258,
       43.4867034812885
      ],
      [
       -79.618436228683,
       43.4866965930718
      ],
      [
       -79.618619393104,
       43.4867978451845
      ],
      [
       -79.6186328132495,
       43.486752975633
      ],
      [
       -79.6188578124391,
       43.4866476592019
      ],
      [
       -79.6189587601773,
       43.4865588287921
      ],
      [
       -79.6190615671626,
       43.4863889813198
      ],
      [
       -79.6190506395494,
       43.4863258308601
      ],
      [
       -79.6188563175871,
       43.4861704186503
      ],
      [
       -79.6188571188135,
       43.4861343899944
      ],
      [
       -79.6189436804931,
       43.4861354582199
      ],
      [
       -79.6190782320486,
       43.4862001074174
      ],
      [
       -79.619214208219,
       43.4862017479949
      ],
      [
       -79.619302005966,
       43.4861487778766
      ],
      [
       -79.6193658566877,
       43.4860595125751
      ],
      [
       -79.6193672820596,
       43.4859965050191
      ],
      [
       -79.619222835896,
       43.4858236882745
      ],
      [
       -79.6192358203739,
       43.4857968271486
      ],
      [
       -79.61950614825,
       43.4858721107994
      ],
      [
       -79.6197317724592,
       43.4857397885269
      ],
      [
       -79.6199594248122,
       43.4855174250514
      ],
      [
       -79.6204273044023,
       43.4850638505723
      ],
      [
       -79.6205422523766,
       43.4849031659136
      ],
      [
       -79.6207690948395,
       43.4847168284589
      ],
      [
       -79.6209069247242,
       43.4846374508254
      ],
      [
       -79.6212044345771,
       43.4846050198581
      ],
      [
       -79.6213418693135,
       43.4845436308937
      ],
      [
       -79.6215184356784,
       43.484392713179
      ],
      [
       -79.6218818461016,
       43.484180978729
      ],
      [
       -79.6221812072392,
       43.484067528062
      ],
      [
       -79.6226080882715,
       43.4837845425282
      ],
      [
       -79.6230629769992,
       43.4833578230301
      ],
      [
       -79.6239238522232,
       43.4824767665126
      ],
      [
       -79.6240914878729,
       43.4821726570538
      ],
      [
       -79.623969099003,
       43.4821171543972
      ],
      [
       -79.6240966161071,
       43.4819475960505
      ],
      [
       -79.6241450257192,
       43.4819932131006
      ],
      [
       -79.6243039120285,
       43.4820761565176
      ],
      [
       -79.624637069537,
       43.4821071775519
      ],
      [
       -79.6250964105095,
       43.4814824184008
      ],
      [
       -79.6251027149555,
       43.4812033652357
      ],
      [
       -79.6251205706192,
       43.4811547880651
      ],
      [
       -79.6251560200014,
       43.4811817668315
      ],
      [
       -79.6256157193433,
       43.4815761958944
      ],
      [
       -79.6260211830158,
       43.4819307985647
      ],
      [
       -79.6276534374723,
       43.4833584353949
      ],
      [
       -79.6279862618183,
       43.4835947363388
      ],
      [
       -79.6286369489009,
       43.4840461436634
      ],
      [
       -79.6306318335598,
       43.485510739698
      ],
      [
       -79.633406238798,
       43.4874915371488
      ],
      [
       -79.6348309369705,
       43.4884963372054
      ],
      [
       -79.6379689514703,
       43.4908388512542
      ],
      [
       -79.6410623666267,
       43.4931045010631
      ],
      [
       -79.6416679644529,
       43.4935480530166
      ],
      [
       -79.6426834498138,
       43.4942941397162
      ],
      [
       -79.6455742411676,
       43.4964397553678
      ],
      [
       -79.6456676556851,
       43.4965090362305
      ],
      [
       -79.6460529646256,
       43.4968010484303
      ],
      [
       -79.6476673411441,
       43.4979558407257
      ],
      [
       -79.6476992636639,
       43.4979790700178
      ],
      [
       -79.6480287037637,
       43.4982187649186
      ],
      [
       -79.6511034159057,
       43.5004557171337
      ],
      [
       -79.651247642819,
       43.5005606569592
      ],
      [
       -79.6512890023885,
       43.5005907668111
      ],
      [
       -79.6546324531763,
       43.5030250512721
      ],
      [
       -79.6562585195345,
       43.5042056721503
      ],
      [
       -79.6578846758416,
       43.5053862446877
      ],
      [
       -79.6590639497571,
       43.5062598426174
      ],
      [
       -79.6599362548116,
       43.5068929463395
      ],
      [
       -79.6599225635314,
       43.5069905385983
      ],
      [
       -79.6603735137785,
       43.5073150959146
      ],
      [
       -79.6604948751256,
       43.5074024446554
      ],
      [
       -79.6606406764363,
       43.50752123759
      ],
      [
       -79.6608728524552,
       43.5076499445511
      ],
      [
       -79.6614440814314,
       43.5081158256729
      ],
      [
       -79.6615662814325,
       43.5081803134294
      ],
      [
       -79.6619255853538,
       43.5084503176911
      ],
      [
       -79.6619435428814,
       43.5084638216114
      ],
      [
       -79.662103437343,
       43.5085982530607
      ],
      [
       -79.6621497392995,
       43.5086371328203
      ],
      [
       -79.6625881838449,
       43.5089301068841
      ],
      [
       -79.6632214985061,
       43.5094061075036
      ],
      [
       -79.6634279176466,
       43.5095887499987
      ],
      [
       -79.6636719606373,
       43.5097446339682
      ],
      [
       -79.6603135756393,
       43.5128028504234
      ],
      [
       -79.6599684428662,
       43.5131184571977
      ],
      [
       -79.6597402637234,
       43.513327095284
      ],
      [
       -79.6597003090439,
       43.5133636195037
      ],
      [
       -79.6596912033665,
       43.5133719424317
      ],
      [
       -79.6595933027737,
       43.5134614636625
      ],
      [
       -79.6589495311809,
       43.5140501250732
      ],
      [
       -79.6589488795266,
       43.514050723408
      ],
      [
       -79.6557736682343,
       43.5169537975384
      ],
      [
       -79.6557015901264,
       43.5170196967922
      ],
      [
       -79.6530014731332,
       43.5194880411815
      ],
      [
       -79.6521890986843,
       43.5202310311436
      ],
      [
       -79.6510591005148,
       43.5212644490531
      ],
      [
       -79.6506395419061,
       43.5216481484261
      ],
      [
       -79.6491359522719,
       43.5230440568855
      ],
      [
       -79.6491326462914,
       43.5230470909299
      ],
      [
       -79.6481000492304,
       43.5239952586609
      ],
      [
       -79.6479483709536,
       43.5241375462362
      ],
      [
       -79.6479466631033,
       43.5241389405861
      ],
      [
       -79.647872753362,
       43.5241996465675
      ],
      [
       -79.6478277953291,
       43.5242418015844
      ],
      [
       -79.6477589720225,
       43.5243063457873
      ],
      [
       -79.6477210673057,
       43.524341958054
      ],
      [
       -79.6476074420011,
       43.5244396557358
      ],
      [
       -79.6474759442257,
       43.5245607191634
      ],
      [
       -79.6465792680254,
       43.5253861464818
      ],
      [
       -79.6457442821213,
       43.5261527162396
      ],
      [
       -79.6443857427411,
       43.5273998417865
      ],
      [
       -79.6443592635174,
       43.5274242378023
      ],
      [
       -79.6438280528934,
       43.5279137816641
      ],
      [
       -79.6434886418532,
       43.5282265593213
      ],
      [
       -79.6429201487733,
       43.5287420628593
      ],
      [
       -79.6414065388143,
       43.5301114808283
      ],
      [
       -79.6412952963014,
       43.5302121222677
      ],
      [
       -79.6380700215219,
       43.5331298413027
      ],
      [
       -79.638036697945,
       43.5331599664375
      ],
      [
       -79.634529729656,
       43.5363319905788
      ],
      [
       -79.634433110586,
       43.5364193630446
      ],
      [
       -79.6291743554943,
       43.5411748596052
      ],
      [
       -79.6290465259815,
       43.5412923482424
      ],
      [
       -79.6265555754524,
       43.5435814602541
      ],
      [
       -79.6230808469344,
       43.5467741641794
      ],
      [
       -79.6226429585991,
       43.547121213574
      ],
      [
       -79.622434229268,
       43.5472866499
      ],
      [
       -79.6219841480676,
       43.5476433471457
      ],
      [
       -79.6210151619413,
       43.5483339666473
      ],
      [
       -79.6196982506308,
       43.5490834490329
      ],
      [
       -79.6191851615432,
       43.5493355310401
      ],
      [
       -79.6185714565798,
       43.5496370572482
      ],
      [
       -79.6183961492972,
       43.5497250532685
      ],
      [
       -79.6174079476485,
       43.5501722551677
      ],
      [
       -79.6167324633939,
       43.5504792523253
      ],
      [
       -79.6162444454664,
       43.5507074439478
      ],
      [
       -79.6157190524335,
       43.5509441642505
      ],
      [
       -79.6147782560231,
       43.5514820635006
      ],
      [
       -79.6137468653705,
       43.5521994584101
      ],
      [
       -79.6136564497416,
       43.5522623665175
      ],
      [
       -79.6136082327666,
       43.5522962565691
      ],
      [
       -79.6133834392807,
       43.5524631632948
      ],
      [
       -79.6133815527837,
       43.5524645576536
      ],
      [
       -79.6126904608963,
       43.553068963197
      ],
      [
       -79.6120674675907,
       43.5537321487964
      ],
      [
       -79.6119252351157,
       43.5538875510422
      ],
      [
       -79.6112879396038,
       43.5546811564535
      ],
      [
       -79.6108415843675,
       43.5552955367541
      ],
      [
       -79.6108405379841,
       43.5552969475824
      ],
      [
       -79.6100190735719,
       43.556410199512
      ],
      [
       -79.6098102509323,
       43.5566931811035
      ],
      [
       -79.6096122351124,
       43.5569615612788
      ],
      [
       -79.60934319276,
       43.5573261319425
      ],
      [
       -79.6093325391006,
       43.5573405493142
      ],
      [
       -79.6086721999623,
       43.5582305638779
      ],
      [
       -79.6088297642001,
       43.5582800536855
      ],
      [
       -79.6094575543409,
       43.5584771226464
      ],
      [
       -79.6149980557904,
       43.5597234511135
      ],
      [
       -79.6156134624582,
       43.559883966066
      ],
      [
       -79.6161058515768,
       43.560006957764
      ],
      [
       -79.6171656669545,
       43.5602268537622
      ],
      [
       -79.6176215569244,
       43.5603224662083
      ],
      [
       -79.617868340993,
       43.5603614486447
      ],
      [
       -79.6179300508815,
       43.5603711448159
      ],
      [
       -79.6180164391965,
       43.5603812473631
      ],
      [
       -79.6182516476439,
       43.5603840682395
      ],
      [
       -79.6184989566484,
       43.5603960461489
      ],
      [
       -79.6191682652352,
       43.5603681610219
      ],
      [
       -79.6193045612839,
       43.5603607654739
      ],
      [
       -79.6206071610894,
       43.5602504471748
      ],
      [
       -79.620818057122,
       43.5602349594401
      ],
      [
       -79.6209543602794,
       43.5602276646554
      ],
      [
       -79.6211029616611,
       43.5602294509992
      ],
      [
       -79.6212512572848,
       43.5602402465375
      ],
      [
       -79.6213374364616,
       43.5602592643856
      ],
      [
       -79.6214730602725,
       43.5602879500625
      ],
      [
       -79.6216574592365,
       43.5603441593972
      ],
      [
       -79.6218169629273,
       43.5604091623977
      ],
      [
       -79.6220314516168,
       43.5605485677572
      ],
      [
       -79.6224443666755,
       43.5608277590554
      ],
      [
       -79.6226107592419,
       43.5609414488378
      ],
      [
       -79.6230477584944,
       43.5612458613187
      ],
      [
       -79.6233165387446,
       43.5614356576111
      ],
      [
       -79.6237460204538,
       43.5617340395849
      ],
      [
       -79.6241210617491,
       43.5619945571639
      ],
      [
       -79.624524559018,
       43.5622155621056
      ],
      [
       -79.6249165589218,
       43.5624003651149
      ],
      [
       -79.6251742530657,
       43.5625024680897
      ],
      [
       -79.6257028381841,
       43.5626709533429
      ],
      [
       -79.6260103566394,
       43.5627646691781
      ],
      [
       -79.6277047470041,
       43.5632130512489
      ],
      [
       -79.627796249381,
       43.5632354497307
      ],
      [
       -79.629159856951,
       43.5636578518949
      ],
      [
       -79.6294303467853,
       43.5637421662145
      ],
      [
       -79.6296998619842,
       43.5638714714411
      ],
      [
       -79.6299569553034,
       43.5640005497151
      ],
      [
       -79.6301888706924,
       43.5641473608428
      ],
      [
       -79.630359966758,
       43.564248455763
      ],
      [
       -79.6324886537158,
       43.5657076465127
      ],
      [
       -79.6328876637411,
       43.5659805657519
      ],
      [
       -79.6333382379193,
       43.5662979624964
      ],
      [
       -79.6358460599064,
       43.5680597588806
      ],
      [
       -79.6401249182922,
       43.571084134612
      ],
      [
       -79.6391157285776,
       43.5715326566591
      ],
      [
       -79.6386410025614,
       43.5717436397062
      ],
      [
       -79.6378989481987,
       43.5720734234517
      ],
      [
       -79.6365821348106,
       43.5728770658554
      ],
      [
       -79.6357641513335,
       43.5734822409955
      ],
      [
       -79.6355885514281,
       43.5736121310498
      ],
      [
       -79.6354254444013,
       43.5737327949466
      ],
      [
       -79.6351929490386,
       43.5739047996359
      ],
      [
       -79.6346014628317,
       43.5743907114201
      ],
      [
       -79.6344488365947,
       43.5745160803561
      ],
      [
       -79.6342811973221,
       43.5746537709401
      ],
      [
       -79.6314648510361,
       43.57696715228
      ],
      [
       -79.6313048488533,
       43.5770985847054
      ],
      [
       -79.6311448527549,
       43.5772299908642
      ],
      [
       -79.6293902723387,
       43.5786710582461
      ],
      [
       -79.6289353573913,
       43.5790446873288
      ],
      [
       -79.6287717789529,
       43.5791790382836
      ],
      [
       -79.6286153308377,
       43.5793075192712
      ],
      [
       -79.6282671166553,
       43.5795934900851
      ],
      [
       -79.627056609596,
       43.580587572789
      ],
      [
       -79.6269996042301,
       43.5806334533824
      ],
      [
       -79.6269411051935,
       43.5806805810725
      ],
      [
       -79.6268937370516,
       43.5807187231493
      ],
      [
       -79.626836819588,
       43.5807645398869
      ],
      [
       -79.6224459736046,
       43.5844217816832
      ],
      [
       -79.6224221890128,
       43.5844425257661
      ],
      [
       -79.62225403052,
       43.5845890872359
      ],
      [
       -79.6221406855292,
       43.5846878719927
      ],
      [
       -79.6207148156493,
       43.5858881387263
      ],
      [
       -79.6205537448995,
       43.586023710014
      ],
      [
       -79.6203990364778,
       43.5861539167238
      ],
      [
       -79.6194928621577,
       43.5869166547308
      ],
      [
       -79.6184193411005,
       43.5876595591869
      ],
      [
       -79.6183988559655,
       43.5876710024174
      ],
      [
       -79.618208059586,
       43.5877776556671
      ],
      [
       -79.6180158118502,
       43.5878851266221
      ],
      [
       -79.617615389429,
       43.5881089338896
      ],
      [
       -79.6164891183905,
       43.5886351375905
      ],
      [
       -79.616340415565,
       43.588692261794
      ],
      [
       -79.6163071925601,
       43.5887050190102
      ],
      [
       -79.6162783208743,
       43.588716116326
      ],
      [
       -79.6161253076556,
       43.5887748799251
      ],
      [
       -79.6156389711303,
       43.588958218594
      ],
      [
       -79.6147519107438,
       43.5892352468061
      ],
      [
       -79.6147052858134,
       43.5892460259246
      ],
      [
       -79.6144775152204,
       43.5892987156612
      ],
      [
       -79.6142450636687,
       43.5893524547886
      ],
      [
       -79.6133428723356,
       43.5895611155037
      ],
      [
       -79.613272652158,
       43.5895773469591
      ],
      [
       -79.6131175393751,
       43.5896132270244
      ],
      [
       -79.6130452500389,
       43.5896299572684
      ],
      [
       -79.6128825283165,
       43.5896675716044
      ],
      [
       -79.6128123091569,
       43.5896838018883
      ],
      [
       -79.6094351449923,
       43.5904646794965
      ],
      [
       -79.6092376379424,
       43.590510346334
      ],
      [
       -79.6060739083579,
       43.5912404676889
      ],
      [
       -79.6060588328248,
       43.5912439304716
      ],
      [
       -79.6060362865602,
       43.5912491452682
      ],
      [
       -79.6060127318938,
       43.5912545755643
      ],
      [
       -79.6058491870517,
       43.5912923174896
      ],
      [
       -79.6058344101961,
       43.591295719957
      ],
      [
       -79.605613096847,
       43.5913467995968
      ],
      [
       -79.6056098711856,
       43.5913475435969
      ],
      [
       -79.6055980157474,
       43.5913502865615
      ],
      [
       -79.6037425316444,
       43.5917783811434
      ],
      [
       -79.6035156613698,
       43.5918307385345
      ],
      [
       -79.6033467160787,
       43.591869705669
      ],
      [
       -79.6033129555211,
       43.5918774976133
      ],
      [
       -79.6033504299728,
       43.5918433026373
      ],
      [
       -79.6034246911428,
       43.5917755048132
      ],
      [
       -79.6035057138822,
       43.5917015317543
      ],
      [
       -79.6036133566475,
       43.5916032542433
      ],
      [
       -79.6034515598078,
       43.5916373530506
      ],
      [
       -79.6033754064429,
       43.5916502293566
      ],
      [
       -79.6032525631127,
       43.5916709556468
      ],
      [
       -79.6030378380544,
       43.5918628058275
      ],
      [
       -79.6029170956421,
       43.591970681237
      ],
      [
       -79.6028350581165,
       43.5920439733714
      ],
      [
       -79.6015538433129,
       43.5931317642955
      ],
      [
       -79.6013818577002,
       43.5932777625989
      ],
      [
       -79.6011151459442,
       43.5935222578544
      ],
      [
       -79.6011044140678,
       43.5936728807845
      ],
      [
       -79.6010962386935,
       43.5937872677153
      ],
      [
       -79.6005183348448,
       43.5942793591425
      ],
      [
       -79.6003067659354,
       43.5944426027516
      ],
      [
       -79.600122677581,
       43.5945846323112
      ],
      [
       -79.6000233326989,
       43.5946612733089
      ],
      [
       -79.6000001652171,
       43.5946824092057
      ],
      [
       -79.5999256505276,
       43.5946375623163
      ],
      [
       -79.5987655462609,
       43.5939120625267
      ],
      [
       -79.5969980599898,
       43.5926748740468
      ],
      [
       -79.5966683386994,
       43.592445661143
      ],
      [
       -79.5965850568936,
       43.5923005653322
      ]
     ]
    ]
   },
   "properties": {
    "OBJECTID": 14,
    "PDZ": "M7",
    "CSDNAME": "Mississauga",
    "Shape__Area": 42040143.43725586,
    "Shape__Length": 43230.49636539284
   }
  },
  {
   "type": "Feature",
   "id": 15,
   "geometry": {
    "type": "Polygon",
    "coordinates": [
     [
      [
       -79.5915665303681,
       43.6443081569104
      ],
      [
       -79.591395261373,
       43.6442253970461
      ],
      [
       -79.5912941852029,
       43.6442870825365
      ],
      [
       -79.5909985733239,
       43.6441481238177
      ],
      [
       -79.5906285689579,
       43.6439991935491
      ],
      [
       -79.5904596111959,
       43.6439057586964
      ],
      [
       -79.5902663261985,
       43.6437989201002
      ],
      [
       -79.5902644280044,
       43.6437978576325
      ],
      [
       -79.5900741344141,
       43.6436923377683
      ],
      [
       -79.5899294718697,
       43.6436121738105
      ],
      [
       -79.5897118236887,
       43.6433844799217
      ],
      [
       -79.5894920412868,
       43.6432467860869
      ],
      [
       -79.589381404573,
       43.6432094400043
      ],
      [
       -79.589211341811,
       43.643063326504
      ],
      [
       -79.5890644359185,
       43.6429895445619
      ],
      [
       -79.5887455013296,
       43.6428506432346
      ],
      [
       -79.5884680930269,
       43.6425322155403
      ],
      [
       -79.5883850316922,
       43.6423781631895
      ],
      [
       -79.588403074407,
       43.642144396958
      ],
      [
       -79.5884217739129,
       43.6418835828757
      ],
      [
       -79.5877477867996,
       43.6410472298419
      ],
      [
       -79.587473207115,
       43.6406118319378
      ],
      [
       -79.5873562229687,
       43.6403223669936
      ],
      [
       -79.5873014381398,
       43.6400246955964
      ],
      [
       -79.5868038254289,
       43.6390734707521
      ],
      [
       -79.5864557580511,
       43.6386011593301
      ],
      [
       -79.5860801284719,
       43.6382455247724
      ],
      [
       -79.5859284267341,
       43.6379435067596
      ],
      [
       -79.5859027264254,
       43.6378923011689
      ],
      [
       -79.5858115901875,
       43.6378127968822
      ],
      [
       -79.5856542432014,
       43.6376737251433
      ],
      [
       -79.5856113997189,
       43.6376364831625
      ],
      [
       -79.5854460583862,
       43.6374444221034
      ],
      [
       -79.5853878342114,
       43.6373767787266
      ],
      [
       -79.585351110934,
       43.6372810822197
      ],
      [
       -79.5853391079813,
       43.6372484753167
      ],
      [
       -79.5853529980545,
       43.637185495333
      ],
      [
       -79.5853613486837,
       43.6371054086098
      ],
      [
       -79.5853689757129,
       43.6370323306077
      ],
      [
       -79.5854751330961,
       43.6367569260624
      ],
      [
       -79.5855405037363,
       43.6365873677225
      ],
      [
       -79.5855801015788,
       43.6364847553175
      ],
      [
       -79.5856251185311,
       43.6364245591418
      ],
      [
       -79.5857336207251,
       43.6362795191433
      ],
      [
       -79.585903314306,
       43.6359123982305
      ],
      [
       -79.5860062078427,
       43.6357515460562
      ],
      [
       -79.5860728063983,
       43.6355542541902
      ],
      [
       -79.586105712451,
       43.6352034233618
      ],
      [
       -79.5860710622748,
       43.6350949238649
      ],
      [
       -79.5857840655189,
       43.6346410835837
      ],
      [
       -79.5856621953968,
       43.6345495153249
      ],
      [
       -79.5856151264408,
       43.6344408385932
      ],
      [
       -79.5856168278138,
       43.6343688388181
      ],
      [
       -79.5857717750349,
       43.6341005717942
      ],
      [
       -79.5858387518824,
       43.6338852497684
      ],
      [
       -79.5858708699842,
       43.6335704555981
      ],
      [
       -79.5854509263363,
       43.6329708790909
      ],
      [
       -79.5853105574579,
       43.6326089267741
      ],
      [
       -79.5852433132465,
       43.632301895071
      ],
      [
       -79.5851638886221,
       43.6319856896699
      ],
      [
       -79.5851608867227,
       43.6315803933616
      ],
      [
       -79.5852169344808,
       43.6313019239164
      ],
      [
       -79.5854254693644,
       43.6308632047831
      ],
      [
       -79.5856808344993,
       43.630542131518
      ],
      [
       -79.5857081352262,
       43.6304344254198
      ],
      [
       -79.5859135199336,
       43.6301307617716
      ],
      [
       -79.5860571201146,
       43.6298173267609
      ],
      [
       -79.58611111967,
       43.6296288683644
      ],
      [
       -79.5861163343751,
       43.6294038095214
      ],
      [
       -79.586021172037,
       43.6292315164949
      ],
      [
       -79.5858275030833,
       43.6290309855261
      ],
      [
       -79.5856199403564,
       43.628893328039
      ],
      [
       -79.585252719454,
       43.6286906077851
      ],
      [
       -79.5847592716034,
       43.628585403053
      ],
      [
       -79.5838356812947,
       43.628321687483
      ],
      [
       -79.5832821384871,
       43.6281346744837
      ],
      [
       -79.583209031473,
       43.6280797283019
      ],
      [
       -79.5830491645363,
       43.6280236876187
      ],
      [
       -79.5822217240016,
       43.6278872667569
      ],
      [
       -79.5821286275557,
       43.6278815874194
      ],
      [
       -79.5818875253467,
       43.6278668541654
      ],
      [
       -79.5818426933692,
       43.6278641171506
      ],
      [
       -79.5818229731373,
       43.6278788892752
      ],
      [
       -79.5818153819722,
       43.6278845900352
      ],
      [
       -79.5817239390444,
       43.6279530740193
      ],
      [
       -79.5816250668798,
       43.6280224714779
      ],
      [
       -79.5816247595703,
       43.6278507044626
      ],
      [
       -79.5811112466884,
       43.6278175782176
      ],
      [
       -79.5808917326989,
       43.6277330033012
      ],
      [
       -79.5805198806147,
       43.6275168376376
      ],
      [
       -79.5803337816167,
       43.6274086144413
      ],
      [
       -79.5801869537091,
       43.6272708217501
      ],
      [
       -79.580139437859,
       43.627226262431
      ],
      [
       -79.5801286343255,
       43.6271541757457
      ],
      [
       -79.5798237171454,
       43.6269255170327
      ],
      [
       -79.579663689221,
       43.6268695749554
      ],
      [
       -79.5791450610836,
       43.6267643373956
      ],
      [
       -79.5788357769657,
       43.6267246599862
      ],
      [
       -79.5782326288459,
       43.6265194083574
      ],
      [
       -79.5776037797787,
       43.626349843258
      ],
      [
       -79.5768027894511,
       43.626115209847
      ],
      [
       -79.5766314006171,
       43.6260141337457
      ],
      [
       -79.5754889476348,
       43.6255233640436
      ],
      [
       -79.5750695356763,
       43.6254193102874
      ],
      [
       -79.5747472209591,
       43.6254064658544
      ],
      [
       -79.5745979393827,
       43.6254226950128
      ],
      [
       -79.5743100815326,
       43.6255273044948
      ],
      [
       -79.5740583214272,
       43.62567738613
      ],
      [
       -79.5738676415955,
       43.6258642641182
      ],
      [
       -79.5735040399153,
       43.6260220303595
      ],
      [
       -79.5733169309186,
       43.6260648048171
      ],
      [
       -79.5731560815825,
       43.6260448781396
      ],
      [
       -79.5727711619931,
       43.6260582494577
      ],
      [
       -79.5721842724261,
       43.6262133247939
      ],
      [
       -79.5719650084989,
       43.6262938622438
      ],
      [
       -79.5717488296667,
       43.6263732781122
      ],
      [
       -79.5715330072042,
       43.6264525386534
      ],
      [
       -79.5714961450609,
       43.6264660998182
      ],
      [
       -79.5709967518814,
       43.6266219699262
      ],
      [
       -79.5707961736727,
       43.6267184902755
      ],
      [
       -79.5700355505013,
       43.6269161280644
      ],
      [
       -79.5697503776405,
       43.6269215701556
      ],
      [
       -79.5692802180855,
       43.6268887045415
      ],
      [
       -79.5688730827939,
       43.6268115901343
      ],
      [
       -79.5687017718912,
       43.6267194089584
      ],
      [
       -79.5684794120408,
       43.6266896258057
      ],
      [
       -79.5683418401539,
       43.6267419435596
      ],
      [
       -79.5678363063828,
       43.6271588306037
      ],
      [
       -79.5675806757779,
       43.6274888025636
      ],
      [
       -79.5675577083593,
       43.6276431199328
      ],
      [
       -79.5675365095977,
       43.6277853842483
      ],
      [
       -79.5675248386472,
       43.6278063378574
      ],
      [
       -79.5674716847055,
       43.6279016169658
      ],
      [
       -79.5673917031802,
       43.6279614605497
      ],
      [
       -79.5672823108525,
       43.6280432652318
      ],
      [
       -79.5669934953653,
       43.6281926938213
      ],
      [
       -79.565560297506,
       43.6282073182315
      ],
      [
       -79.5654182213457,
       43.6282087746739
      ],
      [
       -79.5653202811366,
       43.6282019790865
      ],
      [
       -79.5650794835549,
       43.6281852972461
      ],
      [
       -79.5644653003212,
       43.6281427647345
      ],
      [
       -79.5642926682149,
       43.6281045940385
      ],
      [
       -79.563998227723,
       43.627974827947
      ],
      [
       -79.5639395114477,
       43.6278390236253
      ],
      [
       -79.5638551057396,
       43.6277389348311
      ],
      [
       -79.5638117663099,
       43.6274772799129
      ],
      [
       -79.5638610048274,
       43.6271991990209
      ],
      [
       -79.5638690462723,
       43.6271538354628
      ],
      [
       -79.5638051868651,
       43.6270303207663
      ],
      [
       -79.5638013087228,
       43.6270227591299
      ],
      [
       -79.5637201588154,
       43.6268658043001
      ],
      [
       -79.5636675961505,
       43.6267641328275
      ],
      [
       -79.5635834351132,
       43.626655048333
      ],
      [
       -79.5635648447406,
       43.6263936926038
      ],
      [
       -79.5636518418515,
       43.6258635287382
      ],
      [
       -79.5637213217434,
       43.6250270134676
      ],
      [
       -79.5637377794484,
       43.6248561404595
      ],
      [
       -79.5638766340657,
       43.6247498313693
      ],
      [
       -79.5639916154364,
       43.6246072009077
      ],
      [
       -79.564821130205,
       43.624644641659
      ],
      [
       -79.5651189222958,
       43.6246303717174
      ],
      [
       -79.5654069338391,
       43.6245079054482
      ],
      [
       -79.5654327889244,
       43.6244632092405
      ],
      [
       -79.565599190811,
       43.6242401994487
      ],
      [
       -79.5657295346141,
       43.6239717179992
      ],
      [
       -79.5657372431853,
       43.6236476485401
      ],
      [
       -79.5656906685949,
       43.6235210202578
      ],
      [
       -79.5657049646634,
       43.6234401693615
      ],
      [
       -79.5657688540153,
       43.6233599290817
      ],
      [
       -79.5658724485296,
       43.6231721132539
      ],
      [
       -79.5659271406518,
       43.6229566961684
      ],
      [
       -79.5659374037487,
       43.6225246542943
      ],
      [
       -79.565617601541,
       43.6218993305921
      ],
      [
       -79.565623815148,
       43.6216382880628
      ],
      [
       -79.5657133458804,
       43.6215223527952
      ],
      [
       -79.5657889576431,
       43.6214692849925
      ],
      [
       -79.5660889158263,
       43.621364995475
      ],
      [
       -79.5662025258442,
       43.6212763783134
      ],
      [
       -79.566690662273,
       43.6210754048861
      ],
      [
       -79.5668038901612,
       43.6210047929706
      ],
      [
       -79.5668898014489,
       43.6205196422669
      ],
      [
       -79.5668822865111,
       43.6197902326287
      ],
      [
       -79.5669128511101,
       43.619025236745
      ],
      [
       -79.5669040677288,
       43.6188720626671
      ],
      [
       -79.5668211996598,
       43.6187089628868
      ],
      [
       -79.5668034659173,
       43.6184115967692
      ],
      [
       -79.5667430173211,
       43.6183478190593
      ],
      [
       -79.5666641863576,
       43.6180136474349
      ],
      [
       -79.5666697357402,
       43.6177796055702
      ],
      [
       -79.5668870098232,
       43.6175032167208
      ],
      [
       -79.5670871471119,
       43.6174246856717
      ],
      [
       -79.5673364171279,
       43.61736478349
      ],
      [
       -79.5673868344692,
       43.6173293905273
      ],
      [
       -79.5676673282415,
       43.6169997317732
      ],
      [
       -79.5678439654389,
       43.6168668999395
      ],
      [
       -79.567915286866,
       43.6164716221855
      ],
      [
       -79.5679661357277,
       43.615895981286
      ],
      [
       -79.5680315033934,
       43.6157527194943
      ],
      [
       -79.5681403998076,
       43.6153398944089
      ],
      [
       -79.5682309838203,
       43.615178962933
      ],
      [
       -79.5682355050921,
       43.6151585283128
      ],
      [
       -79.5682865184651,
       43.6149275570566
      ],
      [
       -79.5683886253734,
       43.6148027721945
      ],
      [
       -79.5684924251489,
       43.6146059910041
      ],
      [
       -79.5684729959225,
       43.6143806031321
      ],
      [
       -79.5683640094973,
       43.6142711939122
      ],
      [
       -79.5681809465078,
       43.6141518616729
      ],
      [
       -79.5681047229781,
       43.6140873251795
      ],
      [
       -79.5679476197732,
       43.6139543670096
      ],
      [
       -79.5679471898155,
       43.6139539987622
      ],
      [
       -79.5679467610967,
       43.6139536305303
      ],
      [
       -79.5678904406012,
       43.6139040764723
      ],
      [
       -79.5677645760588,
       43.6138417630159
      ],
      [
       -79.5673711018873,
       43.6136469864885
      ],
      [
       -79.5669349799932,
       43.6134735616752
      ],
      [
       -79.5661788993609,
       43.6133467756019
      ],
      [
       -79.5655051076702,
       43.613357238559
      ],
      [
       -79.5650994885056,
       43.6134281632456
      ],
      [
       -79.5646842260667,
       43.6133819127362
      ],
      [
       -79.5643593912706,
       43.6131837144768
      ],
      [
       -79.5642653315011,
       43.613063250053
      ],
      [
       -79.5642787842187,
       43.6127248441
      ],
      [
       -79.5643719259764,
       43.6125702676465
      ],
      [
       -79.5643919403731,
       43.6123783479308
      ],
      [
       -79.5643944822467,
       43.6123143246226
      ],
      [
       -79.5648518010074,
       43.6121066949127
      ],
      [
       -79.5650430875405,
       43.611998238631
      ],
      [
       -79.5653592221475,
       43.6118991574057
      ],
      [
       -79.5658170962284,
       43.6116733643409
      ],
      [
       -79.566009024021,
       43.6115467093205
      ],
      [
       -79.5662922217186,
       43.6113111773675
      ],
      [
       -79.5665728713276,
       43.6111484405781
      ],
      [
       -79.5668557209642,
       43.6109220166765
      ],
      [
       -79.5669320312733,
       43.6108858842575
      ],
      [
       -79.5673261327632,
       43.6106962639659
      ],
      [
       -79.5674292761799,
       43.6106056269707
      ],
      [
       -79.5674664519995,
       43.610294980873
      ],
      [
       -79.5674686064458,
       43.6102400871587
      ],
      [
       -79.5675086750878,
       43.609856261363
      ],
      [
       -79.5675061040308,
       43.6098140724722
      ],
      [
       -79.5673668905188,
       43.6096983929873
      ],
      [
       -79.5673525772016,
       43.6095155857031
      ],
      [
       -79.5673560633136,
       43.6094833140869
      ],
      [
       -79.5673563732167,
       43.6094805951654
      ],
      [
       -79.5672823631117,
       43.609190378358
      ],
      [
       -79.5671858277312,
       43.6092452730135
      ],
      [
       -79.567081592473,
       43.6090442227347
      ],
      [
       -79.5668357003526,
       43.6088197929767
      ],
      [
       -79.5663046728538,
       43.6087118483687
      ],
      [
       -79.5657829804586,
       43.6086673614898
      ],
      [
       -79.5657448937192,
       43.6086643462496
      ],
      [
       -79.5653070218526,
       43.6085535105132
      ],
      [
       -79.5649416518942,
       43.6083611077672
      ],
      [
       -79.5646461688126,
       43.6080964628069
      ],
      [
       -79.5646548175642,
       43.6078278536548
      ],
      [
       -79.5648115547735,
       43.6075714199177
      ],
      [
       -79.5648572941273,
       43.607353008185
      ],
      [
       -79.5646111658552,
       43.6071399723851
      ],
      [
       -79.5644299645963,
       43.6071013682858
      ],
      [
       -79.564073705482,
       43.6070209661548
      ],
      [
       -79.5627507425359,
       43.6068076983419
      ],
      [
       -79.5624843881018,
       43.6067152993053
      ],
      [
       -79.5621848486688,
       43.6064626523603
      ],
      [
       -79.5615595246667,
       43.60600851153
      ],
      [
       -79.5606816887046,
       43.6056470307664
      ],
      [
       -79.5597615836126,
       43.605065061112
      ],
      [
       -79.5595184655533,
       43.6049100424436
      ],
      [
       -79.5593426616269,
       43.604797936573
      ],
      [
       -79.5593021452004,
       43.6047720877507
      ],
      [
       -79.559158801102,
       43.6046802076222
      ],
      [
       -79.5588225621044,
       43.604360776563
      ],
      [
       -79.5585007846275,
       43.6040112248442
      ],
      [
       -79.5581841116649,
       43.6037359646241
      ],
      [
       -79.5577486746141,
       43.6034802923516
      ],
      [
       -79.5572748253374,
       43.6033200846415
      ],
      [
       -79.5565788919968,
       43.6028615504926
      ],
      [
       -79.5563422529449,
       43.6025702098227
      ],
      [
       -79.5562149705754,
       43.6022945709045
      ],
      [
       -79.5561646148714,
       43.6018276835738
      ],
      [
       -79.556041366879,
       43.6013503383229
      ],
      [
       -79.5559934323791,
       43.6008746142967
      ],
      [
       -79.5559404315031,
       43.6003475988546
      ],
      [
       -79.5558147643303,
       43.5998791195378
      ],
      [
       -79.5557836967112,
       43.5998311831745
      ],
      [
       -79.5556629569756,
       43.5996468241108
      ],
      [
       -79.5552441373974,
       43.5994685794667
      ],
      [
       -79.5546646901974,
       43.5992310512162
      ],
      [
       -79.5541581891632,
       43.5990037826286
      ],
      [
       -79.5538413819687,
       43.5988216206822
      ],
      [
       -79.5536646221535,
       43.5984944999686
      ],
      [
       -79.5536019920369,
       43.598165221659
      ],
      [
       -79.5536547431983,
       43.5976418922693
      ],
      [
       -79.5538300611818,
       43.5968979875645
      ],
      [
       -79.5539233511148,
       43.5962477074497
      ],
      [
       -79.5538637542869,
       43.5960470672405
      ],
      [
       -79.5536653611433,
       43.5957992824961
      ],
      [
       -79.5533216339318,
       43.595622541859
      ],
      [
       -79.5528446934792,
       43.5955186218076
      ],
      [
       -79.5521638455814,
       43.5954684173235
      ],
      [
       -79.5507585564417,
       43.5953893529133
      ],
      [
       -79.5497641165797,
       43.5953316037343
      ],
      [
       -79.5491636787944,
       43.5953110469227
      ],
      [
       -79.5489345321859,
       43.5952008049619
      ],
      [
       -79.5485887618025,
       43.5947564998401
      ],
      [
       -79.5486047277366,
       43.5943730923005
      ],
      [
       -79.5486930604148,
       43.5938163175509
      ],
      [
       -79.548861332126,
       43.5931975277352
      ],
      [
       -79.5491422088796,
       43.5928610155287
      ],
      [
       -79.5495151743498,
       43.5924641405529
      ],
      [
       -79.5497104252375,
       43.5919318195547
      ],
      [
       -79.5496606100142,
       43.5914655810861
      ],
      [
       -79.5495716584054,
       43.5908880993061
      ],
      [
       -79.549422417534,
       43.5904627359322
      ],
      [
       -79.549201190494,
       43.5903024903195
      ],
      [
       -79.5487317044843,
       43.5902278936234
      ],
      [
       -79.548596450885,
       43.5902069508869
      ],
      [
       -79.5479554410495,
       43.5899068760522
      ],
      [
       -79.5468072258064,
       43.5892796435681
      ],
      [
       -79.5465138269316,
       43.5889051871662
      ],
      [
       -79.5464753267387,
       43.5888428625173
      ],
      [
       -79.5464967410959,
       43.5888203627794
      ],
      [
       -79.5466751382296,
       43.5886155649808
      ],
      [
       -79.5466762429107,
       43.5886143409745
      ],
      [
       -79.5478520148599,
       43.5873169646109
      ],
      [
       -79.5444645402928,
       43.5854543582767
      ],
      [
       -79.543869718943,
       43.5814028672455
      ],
      [
       -79.5438278404687,
       43.5813657404839
      ],
      [
       -79.5435083918205,
       43.5810826104668
      ],
      [
       -79.5435031406647,
       43.5810784314165
      ],
      [
       -79.5435149430801,
       43.5809849417469
      ],
      [
       -79.5436478640959,
       43.5806084672181
      ],
      [
       -79.5436378659019,
       43.5805092820399
      ],
      [
       -79.5434814598179,
       43.5803182108901
      ],
      [
       -79.5433044165737,
       43.5799557919145
      ],
      [
       -79.5432346900875,
       43.5797658304356
      ],
      [
       -79.5432383831663,
       43.5796127883345
      ],
      [
       -79.5433393853821,
       43.5795330437872
      ],
      [
       -79.543813789558,
       43.5793770331205
      ],
      [
       -79.5440805513019,
       43.5791012946868
      ],
      [
       -79.5442671153615,
       43.5785544296197
      ],
      [
       -79.544394384232,
       43.5778987436485
      ],
      [
       -79.5439432099671,
       43.5776048854185
      ],
      [
       -79.5432948023006,
       43.5772724805719
      ],
      [
       -79.5430769588375,
       43.5770625943255
      ],
      [
       -79.5431056135038,
       43.5769008887985
      ],
      [
       -79.5432085596035,
       43.5767401382223
      ],
      [
       -79.5432841646474,
       43.5766870820875
      ],
      [
       -79.5434142782332,
       43.5764276160867
      ],
      [
       -79.5434420824288,
       43.576301905843
      ],
      [
       -79.543431195729,
       43.5762387370898
      ],
      [
       -79.5431294875537,
       43.5759107423847
      ],
      [
       -79.543070830817,
       43.5757749495745
      ],
      [
       -79.542771290246,
       43.5753569502043
      ],
      [
       -79.5427005110743,
       43.575211984208
      ],
      [
       -79.5426903041732,
       43.575121800235
      ],
      [
       -79.5427432808541,
       43.5749784273095
      ],
      [
       -79.5429448493674,
       43.5748369143579
      ],
      [
       -79.5431703070175,
       43.5747317522708
      ],
      [
       -79.5437404838864,
       43.5747120057434
      ],
      [
       -79.5438525388106,
       43.5746864274871
      ],
      [
       -79.5441168674573,
       43.5745096940122
      ],
      [
       -79.5443714354558,
       43.5742248088074
      ],
      [
       -79.5446607515979,
       43.5740394125351
      ],
      [
       -79.5448603560966,
       43.5739789263968
      ],
      [
       -79.5451574789527,
       43.5739827102917
      ],
      [
       -79.5454413770061,
       43.5740223322648
      ],
      [
       -79.5455888596549,
       43.5740692255042
      ],
      [
       -79.5457111264497,
       43.5741338265176
      ],
      [
       -79.5460028722347,
       43.5743626325893
      ],
      [
       -79.5464620809809,
       43.5748366873014
      ],
      [
       -79.5466851304038,
       43.5748305149229
      ],
      [
       -79.5467240271494,
       43.5747589735841
      ],
      [
       -79.5466760071214,
       43.5746953447035
      ],
      [
       -79.5465296185052,
       43.5746034412022
      ],
      [
       -79.54615361114,
       43.5742745086882
      ],
      [
       -79.546081691174,
       43.5741745531216
      ],
      [
       -79.545824926409,
       43.5735229908628
      ],
      [
       -79.5458409554763,
       43.5728569059378
      ],
      [
       -79.5459512512353,
       43.5723900819561
      ],
      [
       -79.5460292132616,
       43.5722380221207
      ],
      [
       -79.5459857672932,
       43.5719853437845
      ],
      [
       -79.5453903948048,
       43.5715095659825
      ],
      [
       -79.544270292587,
       43.5707119414651
      ],
      [
       -79.5442713862274,
       43.5706669549994
      ],
      [
       -79.5431849691323,
       43.5700138179271
      ],
      [
       -79.5431007198839,
       43.5699137131956
      ],
      [
       -79.54303881527,
       43.5699129124574
      ],
      [
       -79.5429160994306,
       43.5698663244201
      ],
      [
       -79.5420012908096,
       43.5692873993972
      ],
      [
       -79.5421335737446,
       43.5694511647861
      ],
      [
       -79.5419854378072,
       43.5694312564564
      ],
      [
       -79.5408878029999,
       43.5687329548813
      ],
      [
       -79.5408517474873,
       43.568687475313
      ],
      [
       -79.5408530626907,
       43.5686334660444
      ],
      [
       -79.5409883612917,
       43.5686712128673
      ],
      [
       -79.5419157314861,
       43.5692413031278
      ],
      [
       -79.5418816324482,
       43.5691147962556
      ],
      [
       -79.541993037516,
       43.5691162146197
      ],
      [
       -79.542969322655,
       43.5697139368539
      ],
      [
       -79.5431272092983,
       43.5698420157848
      ],
      [
       -79.5431387362517,
       43.5698781626592
      ],
      [
       -79.5432868391678,
       43.5698980636708
      ],
      [
       -79.5443230828488,
       43.5705775729608
      ],
      [
       -79.5444837827346,
       43.5705886035911
      ],
      [
       -79.5461990470891,
       43.571870999594
      ],
      [
       -79.5464199211211,
       43.5719548557457
      ],
      [
       -79.5469505683132,
       43.5720336294875
      ],
      [
       -79.5472843771613,
       43.5720558876674
      ],
      [
       -79.5480274171027,
       43.5720563191806
      ],
      [
       -79.5484248713797,
       43.5720073393538
      ],
      [
       -79.5494944672118,
       43.5713005913595
      ],
      [
       -79.5494975007961,
       43.5711745750848
      ],
      [
       -79.5499500841489,
       43.5708921907257
      ],
      [
       -79.5499863625699,
       43.5709286680047
      ],
      [
       -79.5502005045887,
       43.5707783263873
      ],
      [
       -79.5501520675474,
       43.5707326720062
      ],
      [
       -79.5505929329859,
       43.5704231414223
      ],
      [
       -79.5506917562867,
       43.5704333949106
      ],
      [
       -79.5508928515421,
       43.5703098878772
      ],
      [
       -79.551353497244,
       43.5702076800668
      ],
      [
       -79.5514646953455,
       43.5702180852154
      ],
      [
       -79.5520191059665,
       43.5698199276872
      ],
      [
       -79.5519461278614,
       43.5697649717414
      ],
      [
       -79.5516833356264,
       43.5698787119912
      ],
      [
       -79.551049591653,
       43.5699697212165
      ],
      [
       -79.5504248033489,
       43.5702048952722
      ],
      [
       -79.5502629806089,
       43.5702388582591
      ],
      [
       -79.5482341448789,
       43.5716987770879
      ],
      [
       -79.5479467974469,
       43.5718031774666
      ],
      [
       -79.5475873524397,
       43.5718166278467
      ],
      [
       -79.5469813672242,
       43.5717818979957
      ],
      [
       -79.5449739759339,
       43.5702887151644
      ],
      [
       -79.545049568715,
       43.5702356594366
      ],
      [
       -79.5420086845254,
       43.5679548980259
      ],
      [
       -79.5420353864237,
       43.5678742031135
      ],
      [
       -79.5421346601753,
       43.5678664742626
      ],
      [
       -79.5451755103368,
       43.570147225618
      ],
      [
       -79.5452639078109,
       43.5700763021246
      ],
      [
       -79.546796056583,
       43.571248315579
      ],
      [
       -79.5476702945529,
       43.5714575210239
      ],
      [
       -79.5479926092634,
       43.5714436104282
      ],
      [
       -79.5500073404706,
       43.5700555510477
      ],
      [
       -79.5502833551134,
       43.5699059751921
      ],
      [
       -79.550533314479,
       43.5698101024334
      ],
      [
       -79.5507446299464,
       43.5697767764814
      ],
      [
       -79.5511320825816,
       43.5696286114064
      ],
      [
       -79.5516115774586,
       43.5692565039295
      ],
      [
       -79.5517740264195,
       43.5691955447281
      ],
      [
       -79.5518760832959,
       43.569070782897
      ],
      [
       -79.5528311646635,
       43.5684886171174
      ],
      [
       -79.5532126568483,
       43.5680702606995
      ],
      [
       -79.5535992403262,
       43.5669226314472
      ],
      [
       -79.5546528865479,
       43.5642887638912
      ],
      [
       -79.5554826486215,
       43.5632457848597
      ],
      [
       -79.5555601522702,
       43.5631116944467
      ],
      [
       -79.5557341091184,
       43.5630868740525
      ],
      [
       -79.555782752109,
       43.56312352467
      ],
      [
       -79.5557816710773,
       43.5631685096721
      ],
      [
       -79.5555873729909,
       43.5635262275915
      ],
      [
       -79.5548220711948,
       43.564461980902
      ],
      [
       -79.5547424256524,
       43.5646860716091
      ],
      [
       -79.5547101311176,
       43.5650007978756
      ],
      [
       -79.554584850988,
       43.5650622484293
      ],
      [
       -79.5538703078836,
       43.5669800683211
      ],
      [
       -79.5534956797977,
       43.5681458722772
      ],
      [
       -79.5534657317246,
       43.5683615786895
      ],
      [
       -79.5536469160431,
       43.5685529554802
      ],
      [
       -79.5538539015322,
       43.5686996462831
      ],
      [
       -79.5541323983722,
       43.5689642794664
      ],
      [
       -79.5546079043598,
       43.5692764280286
      ],
      [
       -79.5547265220945,
       43.5694940258527
      ],
      [
       -79.554769593971,
       43.5697646926693
      ],
      [
       -79.5546960607448,
       43.5702499956895
      ],
      [
       -79.5547199321023,
       43.5702863145947
      ],
      [
       -79.5546891497486,
       43.5705380160745
      ],
      [
       -79.5546500919868,
       43.5706185630985
      ],
      [
       -79.554600135264,
       43.5706359448923
      ],
      [
       -79.5544266905645,
       43.5711559877987
      ],
      [
       -79.5542770679939,
       43.5711991138965
      ],
      [
       -79.5541654468219,
       43.5712067088134
      ],
      [
       -79.5540649022648,
       43.5712684661875
      ],
      [
       -79.5542840677512,
       43.571424308872
      ],
      [
       -79.5546237047582,
       43.5712035047952
      ],
      [
       -79.5547259683965,
       43.571069739929
      ],
      [
       -79.5547885108604,
       43.571043513167
      ],
      [
       -79.5547524730187,
       43.5709980436123
      ],
      [
       -79.5550268759831,
       43.5703982454968
      ],
      [
       -79.5551267554286,
       43.5703634774803
      ],
      [
       -79.5551282644452,
       43.5703004691525
      ],
      [
       -79.5553052660703,
       43.5701496331484
      ],
      [
       -79.5559499239889,
       43.568564062229
      ],
      [
       -79.5559531488791,
       43.5684290494805
      ],
      [
       -79.5556466690801,
       43.5682991314189
      ],
      [
       -79.5556479673326,
       43.568245121744
      ],
      [
       -79.555750227799,
       43.5681113333358
      ],
      [
       -79.5563877155014,
       43.5683805206269
      ],
      [
       -79.5564984913336,
       43.5684089155322
      ],
      [
       -79.5564752482808,
       43.5683456035871
      ],
      [
       -79.5562554270354,
       43.568216758087
      ],
      [
       -79.5562693025367,
       43.5681539284245
      ],
      [
       -79.5563446692191,
       43.5681098609763
      ],
      [
       -79.5562473642941,
       43.5680365825181
      ],
      [
       -79.5563762929335,
       43.5678221191605
      ],
      [
       -79.556474266471,
       43.5678683830084
      ],
      [
       -79.556522502975,
       43.5679230065355
      ],
      [
       -79.55670667825,
       43.5679883569107
      ],
      [
       -79.5572305976587,
       43.5683461342372
      ],
      [
       -79.5575494849164,
       43.5684762289376
      ],
      [
       -79.5576585065711,
       43.5685766482608
      ],
      [
       -79.5583444683629,
       43.568891421394
      ],
      [
       -79.5584863669556,
       43.5688569345632
      ],
      [
       -79.5589308180713,
       43.5687097255965
      ],
      [
       -79.5591449204502,
       43.5685593630174
      ],
      [
       -79.5591594606712,
       43.5684695175366
      ],
      [
       -79.5589432655387,
       43.5681876694154
      ],
      [
       -79.5585392604138,
       43.56799348412
      ],
      [
       -79.5579365422648,
       43.5678237946845
      ],
      [
       -79.5575082135402,
       43.5676113042861
      ],
      [
       -79.557361792707,
       43.5675194168523
      ],
      [
       -79.5573261733527,
       43.5674559533727
      ],
      [
       -79.557355657173,
       43.5672582139187
      ],
      [
       -79.5574559725797,
       43.5672054763604
      ],
      [
       -79.5579618898885,
       43.5667616430593
      ],
      [
       -79.5580148515223,
       43.5666182463987
      ],
      [
       -79.5579798321792,
       43.5665277596255
      ],
      [
       -79.5575649768891,
       43.566270412827
      ],
      [
       -79.5575410707315,
       43.5662340913517
      ],
      [
       -79.5575319163512,
       43.5660989276869
      ],
      [
       -79.5574713129219,
       43.5660441286937
      ],
      [
       -79.5575470932079,
       43.5659820638543
      ],
      [
       -79.5577592635164,
       43.5659127095655
      ],
      [
       -79.5577863543512,
       43.5658140149243
      ],
      [
       -79.5575714828871,
       43.5654781348916
      ],
      [
       -79.5573131410027,
       43.5648896202675
      ],
      [
       -79.5574915864654,
       43.5646757714717
      ],
      [
       -79.5577050471546,
       43.5645524101332
      ],
      [
       -79.5578706901275,
       43.5643564298065
      ],
      [
       -79.5579588484024,
       43.5642944938247
      ],
      [
       -79.5580587055434,
       43.5642597481241
      ],
      [
       -79.5581477331281,
       43.5641618238569
      ],
      [
       -79.5582156545577,
       43.5639105652971
      ],
      [
       -79.5581800029903,
       43.5638470980397
      ],
      [
       -79.5577182063236,
       43.5634810965474
      ],
      [
       -79.5573135790997,
       43.5633139237347
      ],
      [
       -79.5571902391792,
       43.5632943516657
      ],
      [
       -79.5569774436708,
       43.5633907218143
      ],
      [
       -79.5561597093344,
       43.5639296339894
      ],
      [
       -79.5560604804979,
       43.5639373828135
      ],
      [
       -79.5559870479192,
       43.5639004470723
      ],
      [
       -79.5559759719003,
       43.563846287335
      ],
      [
       -79.5562299940996,
       43.5635793537719
      ],
      [
       -79.5566950796041,
       43.5632881041794
      ],
      [
       -79.5569476173477,
       43.5630842047379
      ],
      [
       -79.5570122884969,
       43.5629679531353
      ],
      [
       -79.5571768825017,
       43.562816965486
      ],
      [
       -79.5575663891505,
       43.5625787772194
      ],
      [
       -79.5578534480751,
       43.5624833474191
      ],
      [
       -79.5582260952175,
       43.5624340257452
      ],
      [
       -79.5586586818105,
       43.5624664888666
      ],
      [
       -79.5589169316469,
       43.5625417773837
      ],
      [
       -79.559199046616,
       43.5626534048628
      ],
      [
       -79.55944276108,
       43.5628185351241
      ],
      [
       -79.5596126186656,
       43.562964753117
      ],
      [
       -79.5597564424058,
       43.5631646491588
      ],
      [
       -79.5599932717521,
       43.563617838335
      ],
      [
       -79.5600148409751,
       43.5637531564608
      ],
      [
       -79.5599258182346,
       43.5638510822554
      ],
      [
       -79.5598634961225,
       43.5638683141979
      ],
      [
       -79.5598107533948,
       43.5640027122949
      ],
      [
       -79.5597970853279,
       43.5640565680089
      ],
      [
       -79.559671154152,
       43.5641450155107
      ],
      [
       -79.5596393453372,
       43.5644417511531
      ],
      [
       -79.5597475268786,
       43.5645781579621
      ],
      [
       -79.5598580800077,
       43.5646155715765
      ],
      [
       -79.5600187904856,
       43.5646266020925
      ],
      [
       -79.5602793908526,
       43.5646028887562
      ],
      [
       -79.5607032595888,
       43.5644821591409
      ],
      [
       -79.5610248895576,
       43.5644952188487
      ],
      [
       -79.5611964739939,
       43.564569405765
      ],
      [
       -79.5612820710378,
       43.5646155115277
      ],
      [
       -79.561379800823,
       43.5646707622721
      ],
      [
       -79.5614777720639,
       43.5647170200221
      ],
      [
       -79.5617201812975,
       43.5649361487772
      ],
      [
       -79.5618742633554,
       43.5652262207071
      ],
      [
       -79.5618281420828,
       43.5656038052119
      ],
      [
       -79.5617754033003,
       43.5657382051314
      ],
      [
       -79.5616082650663,
       43.5659972249392
      ],
      [
       -79.5615073232743,
       43.5660769857382
      ],
      [
       -79.5610686987508,
       43.5662965635915
      ],
      [
       -79.5606639767539,
       43.5666516310013
      ],
      [
       -79.5605469875355,
       43.5668842676191
      ],
      [
       -79.5604327933543,
       43.5669998875683
      ],
      [
       -79.5604148294751,
       43.5672337684089
      ],
      [
       -79.5604372357144,
       43.5673330960307
      ],
      [
       -79.5605930353272,
       43.5675511435101
      ],
      [
       -79.5607157552619,
       43.5675977306508
      ],
      [
       -79.5610245870829,
       43.5676286067105
      ],
      [
       -79.5613744060657,
       43.5674979582347
      ],
      [
       -79.5615633283026,
       43.5673652831657
      ],
      [
       -79.5616534040827,
       43.5672223392556
      ],
      [
       -79.5616579039166,
       43.567033318045
      ],
      [
       -79.5619097725465,
       43.5668564150912
      ],
      [
       -79.5621501129386,
       43.5666433179482
      ],
      [
       -79.5621906853415,
       43.5664997670936
      ],
      [
       -79.5622801254823,
       43.5663838412282
      ],
      [
       -79.5624820399205,
       43.5662243230708
      ],
      [
       -79.5624987920316,
       43.5662204945264
      ],
      [
       -79.5626687968492,
       43.5661816432094
      ],
      [
       -79.563261294197,
       43.5657388956659
      ],
      [
       -79.5634365470235,
       43.5656600510375
      ],
      [
       -79.5636006724602,
       43.565527066309
      ],
      [
       -79.5636284154266,
       43.5654013554961
      ],
      [
       -79.5636267360903,
       43.5649511362637
      ],
      [
       -79.563591955691,
       43.5648516339178
      ],
      [
       -79.5632912664751,
       43.564478692408
      ],
      [
       -79.5628405335169,
       43.564166906504
      ],
      [
       -79.5627073612337,
       43.5640391690198
      ],
      [
       -79.5625118680312,
       43.5639286656817
      ],
      [
       -79.5622568516685,
       43.5637183579439
      ],
      [
       -79.562097851071,
       43.5636353268529
      ],
      [
       -79.5619236925539,
       43.5636691341417
      ],
      [
       -79.5616042281784,
       43.5635660816817
      ],
      [
       -79.5613355179295,
       43.5634096220905
      ],
      [
       -79.5605983854816,
       43.5631662484831
      ],
      [
       -79.5605501556563,
       43.5631116042081
      ],
      [
       -79.5605535751833,
       43.5629675967931
      ],
      [
       -79.5606421781787,
       43.5628876670145
      ],
      [
       -79.5609678477867,
       43.5627297006853
      ],
      [
       -79.5614079797422,
       43.5624471019283
      ],
      [
       -79.561796829861,
       43.5622359139112
      ],
      [
       -79.5620508098554,
       43.5619689658601
      ],
      [
       -79.5621513578177,
       43.5619072067767
      ],
      [
       -79.5623489658694,
       43.561927710292
      ],
      [
       -79.5624091541999,
       43.5620005006252
      ],
      [
       -79.5625702349494,
       43.5625157476772
      ],
      [
       -79.5627512183933,
       43.5627161225648
      ],
      [
       -79.5627975030262,
       43.5628517626562
      ],
      [
       -79.5633519396871,
       43.5634890207112
      ],
      [
       -79.5636784515967,
       43.5638172519128
      ],
      [
       -79.5641281338034,
       43.564174073118
      ],
      [
       -79.5642871399219,
       43.564257100551
      ],
      [
       -79.5645295867657,
       43.5644762508581
      ],
      [
       -79.564797829869,
       43.5646506871616
      ],
      [
       -79.5651405893052,
       43.5648170667881
      ],
      [
       -79.5663353662911,
       43.5650841869917
      ],
      [
       -79.5664576769812,
       43.5651487376419
      ],
      [
       -79.5665543363396,
       43.5652489926052
      ],
      [
       -79.5668531419446,
       43.5657029518759
      ],
      [
       -79.5671088542078,
       43.5658862341807
      ],
      [
       -79.5672680440237,
       43.5659602539032
      ],
      [
       -79.567797361015,
       43.5660929565139
      ],
      [
       -79.5679446333525,
       43.5661488079645
      ],
      [
       -79.5682855043027,
       43.5663962035517
      ],
      [
       -79.5685160267385,
       43.5665971734883
      ],
      [
       -79.5687358407921,
       43.5667259818653
      ],
      [
       -79.5691296532098,
       43.5668299468696
      ],
      [
       -79.5692782065668,
       43.5668318126374
      ],
      [
       -79.5693291876855,
       43.566769432276
      ],
      [
       -79.5691949487494,
       43.5666867182933
      ],
      [
       -79.5687394833598,
       43.5665729531969
      ],
      [
       -79.5684141984668,
       43.5661907276044
      ],
      [
       -79.5681333240063,
       43.566025118626
      ],
      [
       -79.5678022893872,
       43.565885920559
      ],
      [
       -79.5675186353923,
       43.5658373495322
      ],
      [
       -79.5672001938178,
       43.5656892764688
      ],
      [
       -79.5669466320459,
       43.5654159979025
      ],
      [
       -79.5668523012264,
       43.5652167197788
      ],
      [
       -79.5667914803878,
       43.5651709252376
      ],
      [
       -79.5666839063402,
       43.5650075079396
      ],
      [
       -79.5666107105892,
       43.5649615626313
      ],
      [
       -79.5664143331088,
       43.5648870801034
      ],
      [
       -79.5657975174428,
       43.5647892957897
      ],
      [
       -79.5654778279039,
       43.5646952553911
      ],
      [
       -79.565255847504,
       43.5646564306588
      ],
      [
       -79.5648134367474,
       43.5645158331138
      ],
      [
       -79.564791021718,
       43.5644165070858
      ],
      [
       -79.5651912076302,
       43.5642504431743
      ],
      [
       -79.5656801542946,
       43.5639954637104
      ],
      [
       -79.5660207956503,
       43.5637296176966
      ],
      [
       -79.566363968817,
       43.5633557510343
      ],
      [
       -79.5666435684489,
       43.5630531321087
      ],
      [
       -79.5669656320126,
       43.5625259362134
      ],
      [
       -79.5670962364904,
       43.5622394400407
      ],
      [
       -79.5671833739891,
       43.5621287802574
      ],
      [
       -79.5672627141919,
       43.5622115126752
      ],
      [
       -79.5675209778619,
       43.562013418736
      ],
      [
       -79.5684683299667,
       43.5612751532738
      ],
      [
       -79.5698092273912,
       43.5616430559009
      ],
      [
       -79.5704011352167,
       43.5622717528311
      ],
      [
       -79.5702768359051,
       43.5623994433559
      ],
      [
       -79.570801527144,
       43.5625422632279
      ],
      [
       -79.5725284525837,
       43.5623703619594
      ],
      [
       -79.5738327449968,
       43.5627198673744
      ],
      [
       -79.5749903407929,
       43.5629863585276
      ],
      [
       -79.5760980364351,
       43.5632702578034
      ],
      [
       -79.577168644963,
       43.5635537486386
      ],
      [
       -79.57826464944,
       43.5638104575077
      ],
      [
       -79.578455598205,
       43.563928022138
      ],
      [
       -79.5783161510633,
       43.5640561497891
      ],
      [
       -79.5769804744144,
       43.565283188849
      ],
      [
       -79.5767563190804,
       43.5654891292083
      ],
      [
       -79.5763357322747,
       43.5658754681214
      ],
      [
       -79.5763057400507,
       43.565903014344
      ],
      [
       -79.5761078473329,
       43.5660847903753
      ],
      [
       -79.5744983093982,
       43.5675632712284
      ],
      [
       -79.5743068686723,
       43.5677393151237
      ],
      [
       -79.5742842013701,
       43.5677601550066
      ],
      [
       -79.5741271567336,
       43.5679045740807
      ],
      [
       -79.5740671355707,
       43.5679597891323
      ],
      [
       -79.5740157275216,
       43.568007048474
      ],
      [
       -79.5740101915006,
       43.5680120657998
      ],
      [
       -79.5739097218126,
       43.5681026987199
      ],
      [
       -79.5738945406603,
       43.5681163683533
      ],
      [
       -79.5738775353351,
       43.5681317223937
      ],
      [
       -79.5725567850101,
       43.5693357103725
      ],
      [
       -79.5723166007333,
       43.5695546614183
      ],
      [
       -79.571626293041,
       43.5701839021336
      ],
      [
       -79.5710422246965,
       43.5707071925538
      ],
      [
       -79.5703827428239,
       43.5714648043517
      ],
      [
       -79.5702778005065,
       43.5715802211317
      ],
      [
       -79.5697631573332,
       43.5720512979626
      ],
      [
       -79.5696543403677,
       43.5721558824323
      ],
      [
       -79.5714642267317,
       43.5734591581015
      ],
      [
       -79.5731524209876,
       43.5746687592977
      ],
      [
       -79.574396650672,
       43.5755576704197
      ],
      [
       -79.576272531789,
       43.5768865625803
      ],
      [
       -79.5770184442372,
       43.5774091521249
      ],
      [
       -79.5774952751674,
       43.5777401671378
      ],
      [
       -79.5793703082902,
       43.5790417009554
      ],
      [
       -79.5799770368709,
       43.5794628583811
      ],
      [
       -79.5802197409691,
       43.5796729678628
      ],
      [
       -79.5803406486038,
       43.5798004648468
      ],
      [
       -79.5805708340016,
       43.5800194581423
      ],
      [
       -79.5804900300605,
       43.5802975527317
      ],
      [
       -79.5809228331345,
       43.5808521520609
      ],
      [
       -79.5813733515731,
       43.5814885767205
      ],
      [
       -79.5818546508802,
       43.5823133613006
      ],
      [
       -79.582185242157,
       43.5827458543519
      ],
      [
       -79.5823884565313,
       43.5829792687609
      ],
      [
       -79.5825257205306,
       43.5831104949091
      ],
      [
       -79.5826192524866,
       43.5831998780346
      ],
      [
       -79.5826995782429,
       43.5832647234267
      ],
      [
       -79.5828799077851,
       43.5834103322202
      ],
      [
       -79.5830009553072,
       43.5835080760481
      ],
      [
       -79.5830380849806,
       43.5835358860679
      ],
      [
       -79.5831499108503,
       43.5836196582199
      ],
      [
       -79.5831776410108,
       43.5836404293849
      ],
      [
       -79.5832361205905,
       43.5836842151045
      ],
      [
       -79.5832986136747,
       43.5837310011583
      ],
      [
       -79.583365786657,
       43.5837813162315
      ],
      [
       -79.5834073309183,
       43.5838124646122
      ],
      [
       -79.5834812885411,
       43.5838614941873
      ],
      [
       -79.583814626108,
       43.5840824551193
      ],
      [
       -79.5843573280983,
       43.584397368493
      ],
      [
       -79.5852467690105,
       43.5848680542941
      ],
      [
       -79.5859601414239,
       43.5852455739742
      ],
      [
       -79.5863028677726,
       43.5854247651349
      ],
      [
       -79.5865597533282,
       43.5855590712226
      ],
      [
       -79.5868449538198,
       43.5855446651297
      ],
      [
       -79.5872604580317,
       43.5857838609889
      ],
      [
       -79.5887524273941,
       43.5868242581342
      ],
      [
       -79.5902547589714,
       43.5878692691009
      ],
      [
       -79.5911674582165,
       43.5885226746646
      ],
      [
       -79.591668845594,
       43.5888816651936
      ],
      [
       -79.5918097414381,
       43.5889801673168
      ],
      [
       -79.5922841605203,
       43.589311768496
      ],
      [
       -79.5941866382308,
       43.590641357557
      ],
      [
       -79.5965850568936,
       43.5923005653322
      ],
      [
       -79.5966683386994,
       43.592445661143
      ],
      [
       -79.5969980599898,
       43.5926748740468
      ],
      [
       -79.5987655462609,
       43.5939120625267
      ],
      [
       -79.5999256505276,
       43.5946375623163
      ],
      [
       -79.6000001652171,
       43.5946824092057
      ],
      [
       -79.6001089397966,
       43.5947478725483
      ],
      [
       -79.6011594364029,
       43.5953909694665
      ],
      [
       -79.6015493527503,
       43.5956748677835
      ],
      [
       -79.6017433455316,
       43.5958573573617
      ],
      [
       -79.6020954648887,
       43.5961677557473
      ],
      [
       -79.602280537675,
       43.5961970607688
      ],
      [
       -79.6024021453114,
       43.5962975639961
      ],
      [
       -79.6026333410119,
       43.5964805726607
      ],
      [
       -79.6032214518036,
       43.596924476271
      ],
      [
       -79.6034925481133,
       43.5971169540679
      ],
      [
       -79.6057718022792,
       43.5987336670152
      ],
      [
       -79.6065211619431,
       43.5992651745452
      ],
      [
       -79.6073626409272,
       43.5998426548104
      ],
      [
       -79.6094367399434,
       43.6012680632064
      ],
      [
       -79.6116184615853,
       43.6028117670152
      ],
      [
       -79.6126912448499,
       43.6035721575982
      ],
      [
       -79.6127521415402,
       43.6036178744092
      ],
      [
       -79.6132519672353,
       43.6039751696007
      ],
      [
       -79.6135812619985,
       43.6042041725292
      ],
      [
       -79.6136299406755,
       43.6042408672238
      ],
      [
       -79.6156790676192,
       43.6056612595112
      ],
      [
       -79.6167030545089,
       43.6063939614785
      ],
      [
       -79.6178630352362,
       43.6071784762365
      ],
      [
       -79.6184203582783,
       43.6075582570234
      ],
      [
       -79.6185771634877,
       43.6077447684747
      ],
      [
       -79.6186563430564,
       43.6079032746911
      ],
      [
       -79.6192321664908,
       43.6074042694539
      ],
      [
       -79.6193972631518,
       43.6072459717921
      ],
      [
       -79.6201311632979,
       43.6065794635983
      ],
      [
       -79.6215985414646,
       43.605264568063
      ],
      [
       -79.6233762746709,
       43.6036857843881
      ],
      [
       -79.6239438041259,
       43.6031817361753
      ],
      [
       -79.6257931565082,
       43.6015391771024
      ],
      [
       -79.6261552581386,
       43.6012175577041
      ],
      [
       -79.6262669664118,
       43.6011215669508
      ],
      [
       -79.6266304701126,
       43.6008147753687
      ],
      [
       -79.627247186163,
       43.6002944666125
      ],
      [
       -79.6282891856355,
       43.5994152959903
      ],
      [
       -79.6307556863903,
       43.5973341196011
      ],
      [
       -79.6309134716229,
       43.5972009709469
      ],
      [
       -79.6316467710573,
       43.5965523629908
      ],
      [
       -79.6317858433702,
       43.5964279715012
      ],
      [
       -79.6323923535285,
       43.5959040610754
      ],
      [
       -79.6329227656244,
       43.5954601627021
      ],
      [
       -79.6342994645052,
       43.5942970532498
      ],
      [
       -79.6345754477726,
       43.5941473611963
      ],
      [
       -79.6350300712343,
       43.5937655630728
      ],
      [
       -79.6355534739999,
       43.5941770571325
      ],
      [
       -79.6356449273739,
       43.594248610662
      ],
      [
       -79.6360930136846,
       43.5945991427746
      ],
      [
       -79.6362133245634,
       43.5946932675093
      ],
      [
       -79.6364299481637,
       43.5948627513602
      ],
      [
       -79.6379648468335,
       43.5960155590807
      ],
      [
       -79.6383294726481,
       43.5962399616345
      ],
      [
       -79.6387455533053,
       43.5965561586303
      ],
      [
       -79.6394156708864,
       43.5970593699979
      ],
      [
       -79.6404038444541,
       43.5977912489918
      ],
      [
       -79.6408670583257,
       43.598076074181
      ],
      [
       -79.6411334705167,
       43.598349352319
      ],
      [
       -79.6414132690709,
       43.5985777769477
      ],
      [
       -79.6416569594574,
       43.5987607661102
      ],
      [
       -79.6416850802908,
       43.5987791398354
      ],
      [
       -79.6417249756459,
       43.5988051889344
      ],
      [
       -79.6419377684477,
       43.5989441696578
      ],
      [
       -79.6419390417444,
       43.5989450662795
      ],
      [
       -79.6425110600827,
       43.5993471744008
      ],
      [
       -79.6428156803354,
       43.5995758561397
      ],
      [
       -79.6429986715703,
       43.5997040732789
      ],
      [
       -79.6432092270763,
       43.5998718109014
      ],
      [
       -79.6432723088224,
       43.5999220556504
      ],
      [
       -79.643400271668,
       43.6000239764276
      ],
      [
       -79.6438936650238,
       43.6003540684959
      ],
      [
       -79.6440716459621,
       43.6004731619212
      ],
      [
       -79.6443274465899,
       43.6006652696134
      ],
      [
       -79.6446077677265,
       43.600875676424
      ],
      [
       -79.6448026544734,
       43.6010220658532
      ],
      [
       -79.6448053510815,
       43.60102408321
      ],
      [
       -79.6453388631237,
       43.6014245626245
      ],
      [
       -79.6454724776765,
       43.6015432612967
      ],
      [
       -79.6455291094673,
       43.6015806759704
      ],
      [
       -79.6454445425361,
       43.6016878372588
      ],
      [
       -79.6446261974668,
       43.6023108043891
      ],
      [
       -79.644317494477,
       43.602572828461
      ],
      [
       -79.6419545272476,
       43.6048024744062
      ],
      [
       -79.6385862319745,
       43.6081043953043
      ],
      [
       -79.6378897555221,
       43.6087727160411
      ],
      [
       -79.6321251463391,
       43.6137995872123
      ],
      [
       -79.6317093678605,
       43.614162127576
      ],
      [
       -79.629759781566,
       43.6164453743109
      ],
      [
       -79.6296605950124,
       43.6165615170907
      ],
      [
       -79.6254730156933,
       43.6206403415956
      ],
      [
       -79.6245889464365,
       43.6215013370263
      ],
      [
       -79.623807055425,
       43.622290400236
      ],
      [
       -79.6215528324678,
       43.6245039293012
      ],
      [
       -79.6205641820664,
       43.6254747262223
      ],
      [
       -79.6185648151837,
       43.6274008374168
      ],
      [
       -79.6179468340862,
       43.6280297456426
      ],
      [
       -79.6142860551849,
       43.6309292751399
      ],
      [
       -79.6141104940162,
       43.6310683359003
      ],
      [
       -79.6120814578743,
       43.6327089034813
      ],
      [
       -79.6108146299528,
       43.6337609480152
      ],
      [
       -79.6079782011723,
       43.6359433565656
      ],
      [
       -79.607782683137,
       43.636093756084
      ],
      [
       -79.6066851039906,
       43.6369519354024
      ],
      [
       -79.6048355833792,
       43.6383391273322
      ],
      [
       -79.6022969266132,
       43.6409637516423
      ],
      [
       -79.6004590311711,
       43.6438268375642
      ],
      [
       -79.600385041744,
       43.6438127380544
      ],
      [
       -79.6002184835675,
       43.6438024209785
      ],
      [
       -79.6001213973667,
       43.6437964039882
      ],
      [
       -79.5997523908701,
       43.6437735184372
      ],
      [
       -79.5995629171143,
       43.6437428363633
      ],
      [
       -79.5990845392376,
       43.6435530457772
      ],
      [
       -79.5986822788708,
       43.6432831329619
      ],
      [
       -79.5985440628219,
       43.6431538109615
      ],
      [
       -79.5985062705072,
       43.6430896140361
      ],
      [
       -79.5982916734266,
       43.6430494044471
      ],
      [
       -79.5982772116058,
       43.6430485562917
      ],
      [
       -79.5980374124335,
       43.6430366975929
      ],
      [
       -79.5969742088385,
       43.6429840949641
      ],
      [
       -79.596876163533,
       43.6430012945187
      ],
      [
       -79.5964372056382,
       43.6429795734793
      ],
      [
       -79.5959603862218,
       43.6430115209612
      ],
      [
       -79.5956411191519,
       43.6431079501399
      ],
      [
       -79.5954815885586,
       43.6431516506314
      ],
      [
       -79.594878556943,
       43.6434351136653
      ],
      [
       -79.5943113056214,
       43.6438182252957
      ],
      [
       -79.5940399381325,
       43.6440053802421
      ],
      [
       -79.5936827245748,
       43.6442007685486
      ],
      [
       -79.5930797148757,
       43.6444841754637
      ],
      [
       -79.5926741286364,
       43.6446339922484
      ],
      [
       -79.5925642564142,
       43.6446330597946
      ],
      [
       -79.5919741164273,
       43.6444902494402
      ],
      [
       -79.5919091922228,
       43.6444745381698
      ],
      [
       -79.5917687160629,
       43.6444058955406
      ],
      [
       -79.5915665303681,
       43.6443081569104
      ]
     ]
    ]
   },
   "properties": {
    "OBJECTID": 15,
    "PDZ": "M8",
    "CSDNAME": "Mississauga",
    "Shape__Area": 31588859.049316406,
    "Shape__Length": 41798.27792105561
   }
  }
 ]
}