{
 "type": "FeatureCollection",
 "name": "Bnd_Wards",
 "source": "https://services6.arcgis.com/ONZht79c8QWuX759/arcgis/rest/services/Bnd_HDABoundaries/FeatureServer/2",
 "features": [
  {
   "type": "Feature",
   "id": 1,
   "geometry": {
    "type": "Polygon",
    "coordinates": [
     [
      [
       -79.7384885481931,
       43.705455315212
      ],
      [
       -79.7388264979637,
       43.7051349055051
      ],
      [
       -79.7395464973045,
       43.7044990713418
      ],
      [
       -79.7403114913494,
       43.7037511800285
      ],
      [
       -79.7405598314002,
       43.7035603335988
      ],
      [
       -79.7425631139564,
       43.701795121826
      ],
      [
       -79.7458500381851,
       43.6988734624798
      ],
      [
       -79.7474966353742,
       43.6974238858986
      ],
      [
       -79.7494906714372,
       43.6956359393418
      ],
      [
       -79.7505939927575,
       43.694644072087
      ],
      [
       -79.751263275417,
       43.6940481257821
      ],
      [
       -79.7516151429496,
       43.6937233276099
      ],
      [
       -79.7525928694893,
       43.6928381154814
      ],
      [
       -79.7534451391052,
       43.692055071368
      ],
      [
       -79.7536965540919,
       43.6918237119104
      ],
      [
       -79.7544637520912,
       43.6911027596173
      ],
      [
       -79.754610546606,
       43.6909422890995
      ],
      [
       -79.7547631403521,
       43.6907638737734
      ],
      [
       -79.7549125386571,
       43.6905899253759
      ],
      [
       -79.7551258261655,
       43.6903266336837
      ],
      [
       -79.7558891110691,
       43.6896056289775
      ],
      [
       -79.7562068438537,
       43.689316460398
      ],
      [
       -79.7573125424764,
       43.6883110469844
      ],
      [
       -79.7587233218552,
       43.6870253134083
      ],
      [
       -79.7596522093091,
       43.6861665209349
      ],
      [
       -79.7599504306855,
       43.6858816319441
      ],
      [
       -79.7608789121926,
       43.6850408327092
      ],
      [
       -79.7617420942489,
       43.6842443378897
      ],
      [
       -79.7619729171585,
       43.68403074457
      ],
      [
       -79.7626717982391,
       43.6834170429129
      ],
      [
       -79.7630862666599,
       43.6830208551004
      ],
      [
       -79.7635813200678,
       43.6825895218989
      ],
      [
       -79.7637781473479,
       43.6824070707861
      ],
      [
       -79.7644601205136,
       43.6817841711857
      ],
      [
       -79.7653836760985,
       43.6809883009598
      ],
      [
       -79.7669566244631,
       43.6795286390324
      ],
      [
       -79.7674513989213,
       43.6790702739815
      ],
      [
       -79.768830551814,
       43.6777930760005
      ],
      [
       -79.7706490979664,
       43.6761064075256
      ],
      [
       -79.7723807111811,
       43.6773855690871
      ],
      [
       -79.7727969490778,
       43.6776961724838
      ],
      [
       -79.7732446991021,
       43.6780206184718
      ],
      [
       -79.774091742432,
       43.6786509775682
      ],
      [
       -79.7756841511178,
       43.6798430582466
      ],
      [
       -79.7771746614113,
       43.6809394852509
      ],
      [
       -79.7791396260292,
       43.6823876124946
      ],
      [
       -79.7797426324671,
       43.6828217381502
      ],
      [
       -79.7850681104467,
       43.6867861704959
      ],
      [
       -79.7873247753989,
       43.6884398443221
      ],
      [
       -79.7848990124801,
       43.6905525082126
      ],
      [
       -79.7829148948703,
       43.6922556441282
      ],
      [
       -79.7824448916095,
       43.6926783234281
      ],
      [
       -79.7817868776046,
       43.6933466041886
      ],
      [
       -79.7807974807214,
       43.6944840511848
      ],
      [
       -79.7805152320895,
       43.6948637055958
      ],
      [
       -79.7801708521498,
       43.6957829299636
      ],
      [
       -79.7800325955065,
       43.6961371081469
      ],
      [
       -79.7798276498272,
       43.6964905741827
      ],
      [
       -79.779590909904,
       43.6967671672245
      ],
      [
       -79.778863347328,
       43.6974571976707
      ],
      [
       -79.7773588166039,
       43.6988232100186
      ],
      [
       -79.7800931785215,
       43.7008377864799
      ],
      [
       -79.7836494819347,
       43.7034508021692
      ],
      [
       -79.7867618986203,
       43.7057798747701
      ],
      [
       -79.7841121477211,
       43.7082682999639
      ],
      [
       -79.7835826284306,
       43.7087893921428
      ],
      [
       -79.7827941972952,
       43.7096453699619
      ],
      [
       -79.7819092964318,
       43.7106668857245
      ],
      [
       -79.7811868357667,
       43.7114425203777
      ],
      [
       -79.780449618686,
       43.7122945257858
      ],
      [
       -79.7798310589383,
       43.7129181944893
      ],
      [
       -79.776629433165,
       43.7159227734076
      ],
      [
       -79.7744037624071,
       43.7180418467969
      ],
      [
       -79.7737433842749,
       43.7185794966734
      ],
      [
       -79.7730463617131,
       43.7190492203224
      ],
      [
       -79.7716342061273,
       43.7200379812857
      ],
      [
       -79.7713392054935,
       43.7202734124305
      ],
      [
       -79.7704697439355,
       43.7210158838403
      ],
      [
       -79.7696581662754,
       43.7217724774638
      ],
      [
       -79.7679852997068,
       43.7232851111802
      ],
      [
       -79.7668204378607,
       43.7242764773485
      ],
      [
       -79.7664753773146,
       43.7245293632519
      ],
      [
       -79.7655988676737,
       43.7252312035414
      ],
      [
       -79.7652605938099,
       43.7254931628765
      ],
      [
       -79.7644900057315,
       43.7247780326461
      ],
      [
       -79.7637972127436,
       43.7241672829576
      ],
      [
       -79.7610924903934,
       43.7221211316422
      ],
      [
       -79.7563041279613,
       43.7185621216014
      ],
      [
       -79.7552914057765,
       43.7178217838227
      ],
      [
       -79.7521649988103,
       43.7155232199877
      ],
      [
       -79.7488881305537,
       43.7130473475779
      ],
      [
       -79.7479493290911,
       43.7123797843529
      ],
      [
       -79.742040817062,
       43.7080020488463
      ],
      [
       -79.7386661132815,
       43.7055698234797
      ],
      [
       -79.7384885481931,
       43.705455315212
      ]
     ]
    ]
   },
   "properties": {
    "OBJECTID_1": 1,
    "OBJECTID": 1,
    "WARDNUM": "1",
    "MUNIC": "Brampton",
    "Mayor": "Patrick Brown",
    "FirstName0": "Paul",
    "LastName0": "Vicente",
    "Phone0": "1-905-874-2601",
    "email0": "paul.vicente@brampton.ca",
    "FirstName1": "Rowena",
    "LastName1": "Santos",
    "Phone1": "1-905-874-2605",
    "email1": "rowena.santos@brampton.ca",
    "RC_Name": "Nando Iannicca",
    "Shape_Leng": 14483.9301911,
    "WardName": "Ward 1",
    "Shape__Area": 11248962.28125,
    "Shape__Length": 14483.930191072655
   }
  },
  {
   "type": "Feature",
   "id": 2,
   "geometry": {
    "type": "Polygon",
    "coordinates": [
     [
      [
       -79.7652605938099,
       43.7254931628765
      ],
      [
       -79.7655988676737,
       43.7252312035414
      ],
      [
       -79.7664753773146,
       43.7245293632519
      ],
      [
       -79.7668204378607,
       43.7242764773485
      ],
      [
       -79.7679852997068,
       43.7232851111802
      ],
      [
       -79.7696581662754,
       43.7217724774638
      ],
      [
       -79.7704697439355,
       43.7210158838403
      ],
      [
       -79.7713392054935,
       43.7202734124305
      ],
      [
       -79.7716342061273,
       43.7200379812857
      ],
      [
       -79.7730463617131,
       43.7190492203224
      ],
      [
       -79.7737433842749,
       43.7185794966734
      ],
      [
       -79.7744037624071,
       43.7180418467969
      ],
      [
       -79.776629433165,
       43.7159227734076
      ],
      [
       -79.7798310589383,
       43.7129181944893
      ],
      [
       -79.780449618686,
       43.7122945257858
      ],
      [
       -79.7811868357667,
       43.7114425203777
      ],
      [
       -79.7819092964318,
       43.7106668857245
      ],
      [
       -79.7827941972952,
       43.7096453699619
      ],
      [
       -79.7835826284306,
       43.7087893921428
      ],
      [
       -79.7841121477211,
       43.7082682999639
      ],
      [
       -79.7867618986203,
       43.7057798747701
      ],
      [
       -79.7895656795239,
       43.7033740532594
      ],
      [
       -79.7897899528757,
       43.7031378253172
      ],
      [
       -79.7912583953704,
       43.7016677236868
      ],
      [
       -79.7920329794682,
       43.7009105825192
      ],
      [
       -79.7925397760362,
       43.7003937122239
      ],
      [
       -79.7929669915948,
       43.7000155595139
      ],
      [
       -79.7933133343452,
       43.6996860727513
      ],
      [
       -79.7940407778427,
       43.6990724822386
      ],
      [
       -79.7950365335862,
       43.6981510817768
      ],
      [
       -79.7975761004924,
       43.6960078890095
      ],
      [
       -79.8001521521331,
       43.6978987686865
      ],
      [
       -79.8045599210062,
       43.7011818573319
      ],
      [
       -79.8083321909632,
       43.7039899480515
      ],
      [
       -79.8105742097529,
       43.705624998746
      ],
      [
       -79.811940311437,
       43.7066431409775
      ],
      [
       -79.8160580840995,
       43.7095896240047
      ],
      [
       -79.8215059423821,
       43.7136076360193
      ],
      [
       -79.8244800123894,
       43.715812700248
      ],
      [
       -79.8277523576367,
       43.71825034492
      ],
      [
       -79.8321507995465,
       43.7215277633453
      ],
      [
       -79.8347958182838,
       43.7234950935685
      ],
      [
       -79.835342412662,
       43.7238788272197
      ],
      [
       -79.8319584119233,
       43.7270361601857
      ],
      [
       -79.8308807881506,
       43.728101102272
      ],
      [
       -79.8300555099558,
       43.7289975442797
      ],
      [
       -79.8303270885991,
       43.72919840887
      ],
      [
       -79.8303890581392,
       43.7292440623516
      ],
      [
       -79.8312590567596,
       43.729878730411
      ],
      [
       -79.8314985814548,
       43.7300522528363
      ],
      [
       -79.8326593325269,
       43.7309014730568
      ],
      [
       -79.8327971245678,
       43.7307993361198
      ],
      [
       -79.8340414339507,
       43.7317034186746
      ],
      [
       -79.8342695973184,
       43.7318633135675
      ],
      [
       -79.8342711491306,
       43.7318633293962
      ],
      [
       -79.8343607951331,
       43.7319227687826
      ],
      [
       -79.8344512172208,
       43.7319822160131
      ],
      [
       -79.8345432786002,
       43.732037177964
      ],
      [
       -79.8346361160576,
       43.7320921477539
      ],
      [
       -79.8347227464063,
       43.7321470541795
      ],
      [
       -79.8348102401003,
       43.7321974674167
      ],
      [
       -79.8348992857641,
       43.7322478964082
      ],
      [
       -79.8349891947526,
       43.732293832206
      ],
      [
       -79.8350806557043,
       43.732339783752
      ],
      [
       -79.8351736686229,
       43.7323857510426
      ],
      [
       -79.8352666816846,
       43.7324317182587
      ],
      [
       -79.8353613339537,
       43.7324732001788
      ],
      [
       -79.8354574509557,
       43.73251919887
      ],
      [
       -79.8355537425486,
       43.7325561954102
      ],
      [
       -79.835651498879,
       43.7325977087162
      ],
      [
       -79.8357423593044,
       43.7326346497641
      ],
      [
       -79.8357408074715,
       43.7326346339553
      ],
      [
       -79.8356588039557,
       43.7327013274019
      ],
      [
       -79.8355278210945,
       43.7328125409862
      ],
      [
       -79.8355921260728,
       43.7328582154214
      ],
      [
       -79.8357007368126,
       43.7329403565919
      ],
      [
       -79.8354290224555,
       43.7331851939761
      ],
      [
       -79.8352733737175,
       43.7333276693778
      ],
      [
       -79.8350134693106,
       43.7335636222658
      ],
      [
       -79.8347536501403,
       43.7337950734967
      ],
      [
       -79.8345750596597,
       43.733959823632
      ],
      [
       -79.834457350223,
       43.7340666693922
      ],
      [
       -79.8343680979502,
       43.7341467937359
      ],
      [
       -79.8343641309569,
       43.7341512551985
      ],
      [
       -79.83427099875,
       43.7342313398923
      ],
      [
       -79.8341770030267,
       43.7343159176231
      ],
      [
       -79.8340836956395,
       43.7344050042204
      ],
      [
       -79.8339904753189,
       43.7344895897053
      ],
      [
       -79.8338964787938,
       43.7345741671928
      ],
      [
       -79.8338032579453,
       43.7346587525166
      ],
      [
       -79.8337100368333,
       43.7347433377602
      ],
      [
       -79.8336160395138,
       43.7348279150044
      ],
      [
       -79.833522817874,
       43.734912500087
      ],
      [
       -79.8334295959708,
       43.7349970850893
      ],
      [
       -79.8333363738042,
       43.7350816700114
      ],
      [
       -79.8332423754258,
       43.7351662469315
      ],
      [
       -79.8331855456646,
       43.7352151878792
      ],
      [
       -79.8331491527313,
       43.7352508316926
      ],
      [
       -79.8330567057241,
       43.7353354242965
      ],
      [
       -79.8329642584555,
       43.7354200168214
      ],
      [
       -79.8328710349729,
       43.7355046013431
      ],
      [
       -79.8327548713663,
       43.7356114611022
      ],
      [
       -79.832601537824,
       43.7357539564395
      ],
      [
       -79.8324862366706,
       43.7358563228081
      ],
      [
       -79.8323937003232,
       43.735945415874
      ],
      [
       -79.8323012511756,
       43.7360300078328
      ],
      [
       -79.8322088017667,
       43.7361145997126
      ],
      [
       -79.8321163520966,
       43.7361991915135
      ],
      [
       -79.8320239021651,
       43.7362837832355
      ],
      [
       -79.8320128636937,
       43.7362926742664
      ],
      [
       -79.8319306760088,
       43.7363683669476
      ],
      [
       -79.8318375371006,
       43.7364484495528
      ],
      [
       -79.831743534459,
       43.7365330251726
      ],
      [
       -79.8316503075186,
       43.7366176086437
      ],
      [
       -79.8315570803147,
       43.7367021920345
      ],
      [
       -79.8314630768785,
       43.736786767411
      ],
      [
       -79.8313698491467,
       43.7368713506408
      ],
      [
       -79.8312758451805,
       43.7369559258549
      ],
      [
       -79.8311826169208,
       43.7370405089236
      ],
      [
       -79.8310893883977,
       43.7371250919119
      ],
      [
       -79.8309954712138,
       43.737205165858
      ],
      [
       -79.8308714536175,
       43.7373164452481
      ],
      [
       -79.830485855941,
       43.7376681516681
      ],
      [
       -79.8304573949494,
       43.7376948719356
      ],
      [
       -79.830433677437,
       43.7377171388195
      ],
      [
       -79.8303413104115,
       43.7377972280821
      ],
      [
       -79.8302796446248,
       43.7378551219033
      ],
      [
       -79.8302559269827,
       43.7378773887482
      ],
      [
       -79.8301437216662,
       43.7379797843951
      ],
      [
       -79.8292292431503,
       43.7388257845696
      ],
      [
       -79.8291430807685,
       43.7389059364075
      ],
      [
       -79.8290593338732,
       43.7389816110086
      ],
      [
       -79.8289754990323,
       43.7390617865651
      ],
      [
       -79.828891751707,
       43.7391374610365
      ],
      [
       -79.8288166279106,
       43.7392087219003
      ],
      [
       -79.8288071404235,
       43.7392176285105
      ],
      [
       -79.8287985166809,
       43.7392220420527
      ],
      [
       -79.8287937729353,
       43.7392264953572
      ],
      [
       -79.8287209769121,
       43.7392977800121
      ],
      [
       -79.8286380049364,
       43.7393734622403
      ],
      [
       -79.8285470971918,
       43.7394580669007
      ],
      [
       -79.8284586049752,
       43.7395381943305
      ],
      [
       -79.8284443735852,
       43.7395515541984
      ],
      [
       -79.8284348859884,
       43.739560460776
      ],
      [
       -79.8283432016676,
       43.7396450573101
      ],
      [
       -79.8282372856059,
       43.7397430136072
      ],
      [
       -79.8278413052136,
       43.7401081102276
      ],
      [
       -79.8278088740004,
       43.7401392910197
      ],
      [
       -79.8278065459669,
       43.7401392671415
      ],
      [
       -79.8277377155469,
       43.7402060899129
      ],
      [
       -79.8275875501843,
       43.740344108967
      ],
      [
       -79.8275844461293,
       43.7403440771234
      ],
      [
       -79.827535366974,
       43.7403930947198
      ],
      [
       -79.8272437456179,
       43.7406602176224
      ],
      [
       -79.8271820738836,
       43.740718109677
      ],
      [
       -79.8261315719119,
       43.7416887422667
      ],
      [
       -79.8250818119032,
       43.7426593726334
      ],
      [
       -79.8228198308354,
       43.7410424170846
      ],
      [
       -79.8227448392159,
       43.7409876216064
      ],
      [
       -79.8215678493405,
       43.740093115425
      ],
      [
       -79.821380376364,
       43.7399561246283
      ],
      [
       -79.8211202436465,
       43.7397643610214
      ],
      [
       -79.8196869501229,
       43.7387231297945
      ],
      [
       -79.8196229452485,
       43.738780993686
      ],
      [
       -79.8192675367841,
       43.739132973886
      ],
      [
       -79.817555259564,
       43.7407539686166
      ],
      [
       -79.8144382885817,
       43.7436569252411
      ],
      [
       -79.8142753119658,
       43.7438128014341
      ],
      [
       -79.8112083930314,
       43.7465631224203
      ],
      [
       -79.8102873981457,
       43.7474043996716
      ],
      [
       -79.8084715402007,
       43.7490962077449
      ],
      [
       -79.8076847850008,
       43.7496237294522
      ],
      [
       -79.8063729669619,
       43.7504383869223
      ],
      [
       -79.8049977079895,
       43.7512793772724
      ],
      [
       -79.8046637829255,
       43.7515189880916
      ],
      [
       -79.8035303037645,
       43.7525740788573
      ],
      [
       -79.8032392928052,
       43.752841146168
      ],
      [
       -79.8028729591619,
       43.7531479408841
      ],
      [
       -79.7994681983405,
       43.7561645161665
      ],
      [
       -79.7989349825416,
       43.756622609536
      ],
      [
       -79.7988359870793,
       43.7566035614617
      ],
      [
       -79.7976145241825,
       43.7563431119126
      ],
      [
       -79.7963634489962,
       43.7559337745967
      ],
      [
       -79.7959390087407,
       43.7557672349587
      ],
      [
       -79.7954852019397,
       43.7555553651831
      ],
      [
       -79.7948362684031,
       43.7552018770056
      ],
      [
       -79.7945794052377,
       43.7550416012875
      ],
      [
       -79.7944201257643,
       43.754931875414
      ],
      [
       -79.7940439715365,
       43.7546037695228
      ],
      [
       -79.7935558173139,
       43.7542474686433
      ],
      [
       -79.7930625831611,
       43.7537965720034
      ],
      [
       -79.7925838567538,
       43.7532422826578
      ],
      [
       -79.7920182732692,
       43.7525295064846
      ],
      [
       -79.7903768495842,
       43.75042325971
      ],
      [
       -79.7886469553329,
       43.7481674879969
      ],
      [
       -79.7873076057286,
       43.7464515616024
      ],
      [
       -79.7864439295625,
       43.7454384674667
      ],
      [
       -79.7856824589446,
       43.7445930234296
      ],
      [
       -79.7848387922262,
       43.7437061830522
      ],
      [
       -79.7834109185584,
       43.7423089044444
      ],
      [
       -79.7811376758502,
       43.7404614071541
      ],
      [
       -79.7782415748461,
       43.7382200424121
      ],
      [
       -79.7739684010426,
       43.7347843362977
      ],
      [
       -79.772503293863,
       43.7336746431189
      ],
      [
       -79.7717134739486,
       43.7330178807785
      ],
      [
       -79.7707975034792,
       43.7321931851266
      ],
      [
       -79.76971699937,
       43.7310290668981
      ],
      [
       -79.7687484994456,
       43.7298166238691
      ],
      [
       -79.7679003525282,
       43.7287540334451
      ],
      [
       -79.7674680889723,
       43.7282631647883
      ],
      [
       -79.7652605938099,
       43.7254931628765
      ]
     ]
    ]
   },
   "properties": {
    "OBJECTID_1": 2,
    "OBJECTID": 2,
    "WARDNUM": "2",
    "MUNIC": "Brampton",
    "Mayor": "Patrick Brown",
    "FirstName0": "Michael",
    "LastName0": "Palleschi",
    "Phone0": "1-905-874-2661",
    "email0": "michael.Palleschi@brampton.ca",
    "FirstName1": " ",
    "LastName1": " ",
    "Phone1": " ",
    "email1": " ",
    "RC_Name": "Nando Iannicca",
    "Shape_Leng": 18972.832537,
    "WardName": "Ward 2",
    "Shape__Area": 20289161.984375,
    "Shape__Length": 18972.832537043196
   }
  },
  {
   "type": "Feature",
   "id": 3,
   "geometry": {
    "type": "Polygon",
    "coordinates": [
     [
      [
       -79.68372643515,
       43.6821794514426
      ],
      [
       -79.6838430859219,
       43.6819511953717
      ],
      [
       -79.6838486108594,
       43.6819467570459
      ],
      [
       -79.6838501612961,
       43.6819467749005
      ],
      [
       -79.6839076619068,
       43.6818348882908
      ],
      [
       -79.6844428022436,
       43.6808010986777
      ],
      [
       -79.6850897172527,
       43.6795479967134
      ],
      [
       -79.685750273982,
       43.6782725378958
      ],
      [
       -79.6859858690173,
       43.6778160475291
      ],
      [
       -79.6860190260692,
       43.6777534013805
      ],
      [
       -79.6862101170849,
       43.6773819359743
      ],
      [
       -79.6869516734141,
       43.675945330378
      ],
      [
       -79.6896996428012,
       43.6706285421677
      ],
      [
       -79.690160916903,
       43.6697379394824
      ],
      [
       -79.690258035771,
       43.6695499701312
      ],
      [
       -79.6902831393942,
       43.6695007362407
      ],
      [
       -79.6902847873996,
       43.6694962531654
      ],
      [
       -79.6902944796582,
       43.6694783563901
      ],
      [
       -79.6902961276621,
       43.6694738733145
      ],
      [
       -79.6902977756658,
       43.6694693902389
      ],
      [
       -79.6903180331021,
       43.6694291047273
      ],
      [
       -79.6903664942306,
       43.6693396208249
      ],
      [
       -79.6906974860259,
       43.6686996326566
      ],
      [
       -79.6912239396102,
       43.6682329564114
      ],
      [
       -79.6915938962101,
       43.6679040470628
      ],
      [
       -79.6918784829703,
       43.6676506927907
      ],
      [
       -79.6919172418292,
       43.6676151206975
      ],
      [
       -79.692162194556,
       43.6674018297439
      ],
      [
       -79.6924460015047,
       43.6671484651082
      ],
      [
       -79.692730581084,
       43.6668951085913
      ],
      [
       -79.6939106343621,
       43.6658506384923
      ],
      [
       -79.6939572385897,
       43.6658106533831
      ],
      [
       -79.6940244810657,
       43.6657483942626
      ],
      [
       -79.6950393938641,
       43.6648460880123
      ],
      [
       -79.6959009071628,
       43.6640815832925
      ],
      [
       -79.6961568760212,
       43.6638594053802
      ],
      [
       -79.6965070143945,
       43.6635482615975
      ],
      [
       -79.6969838723622,
       43.66311250643
      ],
      [
       -79.697685872748,
       43.6624812283123
      ],
      [
       -79.6988808660904,
       43.6614188682744
      ],
      [
       -79.6998362487688,
       43.6605743664742
      ],
      [
       -79.7005490386278,
       43.6599431931647
      ],
      [
       -79.7005513634488,
       43.6599432195964
      ],
      [
       -79.7005908871271,
       43.6599076531988
      ],
      [
       -79.7006581161037,
       43.6598453899438
      ],
      [
       -79.70074975631,
       43.6597653962732
      ],
      [
       -79.7016135457409,
       43.6589963715674
      ],
      [
       -79.7017154514259,
       43.6589074897846
      ],
      [
       -79.7018324683527,
       43.6588007716673
      ],
      [
       -79.7025998486339,
       43.6581161817174
      ],
      [
       -79.7037806230026,
       43.6570581100246
      ],
      [
       -79.7049567063972,
       43.6559999727424
      ],
      [
       -79.7060079011172,
       43.6550529585806
      ],
      [
       -79.7060538139157,
       43.655080490208
      ],
      [
       -79.7061557063826,
       43.654991604242
      ],
      [
       -79.7064291289524,
       43.6547470906045
      ],
      [
       -79.7068067644342,
       43.6544137159995
      ],
      [
       -79.70718526716,
       43.654075847959
      ],
      [
       -79.7075628942218,
       43.6537424707125
      ],
      [
       -79.7076474456256,
       43.6536668932213
      ],
      [
       -79.7080138419456,
       43.6534594427415
      ],
      [
       -79.7084860955234,
       43.6531946616225
      ],
      [
       -79.7089575701163,
       43.6529298697358
      ],
      [
       -79.7095883591373,
       43.6525723332041
      ],
      [
       -79.7099915493529,
       43.6523832996297
      ],
      [
       -79.7102679600439,
       43.6522513597719
      ],
      [
       -79.7107697390762,
       43.652018416131
      ],
      [
       -79.711194906225,
       43.6518161202497
      ],
      [
       -79.7116724657285,
       43.6515919034679
      ],
      [
       -79.7118313931674,
       43.6515171611746
      ],
      [
       -79.7125751796975,
       43.6511653834845
      ],
      [
       -79.712615080706,
       43.6511478250154
      ],
      [
       -79.7126526571993,
       43.6511302403507
      ],
      [
       -79.7126557565221,
       43.6511302752591
      ],
      [
       -79.7128890594482,
       43.6510203533599
      ],
      [
       -79.7129125927263,
       43.6510071124413
      ],
      [
       -79.7132826186354,
       43.6512813972681
      ],
      [
       -79.7136381181789,
       43.6515465134479
      ],
      [
       -79.7150665313437,
       43.6525620193905
      ],
      [
       -79.7161685373501,
       43.653366750611
      ],
      [
       -79.7162752918228,
       43.6534489852288
      ],
      [
       -79.7163501735413,
       43.6534993479669
      ],
      [
       -79.7167072493957,
       43.653764472233
      ],
      [
       -79.7167737041899,
       43.653810238101
      ],
      [
       -79.7168736781583,
       43.65388339208
      ],
      [
       -79.7180249503866,
       43.6547426820305
      ],
      [
       -79.7200390690231,
       43.6562148907066
      ],
      [
       -79.7233450862246,
       43.6586154014353
      ],
      [
       -79.7274359956775,
       43.661704354984
      ],
      [
       -79.7282415224496,
       43.6622850710228
      ],
      [
       -79.7289692811822,
       43.6628784224451
      ],
      [
       -79.7307409179036,
       43.6642216891574
      ],
      [
       -79.7315052282622,
       43.6647749124876
      ],
      [
       -79.7331949603823,
       43.6660001806659
      ],
      [
       -79.7346038805182,
       43.6647282254025
      ],
      [
       -79.7357414380382,
       43.6637143652906
      ],
      [
       -79.7382745264218,
       43.6613923285
      ],
      [
       -79.7385758431237,
       43.6611435440324
      ],
      [
       -79.740016757028,
       43.6598133481945
      ],
      [
       -79.7413682528995,
       43.6585676866637
      ],
      [
       -79.7414164642188,
       43.6585231978293
      ],
      [
       -79.7424648136948,
       43.6575758167146
      ],
      [
       -79.743744495933,
       43.6564238778223
      ],
      [
       -79.744937157505,
       43.6572518378135
      ],
      [
       -79.7462275442625,
       43.6581528888976
      ],
      [
       -79.7491258228757,
       43.6602735604175
      ],
      [
       -79.7514112555356,
       43.6619777852969
      ],
      [
       -79.752965888389,
       43.6630797328761
      ],
      [
       -79.7542082206693,
       43.6640296905754
      ],
      [
       -79.7559043230511,
       43.6652681988864
      ],
      [
       -79.758935142982,
       43.6674981096682
      ],
      [
       -79.7603064820844,
       43.668516930812
      ],
      [
       -79.7640204969518,
       43.6712448283208
      ],
      [
       -79.7659642695209,
       43.6726749467945
      ],
      [
       -79.7681117440162,
       43.6742332826664
      ],
      [
       -79.7698498186016,
       43.6754945446624
      ],
      [
       -79.7700946919002,
       43.6756907643758
      ],
      [
       -79.7706490979664,
       43.6761064075256
      ],
      [
       -79.768830551814,
       43.6777930760005
      ],
      [
       -79.7674513989213,
       43.6790702739815
      ],
      [
       -79.7669566244631,
       43.6795286390324
      ],
      [
       -79.7653836760985,
       43.6809883009598
      ],
      [
       -79.7644601205136,
       43.6817841711857
      ],
      [
       -79.7637781473479,
       43.6824070707861
      ],
      [
       -79.7635813200678,
       43.6825895218989
      ],
      [
       -79.7630862666599,
       43.6830208551004
      ],
      [
       -79.7626717982391,
       43.6834170429129
      ],
      [
       -79.7619729171585,
       43.68403074457
      ],
      [
       -79.7617420942489,
       43.6842443378897
      ],
      [
       -79.7608789121926,
       43.6850408327092
      ],
      [
       -79.7599504306855,
       43.6858816319441
      ],
      [
       -79.7596522093091,
       43.6861665209349
      ],
      [
       -79.7587233218552,
       43.6870253134083
      ],
      [
       -79.7573125424764,
       43.6883110469844
      ],
      [
       -79.7562068438537,
       43.689316460398
      ],
      [
       -79.7558891110691,
       43.6896056289775
      ],
      [
       -79.7551258261655,
       43.6903266336837
      ],
      [
       -79.7549125386571,
       43.6905899253759
      ],
      [
       -79.7547631403521,
       43.6907638737734
      ],
      [
       -79.754610546606,
       43.6909422890995
      ],
      [
       -79.7544637520912,
       43.6911027596173
      ],
      [
       -79.7536965540919,
       43.6918237119104
      ],
      [
       -79.7534451391052,
       43.692055071368
      ],
      [
       -79.7525928694893,
       43.6928381154814
      ],
      [
       -79.7516151429496,
       43.6937233276099
      ],
      [
       -79.751263275417,
       43.6940481257821
      ],
      [
       -79.7505939927575,
       43.694644072087
      ],
      [
       -79.7494906714372,
       43.6956359393418
      ],
      [
       -79.7474966353742,
       43.6974238858986
      ],
      [
       -79.7458500381851,
       43.6988734624798
      ],
      [
       -79.7425631139564,
       43.701795121826
      ],
      [
       -79.7405598314002,
       43.7035603335988
      ],
      [
       -79.7403114913494,
       43.7037511800285
      ],
      [
       -79.7395464973045,
       43.7044990713418
      ],
      [
       -79.7388264979637,
       43.7051349055051
      ],
      [
       -79.7384885481931,
       43.705455315212
      ],
      [
       -79.7382095901039,
       43.7056998422771
      ],
      [
       -79.7378832470633,
       43.7059843628035
      ],
      [
       -79.7371153559725,
       43.7066826842019
      ],
      [
       -79.7359069260966,
       43.7077452872625
      ],
      [
       -79.7344373026324,
       43.7090525916642
      ],
      [
       -79.7280876675908,
       43.7148481192998
      ],
      [
       -79.7259553215143,
       43.7132531944759
      ],
      [
       -79.7244223976741,
       43.7121151145754
      ],
      [
       -79.7226221706713,
       43.7107444280807
      ],
      [
       -79.7208769200584,
       43.7094553631124
      ],
      [
       -79.7191561702536,
       43.7081485381423
      ],
      [
       -79.7173338022206,
       43.7068450485475
      ],
      [
       -79.716115522952,
       43.7058814607572
      ],
      [
       -79.712443395406,
       43.7031569956561
      ],
      [
       -79.7104860825442,
       43.701685304008
      ],
      [
       -79.7079833060892,
       43.6998292505515
      ],
      [
       -79.7074927159196,
       43.6994860579553
      ],
      [
       -79.704303580301,
       43.6970954321059
      ],
      [
       -79.7032582300738,
       43.6964037829635
      ],
      [
       -79.7018807437869,
       43.6956498269436
      ],
      [
       -79.7012087855183,
       43.6951965004164
      ],
      [
       -79.7005224011426,
       43.6946574689817
      ],
      [
       -79.6987817728925,
       43.6933771205076
      ],
      [
       -79.6955590023918,
       43.6909588542555
      ],
      [
       -79.6952681851573,
       43.6907439432202
      ],
      [
       -79.6928741856228,
       43.6889563273652
      ],
      [
       -79.6916741831633,
       43.6880782229264
      ],
      [
       -79.6913430859329,
       43.6878268251415
      ],
      [
       -79.6912644049026,
       43.6877719008238
      ],
      [
       -79.6909088933141,
       43.6875022144103
      ],
      [
       -79.6908454252173,
       43.6874609698938
      ],
      [
       -79.6907432006662,
       43.687383265792
      ],
      [
       -79.6892995822156,
       43.6862997575731
      ],
      [
       -79.6861260955689,
       43.6839673254641
      ],
      [
       -79.6848514113164,
       43.6830027532463
      ],
      [
       -79.6843906473595,
       43.6826553020482
      ],
      [
       -79.68372643515,
       43.6821794514426
      ]
     ]
    ]
   },
   "properties": {
    "OBJECTID_1": 3,
    "OBJECTID": 3,
    "WARDNUM": "3",
    "MUNIC": "Brampton",
    "Mayor": "Patrick Brown",
    "FirstName0": "Martin",
    "LastName0": "Medeiros",
    "Phone0": "1-905-874-2634",
    "email0": "martin.medeiros@brampton.ca",
    "FirstName1": " ",
    "LastName1": " ",
    "Phone1": " ",
    "email1": " ",
    "RC_Name": "Nando Iannicca",
    "Shape_Leng": 21657.1271674,
    "WardName": "Ward 3",
    "Shape__Area": 26722299.953125,
    "Shape__Length": 21657.127167445444
   }
  },
  {
   "type": "Feature",
   "id": 4,
   "geometry": {
    "type": "Polygon",
    "coordinates": [
     [
      [
       -79.7129125927263,
       43.6510071124413
      ],
      [
       -79.7131521894509,
       43.6508927588993
      ],
      [
       -79.7134715862864,
       43.6507432873041
      ],
      [
       -79.7165395260718,
       43.6490850356015
      ],
      [
       -79.7165528894751,
       43.649076181705
      ],
      [
       -79.717112128526,
       43.6487628196279
      ],
      [
       -79.7190823471008,
       43.6476594220185
      ],
      [
       -79.7209373602707,
       43.646613226725
      ],
      [
       -79.7261459092109,
       43.6436775772775
      ],
      [
       -79.7261946088422,
       43.6436466061457
      ],
      [
       -79.7263937699884,
       43.6435362759701
      ],
      [
       -79.7264423742819,
       43.6435098056525
      ],
      [
       -79.7264902037963,
       43.6434833266813
      ],
      [
       -79.7266525709869,
       43.6433905940183
      ],
      [
       -79.7267192791863,
       43.6433508193192
      ],
      [
       -79.7267866669617,
       43.6433155541341
      ],
      [
       -79.7268541497243,
       43.6432757879838
      ],
      [
       -79.7281896663987,
       43.6425253190484
      ],
      [
       -79.7283026510975,
       43.6424590464279
      ],
      [
       -79.7300083487819,
       43.6414965789013
      ],
      [
       -79.7300953848251,
       43.6414480241085
      ],
      [
       -79.7301619938072,
       43.6414127482641
      ],
      [
       -79.7302294722297,
       43.6413729800543
      ],
      [
       -79.7302961758533,
       43.6413332031974
      ],
      [
       -79.7303635593018,
       43.6412979358378
      ],
      [
       -79.7304310374638,
       43.641258167505
      ],
      [
       -79.7304976460416,
       43.6412228914588
      ],
      [
       -79.7305651240318,
       43.6411831230443
      ],
      [
       -79.7306490603471,
       43.6411345333996
      ],
      [
       -79.7306905937145,
       43.641112484718
      ],
      [
       -79.7307321270518,
       43.641090436021
      ],
      [
       -79.7307996047402,
       43.6410506674634
      ],
      [
       -79.7308662128751,
       43.6410153911957
      ],
      [
       -79.7309336903917,
       43.6409756225563
      ],
      [
       -79.7310003931144,
       43.6409358452746
      ],
      [
       -79.7310340844224,
       43.6409182113858
      ],
      [
       -79.7310677757109,
       43.6409005774868
      ],
      [
       -79.731135252967,
       43.6408608087244
      ],
      [
       -79.7312018606977,
       43.640825532255
      ],
      [
       -79.7312787289496,
       43.6407813656683
      ],
      [
       -79.7312850213027,
       43.6407769335281
      ],
      [
       -79.7313689564768,
       43.6407283433372
      ],
      [
       -79.7314355639257,
       43.6406930667273
      ],
      [
       -79.7315030407087,
       43.6406532977406
      ],
      [
       -79.7315704226983,
       43.6406180296473
      ],
      [
       -79.7316371246082,
       43.6405782519815
      ],
      [
       -79.7317046011307,
       43.6405384828718
      ],
      [
       -79.7317712081753,
       43.6405032060601
      ],
      [
       -79.7318386845261,
       43.6404634368686
      ],
      [
       -79.7319217494443,
       43.6404193385983
      ],
      [
       -79.7320676421092,
       43.640335419369
      ],
      [
       -79.7321366674727,
       43.6402956671834
      ],
      [
       -79.7322056927455,
       43.6402559149547
      ],
      [
       -79.7322738485804,
       43.6402206550267
      ],
      [
       -79.7323428736777,
       43.6401809027125
      ],
      [
       -79.7324118986842,
       43.6401411503552
      ],
      [
       -79.7324989308512,
       43.6400925936731
      ],
      [
       -79.7325161634025,
       43.6400837807977
      ],
      [
       -79.7325679556546,
       43.6400528412185
      ],
      [
       -79.7326165544532,
       43.6400263681917
      ],
      [
       -79.7327381458791,
       43.6399556845944
      ],
      [
       -79.7328777441529,
       43.6398761965201
      ],
      [
       -79.7331565928383,
       43.6399918371692
      ],
      [
       -79.733861900871,
       43.6402787755011
      ],
      [
       -79.7346600854015,
       43.6405712396828
      ],
      [
       -79.7351719376011,
       43.6406984585999
      ],
      [
       -79.7358498069399,
       43.6408905393056
      ],
      [
       -79.7365269602651,
       43.6410060743153
      ],
      [
       -79.7366272949665,
       43.6410251913278
      ],
      [
       -79.7371669302194,
       43.6411211944968
      ],
      [
       -79.7372773365541,
       43.641140422215
      ],
      [
       -79.738718592235,
       43.6413274109593
      ],
      [
       -79.739784619016,
       43.6413751854353
      ],
      [
       -79.7425345954973,
       43.6413064288754
      ],
      [
       -79.7433037682106,
       43.6412833744847
      ],
      [
       -79.7441006671327,
       43.6413056394327
      ],
      [
       -79.7449433500551,
       43.6414364492325
      ],
      [
       -79.7462277549861,
       43.6417521784744
      ],
      [
       -79.7469347642834,
       43.6419985369066
      ],
      [
       -79.7478903870128,
       43.6424006822339
      ],
      [
       -79.7495671671957,
       43.6432654118459
      ],
      [
       -79.7499282056839,
       43.6435304761914
      ],
      [
       -79.7536709405693,
       43.6462725393622
      ],
      [
       -79.7544621419471,
       43.6467988920889
      ],
      [
       -79.7551566600308,
       43.6461536707555
      ],
      [
       -79.7572465126062,
       43.6443215950463
      ],
      [
       -79.7599577368201,
       43.6418479373076
      ],
      [
       -79.761193491767,
       43.6407268365483
      ],
      [
       -79.7618591459811,
       43.6401217787204
      ],
      [
       -79.7645784565819,
       43.6376886146885
      ],
      [
       -79.7651721284759,
       43.6371142730665
      ],
      [
       -79.7670401506108,
       43.6354146778204
      ],
      [
       -79.7705978704038,
       43.6322340737944
      ],
      [
       -79.7729137937008,
       43.6301340177222
      ],
      [
       -79.7759103744895,
       43.6273929172733
      ],
      [
       -79.7779371491426,
       43.6289542881452
      ],
      [
       -79.7789066301692,
       43.6296669609772
      ],
      [
       -79.7796211575463,
       43.6301923218191
      ],
      [
       -79.7834130695653,
       43.6329429465083
      ],
      [
       -79.7864760412166,
       43.6351634763807
      ],
      [
       -79.786657780616,
       43.635295963581
      ],
      [
       -79.789448278515,
       43.6373604526779
      ],
      [
       -79.7942018144155,
       43.6408142041136
      ],
      [
       -79.7967757281939,
       43.6427681801237
      ],
      [
       -79.7989866092499,
       43.6443986425096
      ],
      [
       -79.799212982051,
       43.6445495865284
      ],
      [
       -79.8008866265824,
       43.645845721467
      ],
      [
       -79.8012190908894,
       43.64619586188
      ],
      [
       -79.8013527383107,
       43.6463728410034
      ],
      [
       -79.8016123181358,
       43.6466861999972
      ],
      [
       -79.8020971881055,
       43.6471279753631
      ],
      [
       -79.8025170118063,
       43.6474114976708
      ],
      [
       -79.8030581275578,
       43.6477142966046
      ],
      [
       -79.8029565674788,
       43.6477942687753
      ],
      [
       -79.8026420518039,
       43.647944041986
      ],
      [
       -79.8018005078109,
       43.6481738284349
      ],
      [
       -79.8014418812684,
       43.6483591517895
      ],
      [
       -79.8010186698492,
       43.6486743541196
      ],
      [
       -79.8005449958913,
       43.6491105789137
      ],
      [
       -79.7999277534289,
       43.6497118678383
      ],
      [
       -79.7995626952892,
       43.6500636911197
      ],
      [
       -79.7975881736619,
       43.6518797456259
      ],
      [
       -79.7953544201298,
       43.6539406424038
      ],
      [
       -79.7922845385814,
       43.6567579992279
      ],
      [
       -79.7881648373492,
       43.6605005569755
      ],
      [
       -79.7874525843105,
       43.6611502914313
      ],
      [
       -79.7851080025453,
       43.6632908436524
      ],
      [
       -79.7848189921521,
       43.6635533877014
      ],
      [
       -79.781494050535,
       43.6665523177348
      ],
      [
       -79.7788657282972,
       43.6689013066618
      ],
      [
       -79.7786397655309,
       43.6691104847454
      ],
      [
       -79.7771529643947,
       43.6703641419078
      ],
      [
       -79.7745234878919,
       43.6726770010151
      ],
      [
       -79.7711827578537,
       43.6756394403155
      ],
      [
       -79.7706490979664,
       43.6761064075256
      ],
      [
       -79.7700946919002,
       43.6756907643758
      ],
      [
       -79.7698498186016,
       43.6754945446624
      ],
      [
       -79.7681117440162,
       43.6742332826664
      ],
      [
       -79.7659642695209,
       43.6726749467945
      ],
      [
       -79.7640204969518,
       43.6712448283208
      ],
      [
       -79.7603064820844,
       43.668516930812
      ],
      [
       -79.758935142982,
       43.6674981096682
      ],
      [
       -79.7559043230511,
       43.6652681988864
      ],
      [
       -79.7542082206693,
       43.6640296905754
      ],
      [
       -79.752965888389,
       43.6630797328761
      ],
      [
       -79.7514112555356,
       43.6619777852969
      ],
      [
       -79.7491258228757,
       43.6602735604175
      ],
      [
       -79.7462275442625,
       43.6581528888976
      ],
      [
       -79.744937157505,
       43.6572518378135
      ],
      [
       -79.743744495933,
       43.6564238778223
      ],
      [
       -79.7424648136948,
       43.6575758167146
      ],
      [
       -79.7414164642188,
       43.6585231978293
      ],
      [
       -79.7413682528995,
       43.6585676866637
      ],
      [
       -79.740016757028,
       43.6598133481945
      ],
      [
       -79.7385758431237,
       43.6611435440324
      ],
      [
       -79.7382745264218,
       43.6613923285
      ],
      [
       -79.7357414380382,
       43.6637143652906
      ],
      [
       -79.7346038805182,
       43.6647282254025
      ],
      [
       -79.7331949603823,
       43.6660001806659
      ],
      [
       -79.7315052282622,
       43.6647749124876
      ],
      [
       -79.7307409179036,
       43.6642216891574
      ],
      [
       -79.7289692811822,
       43.6628784224451
      ],
      [
       -79.7282415224496,
       43.6622850710228
      ],
      [
       -79.7274359956775,
       43.661704354984
      ],
      [
       -79.7233450862246,
       43.6586154014353
      ],
      [
       -79.7200390690231,
       43.6562148907066
      ],
      [
       -79.7180249503866,
       43.6547426820305
      ],
      [
       -79.7168736781583,
       43.65388339208
      ],
      [
       -79.7167737041899,
       43.653810238101
      ],
      [
       -79.7167072493957,
       43.653764472233
      ],
      [
       -79.7163501735413,
       43.6534993479669
      ],
      [
       -79.7162752918228,
       43.6534489852288
      ],
      [
       -79.7161685373501,
       43.653366750611
      ],
      [
       -79.7150665313437,
       43.6525620193905
      ],
      [
       -79.7136381181789,
       43.6515465134479
      ],
      [
       -79.7132826186354,
       43.6512813972681
      ],
      [
       -79.7129125927263,
       43.6510071124413
      ]
     ]
    ]
   },
   "properties": {
    "OBJECTID_1": 4,
    "OBJECTID": 4,
    "WARDNUM": "4",
    "MUNIC": "Brampton",
    "Mayor": "Patrick Brown",
    "FirstName0": "Martin",
    "LastName0": "Medeiros",
    "Phone0": "1-905-874-2634",
    "email0": "martin.medeiros@brampton.ca",
    "FirstName1": " ",
    "LastName1": " ",
    "Phone1": " ",
    "email1": " ",
    "RC_Name": "Nando Iannicca",
    "Shape_Leng": 20819.527741,
    "WardName": "Ward 4",
    "Shape__Area": 17732532.28125,
    "Shape__Length": 20819.527741016907
   }
  },
  {
   "type": "Feature",
   "id": 5,
   "geometry": {
    "type": "Polygon",
    "coordinates": [
     [
      [
       -79.7867618986203,
       43.7057798747701
      ],
      [
       -79.7836494819347,
       43.7034508021692
      ],
      [
       -79.7800931785215,
       43.7008377864799
      ],
      [
       -79.7773588166039,
       43.6988232100186
      ],
      [
       -79.778863347328,
       43.6974571976707
      ],
      [
       -79.779590909904,
       43.6967671672245
      ],
      [
       -79.7798276498272,
       43.6964905741827
      ],
      [
       -79.7800325955065,
       43.6961371081469
      ],
      [
       -79.7801708521498,
       43.6957829299636
      ],
      [
       -79.7805152320895,
       43.6948637055958
      ],
      [
       -79.7807974807214,
       43.6944840511848
      ],
      [
       -79.7817868776046,
       43.6933466041886
      ],
      [
       -79.7824448916095,
       43.6926783234281
      ],
      [
       -79.7829148948703,
       43.6922556441282
      ],
      [
       -79.7848990124801,
       43.6905525082126
      ],
      [
       -79.7873247753989,
       43.6884398443221
      ],
      [
       -79.7850681104467,
       43.6867861704959
      ],
      [
       -79.7797426324671,
       43.6828217381502
      ],
      [
       -79.7791396260292,
       43.6823876124946
      ],
      [
       -79.7771746614113,
       43.6809394852509
      ],
      [
       -79.7756841511178,
       43.6798430582466
      ],
      [
       -79.774091742432,
       43.6786509775682
      ],
      [
       -79.7732446991021,
       43.6780206184718
      ],
      [
       -79.7727969490778,
       43.6776961724838
      ],
      [
       -79.7723807111811,
       43.6773855690871
      ],
      [
       -79.7706490979664,
       43.6761064075256
      ],
      [
       -79.7711827578537,
       43.6756394403155
      ],
      [
       -79.7745234878919,
       43.6726770010151
      ],
      [
       -79.7771529643947,
       43.6703641419078
      ],
      [
       -79.7786397655309,
       43.6691104847454
      ],
      [
       -79.7788657282972,
       43.6689013066618
      ],
      [
       -79.781494050535,
       43.6665523177348
      ],
      [
       -79.7848189921521,
       43.6635533877014
      ],
      [
       -79.7851080025453,
       43.6632908436524
      ],
      [
       -79.7874525843105,
       43.6611502914313
      ],
      [
       -79.7881648373492,
       43.6605005569755
      ],
      [
       -79.7922845385814,
       43.6567579992279
      ],
      [
       -79.7953544201298,
       43.6539406424038
      ],
      [
       -79.7975881736619,
       43.6518797456259
      ],
      [
       -79.7995626952892,
       43.6500636911197
      ],
      [
       -79.7999277534289,
       43.6497118678383
      ],
      [
       -79.8005449958913,
       43.6491105789137
      ],
      [
       -79.8010186698492,
       43.6486743541196
      ],
      [
       -79.8014418812684,
       43.6483591517895
      ],
      [
       -79.8018005078109,
       43.6481738284349
      ],
      [
       -79.8026420518039,
       43.647944041986
      ],
      [
       -79.8029565674788,
       43.6477942687753
      ],
      [
       -79.8030581275578,
       43.6477142966046
      ],
      [
       -79.8034621050231,
       43.6478986057844
      ],
      [
       -79.8040629513603,
       43.6482380411036
      ],
      [
       -79.8050401423914,
       43.6489055513886
      ],
      [
       -79.8075873299828,
       43.6507959747535
      ],
      [
       -79.8114839387705,
       43.6536728088726
      ],
      [
       -79.8118534840725,
       43.6539557738371
      ],
      [
       -79.8133366611582,
       43.6549931319019
      ],
      [
       -79.8173060424338,
       43.6579020353963
      ],
      [
       -79.817691826665,
       43.6581896513437
      ],
      [
       -79.8191228447339,
       43.659248904123
      ],
      [
       -79.8217293357641,
       43.6612431680397
      ],
      [
       -79.8295963211558,
       43.667027999807
      ],
      [
       -79.824207231428,
       43.6719383627443
      ],
      [
       -79.8238875014484,
       43.6722322031282
      ],
      [
       -79.8235223869329,
       43.6725075675767
      ],
      [
       -79.8232192254537,
       43.6727070352527
      ],
      [
       -79.8227345568453,
       43.6729901701085
      ],
      [
       -79.8223792085308,
       43.6731620861774
      ],
      [
       -79.8220647822542,
       43.6733029091075
      ],
      [
       -79.8210830013912,
       43.6737114696449
      ],
      [
       -79.8207320488496,
       43.6738564140948
      ],
      [
       -79.8199570974641,
       43.6741545495362
      ],
      [
       -79.8195540967224,
       43.6743439726417
      ],
      [
       -79.8191625443654,
       43.6745425165307
      ],
      [
       -79.8187971684691,
       43.6747503335307
      ],
      [
       -79.8184271192821,
       43.6749986187418
      ],
      [
       -79.8180326632568,
       43.6753051759087
      ],
      [
       -79.8177265935615,
       43.6755721283041
      ],
      [
       -79.817467120296,
       43.6758350600102
      ],
      [
       -79.8171167566326,
       43.6763041409147
      ],
      [
       -79.8168750443271,
       43.6766888081187
      ],
      [
       -79.8166951210239,
       43.6770065850311
      ],
      [
       -79.816519404598,
       43.6773469150264
      ],
      [
       -79.8161119370167,
       43.678432170511
      ],
      [
       -79.8159541770224,
       43.6788447169628
      ],
      [
       -79.8156910297158,
       43.6793327045759
      ],
      [
       -79.8154061935083,
       43.6797799490813
      ],
      [
       -79.8151039876449,
       43.6801639852909
      ],
      [
       -79.8147342434728,
       43.680551822261
      ],
      [
       -79.8138035401246,
       43.681429053278
      ],
      [
       -79.8119156278869,
       43.6831472008927
      ],
      [
       -79.8085020937505,
       43.6862855470052
      ],
      [
       -79.8071264349321,
       43.6875362474435
      ],
      [
       -79.803302198074,
       43.6910618180716
      ],
      [
       -79.8030119069941,
       43.6913469032145
      ],
      [
       -79.8006923238321,
       43.6934069904016
      ],
      [
       -79.7975761004924,
       43.6960078890095
      ],
      [
       -79.7950365335862,
       43.6981510817768
      ],
      [
       -79.7940407778427,
       43.6990724822386
      ],
      [
       -79.7933133343452,
       43.6996860727513
      ],
      [
       -79.7929669915948,
       43.7000155595139
      ],
      [
       -79.7925397760362,
       43.7003937122239
      ],
      [
       -79.7920329794682,
       43.7009105825192
      ],
      [
       -79.7912583953704,
       43.7016677236868
      ],
      [
       -79.7897899528757,
       43.7031378253172
      ],
      [
       -79.7895656795239,
       43.7033740532594
      ],
      [
       -79.7867618986203,
       43.7057798747701
      ]
     ]
    ]
   },
   "properties": {
    "OBJECTID_1": 5,
    "OBJECTID": 5,
    "WARDNUM": "5",
    "MUNIC": "Brampton",
    "Mayor": "Patrick Brown",
    "FirstName0": "Rowena",
    "LastName0": "Santos",
    "Phone0": "1-905-874-2605",
    "email0": "rowena.santos@brampton.ca",
    "FirstName1": "Paul",
    "LastName1": "Vicente",
    "Phone1": "1-905-874-2601",
    "email1": "paul.vicente@brampton.ca",
    "RC_Name": "Nando Iannicca",
    "Shape_Leng": 17129.5070621,
    "WardName": "Ward 5",
    "Shape__Area": 14157389.0625,
    "Shape__Length": 17129.507062114168
   }
  },
  {
   "type": "Feature",
   "id": 6,
   "geometry": {
    "type": "Polygon",
    "coordinates": [
     [
      [
       -79.7975761004924,
       43.6960078890095
      ],
      [
       -79.8006923238321,
       43.6934069904016
      ],
      [
       -79.8030119069941,
       43.6913469032145
      ],
      [
       -79.803302198074,
       43.6910618180716
      ],
      [
       -79.8071264349321,
       43.6875362474435
      ],
      [
       -79.8085020937505,
       43.6862855470052
      ],
      [
       -79.8119156278869,
       43.6831472008927
      ],
      [
       -79.8138035401246,
       43.681429053278
      ],
      [
       -79.8147342434728,
       43.680551822261
      ],
      [
       -79.8151039876449,
       43.6801639852909
      ],
      [
       -79.8154061935083,
       43.6797799490813
      ],
      [
       -79.8156910297158,
       43.6793327045759
      ],
      [
       -79.8159541770224,
       43.6788447169628
      ],
      [
       -79.8161119370167,
       43.678432170511
      ],
      [
       -79.816519404598,
       43.6773469150264
      ],
      [
       -79.8166951210239,
       43.6770065850311
      ],
      [
       -79.8168750443271,
       43.6766888081187
      ],
      [
       -79.8171167566326,
       43.6763041409147
      ],
      [
       -79.817467120296,
       43.6758350600102
      ],
      [
       -79.8177265935615,
       43.6755721283041
      ],
      [
       -79.8180326632568,
       43.6753051759087
      ],
      [
       -79.8184271192821,
       43.6749986187418
      ],
      [
       -79.8187971684691,
       43.6747503335307
      ],
      [
       -79.8191625443654,
       43.6745425165307
      ],
      [
       -79.8195540967224,
       43.6743439726417
      ],
      [
       -79.8199570974641,
       43.6741545495362
      ],
      [
       -79.8207320488496,
       43.6738564140948
      ],
      [
       -79.8210830013912,
       43.6737114696449
      ],
      [
       -79.8220647822542,
       43.6733029091075
      ],
      [
       -79.8223792085308,
       43.6731620861774
      ],
      [
       -79.8227345568453,
       43.6729901701085
      ],
      [
       -79.8232192254537,
       43.6727070352527
      ],
      [
       -79.8235223869329,
       43.6725075675767
      ],
      [
       -79.8238875014484,
       43.6722322031282
      ],
      [
       -79.824207231428,
       43.6719383627443
      ],
      [
       -79.8295963211558,
       43.667027999807
      ],
      [
       -79.8217293357641,
       43.6612431680397
      ],
      [
       -79.8191228447339,
       43.659248904123
      ],
      [
       -79.817691826665,
       43.6581896513437
      ],
      [
       -79.8173060424338,
       43.6579020353963
      ],
      [
       -79.8133366611582,
       43.6549931319019
      ],
      [
       -79.8118534840725,
       43.6539557738371
      ],
      [
       -79.8114839387705,
       43.6536728088726
      ],
      [
       -79.8075873299828,
       43.6507959747535
      ],
      [
       -79.8050401423914,
       43.6489055513886
      ],
      [
       -79.8040629513603,
       43.6482380411036
      ],
      [
       -79.8034621050231,
       43.6478986057844
      ],
      [
       -79.8030581275578,
       43.6477142966046
      ],
      [
       -79.8025170118063,
       43.6474114976708
      ],
      [
       -79.8020971881055,
       43.6471279753631
      ],
      [
       -79.8016123181358,
       43.6466861999972
      ],
      [
       -79.8013527383107,
       43.6463728410034
      ],
      [
       -79.8012190908894,
       43.64619586188
      ],
      [
       -79.8008866265824,
       43.645845721467
      ],
      [
       -79.799212982051,
       43.6445495865284
      ],
      [
       -79.7989866092499,
       43.6443986425096
      ],
      [
       -79.7967757281939,
       43.6427681801237
      ],
      [
       -79.7942018144155,
       43.6408142041136
      ],
      [
       -79.789448278515,
       43.6373604526779
      ],
      [
       -79.786657780616,
       43.635295963581
      ],
      [
       -79.7864760412166,
       43.6351634763807
      ],
      [
       -79.7834130695653,
       43.6329429465083
      ],
      [
       -79.7796211575463,
       43.6301923218191
      ],
      [
       -79.7789066301692,
       43.6296669609772
      ],
      [
       -79.7779371491426,
       43.6289542881452
      ],
      [
       -79.7759103744895,
       43.6273929172733
      ],
      [
       -79.7729137937008,
       43.6301340177222
      ],
      [
       -79.7705978704038,
       43.6322340737944
      ],
      [
       -79.7670401506108,
       43.6354146778204
      ],
      [
       -79.7651721284759,
       43.6371142730665
      ],
      [
       -79.7645784565819,
       43.6376886146885
      ],
      [
       -79.7618591459811,
       43.6401217787204
      ],
      [
       -79.761193491767,
       43.6407268365483
      ],
      [
       -79.7599577368201,
       43.6418479373076
      ],
      [
       -79.7572465126062,
       43.6443215950463
      ],
      [
       -79.7551566600308,
       43.6461536707555
      ],
      [
       -79.7544621419471,
       43.6467988920889
      ],
      [
       -79.7536709405693,
       43.6462725393622
      ],
      [
       -79.7499282056839,
       43.6435304761914
      ],
      [
       -79.7495671671957,
       43.6432654118459
      ],
      [
       -79.7478903870128,
       43.6424006822339
      ],
      [
       -79.7469347642834,
       43.6419985369066
      ],
      [
       -79.7462277549861,
       43.6417521784744
      ],
      [
       -79.7449433500551,
       43.6414364492325
      ],
      [
       -79.7441006671327,
       43.6413056394327
      ],
      [
       -79.7433037682106,
       43.6412833744847
      ],
      [
       -79.7425345954973,
       43.6413064288754
      ],
      [
       -79.739784619016,
       43.6413751854353
      ],
      [
       -79.738718592235,
       43.6413274109593
      ],
      [
       -79.7372773365541,
       43.641140422215
      ],
      [
       -79.7371669302194,
       43.6411211944968
      ],
      [
       -79.7366272949665,
       43.6410251913278
      ],
      [
       -79.7365269602651,
       43.6410060743153
      ],
      [
       -79.7358498069399,
       43.6408905393056
      ],
      [
       -79.7351719376011,
       43.6406984585999
      ],
      [
       -79.7346600854015,
       43.6405712396828
      ],
      [
       -79.733861900871,
       43.6402787755011
      ],
      [
       -79.7331565928383,
       43.6399918371692
      ],
      [
       -79.7328777441529,
       43.6398761965201
      ],
      [
       -79.7329412510191,
       43.639840884652
      ],
      [
       -79.7330611977208,
       43.6397746844617
      ],
      [
       -79.7330643910749,
       43.6397702178718
      ],
      [
       -79.733069813911,
       43.6397702779806
      ],
      [
       -79.7330530544853,
       43.6397565862523
      ],
      [
       -79.7354591579388,
       43.6376447873803
      ],
      [
       -79.7369454587633,
       43.6363061226396
      ],
      [
       -79.7369729282249,
       43.6362524023118
      ],
      [
       -79.7370972818342,
       43.6361232186754
      ],
      [
       -79.7371619544787,
       43.6361059252709
      ],
      [
       -79.7377813580116,
       43.6355725282928
      ],
      [
       -79.7378082610501,
       43.6355458134415
      ],
      [
       -79.7383932867669,
       43.6350255394214
      ],
      [
       -79.738472444997,
       43.6349453772897
      ],
      [
       -79.7385435742248,
       43.6348786324628
      ],
      [
       -79.7391283988364,
       43.6343673563686
      ],
      [
       -79.7415149421843,
       43.6323182397077
      ],
      [
       -79.743001327593,
       43.6309254717009
      ],
      [
       -79.743112114108,
       43.63081414015
      ],
      [
       -79.743225223944,
       43.6307028340349
      ],
      [
       -79.743946218805,
       43.6300849821179
      ],
      [
       -79.7459587588807,
       43.6282342500984
      ],
      [
       -79.7468148280294,
       43.6274512877465
      ],
      [
       -79.7468685252443,
       43.6274023544971
      ],
      [
       -79.7470825386955,
       43.6272066127424
      ],
      [
       -79.7471440743024,
       43.6271532632842
      ],
      [
       -79.747347055576,
       43.6269664040945
      ],
      [
       -79.7476147619137,
       43.6267217277711
      ],
      [
       -79.7478122251418,
       43.6265393092754
      ],
      [
       -79.7479496087592,
       43.6264147583112
      ],
      [
       -79.748050709792,
       43.6263213237651
      ],
      [
       -79.7481217247409,
       43.6262590736019
      ],
      [
       -79.7481920584385,
       43.6261923139349
      ],
      [
       -79.7482622985684,
       43.626130055197
      ],
      [
       -79.748333406478,
       43.6260633039197
      ],
      [
       -79.7484036463106,
       43.62600104509
      ],
      [
       -79.7484747539104,
       43.6259342937196
      ],
      [
       -79.7485449934458,
       43.625872034798
      ],
      [
       -79.7486153262197,
       43.625805274855
      ],
      [
       -79.748686339974,
       43.625743024321
      ],
      [
       -79.7487566724397,
       43.6256762642858
      ],
      [
       -79.7488269113814,
       43.6256140051811
      ],
      [
       -79.7488979246906,
       43.6255517545083
      ],
      [
       -79.7489682566971,
       43.6254849943352
      ],
      [
       -79.7490384951961,
       43.6254227350931
      ],
      [
       -79.7491096014058,
       43.6253559833043
      ],
      [
       -79.7491798396075,
       43.6252937239704
      ],
      [
       -79.7492501709985,
       43.6252269636134
      ],
      [
       -79.749263617651,
       43.6252136047565
      ],
      [
       -79.7493266982976,
       43.625160271007
      ],
      [
       -79.7493441107851,
       43.6251424535351
      ],
      [
       -79.7493504001748,
       43.6251380203527
      ],
      [
       -79.7494229613934,
       43.6250757862841
      ],
      [
       -79.7494277017564,
       43.6250713361494
      ],
      [
       -79.7494466632015,
       43.6250535356086
      ],
      [
       -79.7494980326116,
       43.6250045756309
      ],
      [
       -79.7495690445056,
       43.6249423245176
      ],
      [
       -79.7496400562526,
       43.6248800733577
      ],
      [
       -79.7497111611515,
       43.6248133211727
      ],
      [
       -79.7497821725989,
       43.6247510699195
      ],
      [
       -79.7498532771872,
       43.6246843176409
      ],
      [
       -79.7499242883349,
       43.6246220662945
      ],
      [
       -79.7499953926126,
       43.6245553139222
      ],
      [
       -79.7500664034608,
       43.6244930624825
      ],
      [
       -79.7501374141619,
       43.6244308109962
      ],
      [
       -79.7502085179764,
       43.6243640584836
      ],
      [
       -79.7502795283779,
       43.6243018069041
      ],
      [
       -79.7503506318818,
       43.6242350542978
      ],
      [
       -79.7504216419837,
       43.624172802625
      ],
      [
       -79.7504705931205,
       43.6241283177636
      ],
      [
       -79.750492745177,
       43.6241060499251
      ],
      [
       -79.7505637549793,
       43.624043798159
      ],
      [
       -79.750634857862,
       43.6239770453656
      ],
      [
       -79.7507058673647,
       43.6239147935062
      ],
      [
       -79.7508400478084,
       43.6237947059885
      ],
      [
       -79.7510003450633,
       43.6236478916955
      ],
      [
       -79.7510966033846,
       43.6235634054836
      ],
      [
       -79.7512671540736,
       43.6234076988405
      ],
      [
       -79.7514187435921,
       43.6232697928188
      ],
      [
       -79.7514274492524,
       43.6232608839139
      ],
      [
       -79.75155524462,
       43.6231497297939
      ],
      [
       -79.7516303109034,
       43.6230785176574
      ],
      [
       -79.7517060583455,
       43.62301181491
      ],
      [
       -79.7518174023216,
       43.6229094848259
      ],
      [
       -79.751997336144,
       43.6227493775344
      ],
      [
       -79.7522128652643,
       43.6225536425291
      ],
      [
       -79.7522815480274,
       43.622491364272
      ],
      [
       -79.7524544160214,
       43.6223356811174
      ],
      [
       -79.7526525315398,
       43.6221577632107
      ],
      [
       -79.7528807270528,
       43.6219486591406
      ],
      [
       -79.7529020098922,
       43.6219308833428
      ],
      [
       -79.7529336399431,
       43.6218997144271
      ],
      [
       -79.7531009902527,
       43.6217484720776
      ],
      [
       -79.7531245963516,
       43.6217307215814
      ],
      [
       -79.7531657058211,
       43.621690652003
      ],
      [
       -79.7536519825649,
       43.6212502571723
      ],
      [
       -79.7536937728222,
       43.6212146968253
      ],
      [
       -79.7537347885717,
       43.6211791280181
      ],
      [
       -79.7537861511735,
       43.6211301659989
      ],
      [
       -79.7538563795931,
       43.6210679036285
      ],
      [
       -79.7539274752953,
       43.6210011486665
      ],
      [
       -79.753998477873,
       43.6209388946465
      ],
      [
       -79.7540694803037,
       43.62087664058
      ],
      [
       -79.7541405755429,
       43.6208098854777
      ],
      [
       -79.754211577674,
       43.6207476313179
      ],
      [
       -79.7542826726026,
       43.620680876122
      ],
      [
       -79.754491805408,
       43.6204940710293
      ],
      [
       -79.7545352364665,
       43.6204540262452
      ],
      [
       -79.7545849559777,
       43.620409547959
      ],
      [
       -79.7545437862206,
       43.6203775853563
      ],
      [
       -79.7545903149502,
       43.6203375743029
      ],
      [
       -79.7545927312136,
       43.6203330986268
      ],
      [
       -79.7545950545566,
       43.6203331239412
      ],
      [
       -79.7548310737293,
       43.6201195991371
      ],
      [
       -79.7548333970642,
       43.6201196244465
      ],
      [
       -79.7552074495298,
       43.6197860483569
      ],
      [
       -79.7560203448078,
       43.6190565695209
      ],
      [
       -79.758181723167,
       43.6171262015878
      ],
      [
       -79.75940008366,
       43.6160364401182
      ],
      [
       -79.7594173979656,
       43.6160231220186
      ],
      [
       -79.7594426412885,
       43.6160008859584
      ],
      [
       -79.7595839412065,
       43.615871861229
      ],
      [
       -79.759696807321,
       43.6157695398324
      ],
      [
       -79.7597512579991,
       43.6157206085852
      ],
      [
       -79.7599414012275,
       43.6155515953053
      ],
      [
       -79.7599816350308,
       43.6155160157303
      ],
      [
       -79.7610298004866,
       43.614563952286
      ],
      [
       -79.7650941503817,
       43.6133383680693
      ],
      [
       -79.7651868519836,
       43.6133123574934
      ],
      [
       -79.7758148194327,
       43.6101131953254
      ],
      [
       -79.7760893043651,
       43.609868523981
      ],
      [
       -79.7762504040337,
       43.6099827991367
      ],
      [
       -79.7764997381213,
       43.6099089340135
      ],
      [
       -79.7765629143055,
       43.6098871001571
      ],
      [
       -79.7768255022814,
       43.6098088741669
      ],
      [
       -79.7780644165733,
       43.6094394538873
      ],
      [
       -79.7793489943329,
       43.6086113023834
      ],
      [
       -79.7793536401597,
       43.6086113519953
      ],
      [
       -79.7796730596595,
       43.6084031679068
      ],
      [
       -79.7807150637514,
       43.6077344834126
      ],
      [
       -79.78167388026,
       43.6071189268766
      ],
      [
       -79.7820771313132,
       43.6068621073129
      ],
      [
       -79.7831143458725,
       43.6061978516909
      ],
      [
       -79.7831606632837,
       43.6061668306572
      ],
      [
       -79.7833309490787,
       43.6060560928946
      ],
      [
       -79.7833897453558,
       43.6060207025745
      ],
      [
       -79.7838919000491,
       43.605697398927
      ],
      [
       -79.7839036954497,
       43.6056885203851
      ],
      [
       -79.7839492377976,
       43.6056574907824
      ],
      [
       -79.7839774741687,
       43.6056397831063
      ],
      [
       -79.7859012393814,
       43.6044041696874
      ],
      [
       -79.787438073428,
       43.6034210347022
      ],
      [
       -79.7877244677224,
       43.6032349876223
      ],
      [
       -79.7896441185267,
       43.6020037689048
      ],
      [
       -79.7896465314422,
       43.6019992924345
      ],
      [
       -79.789681048462,
       43.6019771478178
      ],
      [
       -79.7898364198545,
       43.6018752463766
      ],
      [
       -79.7899219828984,
       43.6018176259375
      ],
      [
       -79.7899616107935,
       43.601849559578
      ],
      [
       -79.7908564287001,
       43.6025253273842
      ],
      [
       -79.7912556727258,
       43.6028131771167
      ],
      [
       -79.79289952019,
       43.6040235832201
      ],
      [
       -79.7932955968737,
       43.6043158943455
      ],
      [
       -79.7938504743438,
       43.6047224302923
      ],
      [
       -79.7952906591693,
       43.6057820859516
      ],
      [
       -79.835755656475,
       43.635527481126
      ],
      [
       -79.846670850407,
       43.6436516906142
      ],
      [
       -79.8477512368494,
       43.6444549375612
      ],
      [
       -79.8485933555062,
       43.6450756946139
      ],
      [
       -79.8489953092922,
       43.6453723724305
      ],
      [
       -79.8497876925706,
       43.6459611058299
      ],
      [
       -79.8500987441178,
       43.6461893350802
      ],
      [
       -79.85041126179,
       43.646422080214
      ],
      [
       -79.8512518856807,
       43.6470428024912
      ],
      [
       -79.8524379490412,
       43.6479190986605
      ],
      [
       -79.8551296213246,
       43.6499089583156
      ],
      [
       -79.8552901181803,
       43.6500276174953
      ],
      [
       -79.8610844438243,
       43.6543128664349
      ],
      [
       -79.868419531641,
       43.659806108846
      ],
      [
       -79.8780340483732,
       43.6668924648614
      ],
      [
       -79.8888381440947,
       43.6748854691041
      ],
      [
       -79.8888191243,
       43.6749077940586
      ],
      [
       -79.8881114245754,
       43.6756122232551
      ],
      [
       -79.885233319645,
       43.6782538570269
      ],
      [
       -79.8845158866234,
       43.6788096035732
      ],
      [
       -79.8840525739152,
       43.6791247206738
      ],
      [
       -79.8833077116702,
       43.6796531799102
      ],
      [
       -79.8827892598661,
       43.6799722550669
      ],
      [
       -79.8817369637787,
       43.6806867811013
      ],
      [
       -79.880718107076,
       43.6814781582385
      ],
      [
       -79.8790713522408,
       43.682965676541
      ],
      [
       -79.8771088316902,
       43.6847066808017
      ],
      [
       -79.8766201784917,
       43.6851700832054
      ],
      [
       -79.8758422671177,
       43.6858827487424
      ],
      [
       -79.8738809570763,
       43.6876732300018
      ],
      [
       -79.8730639262062,
       43.6885250515977
      ],
      [
       -79.8722064815663,
       43.6896285781836
      ],
      [
       -79.8705673414192,
       43.6916787913786
      ],
      [
       -79.8672675245745,
       43.6946804542734
      ],
      [
       -79.8641349218421,
       43.6975171096964
      ],
      [
       -79.8632731400962,
       43.6983008855602
      ],
      [
       -79.8624473773943,
       43.6991885581941
      ],
      [
       -79.8618145781531,
       43.6999610957778
      ],
      [
       -79.860950429797,
       43.7008663828296
      ],
      [
       -79.8598316426252,
       43.7018636641432
      ],
      [
       -79.8569074288587,
       43.7045131141766
      ],
      [
       -79.8566280039507,
       43.7047669301348
      ],
      [
       -79.8561752987649,
       43.7051585716913
      ],
      [
       -79.8549249493315,
       43.7062940476516
      ],
      [
       -79.8532865228818,
       43.7077632624796
      ],
      [
       -79.8529717361136,
       43.7080392242466
      ],
      [
       -79.8524257428023,
       43.7085199532773
      ],
      [
       -79.8521670475188,
       43.7087424526529
      ],
      [
       -79.849715379521,
       43.7108652306372
      ],
      [
       -79.846363300384,
       43.7138927636682
      ],
      [
       -79.8461345535146,
       43.7140885397989
      ],
      [
       -79.8417890917655,
       43.7179972864632
      ],
      [
       -79.8406762082769,
       43.7190574636243
      ],
      [
       -79.8392111276373,
       43.7204336904216
      ],
      [
       -79.835342412662,
       43.7238788272197
      ],
      [
       -79.8347958182838,
       43.7234950935685
      ],
      [
       -79.8321507995465,
       43.7215277633453
      ],
      [
       -79.8277523576367,
       43.71825034492
      ],
      [
       -79.8244800123894,
       43.715812700248
      ],
      [
       -79.8215059423821,
       43.7136076360193
      ],
      [
       -79.8160580840995,
       43.7095896240047
      ],
      [
       -79.811940311437,
       43.7066431409775
      ],
      [
       -79.8105742097529,
       43.705624998746
      ],
      [
       -79.8083321909632,
       43.7039899480515
      ],
      [
       -79.8045599210062,
       43.7011818573319
      ],
      [
       -79.8001521521331,
       43.6978987686865
      ],
      [
       -79.7975761004924,
       43.6960078890095
      ]
     ]
    ]
   },
   "properties": {
    "OBJECTID_1": 6,
    "OBJECTID": 6,
    "WARDNUM": "6",
    "MUNIC": "Brampton",
    "Mayor": "Patrick Brown",
    "FirstName0": "Michael",
    "LastName0": "Palleschi",
    "Phone0": "1-905-874-2661",
    "email0": "michael.palleschi@brampton.ca",
    "FirstName1": " ",
    "LastName1": " ",
    "Phone1": " ",
    "email1": " ",
    "RC_Name": "Nando Iannicca",
    "Shape_Leng": 44191.4288666,
    "WardName": "Ward 6",
    "Shape__Area": 56213437.25,
    "Shape__Length": 44191.42886660444
   }
  },
  {
   "type": "Feature",
   "id": 7,
   "geometry": {
    "type": "Polygon",
    "coordinates": [
     [
      [
       -79.7441914101376,
       43.7443877266274
      ],
      [
       -79.7420486860176,
       43.7428110020842
      ],
      [
       -79.7404669552437,
       43.741618581786
      ],
      [
       -79.7383967282686,
       43.740110115881
      ],
      [
       -79.7371382859758,
       43.7392003361008
      ],
      [
       -79.732570740808,
       43.7357733369522
      ],
      [
       -79.7301913168739,
       43.734004682631
      ],
      [
       -79.7245125981773,
       43.7297681680101
      ],
      [
       -79.7215591337541,
       43.7275742459853
      ],
      [
       -79.7174275714615,
       43.7244891570499
      ],
      [
       -79.7165200695986,
       43.7237811709811
      ],
      [
       -79.7156984226195,
       43.7231596790197
      ],
      [
       -79.7149319791302,
       43.7226063306921
      ],
      [
       -79.7136297367393,
       43.7216012571584
      ],
      [
       -79.7112205951859,
       43.7198228663871
      ],
      [
       -79.7108881246205,
       43.7200217032482
      ],
      [
       -79.7104373728396,
       43.7204172891889
      ],
      [
       -79.7101350656264,
       43.7207650276683
      ],
      [
       -79.7099832376294,
       43.721006417839
      ],
      [
       -79.7098562377615,
       43.721320118854
      ],
      [
       -79.7095724853197,
       43.7222127978955
      ],
      [
       -79.7091680061485,
       43.7232346682817
      ],
      [
       -79.7085605722295,
       43.724600891678
      ],
      [
       -79.7079707562505,
       43.7259042838096
      ],
      [
       -79.7078354931893,
       43.7262403984762
      ],
      [
       -79.7076767578349,
       43.7265132206706
      ],
      [
       -79.7074542115255,
       43.7267943247828
      ],
      [
       -79.7069474316841,
       43.727229780001
      ],
      [
       -79.7063951596632,
       43.7275431662089
      ],
      [
       -79.7059745742794,
       43.7276869680006
      ],
      [
       -79.705264995331,
       43.7278455022093
      ],
      [
       -79.7048627342569,
       43.727894967219
      ],
      [
       -79.7044286644183,
       43.7279080548722
      ],
      [
       -79.7039887767793,
       43.7278670518864
      ],
      [
       -79.7035975728905,
       43.7277995879691
      ],
      [
       -79.7032149049839,
       43.7276962042288
      ],
      [
       -79.7027670729201,
       43.7275200488551
      ],
      [
       -79.7023787880803,
       43.727317556357
      ],
      [
       -79.7021477012128,
       43.7271663689587
      ],
      [
       -79.7017294580709,
       43.7269140129202
      ],
      [
       -79.7013243075691,
       43.7267023213914
      ],
      [
       -79.7009834490106,
       43.7265678918399
      ],
      [
       -79.7005276740229,
       43.7264726719212
      ],
      [
       -79.7001244570214,
       43.726423067186
      ],
      [
       -79.6997979408643,
       43.7264508662975
      ],
      [
       -79.6993471960603,
       43.7265177679653
      ],
      [
       -79.6988861626558,
       43.7266655852475
      ],
      [
       -79.6985827121331,
       43.7268106933564
      ],
      [
       -79.6976420731394,
       43.7274257443753
      ],
      [
       -79.6961678114192,
       43.7263104663176
      ],
      [
       -79.6873983941724,
       43.719772335404
      ],
      [
       -79.6852723290551,
       43.7181091968217
      ],
      [
       -79.6837344147834,
       43.7170515498265
      ],
      [
       -79.682031605338,
       43.7158028996393
      ],
      [
       -79.6808043846153,
       43.715158470757
      ],
      [
       -79.6803879653592,
       43.7149015554006
      ],
      [
       -79.6797164546499,
       43.7144255993918
      ],
      [
       -79.6763633207531,
       43.711852228062
      ],
      [
       -79.6760159716377,
       43.7115960966187
      ],
      [
       -79.6745233889592,
       43.710502834576
      ],
      [
       -79.6732296288082,
       43.7095424172023
      ],
      [
       -79.6717008157351,
       43.7084081800414
      ],
      [
       -79.6715660278897,
       43.7082940651231
      ],
      [
       -79.6716348928704,
       43.7082318385612
      ],
      [
       -79.6731381539122,
       43.7068672087911
      ],
      [
       -79.6731232150288,
       43.7067004638998
      ],
      [
       -79.6730244140439,
       43.7056233551277
      ],
      [
       -79.6729087489657,
       43.7043614710122
      ],
      [
       -79.6728927566947,
       43.7041722041259
      ],
      [
       -79.6728839850915,
       43.7040775616747
      ],
      [
       -79.6728863115916,
       43.7040775886906
      ],
      [
       -79.6728723290754,
       43.7039378663953
      ],
      [
       -79.672871075996,
       43.7039243460446
      ],
      [
       -79.6728621058417,
       43.7038387051488
      ],
      [
       -79.6728582473102,
       43.7038026448758
      ],
      [
       -79.6728583466164,
       43.7037981440957
      ],
      [
       -79.6727705946269,
       43.7029237499299
      ],
      [
       -79.6725716691396,
       43.7009360864162
      ],
      [
       -79.6728724574285,
       43.7005569151318
      ],
      [
       -79.6729211502238,
       43.700494453456
      ],
      [
       -79.6739778127722,
       43.699147133612
      ],
      [
       -79.6741254347814,
       43.6989597649628
      ],
      [
       -79.6770842787945,
       43.6951944168408
      ],
      [
       -79.6770601417287,
       43.6949870481973
      ],
      [
       -79.6770380340696,
       43.6947932088547
      ],
      [
       -79.6770571380341,
       43.6947709202935
      ],
      [
       -79.6770883674929,
       43.6947262623836
      ],
      [
       -79.6770899182545,
       43.6947262803341
      ],
      [
       -79.6776042163376,
       43.6940164237404
      ],
      [
       -79.6782148497706,
       43.6928394769891
      ],
      [
       -79.6782691714034,
       43.6927320586198
      ],
      [
       -79.6782894450453,
       43.6926917756026
      ],
      [
       -79.6783121435826,
       43.6926470186824
      ],
      [
       -79.6783274684673,
       43.692620184254
      ],
      [
       -79.6783323183079,
       43.6926112364552
      ],
      [
       -79.6784432865807,
       43.6923964264528
      ],
      [
       -79.6784635599883,
       43.6923561433995
      ],
      [
       -79.6785089565057,
       43.6922666294729
      ],
      [
       -79.6787510638544,
       43.6918012266292
      ],
      [
       -79.6788045093922,
       43.6916982997992
      ],
      [
       -79.6790733837528,
       43.6911791823335
      ],
      [
       -79.6792824095176,
       43.6907719211798
      ],
      [
       -79.679369799856,
       43.6906063591156
      ],
      [
       -79.6798322600904,
       43.6897113132064
      ],
      [
       -79.6801254614978,
       43.6891429526828
      ],
      [
       -79.6804347554288,
       43.6885477654783
      ],
      [
       -79.6805652036773,
       43.6882926606548
      ],
      [
       -79.6805951725018,
       43.6882344813409
      ],
      [
       -79.680910179911,
       43.6876258528695
      ],
      [
       -79.6811870658988,
       43.687093316664
      ],
      [
       -79.68158711305,
       43.6863190954211
      ],
      [
       -79.681750717602,
       43.6860013443539
      ],
      [
       -79.6828065853257,
       43.683960629817
      ],
      [
       -79.6829506846763,
       43.6836831696349
      ],
      [
       -79.6829797750879,
       43.6836294814722
      ],
      [
       -79.6835813710329,
       43.6824659054688
      ],
      [
       -79.6836243280739,
       43.6823808631966
      ],
      [
       -79.6836259769485,
       43.6823763802379
      ],
      [
       -79.6836607879365,
       43.6823092519265
      ],
      [
       -79.6837158651753,
       43.6822018394599
      ],
      [
       -79.68372643515,
       43.6821794514426
      ],
      [
       -79.6843906473595,
       43.6826553020482
      ],
      [
       -79.6848514113164,
       43.6830027532463
      ],
      [
       -79.6861260955689,
       43.6839673254641
      ],
      [
       -79.6892995822156,
       43.6862997575731
      ],
      [
       -79.6907432006662,
       43.687383265792
      ],
      [
       -79.6908454252173,
       43.6874609698938
      ],
      [
       -79.6909088933141,
       43.6875022144103
      ],
      [
       -79.6912644049026,
       43.6877719008238
      ],
      [
       -79.6913430859329,
       43.6878268251415
      ],
      [
       -79.6916741831633,
       43.6880782229264
      ],
      [
       -79.6928741856228,
       43.6889563273652
      ],
      [
       -79.6952681851573,
       43.6907439432202
      ],
      [
       -79.6955590023918,
       43.6909588542555
      ],
      [
       -79.6987817728925,
       43.6933771205076
      ],
      [
       -79.7005224011426,
       43.6946574689817
      ],
      [
       -79.7012087855183,
       43.6951965004164
      ],
      [
       -79.7018807437869,
       43.6956498269436
      ],
      [
       -79.7032582300738,
       43.6964037829635
      ],
      [
       -79.704303580301,
       43.6970954321059
      ],
      [
       -79.7074927159196,
       43.6994860579553
      ],
      [
       -79.7079833060892,
       43.6998292505515
      ],
      [
       -79.7104860825442,
       43.701685304008
      ],
      [
       -79.712443395406,
       43.7031569956561
      ],
      [
       -79.716115522952,
       43.7058814607572
      ],
      [
       -79.7173338022206,
       43.7068450485475
      ],
      [
       -79.7191561702536,
       43.7081485381423
      ],
      [
       -79.7208769200584,
       43.7094553631124
      ],
      [
       -79.7226221706713,
       43.7107444280807
      ],
      [
       -79.7244223976741,
       43.7121151145754
      ],
      [
       -79.7259553215143,
       43.7132531944759
      ],
      [
       -79.7280876675908,
       43.7148481192998
      ],
      [
       -79.7344373026324,
       43.7090525916642
      ],
      [
       -79.7359069260966,
       43.7077452872625
      ],
      [
       -79.7371153559725,
       43.7066826842019
      ],
      [
       -79.7378832470633,
       43.7059843628035
      ],
      [
       -79.7382095901039,
       43.7056998422771
      ],
      [
       -79.7384885481931,
       43.705455315212
      ],
      [
       -79.7386661132815,
       43.7055698234797
      ],
      [
       -79.742040817062,
       43.7080020488463
      ],
      [
       -79.7479493290911,
       43.7123797843529
      ],
      [
       -79.7488881305537,
       43.7130473475779
      ],
      [
       -79.7521649988103,
       43.7155232199877
      ],
      [
       -79.7552914057765,
       43.7178217838227
      ],
      [
       -79.7563041279613,
       43.7185621216014
      ],
      [
       -79.7610924903934,
       43.7221211316422
      ],
      [
       -79.7637972127436,
       43.7241672829576
      ],
      [
       -79.7644900057315,
       43.7247780326461
      ],
      [
       -79.7652605938099,
       43.7254931628765
      ],
      [
       -79.7650192210326,
       43.7256841375742
      ],
      [
       -79.7647769784097,
       43.725879604277
      ],
      [
       -79.763845879449,
       43.7266303620472
      ],
      [
       -79.7616115912444,
       43.7286365402917
      ],
      [
       -79.759788407933,
       43.7302689747532
      ],
      [
       -79.7591835015224,
       43.7307756276181
      ],
      [
       -79.758063102365,
       43.7318169067976
      ],
      [
       -79.7548105246904,
       43.7347437762793
      ],
      [
       -79.751086082652,
       43.7381020813665
      ],
      [
       -79.7498835800228,
       43.7391964044382
      ],
      [
       -79.748369317311,
       43.7406114382617
      ],
      [
       -79.7441914101376,
       43.7443877266274
      ]
     ]
    ]
   },
   "properties": {
    "OBJECTID_1": 7,
    "OBJECTID": 7,
    "WARDNUM": "7",
    "MUNIC": "Brampton",
    "Mayor": "Patrick Brown",
    "FirstName0": "Pat",
    "LastName0": "Fortini",
    "Phone0": "1-905-874-2661",
    "email0": "pat.fortini@brampton.ca",
    "FirstName1": " ",
    "LastName1": " ",
    "Phone1": " ",
    "email1": " ",
    "RC_Name": "Nando Iannicca",
    "Shape_Leng": 23931.7246321,
    "WardName": "Ward 7",
    "Shape__Area": 20043019.65625,
    "Shape__Length": 23931.724632110385
   }
  },
  {
   "type": "Feature",
   "id": 8,
   "geometry": {
    "type": "Polygon",
    "coordinates": [
     [
      [
       -79.7339637292296,
       43.7544131675552
      ],
      [
       -79.7311966833015,
       43.7568810335835
      ],
      [
       -79.7300550018453,
       43.7578542677679
      ],
      [
       -79.7291966412186,
       43.7584254705791
      ],
      [
       -79.7284820976761,
       43.7588407007604
      ],
      [
       -79.7277329001258,
       43.7592420349457
      ],
      [
       -79.7263232651413,
       43.7600681872414
      ],
      [
       -79.7258838309395,
       43.7603964289831
      ],
      [
       -79.7241378184788,
       43.7618130532756
      ],
      [
       -79.7236270707558,
       43.7622440335627
      ],
      [
       -79.7223786521412,
       43.7633330469336
      ],
      [
       -79.7205694079013,
       43.7647939277823
      ],
      [
       -79.7188646628754,
       43.7661569095078
      ],
      [
       -79.7182973683144,
       43.7666142429667
      ],
      [
       -79.7177404528712,
       43.7670941994725
      ],
      [
       -79.7168905050117,
       43.7678049616284
      ],
      [
       -79.7167291489778,
       43.7679427083499
      ],
      [
       -79.7165300529158,
       43.7681385555306
      ],
      [
       -79.7149151835843,
       43.7695385018428
      ],
      [
       -79.7132590993491,
       43.7710099910313
      ],
      [
       -79.7110899653999,
       43.7728988474351
      ],
      [
       -79.7080626801961,
       43.7757908869175
      ],
      [
       -79.7077067892983,
       43.7761245039996
      ],
      [
       -79.7050558773173,
       43.778439975066
      ],
      [
       -79.7004755825694,
       43.7823631384898
      ],
      [
       -79.6971282313528,
       43.7852827554687
      ],
      [
       -79.6965460124173,
       43.7858388501514
      ],
      [
       -79.6953054105659,
       43.7870942207904
      ],
      [
       -79.69362572993,
       43.7886056674609
      ],
      [
       -79.6898735268845,
       43.7919616222198
      ],
      [
       -79.6855950406025,
       43.7887926939013
      ],
      [
       -79.6831319783496,
       43.7869815953501
      ],
      [
       -79.6800551029544,
       43.7847266732277
      ],
      [
       -79.6797884480341,
       43.7845255104152
      ],
      [
       -79.6776946426564,
       43.7829976753867
      ],
      [
       -79.676020126812,
       43.781726765404
      ],
      [
       -79.6736931899846,
       43.7800025745388
      ],
      [
       -79.6708308650152,
       43.7778759446213
      ],
      [
       -79.6681836211701,
       43.7759003113339
      ],
      [
       -79.6632285764272,
       43.772177924669
      ],
      [
       -79.6621656333921,
       43.7730748654698
      ],
      [
       -79.6606979549087,
       43.7743587169252
      ],
      [
       -79.6576997613489,
       43.776984148558
      ],
      [
       -79.6568951835062,
       43.7776769876583
      ],
      [
       -79.6566538624099,
       43.7778407204883
      ],
      [
       -79.6563577853216,
       43.778021816493
      ],
      [
       -79.6560155226384,
       43.7781843610325
      ],
      [
       -79.6556330842312,
       43.7783374281484
      ],
      [
       -79.6553201825494,
       43.7784372897417
      ],
      [
       -79.6550800956499,
       43.778510996224
      ],
      [
       -79.6550190275869,
       43.7785327868572
      ],
      [
       -79.6522775860687,
       43.7737194937061
      ],
      [
       -79.6496179556859,
       43.7690511584293
      ],
      [
       -79.6492330365482,
       43.7683848324326
      ],
      [
       -79.6488879532305,
       43.7677775005594
      ],
      [
       -79.6485239089972,
       43.7671159207435
      ],
      [
       -79.6474072477466,
       43.7652569364141
      ],
      [
       -79.6426034189845,
       43.756830966264
      ],
      [
       -79.6417887905594,
       43.7553986893201
      ],
      [
       -79.6400181218386,
       43.7523388528458
      ],
      [
       -79.6398582525607,
       43.7520623346177
      ],
      [
       -79.6393540619862,
       43.7511874668821
      ],
      [
       -79.6388087314025,
       43.7502445783524
      ],
      [
       -79.6387519934453,
       43.7501448608101
      ],
      [
       -79.6386833484915,
       43.7500224919188
      ],
      [
       -79.6384579515684,
       43.7496236398355
      ],
      [
       -79.6380640041301,
       43.7489211515928
      ],
      [
       -79.6376938786597,
       43.7482639648755
      ],
      [
       -79.6347402473682,
       43.7430020118932
      ],
      [
       -79.6339823428402,
       43.7416513883011
      ],
      [
       -79.6323430840622,
       43.7388541079216
      ],
      [
       -79.6322287721378,
       43.7386591579543
      ],
      [
       -79.6313243898544,
       43.7370996750233
      ],
      [
       -79.6309174145918,
       43.7363970048347
      ],
      [
       -79.6308583746345,
       43.7362972555941
      ],
      [
       -79.6307777568731,
       43.7361567306428
      ],
      [
       -79.6302938528762,
       43.7353225811265
      ],
      [
       -79.6302923010971,
       43.7353225625274
      ],
      [
       -79.6322109727595,
       43.7348728426783
      ],
      [
       -79.6340519868726,
       43.7332291568572
      ],
      [
       -79.6365737746154,
       43.7350960493263
      ],
      [
       -79.6378318277176,
       43.7360204368616
      ],
      [
       -79.6392899468909,
       43.7370912537578
      ],
      [
       -79.6394667076694,
       43.7369628030265
      ],
      [
       -79.6396457328736,
       43.7368028656329
      ],
      [
       -79.6396481625166,
       43.7367983926489
      ],
      [
       -79.6398295144727,
       43.7366384826588
      ],
      [
       -79.6400481481311,
       43.7364430007936
      ],
      [
       -79.6401194059731,
       43.73638082207
      ],
      [
       -79.6402501807803,
       43.7362608266957
      ],
      [
       -79.640326971379,
       43.736194211765
      ],
      [
       -79.6403991063878,
       43.7361275413937
      ],
      [
       -79.6404719152944,
       43.7360653808994
      ],
      [
       -79.640544825888,
       43.735998719661
      ],
      [
       -79.6406169604182,
       43.7359320491438
      ],
      [
       -79.6406430742938,
       43.7359098502388
      ],
      [
       -79.640689768861,
       43.7358698885025
      ],
      [
       -79.6407626789736,
       43.7358032271166
      ],
      [
       -79.6408354871084,
       43.7357410663772
      ],
      [
       -79.6409083969017,
       43.7356744048927
      ],
      [
       -79.6409813065325,
       43.7356077433589
      ],
      [
       -79.6410541142026,
       43.735545582472
      ],
      [
       -79.6411270235142,
       43.7354789208396
      ],
      [
       -79.6411999326632,
       43.7354122591579
      ],
      [
       -79.6412727398687,
       43.7353500981235
      ],
      [
       -79.6413456486984,
       43.7352834363432
      ],
      [
       -79.641418455596,
       43.7352212752106
      ],
      [
       -79.6414913641065,
       43.7351546133317
      ],
      [
       -79.6415634965644,
       43.7350879421804
      ],
      [
       -79.641636302998,
       43.735025780901
      ],
      [
       -79.6417092110276,
       43.7349591188746
      ],
      [
       -79.6417820171534,
       43.734896957497
      ],
      [
       -79.6418366725171,
       43.7348480860824
      ],
      [
       -79.6418549248637,
       43.734830295372
      ],
      [
       -79.6419286082976,
       43.734763642418
      ],
      [
       -79.6420021898432,
       43.7347014901124
      ],
      [
       -79.6420750970701,
       43.7346348278384
      ],
      [
       -79.6421518835525,
       43.7345682116095
      ],
      [
       -79.6422484737535,
       43.7344838229855
      ],
      [
       -79.6423608864007,
       43.7343861165256
      ],
      [
       -79.6425026163561,
       43.734261746761
      ],
      [
       -79.6427029807463,
       43.7340840503337
      ],
      [
       -79.6427149239151,
       43.7340706864572
      ],
      [
       -79.6428542231031,
       43.7339507892865
      ],
      [
       -79.6430387630064,
       43.733786410057
      ],
      [
       -79.6431401075679,
       43.73369757521
      ],
      [
       -79.6432366949714,
       43.7336131857018
      ],
      [
       -79.6433142547222,
       43.7335465778577
      ],
      [
       -79.6433862815946,
       43.7334844061883
      ],
      [
       -79.643458409928,
       43.7334177337684
      ],
      [
       -79.6435304364957,
       43.7333555620027
      ],
      [
       -79.6436032387815,
       43.7332933993979
      ],
      [
       -79.643675366643,
       43.7332267268328
      ],
      [
       -79.6437473927557,
       43.7331645549225
      ],
      [
       -79.6438194187189,
       43.7331023829641
      ],
      [
       -79.6438923219737,
       43.7330357194611
      ],
      [
       -79.6439643476314,
       43.7329735474061
      ],
      [
       -79.6440395781561,
       43.7329069114223
      ],
      [
       -79.6441123793679,
       43.7328447484744
      ],
      [
       -79.6441844045675,
       43.7327825762728
      ],
      [
       -79.6442422610312,
       43.7327292397542
      ],
      [
       -79.6442565311659,
       43.7327159033186
      ],
      [
       -79.6443285560608,
       43.7326537310208
      ],
      [
       -79.644401356665,
       43.7325915678782
      ],
      [
       -79.6444734827915,
       43.7325248947788
      ],
      [
       -79.6445455072314,
       43.7324627223363
      ],
      [
       -79.6446175315218,
       43.7324005498458
      ],
      [
       -79.6446982931024,
       43.7323294771098
      ],
      [
       -79.6447449821716,
       43.7322895136207
      ],
      [
       -79.6447327715137,
       43.7322803649943
      ],
      [
       -79.6448547907188,
       43.7321692642314
      ],
      [
       -79.6449498215348,
       43.7320848547897
      ],
      [
       -79.6450448520829,
       43.7320004452642
      ],
      [
       -79.6451398823629,
       43.731916035655
      ],
      [
       -79.6452350138469,
       43.731827125255
      ],
      [
       -79.6453292677354,
       43.7317427062813
      ],
      [
       -79.6454242972051,
       43.7316582964214
      ],
      [
       -79.6455668916303,
       43.7315294311206
      ],
      [
       -79.6457260824631,
       43.7313872565831
      ],
      [
       -79.6459162403056,
       43.7312139353714
      ],
      [
       -79.6459962229024,
       43.7311428524702
      ],
      [
       -79.6462488871384,
       43.7309162483299
      ],
      [
       -79.6463836182763,
       43.730791790753
      ],
      [
       -79.6465372729961,
       43.7306540514008
      ],
      [
       -79.646678209607,
       43.7305296669629
      ],
      [
       -79.646772459417,
       43.7304452467273
      ],
      [
       -79.6468675861363,
       43.7303563348843
      ],
      [
       -79.6469626112358,
       43.7302719236686
      ],
      [
       -79.6470576360673,
       43.7301875123691
      ],
      [
       -79.6471526606309,
       43.730103100986
      ],
      [
       -79.6472470104148,
       43.7300141796234
      ],
      [
       -79.6473420344361,
       43.7299297680733
      ],
      [
       -79.6474370581895,
       43.7298453564395
      ],
      [
       -79.6475320816748,
       43.729760944722
      ],
      [
       -79.6476272061774,
       43.7296720322076
      ],
      [
       -79.6477214532984,
       43.7295876111422
      ],
      [
       -79.6478164759735,
       43.729503199174
      ],
      [
       -79.6479114983807,
       43.7294187871221
      ],
      [
       -79.6480066217755,
       43.7293298742723
      ],
      [
       -79.6481016436394,
       43.7292454620528
      ],
      [
       -79.6481958894196,
       43.7291610405726
      ],
      [
       -79.6483558435232,
       43.729018871329
      ],
      [
       -79.6485214299831,
       43.7288677646402
      ],
      [
       -79.6486996309722,
       43.728707803041
      ],
      [
       -79.6492802364218,
       43.7281834411381
      ],
      [
       -79.649989038326,
       43.7275480428526
      ],
      [
       -79.6499914668131,
       43.7275435696268
      ],
      [
       -79.6501696599318,
       43.7273836055974
      ],
      [
       -79.650324275132,
       43.7272368685707
      ],
      [
       -79.6504993632897,
       43.7270768673468
      ],
      [
       -79.6505016906584,
       43.7270768948297
      ],
      [
       -79.650735499709,
       43.7268590617487
      ],
      [
       -79.6508622524631,
       43.7267435084164
      ],
      [
       -79.6509573672201,
       43.7266545929583
      ],
      [
       -79.6510770360515,
       43.7265434576744
      ],
      [
       -79.6511443917471,
       43.7264812258861
      ],
      [
       -79.6512149514328,
       43.7264145299572
      ],
      [
       -79.6512846341811,
       43.7263523255491
      ],
      [
       -79.6513353950854,
       43.7263034035418
      ],
      [
       -79.6513551935584,
       43.7262856295282
      ],
      [
       -79.651424876011,
       43.7262234250294
      ],
      [
       -79.6514946593019,
       43.7261567197624
      ],
      [
       -79.6515651172366,
       43.726094524327
      ],
      [
       -79.6516349002208,
       43.7260278189689
      ],
      [
       -79.6517053578581,
       43.7259656234418
      ],
      [
       -79.6517751405355,
       43.7258989179927
      ],
      [
       -79.6518456988312,
       43.7258322216499
      ],
      [
       -79.651915380246,
       43.7257700168338
      ],
      [
       -79.6519859382333,
       43.7257033203989
      ],
      [
       -79.6520556193524,
       43.7256411154921
      ],
      [
       -79.6521261770313,
       43.7255744189652
      ],
      [
       -79.6521958578546,
       43.7255122139676
      ],
      [
       -79.6522664152251,
       43.7254455173487
      ],
      [
       -79.6523360957527,
       43.7253833122605
      ],
      [
       -79.6525040903071,
       43.7252277261668
      ],
      [
       -79.6525801782555,
       43.7251565926454
      ],
      [
       -79.6527219660199,
       43.7250277087285
      ],
      [
       -79.6528392001545,
       43.7249210447741
      ],
      [
       -79.6529565347402,
       43.7248098799652
      ],
      [
       -79.6531497537802,
       43.7246365825584
      ],
      [
       -79.6532385548789,
       43.7245520926696
      ],
      [
       -79.653376360176,
       43.7244276629089
      ],
      [
       -79.6534469149514,
       43.7243609655153
      ],
      [
       -79.6535173687443,
       43.7242987688037
      ],
      [
       -79.6535879232106,
       43.7242320713176
      ],
      [
       -79.6536583767054,
       43.7241698745138
      ],
      [
       -79.6536781737829,
       43.7241521000734
      ],
      [
       -79.6537297066147,
       43.7241031860738
      ],
      [
       -79.6538017113134,
       43.7240410074536
      ],
      [
       -79.6538737158626,
       43.7239788287854
      ],
      [
       -79.6539458210542,
       43.7239121493398
      ],
      [
       -79.6540170495499,
       43.7238499614389
      ],
      [
       -79.6548759608186,
       43.7230902464233
      ],
      [
       -79.6553809508129,
       43.7226459973875
      ],
      [
       -79.6560307092437,
       43.7220773949501
      ],
      [
       -79.6559572751671,
       43.7219954968092
      ],
      [
       -79.6560134586278,
       43.7219466364523
      ],
      [
       -79.6561994768352,
       43.7217822529376
      ],
      [
       -79.656406941486,
       43.7215956116645
      ],
      [
       -79.6564876744943,
       43.721524530098
      ],
      [
       -79.656595284679,
       43.7214312548275
      ],
      [
       -79.6566672831887,
       43.7213690742938
      ],
      [
       -79.6567393821224,
       43.7213023929753
      ],
      [
       -79.6568113803276,
       43.7212402123455
      ],
      [
       -79.6568833783833,
       43.7211780316677
      ],
      [
       -79.6569554768462,
       43.7211113502048
      ],
      [
       -79.6570274745975,
       43.7210491694309
      ],
      [
       -79.6570986964863,
       43.7209869794939
      ],
      [
       -79.6571707944793,
       43.7209202978869
      ],
      [
       -79.6572427917775,
       43.7208581169696
      ],
      [
       -79.6573147889262,
       43.7207959360042
      ],
      [
       -79.6573868864485,
       43.7207292542526
      ],
      [
       -79.6574588832927,
       43.7206670731913
      ],
      [
       -79.6575308799876,
       43.7206048920819
      ],
      [
       -79.6576029770391,
       43.7205382101858
      ],
      [
       -79.6576749734295,
       43.7204760289804
      ],
      [
       -79.6577469696705,
       43.7204138477271
      ],
      [
       -79.6578182905462,
       43.7203471565762
      ],
      [
       -79.6578902864835,
       43.7202849752273
      ],
      [
       -79.6579622822713,
       43.7202227938305
      ],
      [
       -79.658033502207,
       43.720160603277
      ],
      [
       -79.6581863271321,
       43.720022838208
      ],
      [
       -79.6582623012535,
       43.7199562014089
      ],
      [
       -79.6584617952925,
       43.719778466594
      ],
      [
       -79.6585456262012,
       43.7197074199116
      ],
      [
       -79.6586248027343,
       43.7196363185367
      ],
      [
       -79.6587443428761,
       43.7195296754693
      ],
      [
       -79.6588638825922,
       43.7194230322694
      ],
      [
       -79.6589791418264,
       43.7193343463958
      ],
      [
       -79.6590944007202,
       43.7192456604003
      ],
      [
       -79.6591812325124,
       43.719179150374
      ],
      [
       -79.6592506978076,
       43.7191259423032
      ],
      [
       -79.6593288963034,
       43.7190638327989
      ],
      [
       -79.6593453865134,
       43.7190550224054
      ],
      [
       -79.6594290877755,
       43.7190244908297
      ],
      [
       -79.6594987262083,
       43.7189982961617
      ],
      [
       -79.659573921886,
       43.718931649345
      ],
      [
       -79.65964203587,
       43.718869421342
      ],
      [
       -79.6597132524557,
       43.7188072296843
      ],
      [
       -79.65978456923,
       43.7187405372353
      ],
      [
       -79.6598557855144,
       43.7186783454835
      ],
      [
       -79.6599270016509,
       43.7186161536847
      ],
      [
       -79.659999093642,
       43.7185494701893
      ],
      [
       -79.660068758113,
       43.7184872601068
      ],
      [
       -79.6601400741099,
       43.7184205674223
      ],
      [
       -79.6602112896447,
       43.7183583754359
      ],
      [
       -79.6602849323674,
       43.7182917099364
      ],
      [
       -79.6604013641622,
       43.7181850286663
      ],
      [
       -79.6605272039405,
       43.7180739556217
      ],
      [
       -79.6606617762157,
       43.7179539809332
      ],
      [
       -79.6607117466552,
       43.7179050454108
      ],
      [
       -79.6607140736786,
       43.7179050726812
      ],
      [
       -79.6608922094664,
       43.7177450909334
      ],
      [
       -79.6611321496105,
       43.7175273079926
      ],
      [
       -79.6612511496429,
       43.7176187404958
      ],
      [
       -79.6615583223773,
       43.717343219228
      ],
      [
       -79.6695575252598,
       43.7101209937276
      ],
      [
       -79.6711899823921,
       43.7086363419888
      ],
      [
       -79.6714772767711,
       43.7083785701241
      ],
      [
       -79.6714781517514,
       43.7083740783657
      ],
      [
       -79.6715565224039,
       43.7083029584919
      ],
      [
       -79.6715660278897,
       43.7082940651231
      ],
      [
       -79.6717008157351,
       43.7084081800414
      ],
      [
       -79.6732296288082,
       43.7095424172023
      ],
      [
       -79.6745233889592,
       43.710502834576
      ],
      [
       -79.6760159716377,
       43.7115960966187
      ],
      [
       -79.6763633207531,
       43.711852228062
      ],
      [
       -79.6797164546499,
       43.7144255993918
      ],
      [
       -79.6803879653592,
       43.7149015554006
      ],
      [
       -79.6808043846153,
       43.715158470757
      ],
      [
       -79.682031605338,
       43.7158028996393
      ],
      [
       -79.6837344147834,
       43.7170515498265
      ],
      [
       -79.6852723290551,
       43.7181091968217
      ],
      [
       -79.6873983941724,
       43.719772335404
      ],
      [
       -79.6961678114192,
       43.7263104663176
      ],
      [
       -79.6976420731394,
       43.7274257443753
      ],
      [
       -79.6985827121331,
       43.7268106933564
      ],
      [
       -79.6988861626558,
       43.7266655852475
      ],
      [
       -79.6993471960603,
       43.7265177679653
      ],
      [
       -79.6997979408643,
       43.7264508662975
      ],
      [
       -79.7001244570214,
       43.726423067186
      ],
      [
       -79.7005276740229,
       43.7264726719212
      ],
      [
       -79.7009834490106,
       43.7265678918399
      ],
      [
       -79.7013243075691,
       43.7267023213914
      ],
      [
       -79.7017294580709,
       43.7269140129202
      ],
      [
       -79.7021477012128,
       43.7271663689587
      ],
      [
       -79.7023787880803,
       43.727317556357
      ],
      [
       -79.7027670729201,
       43.7275200488551
      ],
      [
       -79.7032149049839,
       43.7276962042288
      ],
      [
       -79.7035975728905,
       43.7277995879691
      ],
      [
       -79.7039887767793,
       43.7278670518864
      ],
      [
       -79.7044286644183,
       43.7279080548722
      ],
      [
       -79.7048627342569,
       43.727894967219
      ],
      [
       -79.705264995331,
       43.7278455022093
      ],
      [
       -79.7059745742794,
       43.7276869680006
      ],
      [
       -79.7063951596632,
       43.7275431662089
      ],
      [
       -79.7069474316841,
       43.727229780001
      ],
      [
       -79.7074542115255,
       43.7267943247828
      ],
      [
       -79.7076767578349,
       43.7265132206706
      ],
      [
       -79.7078354931893,
       43.7262403984762
      ],
      [
       -79.7079707562505,
       43.7259042838096
      ],
      [
       -79.7085605722295,
       43.724600891678
      ],
      [
       -79.7091680061485,
       43.7232346682817
      ],
      [
       -79.7095724853197,
       43.7222127978955
      ],
      [
       -79.7098562377615,
       43.721320118854
      ],
      [
       -79.7099832376294,
       43.721006417839
      ],
      [
       -79.7101350656264,
       43.7207650276683
      ],
      [
       -79.7104373728396,
       43.7204172891889
      ],
      [
       -79.7108881246205,
       43.7200217032482
      ],
      [
       -79.7112205951859,
       43.7198228663871
      ],
      [
       -79.7136297367393,
       43.7216012571584
      ],
      [
       -79.7149319791302,
       43.7226063306921
      ],
      [
       -79.7156984226195,
       43.7231596790197
      ],
      [
       -79.7165200695986,
       43.7237811709811
      ],
      [
       -79.7174275714615,
       43.7244891570499
      ],
      [
       -79.7215591337541,
       43.7275742459853
      ],
      [
       -79.7245125981773,
       43.7297681680101
      ],
      [
       -79.7301913168739,
       43.734004682631
      ],
      [
       -79.732570740808,
       43.7357733369522
      ],
      [
       -79.7371382859758,
       43.7392003361008
      ],
      [
       -79.7383967282686,
       43.740110115881
      ],
      [
       -79.7404669552437,
       43.741618581786
      ],
      [
       -79.7420486860176,
       43.7428110020842
      ],
      [
       -79.7441914101376,
       43.7443877266274
      ],
      [
       -79.7407601375013,
       43.7474787952609
      ],
      [
       -79.740249452511,
       43.7481034337801
      ],
      [
       -79.7395960237899,
       43.7490191195223
      ],
      [
       -79.7394230751874,
       43.7492333033605
      ],
      [
       -79.7390353990054,
       43.7497287378085
      ],
      [
       -79.7388366854458,
       43.750023670709
      ],
      [
       -79.7384119345942,
       43.7505096900074
      ],
      [
       -79.7371832433948,
       43.7516080894182
      ],
      [
       -79.7339637292296,
       43.7544131675552
      ]
     ]
    ]
   },
   "properties": {
    "OBJECTID_1": 8,
    "OBJECTID": 8,
    "WARDNUM": "8",
    "MUNIC": "Brampton",
    "Mayor": "Patrick Brown",
    "FirstName0": "Pat",
    "LastName0": "Fortini",
    "Phone0": "1-905-874-2661",
    "email0": "pat.fortini@brampton.ca",
    "FirstName1": " ",
    "LastName1": " ",
    "Phone1": " ",
    "email1": " ",
    "RC_Name": "Nando Iannicca",
    "Shape_Leng": 29818.2569772,
    "WardName": "Ward 8",
    "Shape__Area": 44705304.328125,
    "Shape__Length": 29818.25697723743
   }
  },
  {
   "type": "Feature",
   "id": 9,
   "geometry": {
    "type": "Polygon",
    "coordinates": [
     [
      [
       -79.7989349825416,
       43.756622609536
      ],
      [
       -79.7971559250256,
       43.758152552823
      ],
      [
       -79.7924398353347,
       43.762487667924
      ],
      [
       -79.7918830909333,
       43.7629904981455
      ],
      [
       -79.7827602181049,
       43.7713482485835
      ],
      [
       -79.7818443787589,
       43.7722028528528
      ],
      [
       -79.7793867936913,
       43.7743645479264
      ],
      [
       -79.7781293784803,
       43.7755891296514
      ],
      [
       -79.7775751615315,
       43.7762990026348
      ],
      [
       -79.7769691692299,
       43.7771478772081
      ],
      [
       -79.7756041454903,
       43.7789970407838
      ],
      [
       -79.7752559530939,
       43.7793894754754
      ],
      [
       -79.7739233005704,
       43.7805996976642
      ],
      [
       -79.7718801419965,
       43.7824055226851
      ],
      [
       -79.7714141419919,
       43.7820628724974
      ],
      [
       -79.7609999004213,
       43.7743602569436
      ],
      [
       -79.7564738357173,
       43.7710247169859
      ],
      [
       -79.7518471730251,
       43.7675843541509
      ],
      [
       -79.7504667958712,
       43.7666013624439
      ],
      [
       -79.7485824462299,
       43.7652121677518
      ],
      [
       -79.7435981011571,
       43.7615424562401
      ],
      [
       -79.7377663183584,
       43.7572554124133
      ],
      [
       -79.7370502800108,
       43.7567117754698
      ],
      [
       -79.7339637292296,
       43.7544131675552
      ],
      [
       -79.7371832433948,
       43.7516080894182
      ],
      [
       -79.7384119345942,
       43.7505096900074
      ],
      [
       -79.7388366854458,
       43.750023670709
      ],
      [
       -79.7390353990054,
       43.7497287378085
      ],
      [
       -79.7394230751874,
       43.7492333033605
      ],
      [
       -79.7395960237899,
       43.7490191195223
      ],
      [
       -79.740249452511,
       43.7481034337801
      ],
      [
       -79.7407601375013,
       43.7474787952609
      ],
      [
       -79.7441914101376,
       43.7443877266274
      ],
      [
       -79.748369317311,
       43.7406114382617
      ],
      [
       -79.7498835800228,
       43.7391964044382
      ],
      [
       -79.751086082652,
       43.7381020813665
      ],
      [
       -79.7548105246904,
       43.7347437762793
      ],
      [
       -79.758063102365,
       43.7318169067976
      ],
      [
       -79.7591835015224,
       43.7307756276181
      ],
      [
       -79.759788407933,
       43.7302689747532
      ],
      [
       -79.7616115912444,
       43.7286365402917
      ],
      [
       -79.763845879449,
       43.7266303620472
      ],
      [
       -79.7647769784097,
       43.725879604277
      ],
      [
       -79.7650192210326,
       43.7256841375742
      ],
      [
       -79.7652605938099,
       43.7254931628765
      ],
      [
       -79.7674680889723,
       43.7282631647883
      ],
      [
       -79.7679003525282,
       43.7287540334451
      ],
      [
       -79.7687484994456,
       43.7298166238691
      ],
      [
       -79.76971699937,
       43.7310290668981
      ],
      [
       -79.7707975034792,
       43.7321931851266
      ],
      [
       -79.7717134739486,
       43.7330178807785
      ],
      [
       -79.772503293863,
       43.7336746431189
      ],
      [
       -79.7739684010426,
       43.7347843362977
      ],
      [
       -79.7782415748461,
       43.7382200424121
      ],
      [
       -79.7811376758502,
       43.7404614071541
      ],
      [
       -79.7834109185584,
       43.7423089044444
      ],
      [
       -79.7848387922262,
       43.7437061830522
      ],
      [
       -79.7856824589446,
       43.7445930234296
      ],
      [
       -79.7864439295625,
       43.7454384674667
      ],
      [
       -79.7873076057286,
       43.7464515616024
      ],
      [
       -79.7886469553329,
       43.7481674879969
      ],
      [
       -79.7903768495842,
       43.75042325971
      ],
      [
       -79.7920182732692,
       43.7525295064846
      ],
      [
       -79.7925838567538,
       43.7532422826578
      ],
      [
       -79.7930625831611,
       43.7537965720034
      ],
      [
       -79.7935558173139,
       43.7542474686433
      ],
      [
       -79.7940439715365,
       43.7546037695228
      ],
      [
       -79.7944201257643,
       43.754931875414
      ],
      [
       -79.7945794052377,
       43.7550416012875
      ],
      [
       -79.7948362684031,
       43.7552018770056
      ],
      [
       -79.7954852019397,
       43.7555553651831
      ],
      [
       -79.7959390087407,
       43.7557672349587
      ],
      [
       -79.7963634489962,
       43.7559337745967
      ],
      [
       -79.7976145241825,
       43.7563431119126
      ],
      [
       -79.7988359870793,
       43.7566035614617
      ],
      [
       -79.7989349825416,
       43.756622609536
      ]
     ]
    ]
   },
   "properties": {
    "OBJECTID_1": 9,
    "OBJECTID": 9,
    "WARDNUM": "9",
    "MUNIC": "Brampton",
    "Mayor": "Patrick Brown",
    "FirstName0": "Gurpreet",
    "LastName0": "Singh Dhillon",
    "Phone0": "1-905-874-2610",
    "email0": "gurpreet.dhillon@brampton.ca",
    "FirstName1": " ",
    "LastName1": " ",
    "Phone1": " ",
    "email1": " ",
    "RC_Name": "Nando Iannicca",
    "Shape_Leng": 16509.8093181,
    "WardName": "Ward 9",
    "Shape__Area": 16148362.625,
    "Shape__Length": 16509.80931805347
   }
  },
  {
   "type": "Feature",
   "id": 10,
   "geometry": {
    "type": "Polygon",
    "coordinates": [
     [
      [
       -79.7057763928142,
       43.8388630628854
      ],
      [
       -79.7057565722603,
       43.8388808457259
      ],
      [
       -79.7056519312172,
       43.8389741989754
      ],
      [
       -79.7054450772476,
       43.8391564308561
      ],
      [
       -79.6954214673051,
       43.8481091164067
      ],
      [
       -79.6921937041605,
       43.8425979948861
      ],
      [
       -79.6885386027057,
       43.836357078358
      ],
      [
       -79.6808654858442,
       43.8230918691972
      ],
      [
       -79.6780598763411,
       43.8182919908666
      ],
      [
       -79.6769521187385,
       43.8165099436117
      ],
      [
       -79.6727858287705,
       43.8094567474471
      ],
      [
       -79.6706277253343,
       43.8057176303782
      ],
      [
       -79.6690652969932,
       43.8028767781435
      ],
      [
       -79.6655118580875,
       43.796748819127
      ],
      [
       -79.6630657766519,
       43.79255150036
      ],
      [
       -79.6606095616906,
       43.7883360003991
      ],
      [
       -79.6558826278409,
       43.7800600800495
      ],
      [
       -79.6552671260119,
       43.7789678867425
      ],
      [
       -79.6550190275869,
       43.7785327868572
      ],
      [
       -79.6550800956499,
       43.778510996224
      ],
      [
       -79.6553201825494,
       43.7784372897417
      ],
      [
       -79.6556330842312,
       43.7783374281484
      ],
      [
       -79.6560155226384,
       43.7781843610325
      ],
      [
       -79.6563577853216,
       43.778021816493
      ],
      [
       -79.6566538624099,
       43.7778407204883
      ],
      [
       -79.6568951835062,
       43.7776769876583
      ],
      [
       -79.6576997613489,
       43.776984148558
      ],
      [
       -79.6606979549087,
       43.7743587169252
      ],
      [
       -79.6621656333921,
       43.7730748654698
      ],
      [
       -79.6632285764272,
       43.772177924669
      ],
      [
       -79.6681836211701,
       43.7759003113339
      ],
      [
       -79.6708308650152,
       43.7778759446213
      ],
      [
       -79.6736931899846,
       43.7800025745388
      ],
      [
       -79.676020126812,
       43.781726765404
      ],
      [
       -79.6776946426564,
       43.7829976753867
      ],
      [
       -79.6797884480341,
       43.7845255104152
      ],
      [
       -79.6800551029544,
       43.7847266732277
      ],
      [
       -79.6831319783496,
       43.7869815953501
      ],
      [
       -79.6855950406025,
       43.7887926939013
      ],
      [
       -79.6898735268845,
       43.7919616222198
      ],
      [
       -79.69362572993,
       43.7886056674609
      ],
      [
       -79.6953054105659,
       43.7870942207904
      ],
      [
       -79.6965460124173,
       43.7858388501514
      ],
      [
       -79.6971282313528,
       43.7852827554687
      ],
      [
       -79.7004755825694,
       43.7823631384898
      ],
      [
       -79.7050558773173,
       43.778439975066
      ],
      [
       -79.7077067892983,
       43.7761245039996
      ],
      [
       -79.7080626801961,
       43.7757908869175
      ],
      [
       -79.7110899653999,
       43.7728988474351
      ],
      [
       -79.7132590993491,
       43.7710099910313
      ],
      [
       -79.7149151835843,
       43.7695385018428
      ],
      [
       -79.7165300529158,
       43.7681385555306
      ],
      [
       -79.7167291489778,
       43.7679427083499
      ],
      [
       -79.7168905050117,
       43.7678049616284
      ],
      [
       -79.7177404528712,
       43.7670941994725
      ],
      [
       -79.7182973683144,
       43.7666142429667
      ],
      [
       -79.7188646628754,
       43.7661569095078
      ],
      [
       -79.7205694079013,
       43.7647939277823
      ],
      [
       -79.7223786521412,
       43.7633330469336
      ],
      [
       -79.7236270707558,
       43.7622440335627
      ],
      [
       -79.7241378184788,
       43.7618130532756
      ],
      [
       -79.7258838309395,
       43.7603964289831
      ],
      [
       -79.7263232651413,
       43.7600681872414
      ],
      [
       -79.7277329001258,
       43.7592420349457
      ],
      [
       -79.7284820976761,
       43.7588407007604
      ],
      [
       -79.7291966412186,
       43.7584254705791
      ],
      [
       -79.7300550018453,
       43.7578542677679
      ],
      [
       -79.7311966833015,
       43.7568810335835
      ],
      [
       -79.7339637292296,
       43.7544131675552
      ],
      [
       -79.7370502800108,
       43.7567117754698
      ],
      [
       -79.7377663183584,
       43.7572554124133
      ],
      [
       -79.7435981011571,
       43.7615424562401
      ],
      [
       -79.7485824462299,
       43.7652121677518
      ],
      [
       -79.7504667958712,
       43.7666013624439
      ],
      [
       -79.7518471730251,
       43.7675843541509
      ],
      [
       -79.7564738357173,
       43.7710247169859
      ],
      [
       -79.7609999004213,
       43.7743602569436
      ],
      [
       -79.7714141419919,
       43.7820628724974
      ],
      [
       -79.7718801419965,
       43.7824055226851
      ],
      [
       -79.7601990246722,
       43.7912426281467
      ],
      [
       -79.7596253039356,
       43.7916010540483
      ],
      [
       -79.759085437052,
       43.7918247884479
      ],
      [
       -79.7585500710017,
       43.7920935879179
      ],
      [
       -79.758096715843,
       43.7924533136346
      ],
      [
       -79.7544568263265,
       43.7956505442374
      ],
      [
       -79.748889472337,
       43.8005372798945
      ],
      [
       -79.7426258578394,
       43.8060868577188
      ],
      [
       -79.7380136756802,
       43.8101732245621
      ],
      [
       -79.7273639097817,
       43.8196125509052
      ],
      [
       -79.7238187140366,
       43.822769325424
      ],
      [
       -79.72224214104,
       43.8241697889196
      ],
      [
       -79.7165965540525,
       43.8291575897037
      ],
      [
       -79.7163880203368,
       43.8293488265856
      ],
      [
       -79.7138660785496,
       43.8316074042691
      ],
      [
       -79.7113338445877,
       43.8339018238702
      ],
      [
       -79.7058739409009,
       43.8387741310228
      ],
      [
       -79.7057763928142,
       43.8388630628854
      ]
     ]
    ]
   },
   "properties": {
    "OBJECTID_1": 10,
    "OBJECTID": 10,
    "WARDNUM": "10",
    "MUNIC": "Brampton",
    "Mayor": "Patrick Brown",
    "FirstName0": "Gurpreet",
    "LastName0": "Singh Dhillon",
    "Phone0": "1-905-874-2610",
    "email0": "gurpreet.dhillon@brampton.ca",
    "FirstName1": " ",
    "LastName1": " ",
    "Phone1": " ",
    "email1": " ",
    "RC_Name": "Nando Iannicca",
    "Shape_Leng": 31825.6166225,
    "WardName": "Ward 10",
    "Shape__Area": 42195906.65625,
    "Shape__Length": 31825.616622529986
   }
  },
  {
   "type": "Feature",
   "id": 11,
   "geometry": {
    "type": "Polygon",
    "coordinates": [
     [
      [
       -79.9803571900759,
       43.9452477746773
      ],
      [
       -79.9801912195973,
       43.9451157420562
      ],
      [
       -79.9801634937896,
       43.9450974875002
      ],
      [
       -79.9797535216082,
       43.9447967105333
      ],
      [
       -79.9779746664745,
       43.9435248182858
      ],
      [
       -79.9762016469343,
       43.9422349433114
      ],
      [
       -79.9747912019929,
       43.9412409097768
      ],
      [
       -79.9735053959456,
       43.9403380140103
      ],
      [
       -79.9733660872378,
       43.9402422251082
      ],
      [
       -79.9727979522613,
       43.9398139520425
      ],
      [
       -79.9722029609127,
       43.9393629256688
      ],
      [
       -79.9720807089693,
       43.9392717903923
      ],
      [
       -79.9713986747157,
       43.9387659553768
      ],
      [
       -79.9711395374763,
       43.9385745476359
      ],
      [
       -79.9699770981093,
       43.9376592173021
      ],
      [
       -79.9693243761045,
       43.9371716411385
      ],
      [
       -79.9675317221469,
       43.9359579835854
      ],
      [
       -79.9624524983938,
       43.9403732337623
      ],
      [
       -79.9615663936111,
       43.9396944194617
      ],
      [
       -79.9610663152497,
       43.9393432367587
      ],
      [
       -79.9577941245998,
       43.9369725130148
      ],
      [
       -79.9560686906306,
       43.9356692532801
      ],
      [
       -79.9537386979558,
       43.9340318031155
      ],
      [
       -79.9510581962572,
       43.9320534543075
      ],
      [
       -79.9475274638773,
       43.9295089926265
      ],
      [
       -79.9470084244744,
       43.9290945482933
      ],
      [
       -79.9445483033219,
       43.9272711367978
      ],
      [
       -79.9411753355698,
       43.9248179700426
      ],
      [
       -79.9370879682558,
       43.9217953360142
      ],
      [
       -79.9335602070036,
       43.9191514273859
      ],
      [
       -79.9310952966504,
       43.9173366825889
      ],
      [
       -79.9301288633257,
       43.9166613725847
      ],
      [
       -79.9289447194974,
       43.915799440347
      ],
      [
       -79.9210944797781,
       43.9100038054155
      ],
      [
       -79.9203357966579,
       43.9094744308322
      ],
      [
       -79.9120885671385,
       43.9033457888738
      ],
      [
       -79.9104555651394,
       43.9021597610734
      ],
      [
       -79.9089166159553,
       43.9009836114866
      ],
      [
       -79.9072010607845,
       43.8997652358509
      ],
      [
       -79.9044439916493,
       43.8977580409629
      ],
      [
       -79.8995777949657,
       43.8941683598208
      ],
      [
       -79.8968341565388,
       43.8920935820118
      ],
      [
       -79.896387987214,
       43.8918146633058
      ],
      [
       -79.8937189753865,
       43.8898395705775
      ],
      [
       -79.8935605189236,
       43.8896984802423
      ],
      [
       -79.8904260858717,
       43.8873631592876
      ],
      [
       -79.8872918138854,
       43.8850322549858
      ],
      [
       -79.8842883665213,
       43.8828330940519
      ],
      [
       -79.8830718327488,
       43.8819433552618
      ],
      [
       -79.8831737750043,
       43.8818588172252
      ],
      [
       -79.8831975313536,
       43.881836540347
      ],
      [
       -79.8876205827546,
       43.8778595631661
      ],
      [
       -79.8884393428472,
       43.8771292327812
      ],
      [
       -79.8885673115323,
       43.8772340193939
      ],
      [
       -79.8890554968902,
       43.8767930868065
      ],
      [
       -79.8897462169449,
       43.8761695456141
      ],
      [
       -79.8910618896632,
       43.8749848376997
      ],
      [
       -79.8917073227084,
       43.8754592890151
      ],
      [
       -79.8925179721735,
       43.8747423558259
      ],
      [
       -79.8929490254128,
       43.8743593762928
      ],
      [
       -79.893350796049,
       43.8740031224349
      ],
      [
       -79.8937336458417,
       43.8736601894214
      ],
      [
       -79.8941875712791,
       43.8732594192809
      ],
      [
       -79.8940782646659,
       43.8730287685088
      ],
      [
       -79.8939312939394,
       43.8728157603374
      ],
      [
       -79.8937321603322,
       43.8726472651863
      ],
      [
       -79.8932562895954,
       43.8724265695908
      ],
      [
       -79.8927649232632,
       43.8721607036342
      ],
      [
       -79.8922342863678,
       43.8718314293351
      ],
      [
       -79.8906902167778,
       43.8707405140915
      ],
      [
       -79.8898232064282,
       43.870011802013
      ],
      [
       -79.8888231466169,
       43.8692862913519
      ],
      [
       -79.8892416564656,
       43.8689077052882
      ],
      [
       -79.889457227265,
       43.8687342294404
      ],
      [
       -79.8900219288767,
       43.8684831123013
      ],
      [
       -79.8903351767191,
       43.8683691072933
      ],
      [
       -79.8913145451608,
       43.8681130062491
      ],
      [
       -79.8916986414305,
       43.8679951830594
      ],
      [
       -79.8920717668695,
       43.8677557029128
      ],
      [
       -79.8924155050987,
       43.8673808819146
      ],
      [
       -79.8925059946395,
       43.8671566676927
      ],
      [
       -79.89256621003,
       43.8668871417251
      ],
      [
       -79.8925421045251,
       43.8663827035371
      ],
      [
       -79.8925584922609,
       43.8660857417969
      ],
      [
       -79.8928171198957,
       43.8657281018845
      ],
      [
       -79.8932204980346,
       43.8652818269432
      ],
      [
       -79.8939040077062,
       43.864365570581
      ],
      [
       -79.8937475337873,
       43.864247008285
      ],
      [
       -79.8935726470082,
       43.8641147620009
      ],
      [
       -79.8887755449831,
       43.8605027628955
      ],
      [
       -79.8885294518292,
       43.8603112925359
      ],
      [
       -79.8882798317019,
       43.8601422964828
      ],
      [
       -79.8858890745358,
       43.8583903082283
      ],
      [
       -79.8858484506664,
       43.8583583993124
      ],
      [
       -79.8834566168832,
       43.8565883419113
      ],
      [
       -79.8829168169376,
       43.8562184175843
      ],
      [
       -79.8748878615104,
       43.8503187711581
      ],
      [
       -79.8739900851899,
       43.8496391540979
      ],
      [
       -79.8738490686219,
       43.8495297203099
      ],
      [
       -79.8728160986811,
       43.8487632265676
      ],
      [
       -79.8725898939892,
       43.8485944269537
      ],
      [
       -79.8722685619765,
       43.8483571605214
      ],
      [
       -79.8668847367385,
       43.8443287752156
      ],
      [
       -79.8674627888279,
       43.8438167939835
      ],
      [
       -79.8722137622764,
       43.8395870306719
      ],
      [
       -79.8726074746244,
       43.8392397717422
      ],
      [
       -79.8751285757306,
       43.8369731769871
      ],
      [
       -79.878395705266,
       43.8340880933173
      ],
      [
       -79.8815080646021,
       43.8312734293899
      ],
      [
       -79.8831884842267,
       43.8298672793301
      ],
      [
       -79.8833672740747,
       43.8296169227303
      ],
      [
       -79.8837805591163,
       43.8292968269791
      ],
      [
       -79.8862907608081,
       43.8271109082994
      ],
      [
       -79.8900351975891,
       43.8237439361287
      ],
      [
       -79.8940776552249,
       43.8202086527835
      ],
      [
       -79.8941129262604,
       43.8201504699201
      ],
      [
       -79.894252098914,
       43.8200212626834
      ],
      [
       -79.8999565686424,
       43.8148676613635
      ],
      [
       -79.9047058440342,
       43.8106049926882
      ],
      [
       -79.9048504101127,
       43.8104758239872
      ],
      [
       -79.9101185681162,
       43.8057992237309
      ],
      [
       -79.9129701747735,
       43.8031882857999
      ],
      [
       -79.9155905559725,
       43.8008902128653
      ],
      [
       -79.9169152773178,
       43.7996422498397
      ],
      [
       -79.9188388143627,
       43.797841704837
      ],
      [
       -79.9230926594359,
       43.7939787385366
      ],
      [
       -79.9242671221576,
       43.7929048459801
      ],
      [
       -79.9261838752589,
       43.791068095933
      ],
      [
       -79.9329219541523,
       43.7849186044274
      ],
      [
       -79.9356489036761,
       43.7823914614374
      ],
      [
       -79.9371481243717,
       43.7810233330983
      ],
      [
       -79.9499914995922,
       43.7693560853703
      ],
      [
       -79.9564183832242,
       43.7634499267397
      ],
      [
       -79.9587672732995,
       43.7613419478814
      ],
      [
       -79.9649960421529,
       43.7557036070427
      ],
      [
       -79.9687472523562,
       43.7522800450785
      ],
      [
       -79.9696312026741,
       43.7514821744253
      ],
      [
       -79.9714290669018,
       43.7498551684481
      ],
      [
       -79.9771570373447,
       43.7445853032002
      ],
      [
       -79.9777421781952,
       43.7440458055953
      ],
      [
       -79.9792903038803,
       43.7426550415271
      ],
      [
       -79.9796670936769,
       43.7423612788604
      ],
      [
       -79.982153668234,
       43.7442607545331
      ],
      [
       -79.9840281146291,
       43.7456910374555
      ],
      [
       -79.984400515785,
       43.7459779685919
      ],
      [
       -79.9844587404034,
       43.7460235052252
      ],
      [
       -79.9885913646787,
       43.7490719391189
      ],
      [
       -79.989112719111,
       43.7494592151506
      ],
      [
       -79.9897917015622,
       43.7499829398519
      ],
      [
       -79.9908297912913,
       43.7507574376812
      ],
      [
       -79.9923109625463,
       43.7518689757097
      ],
      [
       -79.9928100816182,
       43.7522425329108
      ],
      [
       -79.9933769101944,
       43.7526526996687
      ],
      [
       -79.9934405061459,
       43.7527027809143
      ],
      [
       -79.9956378142348,
       43.7543563088871
      ],
      [
       -79.9957198930386,
       43.7544155551177
      ],
      [
       -79.9965142223704,
       43.7550122837569
      ],
      [
       -79.9970324992448,
       43.7554039982415
      ],
      [
       -79.9973530641116,
       43.7556409107723
      ],
      [
       -79.9976987971998,
       43.7559050546324
      ],
      [
       -79.9983519848517,
       43.7564014902842
      ],
      [
       -80.0002059094213,
       43.7578043141335
      ],
      [
       -80.0003415879086,
       43.7579090450663
      ],
      [
       -80.0013789497422,
       43.7586969456155
      ],
      [
       -80.0059980487318,
       43.7621991859064
      ],
      [
       -80.0063423793962,
       43.762458789269
      ],
      [
       -80.0316696923437,
       43.781417631254
      ],
      [
       -80.0322444144804,
       43.7818051609769
      ],
      [
       -80.0400020552392,
       43.7875880003116
      ],
      [
       -80.0554153270079,
       43.7991557439543
      ],
      [
       -80.0595779565557,
       43.8022873723556
      ],
      [
       -80.07979674688,
       43.8171416029848
      ],
      [
       -80.0966183948872,
       43.8295704280359
      ],
      [
       -80.1077943220537,
       43.8378471198257
      ],
      [
       -80.1133471396358,
       43.8419690229869
      ],
      [
       -80.129062459543,
       43.8535155818121
      ],
      [
       -80.1414922298426,
       43.8627303804803
      ],
      [
       -80.1439445238547,
       43.8645225037116
      ],
      [
       -80.1440359750124,
       43.8645997200793
      ],
      [
       -80.1440806999384,
       43.8646810882388
      ],
      [
       -80.1440960655318,
       43.8647487309566
      ],
      [
       -80.1440921818165,
       43.8648027239699
      ],
      [
       -80.1440545347917,
       43.864878973297
      ],
      [
       -80.1440196072724,
       43.8649282319312
      ],
      [
       -80.1439736629905,
       43.8649864117109
      ],
      [
       -80.1438602560848,
       43.8650846026318
      ],
      [
       -80.1437830099488,
       43.865156053338
      ],
      [
       -80.1415939902082,
       43.8671834662749
      ],
      [
       -80.1384704686588,
       43.870032132988
      ],
      [
       -80.1346219516883,
       43.8734514595057
      ],
      [
       -80.1344651471319,
       43.8735898287908
      ],
      [
       -80.1279386219776,
       43.8796131793444
      ],
      [
       -80.127782497936,
       43.8797560463139
      ],
      [
       -80.1239150048867,
       43.8833234210985
      ],
      [
       -80.1174961068979,
       43.8891849232234
      ],
      [
       -80.1174180199206,
       43.8892563492741
      ],
      [
       -80.1133017729046,
       43.8930375238787
      ],
      [
       -80.1132118044887,
       43.893122360258
      ],
      [
       -80.1069741904425,
       43.8988451105187
      ],
      [
       -80.1069126209658,
       43.8989031529004
      ],
      [
       -80.1067432348899,
       43.8990413851139
      ],
      [
       -80.1042520927511,
       43.9013268120903
      ],
      [
       -80.1026177847992,
       43.902826597428
      ],
      [
       -80.102539662105,
       43.9028980128389
      ],
      [
       -80.102272135293,
       43.9031435109117
      ],
      [
       -80.1020724783963,
       43.9033265163606
      ],
      [
       -80.1015026323562,
       43.9038532505423
      ],
      [
       -80.1012650073936,
       43.9040764722836
      ],
      [
       -80.1010582726704,
       43.9042639220668
      ],
      [
       -80.1007733419409,
       43.9045272868815
      ],
      [
       -80.1002689463784,
       43.9049960063226
      ],
      [
       -80.1001797873611,
       43.9050763368062
      ],
      [
       -80.0993943985061,
       43.9058039441021
      ],
      [
       -80.0984590193958,
       43.906669918622
      ],
      [
       -80.0981630343514,
       43.9069421931997
      ],
      [
       -80.0975915626387,
       43.9074688946715
      ],
      [
       -80.097410758941,
       43.9076385352902
      ],
      [
       -80.0972167239201,
       43.9078080710808
      ],
      [
       -80.0971412717011,
       43.9077534532525
      ],
      [
       -80.0967293999541,
       43.9074530789262
      ],
      [
       -80.0965954826936,
       43.9073529804881
      ],
      [
       -80.096417614493,
       43.9072255235081
      ],
      [
       -80.0962482396157,
       43.9071026352315
      ],
      [
       -80.0960935157817,
       43.9069888662141
      ],
      [
       -80.0960119078246,
       43.9069296971312
      ],
      [
       -80.0959334129893,
       43.9068705526205
      ],
      [
       -80.0959310782692,
       43.9068705341483
      ],
      [
       -80.0958387115647,
       43.9068022762032
      ],
      [
       -80.0957463450713,
       43.9067340181845
      ],
      [
       -80.0956824328135,
       43.9066884943206
      ],
      [
       -80.0956662942811,
       43.9066748611754
      ],
      [
       -80.0955861754911,
       43.9066202053787
      ],
      [
       -80.0955061250121,
       43.9065610482588
      ],
      [
       -80.0954260746915,
       43.9065018910837
      ],
      [
       -80.0952659745261,
       43.9063835765673
      ],
      [
       -80.0950896685134,
       43.9062561298715
      ],
      [
       -80.0949295696729,
       43.9061378148902
      ],
      [
       -80.0948487422609,
       43.9060786511518
      ],
      [
       -80.0947686250193,
       43.9060239947894
      ],
      [
       -80.0946885761488,
       43.9059648371045
      ],
      [
       -80.0946085274369,
       43.9059056793642
      ],
      [
       -80.0945284788835,
       43.9058465215686
      ],
      [
       -80.0944484304886,
       43.9057873637177
      ],
      [
       -80.0943152307562,
       43.9056917700773
      ],
      [
       -80.0935362066411,
       43.905122866797
      ],
      [
       -80.0934492928861,
       43.9050546501609
      ],
      [
       -80.0933103454446,
       43.9051841001506
      ],
      [
       -80.0931903480014,
       43.9052956931235
      ],
      [
       -80.0926653795407,
       43.9057822228532
      ],
      [
       -80.0925951601594,
       43.9058446905585
      ],
      [
       -80.0925256504705,
       43.9059116656636
      ],
      [
       -80.0924554307901,
       43.905974133279
      ],
      [
       -80.0923851425644,
       43.9060411021135
      ],
      [
       -80.0922454122776,
       43.906170544565
      ],
      [
       -80.0921751919982,
       43.9062330120002
      ],
      [
       -80.0921049031516,
       43.906299980654
      ],
      [
       -80.0920330576817,
       43.9063669368946
      ],
      [
       -80.0919643934149,
       43.9064294165621
      ],
      [
       -80.0918949507697,
       43.9064918900016
      ],
      [
       -80.0918246613023,
       43.9065588584746
      ],
      [
       -80.0917544401239,
       43.9066213256394
      ],
      [
       -80.0916841503457,
       43.9066882940218
      ],
      [
       -80.0916138604093,
       43.9067552623589
      ],
      [
       -80.0915444170165,
       43.9068177355754
      ],
      [
       -80.0914741267702,
       43.9068847038223
      ],
      [
       -80.0914039048399,
       43.9069471707617
      ],
      [
       -80.091344715092,
       43.9070007217735
      ],
      [
       -80.0913336142827,
       43.907014138918
      ],
      [
       -80.0912633920524,
       43.907076605767
      ],
      [
       -80.0911938794269,
       43.9071435800225
      ],
      [
       -80.0911236568975,
       43.9072060467816
      ],
      [
       -80.0910502527426,
       43.9072729899945
      ],
      [
       -80.0909602312416,
       43.907357808187
      ],
      [
       -80.090551274332,
       43.9077372075318
      ],
      [
       -80.0893915542931,
       43.9088084046961
      ],
      [
       -80.0892470727704,
       43.9089423073517
      ],
      [
       -80.0882160208119,
       43.909892969094
      ],
      [
       -80.0881796702416,
       43.9099286934619
      ],
      [
       -80.088333608067,
       43.9100424668637
      ],
      [
       -80.0882949226334,
       43.9100781726386
      ],
      [
       -80.0877722068393,
       43.9105646974047
      ],
      [
       -80.0870181396662,
       43.9112654580195
      ],
      [
       -80.0869107773867,
       43.91136363981
      ],
      [
       -80.0868586527086,
       43.911412743105
      ],
      [
       -80.0866722897401,
       43.9115868239628
      ],
      [
       -80.0863169586982,
       43.9119171166321
      ],
      [
       -80.0858217959813,
       43.9123813436046
      ],
      [
       -80.084770757736,
       43.9133588245248
      ],
      [
       -80.0843601634859,
       43.9137381881499
      ],
      [
       -80.0842337673298,
       43.9138587238564
      ],
      [
       -80.0841855989395,
       43.9139033558143
      ],
      [
       -80.0841848206104,
       43.9139033495761
      ],
      [
       -80.0830523843379,
       43.9149566925767
      ],
      [
       -80.0829560439367,
       43.9150459554274
      ],
      [
       -80.0831215216659,
       43.9151688319689
      ],
      [
       -80.0836658021901,
       43.9155648546581
      ],
      [
       -80.0845349674584,
       43.9161975716729
      ],
      [
       -80.0847127673975,
       43.9163295482104
      ],
      [
       -80.0847959334409,
       43.9163887377499
      ],
      [
       -80.0850546349774,
       43.9165753832946
      ],
      [
       -80.0851023417771,
       43.9166117796773
      ],
      [
       -80.0856835967712,
       43.9170350995077
      ],
      [
       -80.0864319079848,
       43.9175813006828
      ],
      [
       -80.0864388445089,
       43.9175858579399
      ],
      [
       -80.086492001606,
       43.9176222973129
      ],
      [
       -80.0865489129295,
       43.9176677702695
      ],
      [
       -80.0858389017775,
       43.9183823797569
      ],
      [
       -80.0851889776308,
       43.9189849208856
      ],
      [
       -80.0833872658647,
       43.920676662799
      ],
      [
       -80.0828082491247,
       43.9212212355667
      ],
      [
       -80.0827331922307,
       43.9212926617862
      ],
      [
       -80.0826700190487,
       43.9213506779753
      ],
      [
       -80.0822963571874,
       43.921703319344
      ],
      [
       -80.0822023399054,
       43.9217926001061
      ],
      [
       -80.0822000046108,
       43.9217925813484
      ],
      [
       -80.0821367268918,
       43.9217560587065
      ],
      [
       -80.0821019743382,
       43.9217377723597
      ],
      [
       -80.0820610635753,
       43.9217149347354
      ],
      [
       -80.081897420838,
       43.9216235840937
      ],
      [
       -80.0817322217469,
       43.921532220709
      ],
      [
       -80.0815661754859,
       43.9214453520699
      ],
      [
       -80.0813993512842,
       43.9213584769345
      ],
      [
       -80.0812309707211,
       43.9212715890401
      ],
      [
       -80.0810610338033,
       43.9211846883799
      ],
      [
       -80.0808902496596,
       43.9211022824464
      ],
      [
       -80.0807519517453,
       43.9210336429981
      ],
      [
       -80.080718756882,
       43.9210153687603
      ],
      [
       -80.0805456384398,
       43.9209329435298
      ],
      [
       -80.0803716727201,
       43.9208550130124
      ],
      [
       -80.0801969290395,
       43.9207770759669
      ],
      [
       -80.0800206983496,
       43.9206946248854
      ],
      [
       -80.0799549491476,
       43.9206670847222
      ],
      [
       -80.0782935580452,
       43.9200144402212
      ],
      [
       -80.0778230674938,
       43.919830572209
      ],
      [
       -80.0777918735879,
       43.9201364425778
      ],
      [
       -80.0774369919074,
       43.9198769754533
      ],
      [
       -80.0772567930248,
       43.9197494700995
      ],
      [
       -80.0770835262383,
       43.9198786228293
      ],
      [
       -80.077056560394,
       43.919860397837
      ],
      [
       -80.0769796245745,
       43.9198012530283
      ],
      [
       -80.0768348854181,
       43.9196965424262
      ],
      [
       -80.0767571020183,
       43.9196418924147
      ],
      [
       -80.0766853371314,
       43.9196007963714
      ],
      [
       -80.0765417380302,
       43.919523105385
      ],
      [
       -80.0765009005591,
       43.9194957645594
      ],
      [
       -80.0755078469503,
       43.9187719485726
      ],
      [
       -80.0750582877097,
       43.9184441809942
      ],
      [
       -80.0750529087397,
       43.9184396356554
      ],
      [
       -80.0749572257425,
       43.9183848395132
      ],
      [
       -80.074863099691,
       43.9183300558962
      ],
      [
       -80.074769821952,
       43.9182707772732
      ],
      [
       -80.0746772530197,
       43.9182160061107
      ],
      [
       -80.074587089174,
       43.9181567525542
      ],
      [
       -80.0744977038892,
       43.9180975052322
      ],
      [
       -80.0744099453256,
       43.9180337692196
      ],
      [
       -80.0743229653293,
       43.9179700394464
      ],
      [
       -80.0737664115271,
       43.9175648693525
      ],
      [
       -80.0718435843635,
       43.9161627127637
      ],
      [
       -80.0715765044889,
       43.915966965645
      ],
      [
       -80.0714964657029,
       43.9159077918988
      ],
      [
       -80.0713324968521,
       43.9157894126109
      ],
      [
       -80.071310204716,
       43.9157712242367
      ],
      [
       -80.0711562851263,
       43.9156574281683
      ],
      [
       -80.0711215475968,
       43.9156886583775
      ],
      [
       -80.0700148780281,
       43.916670052337
      ],
      [
       -80.0697961861772,
       43.9168663513284
      ],
      [
       -80.0688164764776,
       43.9177407238081
      ],
      [
       -80.0680506319086,
       43.9184277567891
      ],
      [
       -80.068049853524,
       43.9184277504405
      ],
      [
       -80.0676314050421,
       43.9188024876622
      ],
      [
       -80.0666708762654,
       43.9196409835554
      ],
      [
       -80.0658546008737,
       43.9203636039785
      ],
      [
       -80.0658057055707,
       43.9204037203867
      ],
      [
       -80.0660773155408,
       43.920608521465
      ],
      [
       -80.0668068777292,
       43.9211501957249
      ],
      [
       -80.0671247778439,
       43.9213823831015
      ],
      [
       -80.0676389294292,
       43.9217602285319
      ],
      [
       -80.0678590295699,
       43.9219240888697
      ],
      [
       -80.0680414093673,
       43.9220606303665
      ],
      [
       -80.0681638450582,
       43.922147162999
      ],
      [
       -80.0682569113709,
       43.9222199506334
      ],
      [
       -80.0683508265944,
       43.9222882433191
      ],
      [
       -80.068419334625,
       43.9223383216119
      ],
      [
       -80.068443963597,
       43.9223565295824
      ],
      [
       -80.0685371008125,
       43.9224248157708
      ],
      [
       -80.0686310166789,
       43.9224931082294
      ],
      [
       -80.0687372473368,
       43.9225705045654
      ],
      [
       -80.0688434782702,
       43.922647900804
      ],
      [
       -80.068950417715,
       43.9227298045095
      ],
      [
       -80.0690566492081,
       43.9228072005527
      ],
      [
       -80.0691628809767,
       43.9228845964985
      ],
      [
       -80.0692698914647,
       43.9229619986877
      ],
      [
       -80.0693760536117,
       43.9230438956597
      ],
      [
       -80.0695885190949,
       43.9231986868684
      ],
      [
       -80.0696955306977,
       43.9232760886646
      ],
      [
       -80.0697394112152,
       43.9233079584725
      ],
      [
       -80.069801764129,
       43.9233534840247
      ],
      [
       -80.069907149251,
       43.923435374173
      ],
      [
       -80.07001338324,
       43.9235127693392
      ],
      [
       -80.070118839052,
       43.9235901580729
      ],
      [
       -80.0702119099957,
       43.9236629441374
      ],
      [
       -80.0703050512714,
       43.923731228905
      ],
      [
       -80.0703620259757,
       43.9237722085964
      ],
      [
       -80.0703981927601,
       43.9237995135976
      ],
      [
       -80.0705213438014,
       43.9238905512949
      ],
      [
       -80.0706298446873,
       43.9239724661155
      ],
      [
       -80.0707237653822,
       43.9240407568782
      ],
      [
       -80.0708430251197,
       43.9241317625784
      ],
      [
       -80.0710654781805,
       43.924295635817
      ],
      [
       -80.0710685920274,
       43.9242956611319
      ],
      [
       -80.0711401484471,
       43.9243502643539
      ],
      [
       -80.0711570644941,
       43.9243639072423
      ],
      [
       -80.0711848089882,
       43.9243821399427
      ],
      [
       -80.0712448287354,
       43.9244276457346
      ],
      [
       -80.0705854903466,
       43.9250210229153
      ],
      [
       -80.0705823764623,
       43.9250209975869
      ],
      [
       -80.0705563364693,
       43.9250432947326
      ],
      [
       -80.0705930647977,
       43.9250345899008
      ],
      [
       -80.0706000710392,
       43.9250346468889
      ],
      [
       -80.0707719653845,
       43.9249955288003
      ],
      [
       -80.0711454053104,
       43.9249130310956
      ],
      [
       -80.0712637866064,
       43.9248104521537
      ],
      [
       -80.0715497563031,
       43.9247452492948
      ],
      [
       -80.0715789963577,
       43.9248175155543
      ],
      [
       -80.0716158111503,
       43.924903348726
      ],
      [
       -80.0715931655156,
       43.9249076665203
      ],
      [
       -80.0706728344399,
       43.9251117691728
      ],
      [
       -80.0677297153277,
       43.9257675646671
      ],
      [
       -80.0676312752656,
       43.9257892704069
      ],
      [
       -80.0657648636097,
       43.9261971938242
      ],
      [
       -80.0652211345009,
       43.9263142952328
      ],
      [
       -80.0639749307273,
       43.9265922078633
      ],
      [
       -80.062466364022,
       43.9269174741582
      ],
      [
       -80.0614279234304,
       43.9271520455892
      ],
      [
       -80.0578158609503,
       43.9279506475658
      ],
      [
       -80.0558893005249,
       43.9283624151972
      ],
      [
       -80.0531309449687,
       43.9289833462013
      ],
      [
       -80.0493033504259,
       43.9298564227261
      ],
      [
       -80.0477553385031,
       43.9302036751965
      ],
      [
       -80.0453037190325,
       43.9307684495763
      ],
      [
       -80.0449919289301,
       43.9308378726093
      ],
      [
       -80.0445730454742,
       43.9309334100673
      ],
      [
       -80.0442214038068,
       43.9310115013298
      ],
      [
       -80.040545027161,
       43.9318585380313
      ],
      [
       -80.039589016965,
       43.9320891009876
      ],
      [
       -80.0386949407376,
       43.9322931663032
      ],
      [
       -80.0377601555767,
       43.9325103871439
      ],
      [
       -80.0371622321326,
       43.9326494073182
      ],
      [
       -80.0367988198986,
       43.9327318782938
      ],
      [
       -80.0362071206001,
       43.932870945929
      ],
      [
       -80.0351003047807,
       43.9331317115988
      ],
      [
       -80.033131578538,
       43.9335787530341
      ],
      [
       -80.0323523474397,
       43.9337567296836
      ],
      [
       -80.0312348911254,
       43.9339993605968
      ],
      [
       -80.0292773746667,
       43.9344239216348
      ],
      [
       -80.0281294556156,
       43.9346707651026
      ],
      [
       -80.0272152797483,
       43.9348610641202
      ],
      [
       -80.0258069704244,
       43.9351731937542
      ],
      [
       -80.0228428579844,
       43.9358141467064
      ],
      [
       -80.0203311974447,
       43.9363553619091
      ],
      [
       -80.0179069192738,
       43.9368837675737
      ],
      [
       -80.017577158403,
       43.9369529612026
      ],
      [
       -80.0163589201892,
       43.937208085144
      ],
      [
       -80.0160705710472,
       43.937268627356
      ],
      [
       -80.0141812881362,
       43.9376980186677
      ],
      [
       -80.0122853434598,
       43.9381048122027
      ],
      [
       -80.0122751467715,
       43.938109225836
      ],
      [
       -80.0121806346183,
       43.9381264158967
      ],
      [
       -80.0091663273456,
       43.9387710812684
      ],
      [
       -80.0090170844287,
       43.9388012994166
      ],
      [
       -80.0086428459295,
       43.9388745832293
      ],
      [
       -80.008063076222,
       43.9389910994727
      ],
      [
       -80.0067867631792,
       43.9392681258883
      ],
      [
       -80.0061710935826,
       43.9393888222245
      ],
      [
       -80.0032096084996,
       43.9400337896239
      ],
      [
       -80.0022951989775,
       43.94022838867
      ],
      [
       -80.0006860702322,
       43.9405654650853
      ],
      [
       -80.0002069425725,
       43.9406693162462
      ],
      [
       -79.9991611701926,
       43.9408942530723
      ],
      [
       -79.9978288865861,
       43.9412067031801
      ],
      [
       -79.9955854988262,
       43.9417452244351
      ],
      [
       -79.9941655111058,
       43.942083871381
      ],
      [
       -79.9931463380373,
       43.9423450014051
      ],
      [
       -79.9901557000193,
       43.9430388924696
      ],
      [
       -79.9887406291553,
       43.9433595082256
      ],
      [
       -79.9835517627069,
       43.9445739620443
      ],
      [
       -79.9803571900759,
       43.9452477746773
      ]
     ]
    ]
   },
   "properties": {
    "OBJECTID_1": 11,
    "OBJECTID": 11,
    "WARDNUM": "1",
    "MUNIC": "Caledon",
    "Mayor": "Allan Thompson",
    "FirstName0": "Ian",
    "LastName0": "Sinclair",
    "Phone0": "1-905-584-2272",
    "email0": "ian.sinclair@caledon.ca",
    "FirstName1": " ",
    "LastName1": " ",
    "Phone1": " ",
    "email1": " ",
    "RC_Name": "Nando Iannicca",
    "Shape_Leng": 69833.9035716,
    "WardName": "Ward 1",
    "Shape__Area": 279888924.171875,
    "Shape__Length": 69833.90357160005
   }
  },
  {
   "type": "Feature",
   "id": 12,
   "geometry": {
    "type": "Polygon",
    "coordinates": [
     [
      [
       -79.8668847367385,
       43.8443287752156
      ],
      [
       -79.8619368614248,
       43.8486914071264
      ],
      [
       -79.8615945919084,
       43.8490256356179
      ],
      [
       -79.8567998717691,
       43.853268017097
      ],
      [
       -79.8565526520562,
       43.8535086425527
      ],
      [
       -79.8526574752279,
       43.8506289402774
      ],
      [
       -79.8514209004134,
       43.849707146453
      ],
      [
       -79.8493899405777,
       43.8482461261169
      ],
      [
       -79.8493378550396,
       43.8482050850977
      ],
      [
       -79.8441556001239,
       43.8531048022521
      ],
      [
       -79.8450924751179,
       43.8537985538133
      ],
      [
       -79.8396060668031,
       43.8586184536141
      ],
      [
       -79.8392179539855,
       43.8583399000301
      ],
      [
       -79.8376507657792,
       43.8572255225021
      ],
      [
       -79.8366088054213,
       43.8564586111859
      ],
      [
       -79.834864489139,
       43.8551803256972
      ],
      [
       -79.8348494649603,
       43.8551531615118
      ],
      [
       -79.8347546665558,
       43.8549496124189
      ],
      [
       -79.8340836979114,
       43.8543035080845
      ],
      [
       -79.8341643764222,
       43.8540342213236
      ],
      [
       -79.8329758233428,
       43.8535719054293
      ],
      [
       -79.8322894111993,
       43.8532407610098
      ],
      [
       -79.8322716170537,
       43.8532360773351
      ],
      [
       -79.8322585756121,
       43.8532269403947
      ],
      [
       -79.8296151623678,
       43.851291118405
      ],
      [
       -79.8283530144895,
       43.8503823188462
      ],
      [
       -79.8261758284257,
       43.8487528190853
      ],
      [
       -79.8256931208218,
       43.8483877125448
      ],
      [
       -79.8243945040885,
       43.8474019629017
      ],
      [
       -79.8241362345502,
       43.8472102283509
      ],
      [
       -79.8236678478183,
       43.8467507219685
      ],
      [
       -79.8231358614432,
       43.8463625880293
      ],
      [
       -79.8226047478887,
       43.8459699587492
      ],
      [
       -79.8220728639256,
       43.8455773190384
      ],
      [
       -79.8210941632913,
       43.8448559355374
      ],
      [
       -79.8208504191877,
       43.8446778488685
      ],
      [
       -79.8205606557226,
       43.8444677738176
      ],
      [
       -79.8200295758671,
       43.8440751328176
      ],
      [
       -79.8198004303195,
       43.8439061983171
      ],
      [
       -79.81949919156,
       43.8436869983537
      ],
      [
       -79.8189626841798,
       43.8432942962829
      ],
      [
       -79.8187235280053,
       43.8431207542992
      ],
      [
       -79.8184268723326,
       43.8429061007045
      ],
      [
       -79.8178351220379,
       43.8424768073364
      ],
      [
       -79.817356735223,
       43.8421342191767
      ],
      [
       -79.8168179238435,
       43.8417414831099
      ],
      [
       -79.8162804961673,
       43.8413577624974
      ],
      [
       -79.8158552276722,
       43.8410427292924
      ],
      [
       -79.8152339118277,
       43.8405771012328
      ],
      [
       -79.8149956437203,
       43.8403990587512
      ],
      [
       -79.8136979751883,
       43.8394222000165
      ],
      [
       -79.8124923726703,
       43.838509309023
      ],
      [
       -79.8080329239848,
       43.8357392631657
      ],
      [
       -79.8074478660278,
       43.8353324946372
      ],
      [
       -79.807268382934,
       43.8351325401828
      ],
      [
       -79.8069504041694,
       43.8348996266198
      ],
      [
       -79.806774241961,
       43.8347672337249
      ],
      [
       -79.8025290015202,
       43.8316525661517
      ],
      [
       -79.8015093368177,
       43.8309035732217
      ],
      [
       -79.8014219996403,
       43.8308396313065
      ],
      [
       -79.8002022187285,
       43.8297598925146
      ],
      [
       -79.8000312004451,
       43.829605033902
      ],
      [
       -79.7989932714922,
       43.8286847562574
      ],
      [
       -79.7974812307363,
       43.8275704030561
      ],
      [
       -79.7963539330889,
       43.8267301939886
      ],
      [
       -79.7947345161433,
       43.8255876619718
      ],
      [
       -79.7936691126295,
       43.8248426178958
      ],
      [
       -79.7933062088401,
       43.8245686751106
      ],
      [
       -79.7920704050094,
       43.823641742387
      ],
      [
       -79.7915342570598,
       43.8232489143043
      ],
      [
       -79.7910271906463,
       43.8228789006344
      ],
      [
       -79.7904986861247,
       43.8224546355482
      ],
      [
       -79.789389678431,
       43.8215650304134
      ],
      [
       -79.7882027262522,
       43.8206880934293
      ],
      [
       -79.7880288872982,
       43.8205601978801
      ],
      [
       -79.7867165042291,
       43.8196233908243
      ],
      [
       -79.7860585223412,
       43.8191482097991
      ],
      [
       -79.7856579788539,
       43.818855835232
      ],
      [
       -79.7851220983083,
       43.8184539759491
      ],
      [
       -79.7846668063641,
       43.8181024916793
      ],
      [
       -79.7845986570645,
       43.8180522464387
      ],
      [
       -79.7840703781276,
       43.8176594667455
      ],
      [
       -79.7830357796359,
       43.8168651301232
      ],
      [
       -79.7825384086374,
       43.8173235233822
      ],
      [
       -79.7813301343876,
       43.8157845143439
      ],
      [
       -79.7813625466464,
       43.8155282541196
      ],
      [
       -79.7808508520094,
       43.8152391790068
      ],
      [
       -79.7803193277031,
       43.8149318825092
      ],
      [
       -79.7798386342725,
       43.8145711039978
      ],
      [
       -79.7779965728272,
       43.8132503829156
      ],
      [
       -79.7757778624576,
       43.8116554857913
      ],
      [
       -79.7752082142428,
       43.8111631806636
      ],
      [
       -79.7750196284338,
       43.810999092219
      ],
      [
       -79.774516744225,
       43.810624547669
      ],
      [
       -79.7744699971597,
       43.8105925333045
      ],
      [
       -79.7738230881694,
       43.8101174000246
      ],
      [
       -79.7732443195963,
       43.8096925150655
      ],
      [
       -79.7731692895224,
       43.8096376872242
      ],
      [
       -79.7725255087034,
       43.8091625801241
      ],
      [
       -79.7719076909205,
       43.808710257709
      ],
      [
       -79.7718671617998,
       43.8086783090964
      ],
      [
       -79.7712955051521,
       43.8082489887601
      ],
      [
       -79.7712449695634,
       43.8082124304681
      ],
      [
       -79.7710406817949,
       43.8080571702761
      ],
      [
       -79.7705551611208,
       43.8077098060645
      ],
      [
       -79.76995398565,
       43.8073566930426
      ],
      [
       -79.7697151526357,
       43.8072190660609
      ],
      [
       -79.7694659615623,
       43.807018300952
      ],
      [
       -79.7691228825688,
       43.8067354904829
      ],
      [
       -79.7687698001878,
       43.8064480693282
      ],
      [
       -79.7681569405245,
       43.8059462593937
      ],
      [
       -79.7678993997206,
       43.8057363970972
      ],
      [
       -79.7678657737988,
       43.8057090233482
      ],
      [
       -79.7678230108625,
       43.8056725473386
      ],
      [
       -79.7676495365745,
       43.8055311188772
      ],
      [
       -79.7672804324743,
       43.8052300146972
      ],
      [
       -79.7666171605058,
       43.8046871358045
      ],
      [
       -79.7662565191993,
       43.8043906214901
      ],
      [
       -79.7653641142308,
       43.8036561828536
      ],
      [
       -79.7650285758094,
       43.8034994936762
      ],
      [
       -79.7646866391538,
       43.8033517380762
      ],
      [
       -79.7643601475955,
       43.8032086503266
      ],
      [
       -79.7638371641855,
       43.8027978261376
      ],
      [
       -79.7632370314225,
       43.8023231384507
      ],
      [
       -79.762512242482,
       43.8017525585187
      ],
      [
       -79.7624334411384,
       43.8016931808655
      ],
      [
       -79.7598614176241,
       43.7996034418302
      ],
      [
       -79.7591773039123,
       43.7991728398837
      ],
      [
       -79.7573438774378,
       43.7977798471175
      ],
      [
       -79.7544568263265,
       43.7956505442374
      ],
      [
       -79.758096715843,
       43.7924533136346
      ],
      [
       -79.7585500710017,
       43.7920935879179
      ],
      [
       -79.759085437052,
       43.7918247884479
      ],
      [
       -79.7596253039356,
       43.7916010540483
      ],
      [
       -79.7601990246722,
       43.7912426281467
      ],
      [
       -79.7718801419965,
       43.7824055226851
      ],
      [
       -79.7739233005704,
       43.7805996976642
      ],
      [
       -79.7752559530939,
       43.7793894754754
      ],
      [
       -79.7756041454903,
       43.7789970407838
      ],
      [
       -79.7769691692299,
       43.7771478772081
      ],
      [
       -79.7775751615315,
       43.7762990026348
      ],
      [
       -79.7781293784803,
       43.7755891296514
      ],
      [
       -79.7793867936913,
       43.7743645479264
      ],
      [
       -79.7818443787589,
       43.7722028528528
      ],
      [
       -79.7827602181049,
       43.7713482485835
      ],
      [
       -79.7918830909333,
       43.7629904981455
      ],
      [
       -79.7924398353347,
       43.762487667924
      ],
      [
       -79.7971559250256,
       43.758152552823
      ],
      [
       -79.7989349825416,
       43.756622609536
      ],
      [
       -79.7994681983405,
       43.7561645161665
      ],
      [
       -79.8028729591619,
       43.7531479408841
      ],
      [
       -79.8032392928052,
       43.752841146168
      ],
      [
       -79.8035303037645,
       43.7525740788573
      ],
      [
       -79.8046637829255,
       43.7515189880916
      ],
      [
       -79.8049977079895,
       43.7512793772724
      ],
      [
       -79.8063729669619,
       43.7504383869223
      ],
      [
       -79.8076847850008,
       43.7496237294522
      ],
      [
       -79.8084715402007,
       43.7490962077449
      ],
      [
       -79.8102873981457,
       43.7474043996716
      ],
      [
       -79.8112083930314,
       43.7465631224203
      ],
      [
       -79.8142753119658,
       43.7438128014341
      ],
      [
       -79.8144382885817,
       43.7436569252411
      ],
      [
       -79.817555259564,
       43.7407539686166
      ],
      [
       -79.8192675367841,
       43.739132973886
      ],
      [
       -79.8196229452485,
       43.738780993686
      ],
      [
       -79.8196869501229,
       43.7387231297945
      ],
      [
       -79.8211202436465,
       43.7397643610214
      ],
      [
       -79.821380376364,
       43.7399561246283
      ],
      [
       -79.8215678493405,
       43.740093115425
      ],
      [
       -79.8227448392159,
       43.7409876216064
      ],
      [
       -79.8228198308354,
       43.7410424170846
      ],
      [
       -79.8250818119032,
       43.7426593726334
      ],
      [
       -79.8261315719119,
       43.7416887422667
      ],
      [
       -79.8271820738836,
       43.740718109677
      ],
      [
       -79.8272437456179,
       43.7406602176224
      ],
      [
       -79.827535366974,
       43.7403930947198
      ],
      [
       -79.8275844461293,
       43.7403440771234
      ],
      [
       -79.8275875501843,
       43.740344108967
      ],
      [
       -79.8277377155469,
       43.7402060899129
      ],
      [
       -79.8278065459669,
       43.7401392671415
      ],
      [
       -79.8278088740004,
       43.7401392910197
      ],
      [
       -79.8278413052136,
       43.7401081102276
      ],
      [
       -79.8282372856059,
       43.7397430136072
      ],
      [
       -79.8283432016676,
       43.7396450573101
      ],
      [
       -79.8284348859884,
       43.739560460776
      ],
      [
       -79.8284443735852,
       43.7395515541984
      ],
      [
       -79.8284586049752,
       43.7395381943305
      ],
      [
       -79.8285470971918,
       43.7394580669007
      ],
      [
       -79.8286380049364,
       43.7393734622403
      ],
      [
       -79.8287209769121,
       43.7392977800121
      ],
      [
       -79.8287937729353,
       43.7392264953572
      ],
      [
       -79.8287985166809,
       43.7392220420527
      ],
      [
       -79.8288071404235,
       43.7392176285105
      ],
      [
       -79.8288166279106,
       43.7392087219003
      ],
      [
       -79.828891751707,
       43.7391374610365
      ],
      [
       -79.8289754990323,
       43.7390617865651
      ],
      [
       -79.8290593338732,
       43.7389816110086
      ],
      [
       -79.8291430807685,
       43.7389059364075
      ],
      [
       -79.8292292431503,
       43.7388257845696
      ],
      [
       -79.8301437216662,
       43.7379797843951
      ],
      [
       -79.8302559269827,
       43.7378773887482
      ],
      [
       -79.8302796446248,
       43.7378551219033
      ],
      [
       -79.8303413104115,
       43.7377972280821
      ],
      [
       -79.830433677437,
       43.7377171388195
      ],
      [
       -79.8304573949494,
       43.7376948719356
      ],
      [
       -79.830485855941,
       43.7376681516681
      ],
      [
       -79.8308714536175,
       43.7373164452481
      ],
      [
       -79.8309954712138,
       43.737205165858
      ],
      [
       -79.8310893883977,
       43.7371250919119
      ],
      [
       -79.8311826169208,
       43.7370405089236
      ],
      [
       -79.8312758451805,
       43.7369559258549
      ],
      [
       -79.8313698491467,
       43.7368713506408
      ],
      [
       -79.8314630768785,
       43.736786767411
      ],
      [
       -79.8315570803147,
       43.7367021920345
      ],
      [
       -79.8316503075186,
       43.7366176086437
      ],
      [
       -79.831743534459,
       43.7365330251726
      ],
      [
       -79.8318375371006,
       43.7364484495528
      ],
      [
       -79.8319306760088,
       43.7363683669476
      ],
      [
       -79.8320128636937,
       43.7362926742664
      ],
      [
       -79.8320239021651,
       43.7362837832355
      ],
      [
       -79.8321163520966,
       43.7361991915135
      ],
      [
       -79.8322088017667,
       43.7361145997126
      ],
      [
       -79.8323012511756,
       43.7360300078328
      ],
      [
       -79.8323937003232,
       43.735945415874
      ],
      [
       -79.8324862366706,
       43.7358563228081
      ],
      [
       -79.832601537824,
       43.7357539564395
      ],
      [
       -79.8327548713663,
       43.7356114611022
      ],
      [
       -79.8328710349729,
       43.7355046013431
      ],
      [
       -79.8329642584555,
       43.7354200168214
      ],
      [
       -79.8330567057241,
       43.7353354242965
      ],
      [
       -79.8331491527313,
       43.7352508316926
      ],
      [
       -79.8331855456646,
       43.7352151878792
      ],
      [
       -79.8332423754258,
       43.7351662469315
      ],
      [
       -79.8333363738042,
       43.7350816700114
      ],
      [
       -79.8334295959708,
       43.7349970850893
      ],
      [
       -79.833522817874,
       43.734912500087
      ],
      [
       -79.8336160395138,
       43.7348279150044
      ],
      [
       -79.8337100368333,
       43.7347433377602
      ],
      [
       -79.8338032579453,
       43.7346587525166
      ],
      [
       -79.8338964787938,
       43.7345741671928
      ],
      [
       -79.8339904753189,
       43.7344895897053
      ],
      [
       -79.8340836956395,
       43.7344050042204
      ],
      [
       -79.8341770030267,
       43.7343159176231
      ],
      [
       -79.83427099875,
       43.7342313398923
      ],
      [
       -79.8343641309569,
       43.7341512551985
      ],
      [
       -79.8343680979502,
       43.7341467937359
      ],
      [
       -79.834457350223,
       43.7340666693922
      ],
      [
       -79.8345750596597,
       43.733959823632
      ],
      [
       -79.8347536501403,
       43.7337950734967
      ],
      [
       -79.8350134693106,
       43.7335636222658
      ],
      [
       -79.8352733737175,
       43.7333276693778
      ],
      [
       -79.8354290224555,
       43.7331851939761
      ],
      [
       -79.8357007368126,
       43.7329403565919
      ],
      [
       -79.8355921260728,
       43.7328582154214
      ],
      [
       -79.8355278210945,
       43.7328125409862
      ],
      [
       -79.8356588039557,
       43.7327013274019
      ],
      [
       -79.8357408074715,
       43.7326346339553
      ],
      [
       -79.8357423593044,
       43.7326346497641
      ],
      [
       -79.835651498879,
       43.7325977087162
      ],
      [
       -79.8355537425486,
       43.7325561954102
      ],
      [
       -79.8354574509557,
       43.73251919887
      ],
      [
       -79.8353613339537,
       43.7324732001788
      ],
      [
       -79.8352666816846,
       43.7324317182587
      ],
      [
       -79.8351736686229,
       43.7323857510426
      ],
      [
       -79.8350806557043,
       43.732339783752
      ],
      [
       -79.8349891947526,
       43.732293832206
      ],
      [
       -79.8348992857641,
       43.7322478964082
      ],
      [
       -79.8348102401003,
       43.7321974674167
      ],
      [
       -79.8347227464063,
       43.7321470541795
      ],
      [
       -79.8346361160576,
       43.7320921477539
      ],
      [
       -79.8345432786002,
       43.732037177964
      ],
      [
       -79.8344512172208,
       43.7319822160131
      ],
      [
       -79.8343607951331,
       43.7319227687826
      ],
      [
       -79.8342711491306,
       43.7318633293962
      ],
      [
       -79.8342695973184,
       43.7318633135675
      ],
      [
       -79.8340414339507,
       43.7317034186746
      ],
      [
       -79.8327971245678,
       43.7307993361198
      ],
      [
       -79.8326593325269,
       43.7309014730568
      ],
      [
       -79.8314985814548,
       43.7300522528363
      ],
      [
       -79.8312590567596,
       43.729878730411
      ],
      [
       -79.8303890581392,
       43.7292440623516
      ],
      [
       -79.8303270885991,
       43.72919840887
      ],
      [
       -79.8300555099558,
       43.7289975442797
      ],
      [
       -79.8308807881506,
       43.728101102272
      ],
      [
       -79.8319584119233,
       43.7270361601857
      ],
      [
       -79.835342412662,
       43.7238788272197
      ],
      [
       -79.8392111276373,
       43.7204336904216
      ],
      [
       -79.8406762082769,
       43.7190574636243
      ],
      [
       -79.8417890917655,
       43.7179972864632
      ],
      [
       -79.8461345535146,
       43.7140885397989
      ],
      [
       -79.846363300384,
       43.7138927636682
      ],
      [
       -79.849715379521,
       43.7108652306372
      ],
      [
       -79.8521670475188,
       43.7087424526529
      ],
      [
       -79.8524257428023,
       43.7085199532773
      ],
      [
       -79.8529717361136,
       43.7080392242466
      ],
      [
       -79.8532865228818,
       43.7077632624796
      ],
      [
       -79.8549249493315,
       43.7062940476516
      ],
      [
       -79.8561752987649,
       43.7051585716913
      ],
      [
       -79.8566280039507,
       43.7047669301348
      ],
      [
       -79.8569074288587,
       43.7045131141766
      ],
      [
       -79.8598316426252,
       43.7018636641432
      ],
      [
       -79.860950429797,
       43.7008663828296
      ],
      [
       -79.8618145781531,
       43.6999610957778
      ],
      [
       -79.8624473773943,
       43.6991885581941
      ],
      [
       -79.8632731400962,
       43.6983008855602
      ],
      [
       -79.8641349218421,
       43.6975171096964
      ],
      [
       -79.8672675245745,
       43.6946804542734
      ],
      [
       -79.8705673414192,
       43.6916787913786
      ],
      [
       -79.8722064815663,
       43.6896285781836
      ],
      [
       -79.8730639262062,
       43.6885250515977
      ],
      [
       -79.8738809570763,
       43.6876732300018
      ],
      [
       -79.8758422671177,
       43.6858827487424
      ],
      [
       -79.8766201784917,
       43.6851700832054
      ],
      [
       -79.8771088316902,
       43.6847066808017
      ],
      [
       -79.8790713522408,
       43.682965676541
      ],
      [
       -79.880718107076,
       43.6814781582385
      ],
      [
       -79.8817369637787,
       43.6806867811013
      ],
      [
       -79.8827892598661,
       43.6799722550669
      ],
      [
       -79.8833077116702,
       43.6796531799102
      ],
      [
       -79.8840525739152,
       43.6791247206738
      ],
      [
       -79.8845158866234,
       43.6788096035732
      ],
      [
       -79.885233319645,
       43.6782538570269
      ],
      [
       -79.8881114245754,
       43.6756122232551
      ],
      [
       -79.8888191243,
       43.6749077940586
      ],
      [
       -79.8888381440947,
       43.6748854691041
      ],
      [
       -79.8889123404705,
       43.6749402140612
      ],
      [
       -79.8977235378788,
       43.6814408361321
      ],
      [
       -79.9156077749958,
       43.6947306359337
      ],
      [
       -79.9355526738863,
       43.7095449774491
      ],
      [
       -79.9397194562788,
       43.7126630407936
      ],
      [
       -79.9398933151835,
       43.7127907080551
      ],
      [
       -79.9408688569438,
       43.7135200639232
      ],
      [
       -79.9408696326413,
       43.7135200711115
      ],
      [
       -79.94262396087,
       43.7148328752632
      ],
      [
       -79.9432212658469,
       43.7152795903495
      ],
      [
       -79.9432664005191,
       43.7153160232324
      ],
      [
       -79.9504685026185,
       43.7206991818417
      ],
      [
       -79.9517208334035,
       43.7216335730717
      ],
      [
       -79.9529532670634,
       43.7225542623605
      ],
      [
       -79.9532014180969,
       43.7227411150174
      ],
      [
       -79.9570978064557,
       43.725626463551
      ],
      [
       -79.9582776494059,
       43.7265015956514
      ],
      [
       -79.9722792614627,
       43.7368252402857
      ],
      [
       -79.9796670936769,
       43.7423612788604
      ],
      [
       -79.9792903038803,
       43.7426550415271
      ],
      [
       -79.9777421781952,
       43.7440458055953
      ],
      [
       -79.9771570373447,
       43.7445853032002
      ],
      [
       -79.9714290669018,
       43.7498551684481
      ],
      [
       -79.9696312026741,
       43.7514821744253
      ],
      [
       -79.9687472523562,
       43.7522800450785
      ],
      [
       -79.9649960421529,
       43.7557036070427
      ],
      [
       -79.9587672732995,
       43.7613419478814
      ],
      [
       -79.9564183832242,
       43.7634499267397
      ],
      [
       -79.9499914995922,
       43.7693560853703
      ],
      [
       -79.9371481243717,
       43.7810233330983
      ],
      [
       -79.9356489036761,
       43.7823914614374
      ],
      [
       -79.9329219541523,
       43.7849186044274
      ],
      [
       -79.9261838752589,
       43.791068095933
      ],
      [
       -79.9242671221576,
       43.7929048459801
      ],
      [
       -79.9230926594359,
       43.7939787385366
      ],
      [
       -79.9188388143627,
       43.797841704837
      ],
      [
       -79.9169152773178,
       43.7996422498397
      ],
      [
       -79.9155905559725,
       43.8008902128653
      ],
      [
       -79.9129701747735,
       43.8031882857999
      ],
      [
       -79.9101185681162,
       43.8057992237309
      ],
      [
       -79.9048504101127,
       43.8104758239872
      ],
      [
       -79.9047058440342,
       43.8106049926882
      ],
      [
       -79.8999565686424,
       43.8148676613635
      ],
      [
       -79.894252098914,
       43.8200212626834
      ],
      [
       -79.8941129262604,
       43.8201504699201
      ],
      [
       -79.8940776552249,
       43.8202086527835
      ],
      [
       -79.8900351975891,
       43.8237439361287
      ],
      [
       -79.8862907608081,
       43.8271109082994
      ],
      [
       -79.8837805591163,
       43.8292968269791
      ],
      [
       -79.8833672740747,
       43.8296169227303
      ],
      [
       -79.8831884842267,
       43.8298672793301
      ],
      [
       -79.8815080646021,
       43.8312734293899
      ],
      [
       -79.878395705266,
       43.8340880933173
      ],
      [
       -79.8751285757306,
       43.8369731769871
      ],
      [
       -79.8726074746244,
       43.8392397717422
      ],
      [
       -79.8722137622764,
       43.8395870306719
      ],
      [
       -79.8674627888279,
       43.8438167939835
      ],
      [
       -79.8668847367385,
       43.8443287752156
      ]
     ]
    ]
   },
   "properties": {
    "OBJECTID_1": 12,
    "OBJECTID": 12,
    "WARDNUM": "2",
    "MUNIC": "Caledon",
    "Mayor": "Allan Thompson",
    "FirstName0": "Johanna",
    "LastName0": "Downey",
    "Phone0": "1-905-584-2272",
    "email0": "johanna.downey@caledon.ca",
    "FirstName1": " ",
    "LastName1": " ",
    "Phone1": " ",
    "email1": " ",
    "RC_Name": "Nando Iannicca",
    "Shape_Leng": 57107.0468593,
    "WardName": "Ward 2",
    "Shape__Area": 176742314.703125,
    "Shape__Length": 57107.04685933379
   }
  },
  {
   "type": "Feature",
   "id": 13,
   "geometry": {
    "type": "Polygon",
    "coordinates": [
     [
      [
       -79.8396060668031,
       43.8586184536141
      ],
      [
       -79.8450924751179,
       43.8537985538133
      ],
      [
       -79.8441556001239,
       43.8531048022521
      ],
      [
       -79.8493378550396,
       43.8482050850977
      ],
      [
       -79.8493899405777,
       43.8482461261169
      ],
      [
       -79.8514209004134,
       43.849707146453
      ],
      [
       -79.8526574752279,
       43.8506289402774
      ],
      [
       -79.8565526520562,
       43.8535086425527
      ],
      [
       -79.8567998717691,
       43.853268017097
      ],
      [
       -79.8615945919084,
       43.8490256356179
      ],
      [
       -79.8619368614248,
       43.8486914071264
      ],
      [
       -79.8668847367385,
       43.8443287752156
      ],
      [
       -79.8722685619765,
       43.8483571605214
      ],
      [
       -79.8725898939892,
       43.8485944269537
      ],
      [
       -79.8728160986811,
       43.8487632265676
      ],
      [
       -79.8738490686219,
       43.8495297203099
      ],
      [
       -79.8739900851899,
       43.8496391540979
      ],
      [
       -79.8748878615104,
       43.8503187711581
      ],
      [
       -79.8829168169376,
       43.8562184175843
      ],
      [
       -79.8834566168832,
       43.8565883419113
      ],
      [
       -79.8858484506664,
       43.8583583993124
      ],
      [
       -79.8858890745358,
       43.8583903082283
      ],
      [
       -79.8882798317019,
       43.8601422964828
      ],
      [
       -79.8885294518292,
       43.8603112925359
      ],
      [
       -79.8887755449831,
       43.8605027628955
      ],
      [
       -79.8935726470082,
       43.8641147620009
      ],
      [
       -79.8937475337873,
       43.864247008285
      ],
      [
       -79.8939040077062,
       43.864365570581
      ],
      [
       -79.8932204980346,
       43.8652818269432
      ],
      [
       -79.8928171198957,
       43.8657281018845
      ],
      [
       -79.8925584922609,
       43.8660857417969
      ],
      [
       -79.8925421045251,
       43.8663827035371
      ],
      [
       -79.89256621003,
       43.8668871417251
      ],
      [
       -79.8925059946395,
       43.8671566676927
      ],
      [
       -79.8924155050987,
       43.8673808819146
      ],
      [
       -79.8920717668695,
       43.8677557029128
      ],
      [
       -79.8916986414305,
       43.8679951830594
      ],
      [
       -79.8913145451608,
       43.8681130062491
      ],
      [
       -79.8903351767191,
       43.8683691072933
      ],
      [
       -79.8900219288767,
       43.8684831123013
      ],
      [
       -79.889457227265,
       43.8687342294404
      ],
      [
       -79.8892416564656,
       43.8689077052882
      ],
      [
       -79.8888231466169,
       43.8692862913519
      ],
      [
       -79.8898232064282,
       43.870011802013
      ],
      [
       -79.8906902167778,
       43.8707405140915
      ],
      [
       -79.8922342863678,
       43.8718314293351
      ],
      [
       -79.8927649232632,
       43.8721607036342
      ],
      [
       -79.8932562895954,
       43.8724265695908
      ],
      [
       -79.8937321603322,
       43.8726472651863
      ],
      [
       -79.8939312939394,
       43.8728157603374
      ],
      [
       -79.8940782646659,
       43.8730287685088
      ],
      [
       -79.8941875712791,
       43.8732594192809
      ],
      [
       -79.8937336458417,
       43.8736601894214
      ],
      [
       -79.893350796049,
       43.8740031224349
      ],
      [
       -79.8929490254128,
       43.8743593762928
      ],
      [
       -79.8925179721735,
       43.8747423558259
      ],
      [
       -79.8917073227084,
       43.8754592890151
      ],
      [
       -79.8910618896632,
       43.8749848376997
      ],
      [
       -79.8897462169449,
       43.8761695456141
      ],
      [
       -79.8890554968902,
       43.8767930868065
      ],
      [
       -79.8885673115323,
       43.8772340193939
      ],
      [
       -79.8884393428472,
       43.8771292327812
      ],
      [
       -79.8876205827546,
       43.8778595631661
      ],
      [
       -79.8831975313536,
       43.881836540347
      ],
      [
       -79.8831737750043,
       43.8818588172252
      ],
      [
       -79.8830718327488,
       43.8819433552618
      ],
      [
       -79.8829367993047,
       43.8820500787778
      ],
      [
       -79.8816055240951,
       43.8832615496018
      ],
      [
       -79.8806360345501,
       43.8841794297425
      ],
      [
       -79.8792864464428,
       43.8852421338493
      ],
      [
       -79.8792225076414,
       43.8852910266379
      ],
      [
       -79.8789295805808,
       43.8854772291108
      ],
      [
       -79.8777311052402,
       43.8867349749097
      ],
      [
       -79.876438763383,
       43.8857813961372
      ],
      [
       -79.8759014710457,
       43.8861767728009
      ],
      [
       -79.8755999193059,
       43.8864484162443
      ],
      [
       -79.8753307835554,
       43.8867338833748
      ],
      [
       -79.8749004753225,
       43.8871077991745
      ],
      [
       -79.8738960674371,
       43.8880117721222
      ],
      [
       -79.8738517394404,
       43.8880518515271
      ],
      [
       -79.8726915808428,
       43.8890848310063
      ],
      [
       -79.8725666261437,
       43.8891916415417
      ],
      [
       -79.8715848656655,
       43.8900462973704
      ],
      [
       -79.8715136587423,
       43.8901086194396
      ],
      [
       -79.8711099232967,
       43.8904737795291
      ],
      [
       -79.8709293865695,
       43.8905980463206
      ],
      [
       -79.8703341402075,
       43.8911323797328
      ],
      [
       -79.8671211110598,
       43.8940132366714
      ],
      [
       -79.8658814642469,
       43.8951218882741
      ],
      [
       -79.864627172987,
       43.8941730567014
      ],
      [
       -79.8634624147823,
       43.8933466505522
      ],
      [
       -79.8610661681822,
       43.8916481191774
      ],
      [
       -79.8604795983292,
       43.8912326066118
      ],
      [
       -79.8599452519091,
       43.8908536265313
      ],
      [
       -79.8595071276165,
       43.890529626073
      ],
      [
       -79.8587767289976,
       43.8899866184277
      ],
      [
       -79.8586577780749,
       43.8898998959918
      ],
      [
       -79.8578759600879,
       43.889320354459
      ],
      [
       -79.857338879718,
       43.8889233275357
      ],
      [
       -79.85687173838,
       43.88857201586
      ],
      [
       -79.8558109225895,
       43.887773581771
      ],
      [
       -79.8551693649196,
       43.8873079711944
      ],
      [
       -79.8543565841625,
       43.8867235933408
      ],
      [
       -79.8523740120036,
       43.8852676209884
      ],
      [
       -79.8502143556203,
       43.8837197959453
      ],
      [
       -79.8480405550116,
       43.882104259989
      ],
      [
       -79.8478073831618,
       43.8819308401506
      ],
      [
       -79.847518988271,
       43.8817163465475
      ],
      [
       -79.8471331974893,
       43.881428840575
      ],
      [
       -79.8470029600371,
       43.8813239847801
      ],
      [
       -79.8463937752034,
       43.8808811602499
      ],
      [
       -79.8450343121261,
       43.8798905335901
      ],
      [
       -79.8443440125173,
       43.8793793509133
      ],
      [
       -79.8486785083348,
       43.8756010662026
      ],
      [
       -79.8488130694943,
       43.8754808728972
      ],
      [
       -79.8495356456772,
       43.8748398887119
      ],
      [
       -79.8525421942259,
       43.8721690291548
      ],
      [
       -79.8539724830666,
       43.87096338998
      ],
      [
       -79.8551002886471,
       43.8699932987715
      ],
      [
       -79.8514286963851,
       43.8672868710399
      ],
      [
       -79.850947067595,
       43.8669308865779
      ],
      [
       -79.8497879498344,
       43.8660908890558
      ],
      [
       -79.8456291417945,
       43.8629832074671
      ],
      [
       -79.844556483553,
       43.8621845462958
      ],
      [
       -79.8429743269843,
       43.8610295745434
      ],
      [
       -79.8424405332957,
       43.8606415129162
      ],
      [
       -79.8416236643486,
       43.8600119825585
      ],
      [
       -79.8403747022043,
       43.8591664761102
      ],
      [
       -79.8396060668031,
       43.8586184536141
      ]
     ]
    ]
   },
   "properties": {
    "OBJECTID_1": 13,
    "OBJECTID": 13,
    "WARDNUM": "3",
    "MUNIC": "Caledon",
    "Mayor": "Allan Thompson",
    "FirstName0": "Jennifer",
    "LastName0": "Innis",
    "Phone0": "1-905-584-2272",
    "email0": "jennifer.innis@caledon.ca",
    "FirstName1": " ",
    "LastName1": " ",
    "Phone1": " ",
    "email1": " ",
    "RC_Name": "Nando Iannicca",
    "Shape_Leng": 17269.4860658,
    "WardName": "Ward 3",
    "Shape__Area": 13813756.84375,
    "Shape__Length": 17269.486065832556
   }
  },
  {
   "type": "Feature",
   "id": 14,
   "geometry": {
    "type": "Polygon",
    "coordinates": [
     [
      [
       -79.7286645946379,
       43.906719201672
      ],
      [
       -79.7293700446169,
       43.9060472794216
      ],
      [
       -79.7298646810694,
       43.9055890951549
      ],
      [
       -79.7301886644293,
       43.9052865747815
      ],
      [
       -79.7315186240089,
       43.9041218795528
      ],
      [
       -79.7318295679152,
       43.9038462203973
      ],
      [
       -79.7321454779942,
       43.9035931244267
      ],
      [
       -79.7323791397172,
       43.903438154436
      ],
      [
       -79.7325176136834,
       43.9033676620358
      ],
      [
       -79.7326432557456,
       43.9033150342866
      ],
      [
       -79.7327464423922,
       43.9032936698598
      ],
      [
       -79.732833876014,
       43.9032811342086
      ],
      [
       -79.7329801587545,
       43.9032827564592
      ],
      [
       -79.733093474932,
       43.903297518352
      ],
      [
       -79.7331841308085,
       43.903316530679
      ],
      [
       -79.7333300464289,
       43.9033721698691
      ],
      [
       -79.73342791089,
       43.9034182726464
      ],
      [
       -79.7335680939951,
       43.9034873533495
      ],
      [
       -79.7337646019233,
       43.9035795670441
      ],
      [
       -79.7338756948402,
       43.903625816038
      ],
      [
       -79.73396373097,
       43.9036583040794
      ],
      [
       -79.7340512752636,
       43.9036772812395
      ],
      [
       -79.7341274341876,
       43.903682626829
      ],
      [
       -79.7341912388209,
       43.9036833337122
      ],
      [
       -79.7342794508423,
       43.9036708055791
      ],
      [
       -79.7343477182026,
       43.9036445510841
      ],
      [
       -79.7344232745317,
       43.9036048719209
      ],
      [
       -79.7344888107682,
       43.9035605799373
      ],
      [
       -79.734546756581,
       43.9035072002722
      ],
      [
       -79.7346651575332,
       43.903355450759
      ],
      [
       -79.7347619617706,
       43.9031944583909
      ],
      [
       -79.7348672137378,
       43.9030020469554
      ],
      [
       -79.7350253130996,
       43.9026661632767
      ],
      [
       -79.7352239989915,
       43.9021776678095
      ],
      [
       -79.735318862425,
       43.902034660608
      ],
      [
       -79.7354417363623,
       43.9018919633368
      ],
      [
       -79.7356142003803,
       43.9017228039721
      ],
      [
       -79.7363687381961,
       43.9010783917487
      ],
      [
       -79.7374853811539,
       43.9000913382962
      ],
      [
       -79.7377547714858,
       43.89986472332
      ],
      [
       -79.7395564184887,
       43.8982774728427
      ],
      [
       -79.7396831830965,
       43.8981708281628
      ],
      [
       -79.7400565668364,
       43.8978463152739
      ],
      [
       -79.7404297567277,
       43.8975308025921
      ],
      [
       -79.7408565122309,
       43.8971843664311
      ],
      [
       -79.7412442304331,
       43.8969545452264
      ],
      [
       -79.7416313768819,
       43.8967517271594
      ],
      [
       -79.7424837332684,
       43.8964820000663
      ],
      [
       -79.7450146891408,
       43.8959876193138
      ],
      [
       -79.746227069759,
       43.8957668360151
      ],
      [
       -79.7495897145045,
       43.8950924015435
      ],
      [
       -79.7505650487071,
       43.8947069130844
      ],
      [
       -79.7513602277994,
       43.8942654260855
      ],
      [
       -79.7519151608278,
       43.8937762915172
      ],
      [
       -79.752574389928,
       43.8930992174252
      ],
      [
       -79.7529799855687,
       43.8926804758421
      ],
      [
       -79.7532888394689,
       43.8924227419749
      ],
      [
       -79.7545895375209,
       43.8914690401825
      ],
      [
       -79.7540613446093,
       43.891125646842
      ],
      [
       -79.7490186088396,
       43.887469107336
      ],
      [
       -79.7496106223276,
       43.886953378529
      ],
      [
       -79.7498095450418,
       43.8867799849734
      ],
      [
       -79.7498230516109,
       43.8867666273511
      ],
      [
       -79.7500553032616,
       43.8865620854111
      ],
      [
       -79.7544084120829,
       43.8827245665802
      ],
      [
       -79.7595720173924,
       43.8781168676303
      ],
      [
       -79.7568557804665,
       43.876115555168
      ],
      [
       -79.7567850113606,
       43.8760022399342
      ],
      [
       -79.7567823456773,
       43.8758311421331
      ],
      [
       -79.7563158330369,
       43.8756324874674
      ],
      [
       -79.7559578045459,
       43.8754170048379
      ],
      [
       -79.7548346915535,
       43.8745854416572
      ],
      [
       -79.7540061555698,
       43.8739911742161
      ],
      [
       -79.7532825210668,
       43.8735150924672
      ],
      [
       -79.7525660975992,
       43.8731786410125
      ],
      [
       -79.7523545066268,
       43.8731043018172
      ],
      [
       -79.7524241132044,
       43.8729745092839
      ],
      [
       -79.7524415719916,
       43.8729206781585
      ],
      [
       -79.75244521978,
       43.8728576926124
      ],
      [
       -79.7524222376512,
       43.8728034199331
      ],
      [
       -79.7523666857312,
       43.8727442898099
      ],
      [
       -79.7513744974519,
       43.8720176635241
      ],
      [
       -79.7507391885787,
       43.8715605379635
      ],
      [
       -79.7501173233291,
       43.8711305667818
      ],
      [
       -79.7497374252224,
       43.8708472981043
      ],
      [
       -79.7486803283138,
       43.8700659162225
      ],
      [
       -79.7476388595159,
       43.8693567248091
      ],
      [
       -79.7460515139486,
       43.8681958548204
      ],
      [
       -79.7447706539554,
       43.8672589188984
      ],
      [
       -79.742797197048,
       43.865859666639
      ],
      [
       -79.7396194325369,
       43.8635197276856
      ],
      [
       -79.7333767683399,
       43.8589803901619
      ],
      [
       -79.7308575786233,
       43.8571201953151
      ],
      [
       -79.7180381610107,
       43.8478698962816
      ],
      [
       -79.7129083575815,
       43.8441927574865
      ],
      [
       -79.7058972530854,
       43.8389544684309
      ],
      [
       -79.7057763928142,
       43.8388630628854
      ],
      [
       -79.7058739409009,
       43.8387741310228
      ],
      [
       -79.7113338445877,
       43.8339018238702
      ],
      [
       -79.7138660785496,
       43.8316074042691
      ],
      [
       -79.7163880203368,
       43.8293488265856
      ],
      [
       -79.7165965540525,
       43.8291575897037
      ],
      [
       -79.72224214104,
       43.8241697889196
      ],
      [
       -79.7238187140366,
       43.822769325424
      ],
      [
       -79.7273639097817,
       43.8196125509052
      ],
      [
       -79.7380136756802,
       43.8101732245621
      ],
      [
       -79.7426258578394,
       43.8060868577188
      ],
      [
       -79.748889472337,
       43.8005372798945
      ],
      [
       -79.7544568263265,
       43.7956505442374
      ],
      [
       -79.7573438774378,
       43.7977798471175
      ],
      [
       -79.7591773039123,
       43.7991728398837
      ],
      [
       -79.7598614176241,
       43.7996034418302
      ],
      [
       -79.7624334411384,
       43.8016931808655
      ],
      [
       -79.762512242482,
       43.8017525585187
      ],
      [
       -79.7632370314225,
       43.8023231384507
      ],
      [
       -79.7638371641855,
       43.8027978261376
      ],
      [
       -79.7643601475955,
       43.8032086503266
      ],
      [
       -79.7646866391538,
       43.8033517380762
      ],
      [
       -79.7650285758094,
       43.8034994936762
      ],
      [
       -79.7653641142308,
       43.8036561828536
      ],
      [
       -79.7662565191993,
       43.8043906214901
      ],
      [
       -79.7666171605058,
       43.8046871358045
      ],
      [
       -79.7672804324743,
       43.8052300146972
      ],
      [
       -79.7676495365745,
       43.8055311188772
      ],
      [
       -79.7678230108625,
       43.8056725473386
      ],
      [
       -79.7678657737988,
       43.8057090233482
      ],
      [
       -79.7678993997206,
       43.8057363970972
      ],
      [
       -79.7681569405245,
       43.8059462593937
      ],
      [
       -79.7687698001878,
       43.8064480693282
      ],
      [
       -79.7691228825688,
       43.8067354904829
      ],
      [
       -79.7694659615623,
       43.807018300952
      ],
      [
       -79.7697151526357,
       43.8072190660609
      ],
      [
       -79.76995398565,
       43.8073566930426
      ],
      [
       -79.7705551611208,
       43.8077098060645
      ],
      [
       -79.7710406817949,
       43.8080571702761
      ],
      [
       -79.7712449695634,
       43.8082124304681
      ],
      [
       -79.7712955051521,
       43.8082489887601
      ],
      [
       -79.7718671617998,
       43.8086783090964
      ],
      [
       -79.7719076909205,
       43.808710257709
      ],
      [
       -79.7725255087034,
       43.8091625801241
      ],
      [
       -79.7731692895224,
       43.8096376872242
      ],
      [
       -79.7732443195963,
       43.8096925150655
      ],
      [
       -79.7738230881694,
       43.8101174000246
      ],
      [
       -79.7744699971597,
       43.8105925333045
      ],
      [
       -79.774516744225,
       43.810624547669
      ],
      [
       -79.7750196284338,
       43.810999092219
      ],
      [
       -79.7752082142428,
       43.8111631806636
      ],
      [
       -79.7757778624576,
       43.8116554857913
      ],
      [
       -79.7779965728272,
       43.8132503829156
      ],
      [
       -79.7798386342725,
       43.8145711039978
      ],
      [
       -79.7803193277031,
       43.8149318825092
      ],
      [
       -79.7808508520094,
       43.8152391790068
      ],
      [
       -79.7813625466464,
       43.8155282541196
      ],
      [
       -79.7813301343876,
       43.8157845143439
      ],
      [
       -79.7825384086374,
       43.8173235233822
      ],
      [
       -79.7830357796359,
       43.8168651301232
      ],
      [
       -79.7840703781276,
       43.8176594667455
      ],
      [
       -79.7845986570645,
       43.8180522464387
      ],
      [
       -79.7846668063641,
       43.8181024916793
      ],
      [
       -79.7851220983083,
       43.8184539759491
      ],
      [
       -79.7856579788539,
       43.818855835232
      ],
      [
       -79.7860585223412,
       43.8191482097991
      ],
      [
       -79.7867165042291,
       43.8196233908243
      ],
      [
       -79.7880288872982,
       43.8205601978801
      ],
      [
       -79.7882027262522,
       43.8206880934293
      ],
      [
       -79.789389678431,
       43.8215650304134
      ],
      [
       -79.7904986861247,
       43.8224546355482
      ],
      [
       -79.7910271906463,
       43.8228789006344
      ],
      [
       -79.7915342570598,
       43.8232489143043
      ],
      [
       -79.7920704050094,
       43.823641742387
      ],
      [
       -79.7933062088401,
       43.8245686751106
      ],
      [
       -79.7936691126295,
       43.8248426178958
      ],
      [
       -79.7947345161433,
       43.8255876619718
      ],
      [
       -79.7963539330889,
       43.8267301939886
      ],
      [
       -79.7974812307363,
       43.8275704030561
      ],
      [
       -79.7989932714922,
       43.8286847562574
      ],
      [
       -79.8000312004451,
       43.829605033902
      ],
      [
       -79.8002022187285,
       43.8297598925146
      ],
      [
       -79.8014219996403,
       43.8308396313065
      ],
      [
       -79.8015093368177,
       43.8309035732217
      ],
      [
       -79.8025290015202,
       43.8316525661517
      ],
      [
       -79.806774241961,
       43.8347672337249
      ],
      [
       -79.8069504041694,
       43.8348996266198
      ],
      [
       -79.807268382934,
       43.8351325401828
      ],
      [
       -79.8074478660278,
       43.8353324946372
      ],
      [
       -79.8080329239848,
       43.8357392631657
      ],
      [
       -79.8124923726703,
       43.838509309023
      ],
      [
       -79.8136979751883,
       43.8394222000165
      ],
      [
       -79.8149956437203,
       43.8403990587512
      ],
      [
       -79.8152339118277,
       43.8405771012328
      ],
      [
       -79.8158552276722,
       43.8410427292924
      ],
      [
       -79.8162804961673,
       43.8413577624974
      ],
      [
       -79.8168179238435,
       43.8417414831099
      ],
      [
       -79.817356735223,
       43.8421342191767
      ],
      [
       -79.8178351220379,
       43.8424768073364
      ],
      [
       -79.8184268723326,
       43.8429061007045
      ],
      [
       -79.8187235280053,
       43.8431207542992
      ],
      [
       -79.8189626841798,
       43.8432942962829
      ],
      [
       -79.81949919156,
       43.8436869983537
      ],
      [
       -79.8198004303195,
       43.8439061983171
      ],
      [
       -79.8200295758671,
       43.8440751328176
      ],
      [
       -79.8205606557226,
       43.8444677738176
      ],
      [
       -79.8208504191877,
       43.8446778488685
      ],
      [
       -79.8210941632913,
       43.8448559355374
      ],
      [
       -79.8220728639256,
       43.8455773190384
      ],
      [
       -79.8226047478887,
       43.8459699587492
      ],
      [
       -79.8231358614432,
       43.8463625880293
      ],
      [
       -79.8236678478183,
       43.8467507219685
      ],
      [
       -79.8241362345502,
       43.8472102283509
      ],
      [
       -79.8243945040885,
       43.8474019629017
      ],
      [
       -79.8256931208218,
       43.8483877125448
      ],
      [
       -79.8261758284257,
       43.8487528190853
      ],
      [
       -79.8283530144895,
       43.8503823188462
      ],
      [
       -79.8296151623678,
       43.851291118405
      ],
      [
       -79.8322585756121,
       43.8532269403947
      ],
      [
       -79.8322716170537,
       43.8532360773351
      ],
      [
       -79.8322894111993,
       43.8532407610098
      ],
      [
       -79.8329758233428,
       43.8535719054293
      ],
      [
       -79.8341643764222,
       43.8540342213236
      ],
      [
       -79.8340836979114,
       43.8543035080845
      ],
      [
       -79.8347546665558,
       43.8549496124189
      ],
      [
       -79.8348494649603,
       43.8551531615118
      ],
      [
       -79.834864489139,
       43.8551803256972
      ],
      [
       -79.8366088054213,
       43.8564586111859
      ],
      [
       -79.8376507657792,
       43.8572255225021
      ],
      [
       -79.8392179539855,
       43.8583399000301
      ],
      [
       -79.8396060668031,
       43.8586184536141
      ],
      [
       -79.8403747022043,
       43.8591664761102
      ],
      [
       -79.8416236643486,
       43.8600119825585
      ],
      [
       -79.8424405332957,
       43.8606415129162
      ],
      [
       -79.8429743269843,
       43.8610295745434
      ],
      [
       -79.844556483553,
       43.8621845462958
      ],
      [
       -79.8456291417945,
       43.8629832074671
      ],
      [
       -79.8497879498344,
       43.8660908890558
      ],
      [
       -79.850947067595,
       43.8669308865779
      ],
      [
       -79.8514286963851,
       43.8672868710399
      ],
      [
       -79.8551002886471,
       43.8699932987715
      ],
      [
       -79.8539724830666,
       43.87096338998
      ],
      [
       -79.8525421942259,
       43.8721690291548
      ],
      [
       -79.8495356456772,
       43.8748398887119
      ],
      [
       -79.8488130694943,
       43.8754808728972
      ],
      [
       -79.8486785083348,
       43.8756010662026
      ],
      [
       -79.8443440125173,
       43.8793793509133
      ],
      [
       -79.8450343121261,
       43.8798905335901
      ],
      [
       -79.8463937752034,
       43.8808811602499
      ],
      [
       -79.8470029600371,
       43.8813239847801
      ],
      [
       -79.8471331974893,
       43.881428840575
      ],
      [
       -79.847518988271,
       43.8817163465475
      ],
      [
       -79.8478073831618,
       43.8819308401506
      ],
      [
       -79.8480405550116,
       43.882104259989
      ],
      [
       -79.8502143556203,
       43.8837197959453
      ],
      [
       -79.8523740120036,
       43.8852676209884
      ],
      [
       -79.8543565841625,
       43.8867235933408
      ],
      [
       -79.8551693649196,
       43.8873079711944
      ],
      [
       -79.8558109225895,
       43.887773581771
      ],
      [
       -79.85687173838,
       43.88857201586
      ],
      [
       -79.857338879718,
       43.8889233275357
      ],
      [
       -79.8578759600879,
       43.889320354459
      ],
      [
       -79.8586577780749,
       43.8898998959918
      ],
      [
       -79.8587767289976,
       43.8899866184277
      ],
      [
       -79.8595071276165,
       43.890529626073
      ],
      [
       -79.8599452519091,
       43.8908536265313
      ],
      [
       -79.8604795983292,
       43.8912326066118
      ],
      [
       -79.8610661681822,
       43.8916481191774
      ],
      [
       -79.8634624147823,
       43.8933466505522
      ],
      [
       -79.864627172987,
       43.8941730567014
      ],
      [
       -79.8658814642469,
       43.8951218882741
      ],
      [
       -79.8671211110598,
       43.8940132366714
      ],
      [
       -79.8703341402075,
       43.8911323797328
      ],
      [
       -79.8709293865695,
       43.8905980463206
      ],
      [
       -79.8711099232967,
       43.8904737795291
      ],
      [
       -79.8715136587423,
       43.8901086194396
      ],
      [
       -79.8715848656655,
       43.8900462973704
      ],
      [
       -79.8725666261437,
       43.8891916415417
      ],
      [
       -79.8726915808428,
       43.8890848310063
      ],
      [
       -79.8738517394404,
       43.8880518515271
      ],
      [
       -79.8738960674371,
       43.8880117721222
      ],
      [
       -79.8749004753225,
       43.8871077991745
      ],
      [
       -79.8753307835554,
       43.8867338833748
      ],
      [
       -79.8755999193059,
       43.8864484162443
      ],
      [
       -79.8759014710457,
       43.8861767728009
      ],
      [
       -79.876438763383,
       43.8857813961372
      ],
      [
       -79.8777311052402,
       43.8867349749097
      ],
      [
       -79.8789295805808,
       43.8854772291108
      ],
      [
       -79.8792225076414,
       43.8852910266379
      ],
      [
       -79.8792864464428,
       43.8852421338493
      ],
      [
       -79.8806360345501,
       43.8841794297425
      ],
      [
       -79.8816055240951,
       43.8832615496018
      ],
      [
       -79.8829367993047,
       43.8820500787778
      ],
      [
       -79.8830718327488,
       43.8819433552618
      ],
      [
       -79.8842883665213,
       43.8828330940519
      ],
      [
       -79.8872918138854,
       43.8850322549858
      ],
      [
       -79.8904260858717,
       43.8873631592876
      ],
      [
       -79.8935605189236,
       43.8896984802423
      ],
      [
       -79.8937189753865,
       43.8898395705775
      ],
      [
       -79.896387987214,
       43.8918146633058
      ],
      [
       -79.8968341565388,
       43.8920935820118
      ],
      [
       -79.8995777949657,
       43.8941683598208
      ],
      [
       -79.9044439916493,
       43.8977580409629
      ],
      [
       -79.9072010607845,
       43.8997652358509
      ],
      [
       -79.9089166159553,
       43.9009836114866
      ],
      [
       -79.9104555651394,
       43.9021597610734
      ],
      [
       -79.9120885671385,
       43.9033457888738
      ],
      [
       -79.9203357966579,
       43.9094744308322
      ],
      [
       -79.9210944797781,
       43.9100038054155
      ],
      [
       -79.9289447194974,
       43.915799440347
      ],
      [
       -79.9301288633257,
       43.9166613725847
      ],
      [
       -79.9310952966504,
       43.9173366825889
      ],
      [
       -79.9335602070036,
       43.9191514273859
      ],
      [
       -79.9370879682558,
       43.9217953360142
      ],
      [
       -79.9411753355698,
       43.9248179700426
      ],
      [
       -79.9445483033219,
       43.9272711367978
      ],
      [
       -79.9470084244744,
       43.9290945482933
      ],
      [
       -79.9475274638773,
       43.9295089926265
      ],
      [
       -79.9510581962572,
       43.9320534543075
      ],
      [
       -79.9537386979558,
       43.9340318031155
      ],
      [
       -79.9560686906306,
       43.9356692532801
      ],
      [
       -79.9577941245998,
       43.9369725130148
      ],
      [
       -79.9610663152497,
       43.9393432367587
      ],
      [
       -79.9615663936111,
       43.9396944194617
      ],
      [
       -79.9624524983938,
       43.9403732337623
      ],
      [
       -79.9675317221469,
       43.9359579835854
      ],
      [
       -79.9693243761045,
       43.9371716411385
      ],
      [
       -79.9699770981093,
       43.9376592173021
      ],
      [
       -79.9711395374763,
       43.9385745476359
      ],
      [
       -79.9713986747157,
       43.9387659553768
      ],
      [
       -79.9720807089693,
       43.9392717903923
      ],
      [
       -79.9722029609127,
       43.9393629256688
      ],
      [
       -79.9727979522613,
       43.9398139520425
      ],
      [
       -79.9733660872378,
       43.9402422251082
      ],
      [
       -79.9735053959456,
       43.9403380140103
      ],
      [
       -79.9747912019929,
       43.9412409097768
      ],
      [
       -79.9762016469343,
       43.9422349433114
      ],
      [
       -79.9779746664745,
       43.9435248182858
      ],
      [
       -79.9797535216082,
       43.9447967105333
      ],
      [
       -79.9801634937896,
       43.9450974875002
      ],
      [
       -79.9801912195973,
       43.9451157420562
      ],
      [
       -79.9803571900759,
       43.9452477746773
      ],
      [
       -79.9776103748343,
       43.9458309681018
      ],
      [
       -79.9698411385647,
       43.9474718567172
      ],
      [
       -79.9686513813333,
       43.9477222261472
      ],
      [
       -79.9682730679411,
       43.9477998425055
      ],
      [
       -79.9618776461949,
       43.9491509672501
      ],
      [
       -79.9613413783739,
       43.9492631395014
      ],
      [
       -79.9611381162341,
       43.9493063092326
      ],
      [
       -79.9610760451298,
       43.9493372572171
      ],
      [
       -79.9608962183937,
       43.949421155515
      ],
      [
       -79.960703852477,
       43.9495094412382
      ],
      [
       -79.9605218453133,
       43.9495843155759
      ],
      [
       -79.9603093873215,
       43.9496634143037
      ],
      [
       -79.9601049519057,
       43.9497290803507
      ],
      [
       -79.9598926498592,
       43.9497991761862
      ],
      [
       -79.9597102546179,
       43.9498515368586
      ],
      [
       -79.9594840908875,
       43.9499125021901
      ],
      [
       -79.9593111972894,
       43.9499559452194
      ],
      [
       -79.9590578543424,
       43.9500121603784
      ],
      [
       -79.9588741359321,
       43.950051002358
      ],
      [
       -79.9586693904431,
       43.9500896524042
      ],
      [
       -79.9583750072466,
       43.9501319867013
      ],
      [
       -79.9581892662469,
       43.9501528020728
      ],
      [
       -79.957991843529,
       43.950173510607
      ],
      [
       -79.9577343764823,
       43.9501981728504
      ],
      [
       -79.9574645275441,
       43.9502182197691
      ],
      [
       -79.9572383684606,
       43.9502341630259
      ],
      [
       -79.9568054405666,
       43.950270727002
      ],
      [
       -79.956726705661,
       43.9502745098715
      ],
      [
       -79.9565736722071,
       43.9502956212609
      ],
      [
       -79.9563644881219,
       43.9503207213389
      ],
      [
       -79.9562668262107,
       43.9503378363072
      ],
      [
       -79.9562574809148,
       43.9503377509378
      ],
      [
       -79.9554923014362,
       43.9504883202377
      ],
      [
       -79.9552867735861,
       43.9505269570632
      ],
      [
       -79.9540567844265,
       43.9507993152255
      ],
      [
       -79.9531841104969,
       43.9509939026105
      ],
      [
       -79.9499017064988,
       43.9517065734404
      ],
      [
       -79.9468021007221,
       43.9523848208452
      ],
      [
       -79.9436001629415,
       43.9530755431986
      ],
      [
       -79.9414482569924,
       43.9535418170798
      ],
      [
       -79.9393924329942,
       43.9539909352535
      ],
      [
       -79.935788403372,
       43.9547677403357
      ],
      [
       -79.9342102135625,
       43.9551176724017
      ],
      [
       -79.9335837130229,
       43.9552603847416
      ],
      [
       -79.9309435595758,
       43.9558389480675
      ],
      [
       -79.9291284350847,
       43.9562361120033
      ],
      [
       -79.9259430670765,
       43.9569354974734
      ],
      [
       -79.9228639576606,
       43.9576132869812
      ],
      [
       -79.9204863595738,
       43.9581355602954
      ],
      [
       -79.9180767868861,
       43.9586574812675
      ],
      [
       -79.9173064903255,
       43.9588212512269
      ],
      [
       -79.9143663225512,
       43.9594731173118
      ],
      [
       -79.9136015399255,
       43.9596324128839
      ],
      [
       -79.9108358088156,
       43.9602408288938
      ],
      [
       -79.9094733796803,
       43.960533952419
      ],
      [
       -79.9064220282173,
       43.9612070612036
      ],
      [
       -79.9038285075671,
       43.9617629343924
      ],
      [
       -79.9029820819705,
       43.9619528877142
      ],
      [
       -79.9019925292926,
       43.9621729716379
      ],
      [
       -79.899663978716,
       43.96267727519
      ],
      [
       -79.8989593439854,
       43.9628235465651
      ],
      [
       -79.8974801571717,
       43.963146913865
      ],
      [
       -79.8957155609338,
       43.9635260265835
      ],
      [
       -79.8953713297302,
       43.9636037305503
      ],
      [
       -79.8935260588957,
       43.9640045381475
      ],
      [
       -79.8921407894358,
       43.9643017351744
      ],
      [
       -79.8903268016255,
       43.9646937908361
      ],
      [
       -79.8889515433384,
       43.964995548109
      ],
      [
       -79.885900078261,
       43.9656500997097
      ],
      [
       -79.8840201560591,
       43.9660639208578
      ],
      [
       -79.8833254868711,
       43.9662146947344
      ],
      [
       -79.8813189989888,
       43.966645241271
      ],
      [
       -79.8804418864242,
       43.9668437303296
      ],
      [
       -79.879215991901,
       43.9671108197175
      ],
      [
       -79.8700851848221,
       43.9691006918907
      ],
      [
       -79.8696549434981,
       43.9691909728308
      ],
      [
       -79.8681202230094,
       43.9695089081482
      ],
      [
       -79.8651133977104,
       43.9701273318365
      ],
      [
       -79.864068615742,
       43.9703690468078
      ],
      [
       -79.8628887122884,
       43.9706274144477
      ],
      [
       -79.8624395813132,
       43.9707264836557
      ],
      [
       -79.8618536049778,
       43.9708511984309
      ],
      [
       -79.8600461526683,
       43.971247339305
      ],
      [
       -79.8560999189334,
       43.9721262531645
      ],
      [
       -79.8552211737132,
       43.9723200301491
      ],
      [
       -79.8542359544984,
       43.9725397431042
      ],
      [
       -79.8529661176769,
       43.9728106113827
      ],
      [
       -79.8512470155527,
       43.9731849910421
      ],
      [
       -79.8506758814108,
       43.9733052958726
      ],
      [
       -79.8505060467277,
       43.9733441029573
      ],
      [
       -79.8485424623267,
       43.9737474940218
      ],
      [
       -79.8460995413513,
       43.974276561642
      ],
      [
       -79.845245488846,
       43.9744795146275
      ],
      [
       -79.842827702309,
       43.9749952609697
      ],
      [
       -79.841390079923,
       43.9753138199881
      ],
      [
       -79.8400713875979,
       43.9756065579392
      ],
      [
       -79.8390821652703,
       43.9758260993314
      ],
      [
       -79.8372970108785,
       43.9762221062131
      ],
      [
       -79.8342125617472,
       43.9769109530537
      ],
      [
       -79.8327295735289,
       43.9772334417141
      ],
      [
       -79.8318007300212,
       43.9774310281092
      ],
      [
       -79.8301248368731,
       43.9777740189887
      ],
      [
       -79.827928943508,
       43.9782467039615
      ],
      [
       -79.8268263980453,
       43.9784784816318
      ],
      [
       -79.8221926380258,
       43.9795157244695
      ],
      [
       -79.8191600532062,
       43.9802046988171
      ],
      [
       -79.8170719547302,
       43.9806557801231
      ],
      [
       -79.8156894987461,
       43.9809295689574
      ],
      [
       -79.8149199626669,
       43.9810656448462
      ],
      [
       -79.8142138647168,
       43.9812248826562
      ],
      [
       -79.8126592537486,
       43.9815328617208
      ],
      [
       -79.8109911116643,
       43.981866648518
      ],
      [
       -79.8101567640856,
       43.9820470350887
      ],
      [
       -79.8094500431048,
       43.9821972334462
      ],
      [
       -79.8088376862564,
       43.9823439095735
      ],
      [
       -79.8083981500815,
       43.982460872909
      ],
      [
       -79.8081335348692,
       43.9825211369621
      ],
      [
       -79.8074305772486,
       43.9827163793942
      ],
      [
       -79.8062603490743,
       43.9830507915685
      ],
      [
       -79.8048891965437,
       43.9834551178252
      ],
      [
       -79.8048523950728,
       43.9834637363178
      ],
      [
       -79.8039917183777,
       43.9837113283223
      ],
      [
       -79.8030406157102,
       43.9839984820717
      ],
      [
       -79.8025760322671,
       43.9841196622634
      ],
      [
       -79.80227433026,
       43.9842020326642
      ],
      [
       -79.8019200604368,
       43.9843018579455
      ],
      [
       -79.801386904696,
       43.9844223141776
      ],
      [
       -79.8008143711194,
       43.9845243476764
      ],
      [
       -79.7999410347798,
       43.9846637346593
      ],
      [
       -79.7990942774635,
       43.9847988926117
      ],
      [
       -79.7985809016809,
       43.984865522869
      ],
      [
       -79.7984683360391,
       43.9848823460117
      ],
      [
       -79.7983369791115,
       43.984903473129
      ],
      [
       -79.7976224425431,
       43.9850130003959
      ],
      [
       -79.7968039079292,
       43.98513943491
      ],
      [
       -79.7962166979362,
       43.9852728028858
      ],
      [
       -79.7958890351256,
       43.9853278724683
      ],
      [
       -79.7950975420595,
       43.9855040987724
      ],
      [
       -79.7938973916037,
       43.9857705424944
      ],
      [
       -79.7916007355624,
       43.9862639727768
      ],
      [
       -79.7897150937299,
       43.9867031891528
      ],
      [
       -79.7897017557773,
       43.9867075495853
      ],
      [
       -79.7896445993869,
       43.9867204492641
      ],
      [
       -79.7833923183315,
       43.9880630815407
      ],
      [
       -79.7791717970317,
       43.9889814292671
      ],
      [
       -79.7755839233569,
       43.9897533441188
      ],
      [
       -79.7755103045153,
       43.9897705620047
      ],
      [
       -79.7661122340511,
       43.9732876467685
      ],
      [
       -79.7658483055116,
       43.9728256187775
      ],
      [
       -79.7651251944472,
       43.9715483149836
      ],
      [
       -79.7642607982686,
       43.9700218825918
      ],
      [
       -79.7630618592658,
       43.9679110971885
      ],
      [
       -79.7628724770906,
       43.9675759177771
      ],
      [
       -79.7621395211783,
       43.9662534700336
      ],
      [
       -79.7620254242266,
       43.9660451536025
      ],
      [
       -79.7610214231246,
       43.9642335727463
      ],
      [
       -79.760997433802,
       43.9641882951506
      ],
      [
       -79.7600745495309,
       43.9626747003103
      ],
      [
       -79.7600135198418,
       43.9625749995581
      ],
      [
       -79.7597784686782,
       43.9621897998771
      ],
      [
       -79.7592852609451,
       43.9613696288754
      ],
      [
       -79.7589727138086,
       43.9608530352136
      ],
      [
       -79.7585757524721,
       43.9602004710476
      ],
      [
       -79.7576716897985,
       43.9585745166914
      ],
      [
       -79.7576161199898,
       43.9584748739658
      ],
      [
       -79.7568306553072,
       43.9570662860924
      ],
      [
       -79.7560039900988,
       43.9555807141654
      ],
      [
       -79.7550910019518,
       43.9539411358058
      ],
      [
       -79.7544895851791,
       43.9528631640754
      ],
      [
       -79.7541251496359,
       43.9522244434891
      ],
      [
       -79.7525172970243,
       43.9494023064548
      ],
      [
       -79.75111765166,
       43.9469470639695
      ],
      [
       -79.7491690364502,
       43.9435269200372
      ],
      [
       -79.7486431636462,
       43.9426073044433
      ],
      [
       -79.7484636844567,
       43.9422902153606
      ],
      [
       -79.7464913054977,
       43.9388292471696
      ],
      [
       -79.7462156924684,
       43.938344534397
      ],
      [
       -79.7460656562996,
       43.9380727820685
      ],
      [
       -79.7453550545176,
       43.9367954836872
      ],
      [
       -79.7423956945865,
       43.931338320131
      ],
      [
       -79.7383656379933,
       43.923924491787
      ],
      [
       -79.7353240153151,
       43.9185877739744
      ],
      [
       -79.7308970461134,
       43.9106650742208
      ],
      [
       -79.7286645946379,
       43.906719201672
      ]
     ]
    ]
   },
   "properties": {
    "OBJECTID_1": 14,
    "OBJECTID": 14,
    "WARDNUM": "4",
    "MUNIC": "Caledon",
    "Mayor": "Allan Thompson",
    "FirstName0": "Jennifer",
    "LastName0": "Innis",
    "Phone0": "1-905-584-2272",
    "email0": "jennifer.innis@caledon.ca",
    "FirstName1": " ",
    "LastName1": " ",
    "Phone1": " ",
    "email1": " ",
    "RC_Name": "Nando Iannicca",
    "Shape_Leng": 73197.2586976,
    "WardName": "Ward 4",
    "Shape__Area": 208649142.15625,
    "Shape__Length": 73197.25869756307
   }
  },
  {
   "type": "Feature",
   "id": 15,
   "geometry": {
    "type": "Polygon",
    "coordinates": [
     [
      [
       -79.6954214673051,
       43.8481091164067
      ],
      [
       -79.7054450772476,
       43.8391564308561
      ],
      [
       -79.7056519312172,
       43.8389741989754
      ],
      [
       -79.7057565722603,
       43.8388808457259
      ],
      [
       -79.7057763928142,
       43.8388630628854
      ],
      [
       -79.7058972530854,
       43.8389544684309
      ],
      [
       -79.7129083575815,
       43.8441927574865
      ],
      [
       -79.7180381610107,
       43.8478698962816
      ],
      [
       -79.7308575786233,
       43.8571201953151
      ],
      [
       -79.7333767683399,
       43.8589803901619
      ],
      [
       -79.7396194325369,
       43.8635197276856
      ],
      [
       -79.742797197048,
       43.865859666639
      ],
      [
       -79.7447706539554,
       43.8672589188984
      ],
      [
       -79.7460515139486,
       43.8681958548204
      ],
      [
       -79.7476388595159,
       43.8693567248091
      ],
      [
       -79.7486803283138,
       43.8700659162225
      ],
      [
       -79.7497374252224,
       43.8708472981043
      ],
      [
       -79.7501173233291,
       43.8711305667818
      ],
      [
       -79.7507391885787,
       43.8715605379635
      ],
      [
       -79.7513744974519,
       43.8720176635241
      ],
      [
       -79.7523666857312,
       43.8727442898099
      ],
      [
       -79.7524222376512,
       43.8728034199331
      ],
      [
       -79.75244521978,
       43.8728576926124
      ],
      [
       -79.7524415719916,
       43.8729206781585
      ],
      [
       -79.7524241132044,
       43.8729745092839
      ],
      [
       -79.7523545066268,
       43.8731043018172
      ],
      [
       -79.7525660975992,
       43.8731786410125
      ],
      [
       -79.7532825210668,
       43.8735150924672
      ],
      [
       -79.7540061555698,
       43.8739911742161
      ],
      [
       -79.7548346915535,
       43.8745854416572
      ],
      [
       -79.7559578045459,
       43.8754170048379
      ],
      [
       -79.7563158330369,
       43.8756324874674
      ],
      [
       -79.7567823456773,
       43.8758311421331
      ],
      [
       -79.7567850113606,
       43.8760022399342
      ],
      [
       -79.7568557804665,
       43.876115555168
      ],
      [
       -79.7595720173924,
       43.8781168676303
      ],
      [
       -79.7544084120829,
       43.8827245665802
      ],
      [
       -79.7500553032616,
       43.8865620854111
      ],
      [
       -79.7498230516109,
       43.8867666273511
      ],
      [
       -79.7498095450418,
       43.8867799849734
      ],
      [
       -79.7496106223276,
       43.886953378529
      ],
      [
       -79.7490186088396,
       43.887469107336
      ],
      [
       -79.7540613446093,
       43.891125646842
      ],
      [
       -79.7545895375209,
       43.8914690401825
      ],
      [
       -79.7532888394689,
       43.8924227419749
      ],
      [
       -79.7529799855687,
       43.8926804758421
      ],
      [
       -79.752574389928,
       43.8930992174252
      ],
      [
       -79.7519151608278,
       43.8937762915172
      ],
      [
       -79.7513602277994,
       43.8942654260855
      ],
      [
       -79.7505650487071,
       43.8947069130844
      ],
      [
       -79.7495897145045,
       43.8950924015435
      ],
      [
       -79.746227069759,
       43.8957668360151
      ],
      [
       -79.7450146891408,
       43.8959876193138
      ],
      [
       -79.7424837332684,
       43.8964820000663
      ],
      [
       -79.7416313768819,
       43.8967517271594
      ],
      [
       -79.7412442304331,
       43.8969545452264
      ],
      [
       -79.7408565122309,
       43.8971843664311
      ],
      [
       -79.7404297567277,
       43.8975308025921
      ],
      [
       -79.7400565668364,
       43.8978463152739
      ],
      [
       -79.7396831830965,
       43.8981708281628
      ],
      [
       -79.7395564184887,
       43.8982774728427
      ],
      [
       -79.7377547714858,
       43.89986472332
      ],
      [
       -79.7374853811539,
       43.9000913382962
      ],
      [
       -79.7363687381961,
       43.9010783917487
      ],
      [
       -79.7356142003803,
       43.9017228039721
      ],
      [
       -79.7354417363623,
       43.9018919633368
      ],
      [
       -79.735318862425,
       43.902034660608
      ],
      [
       -79.7352239989915,
       43.9021776678095
      ],
      [
       -79.7350253130996,
       43.9026661632767
      ],
      [
       -79.7348672137378,
       43.9030020469554
      ],
      [
       -79.7347619617706,
       43.9031944583909
      ],
      [
       -79.7346651575332,
       43.903355450759
      ],
      [
       -79.734546756581,
       43.9035072002722
      ],
      [
       -79.7344888107682,
       43.9035605799373
      ],
      [
       -79.7344232745317,
       43.9036048719209
      ],
      [
       -79.7343477182026,
       43.9036445510841
      ],
      [
       -79.7342794508423,
       43.9036708055791
      ],
      [
       -79.7341912388209,
       43.9036833337122
      ],
      [
       -79.7341274341876,
       43.903682626829
      ],
      [
       -79.7340512752636,
       43.9036772812395
      ],
      [
       -79.73396373097,
       43.9036583040794
      ],
      [
       -79.7338756948402,
       43.903625816038
      ],
      [
       -79.7337646019233,
       43.9035795670441
      ],
      [
       -79.7335680939951,
       43.9034873533495
      ],
      [
       -79.73342791089,
       43.9034182726464
      ],
      [
       -79.7333300464289,
       43.9033721698691
      ],
      [
       -79.7331841308085,
       43.903316530679
      ],
      [
       -79.733093474932,
       43.903297518352
      ],
      [
       -79.7329801587545,
       43.9032827564592
      ],
      [
       -79.732833876014,
       43.9032811342086
      ],
      [
       -79.7327464423922,
       43.9032936698598
      ],
      [
       -79.7326432557456,
       43.9033150342866
      ],
      [
       -79.7325176136834,
       43.9033676620358
      ],
      [
       -79.7323791397172,
       43.903438154436
      ],
      [
       -79.7321454779942,
       43.9035931244267
      ],
      [
       -79.7318295679152,
       43.9038462203973
      ],
      [
       -79.7315186240089,
       43.9041218795528
      ],
      [
       -79.7301886644293,
       43.9052865747815
      ],
      [
       -79.7298646810694,
       43.9055890951549
      ],
      [
       -79.7293700446169,
       43.9060472794216
      ],
      [
       -79.7286645946379,
       43.906719201672
      ],
      [
       -79.7277382948434,
       43.9050792444783
      ],
      [
       -79.7222870721212,
       43.8952900466954
      ],
      [
       -79.7216220304486,
       43.8941121413964
      ],
      [
       -79.7206636031355,
       43.8923187032239
      ],
      [
       -79.7195946440792,
       43.8903844622341
      ],
      [
       -79.7183288809059,
       43.8880518449819
      ],
      [
       -79.7166311192456,
       43.8850435931858
      ],
      [
       -79.716503131435,
       43.8848080619019
      ],
      [
       -79.7161788880864,
       43.8842191850077
      ],
      [
       -79.7161758733724,
       43.8842146493329
      ],
      [
       -79.7144178327099,
       43.8810166098566
      ],
      [
       -79.7133157237721,
       43.8790144067742
      ],
      [
       -79.7131442006382,
       43.8787063523701
      ],
      [
       -79.7131359357724,
       43.8786927538708
      ],
      [
       -79.7121836458818,
       43.8769983492663
      ],
      [
       -79.7105076901032,
       43.8740172581146
      ],
      [
       -79.7045731506322,
       43.863672492549
      ],
      [
       -79.69768908363,
       43.8519570337827
      ],
      [
       -79.6971985302937,
       43.8514157245764
      ],
      [
       -79.6968448538142,
       43.8511595893264
      ],
      [
       -79.6960158282545,
       43.8507359635472
      ],
      [
       -79.69546432348,
       43.8504235442998
      ],
      [
       -79.6951668137993,
       43.8502310706158
      ],
      [
       -79.6949539440013,
       43.8500440647116
      ],
      [
       -79.6948384459978,
       43.8498491670123
      ],
      [
       -79.6948296475596,
       43.8496464843581
      ],
      [
       -79.6948468877166,
       43.8494621064231
      ],
      [
       -79.6949172766028,
       43.8493008446691
      ],
      [
       -79.6950672526839,
       43.8491269863298
      ],
      [
       -79.6952561874642,
       43.8489850854356
      ],
      [
       -79.6957746617485,
       43.8487073894934
      ],
      [
       -79.6954297240521,
       43.8481227161565
      ],
      [
       -79.6954214673051,
       43.8481091164067
      ]
     ]
    ]
   },
   "properties": {
    "OBJECTID_1": 15,
    "OBJECTID": 15,
    "WARDNUM": "5",
    "MUNIC": "Caledon",
    "Mayor": "Allan Thompson",
    "FirstName0": "Annette",
    "LastName0": "Groves",
    "Phone0": "1-905-584-2272",
    "email0": "annette.groves@caledon.ca",
    "FirstName1": " ",
    "LastName1": " ",
    "Phone1": " ",
    "email1": " ",
    "RC_Name": "Nando Iannicca",
    "Shape_Leng": 19459.362063,
    "WardName": "Ward 5",
    "Shape__Area": 16898688.921875,
    "Shape__Length": 19459.362062993485
   }
  },
  {
   "type": "Feature",
   "id": 16,
   "geometry": {
    "type": "Polygon",
    "coordinates": [
     [
      [
       -79.6000695808082,
       43.5946033496562
      ],
      [
       -79.5979833792609,
       43.596482128767
      ],
      [
       -79.5967207289347,
       43.5976371558432
      ],
      [
       -79.5935380294887,
       43.6005378464256
      ],
      [
       -79.5904620313134,
       43.6033992444262
      ],
      [
       -79.5893828061928,
       43.604380872548
      ],
      [
       -79.5882562887163,
       43.6054294361483
      ],
      [
       -79.5865712566352,
       43.6069122789999
      ],
      [
       -79.5848167771867,
       43.6084797746294
      ],
      [
       -79.5838812051719,
       43.609305558407
      ],
      [
       -79.5814592067138,
       43.611422976707
      ],
      [
       -79.5800690724158,
       43.6127022896365
      ],
      [
       -79.5782271605684,
       43.6144486755807
      ],
      [
       -79.5775822247719,
       43.6150619260714
      ],
      [
       -79.5763646901407,
       43.616208281092
      ],
      [
       -79.5761500338675,
       43.6163766828539
      ],
      [
       -79.5733812733632,
       43.6190163389834
      ],
      [
       -79.5699045330912,
       43.6223628860029
      ],
      [
       -79.568046433317,
       43.6241134036985
      ],
      [
       -79.5679426576155,
       43.6242426610125
      ],
      [
       -79.5665557550438,
       43.6255893762721
      ],
      [
       -79.5657770261765,
       43.6261828727137
      ],
      [
       -79.5653080340111,
       43.6264561095146
      ],
      [
       -79.5650267881144,
       43.6265876382755
      ],
      [
       -79.5646536180415,
       43.6267405218807
      ],
      [
       -79.5637103416856,
       43.6270528147593
      ],
      [
       -79.563706898057,
       43.6270347635632
      ],
      [
       -79.56367470227,
       43.6268902955942
      ],
      [
       -79.5636587116183,
       43.6268135609722
      ],
      [
       -79.5636461404462,
       43.6267233633775
      ],
      [
       -79.5636107640292,
       43.6266148712589
      ],
      [
       -79.5635314575446,
       43.6264968230615
      ],
      [
       -79.563490397653,
       43.6263342357005
      ],
      [
       -79.5634631951534,
       43.626207838338
      ],
      [
       -79.5635115442475,
       43.6260643826113
      ],
      [
       -79.5635604290598,
       43.6258984236866
      ],
      [
       -79.5636023676273,
       43.6257638913104
      ],
      [
       -79.5636089920304,
       43.6257459666358
      ],
      [
       -79.563621238407,
       43.625557037316
      ],
      [
       -79.5636023163974,
       43.6254082341243
      ],
      [
       -79.5635593275765,
       43.6253266581899
      ],
      [
       -79.5635833944716,
       43.6252594309271
      ],
      [
       -79.5636001455589,
       43.6251741037908
      ],
      [
       -79.5636020748954,
       43.6250930923636
      ],
      [
       -79.5636273206556,
       43.6249763581021
      ],
      [
       -79.5636519232288,
       43.6248866276423
      ],
      [
       -79.5636916930822,
       43.6248105937236
      ],
      [
       -79.5637532544283,
       43.6247303316422
      ],
      [
       -79.5638609363794,
       43.6246326411154
      ],
      [
       -79.5639607664121,
       43.6245393538146
      ],
      [
       -79.5640749890534,
       43.62445975319
      ],
      [
       -79.5642263018303,
       43.6244166342373
      ],
      [
       -79.5643383813421,
       43.6244270460755
      ],
      [
       -79.5645106529936,
       43.6244472177608
      ],
      [
       -79.5646224112985,
       43.6244711312338
      ],
      [
       -79.5647188127194,
       43.6245218636482
      ],
      [
       -79.5647855465423,
       43.6245497135374
      ],
      [
       -79.5648979725076,
       43.6245781371071
      ],
      [
       -79.5650022009511,
       43.6245929516986
      ],
      [
       -79.565198002801,
       43.6245683979445
      ],
      [
       -79.5653272845019,
       43.6245069930372
      ],
      [
       -79.5654106598553,
       43.6244540157633
      ],
      [
       -79.5655339093121,
       43.6243205031842
      ],
      [
       -79.5656061271796,
       43.6241503341819
      ],
      [
       -79.5656454407279,
       43.6240607878949
      ],
      [
       -79.5656851822584,
       43.6239532390319
      ],
      [
       -79.5656946389965,
       43.6238813259772
      ],
      [
       -79.5656739998703,
       43.6238045332631
      ],
      [
       -79.5657074134272,
       43.6236698930774
      ],
      [
       -79.5657485458219,
       43.6235038358562
      ],
      [
       -79.5657749638764,
       43.6233375939763
      ],
      [
       -79.5658162281825,
       43.6231985502776
      ],
      [
       -79.5658567178675,
       43.6230594968409
      ],
      [
       -79.5658816373008,
       43.6229562638919
      ],
      [
       -79.5659058076098,
       43.6228845354228
      ],
      [
       -79.5659227940746,
       43.6228217207799
      ],
      [
       -79.5659316899032,
       43.622740796686
      ],
      [
       -79.5658855821545,
       43.6224971110326
      ],
      [
       -79.5658612597828,
       43.622379754263
      ],
      [
       -79.5658584831461,
       43.6223662134706
      ],
      [
       -79.5657853982197,
       43.6222797587115
      ],
      [
       -79.5656758908762,
       43.6221613329506
      ],
      [
       -79.5656182694121,
       43.6220435582439
      ],
      [
       -79.5655607804127,
       43.6219527970752
      ],
      [
       -79.565519075624,
       43.6218172141323
      ],
      [
       -79.5655277577521,
       43.6217452913441
      ],
      [
       -79.5655377494019,
       43.6216508750661
      ],
      [
       -79.5655700916925,
       43.6215612412744
      ],
      [
       -79.5656392841409,
       43.6214855758814
      ],
      [
       -79.565745647694,
       43.6214103768935
      ],
      [
       -79.5658672849927,
       43.6213443734226
      ],
      [
       -79.5659960240734,
       43.6213054708324
      ],
      [
       -79.5661477554945,
       43.6212443466126
      ],
      [
       -79.5662994866117,
       43.6211832221864
      ],
      [
       -79.5664723657941,
       43.6211448727275
      ],
      [
       -79.56663969124,
       43.6210794414478
      ],
      [
       -79.5667454112284,
       43.6210312453622
      ],
      [
       -79.5667931841143,
       43.6210093344863
      ],
      [
       -79.5668511310493,
       43.6209830491761
      ],
      [
       -79.5669047782598,
       43.6209747178661
      ],
      [
       -79.5669897510449,
       43.6208542296495
      ],
      [
       -79.566977496641,
       43.6207505303432
      ],
      [
       -79.5668960005944,
       43.6206594688299
      ],
      [
       -79.5668913023791,
       43.620596382124
      ],
      [
       -79.5668866301008,
       43.6205648096416
      ],
      [
       -79.5668799554253,
       43.6205197060949
      ],
      [
       -79.566877178634,
       43.620506165321
      ],
      [
       -79.5668730960645,
       43.6203845605179
      ],
      [
       -79.5668755552993,
       43.6202810456808
      ],
      [
       -79.5668761968367,
       43.6202540418099
      ],
      [
       -79.5668419132328,
       43.6201320583183
      ],
      [
       -79.5668003136311,
       43.6199919751333
      ],
      [
       -79.5667602112332,
       43.6197888828985
      ],
      [
       -79.5667649161176,
       43.6195908545018
      ],
      [
       -79.566776269558,
       43.6194064154272
      ],
      [
       -79.566778194242,
       43.6193254038052
      ],
      [
       -79.5667811881789,
       43.6191993857242
      ],
      [
       -79.5668148102977,
       43.6190557437479
      ],
      [
       -79.5668252270669,
       43.6189433246958
      ],
      [
       -79.5668202633349,
       43.6188262107978
      ],
      [
       -79.5667788784531,
       43.6186771262945
      ],
      [
       -79.5667292154796,
       43.6185504479024
      ],
      [
       -79.5667029974761,
       43.6184150595162
      ],
      [
       -79.5666909319534,
       43.618270844622
      ],
      [
       -79.5666571844041,
       43.6181263578225
      ],
      [
       -79.5666297646327,
       43.6180089622895
      ],
      [
       -79.5666095538607,
       43.617914167093
      ],
      [
       -79.5666123341358,
       43.6177971502832
      ],
      [
       -79.566644672621,
       43.6177075160779
      ],
      [
       -79.5667377054458,
       43.6175736230924
      ],
      [
       -79.5668110842538,
       43.6174845034644
      ],
      [
       -79.566830203273,
       43.6174622332589
      ],
      [
       -79.5669608577154,
       43.6173423177783
      ],
      [
       -79.5671049415214,
       43.6172765943605
      ],
      [
       -79.5672799727688,
       43.6171797447733
      ],
      [
       -79.567461758843,
       43.6170919835534
      ],
      [
       -79.5675915563696,
       43.6170080725078
      ],
      [
       -79.567682662691,
       43.6169551903806
      ],
      [
       -79.5677900036383,
       43.6168709976908
      ],
      [
       -79.5678818574244,
       43.6167866108498
      ],
      [
       -79.5679287991169,
       43.6167016612247
      ],
      [
       -79.5679305084107,
       43.6166296508236
      ],
      [
       -79.5678948357061,
       43.6165661760233
      ],
      [
       -79.5678512060089,
       43.616511605488
      ],
      [
       -79.5678376422859,
       43.616430399737
      ],
      [
       -79.5678563341151,
       43.6162955742821
      ],
      [
       -79.5679031686119,
       43.6162151253059
      ],
      [
       -79.5679201244167,
       43.6161207959849
      ],
      [
       -79.567962633782,
       43.6158962291391
      ],
      [
       -79.5680206293852,
       43.615671856289
      ],
      [
       -79.5680643396082,
       43.6154292964748
      ],
      [
       -79.5680961674396,
       43.6152631215983
      ],
      [
       -79.568097929713,
       43.6152541396964
      ],
      [
       -79.5681402507616,
       43.6150700882999
      ],
      [
       -79.568179954844,
       43.6149310239979
      ],
      [
       -79.568180835969,
       43.614926533046
      ],
      [
       -79.5682282029348,
       43.6148235806369
      ],
      [
       -79.5682391234757,
       43.6147877015142
      ],
      [
       -79.568260857718,
       43.6147204439169
      ],
      [
       -79.5682783732044,
       43.6146351255092
      ],
      [
       -79.5683101466829,
       43.6145364797225
      ],
      [
       -79.5683275552467,
       43.6144556619555
      ],
      [
       -79.5683293707233,
       43.6143791508609
      ],
      [
       -79.5683156999662,
       43.6143024457876
      ],
      [
       -79.5682354385538,
       43.614224906578
      ],
      [
       -79.5680225838264,
       43.614055666391
      ],
      [
       -79.5679040350555,
       43.613959639297
      ],
      [
       -79.5678369643361,
       43.6139137790104
      ],
      [
       -79.567675268743,
       43.6138082070558
      ],
      [
       -79.5673701944681,
       43.613673825888
      ],
      [
       -79.567184416296,
       43.6136039673058
      ],
      [
       -79.5670057402415,
       43.6135612094079
      ],
      [
       -79.5668196421449,
       43.6135048521937
      ],
      [
       -79.5666931654883,
       43.6134492423485
      ],
      [
       -79.5664317471735,
       43.613400943939
      ],
      [
       -79.5661021096927,
       43.6133878050532
      ],
      [
       -79.5658317724456,
       43.61338891528
      ],
      [
       -79.5657308996443,
       43.6133966535054
      ],
      [
       -79.565553157239,
       43.6134124309325
      ],
      [
       -79.5653425731501,
       43.6134413018348
      ],
      [
       -79.5651102833865,
       43.6134383859245
      ],
      [
       -79.5649897318318,
       43.6134593824201
      ],
      [
       -79.5647800037672,
       43.6134522471069
      ],
      [
       -79.5646005556634,
       43.6134094757547
      ],
      [
       -79.5643850123458,
       43.613321230854
      ],
      [
       -79.5641865620473,
       43.6131656704081
      ],
      [
       -79.5640707233853,
       43.6129886375408
      ],
      [
       -79.5639903375822,
       43.612884081833
      ],
      [
       -79.5639113690407,
       43.6127525319277
      ],
      [
       -79.5638834212095,
       43.6126576389631
      ],
      [
       -79.5638860991434,
       43.6125451228304
      ],
      [
       -79.5639329358488,
       43.612464675463
      ],
      [
       -79.5640176052978,
       43.6123892053829
      ],
      [
       -79.5641007505483,
       43.6123452300308
      ],
      [
       -79.5641687558974,
       43.6123190723949
      ],
      [
       -79.5642833006461,
       43.6122574833836
      ],
      [
       -79.5643973921122,
       43.6121823825885
      ],
      [
       -79.564571877282,
       43.6121080401548
      ],
      [
       -79.5647163791738,
       43.6120243169635
      ],
      [
       -79.5648523885685,
       43.6119720008974
      ],
      [
       -79.5649960334947,
       43.6119242825239
      ],
      [
       -79.5650942348864,
       43.6118985034381
      ],
      [
       -79.5651625603697,
       43.6118588432509
      ],
      [
       -79.5652389495881,
       43.6118057782691
      ],
      [
       -79.5653081309363,
       43.6117301128017
      ],
      [
       -79.5653410028865,
       43.6116179756099
      ],
      [
       -79.5653965426695,
       43.6114971189368
      ],
      [
       -79.5654746431303,
       43.611372043396
      ],
      [
       -79.5655902292348,
       43.6112339322603
      ],
      [
       -79.5657141993496,
       43.6110689142567
      ],
      [
       -79.5658442000073,
       43.6109760036631
      ],
      [
       -79.5659806338914,
       43.6109056835961
      ],
      [
       -79.566185202878,
       43.6108362181031
      ],
      [
       -79.5664488552347,
       43.610790003254
      ],
      [
       -79.5666811349415,
       43.6107929163044
      ],
      [
       -79.5668008254574,
       43.6108079231531
      ],
      [
       -79.5669211573417,
       43.6107959259609
      ],
      [
       -79.5669750092081,
       43.6107785931723
      ],
      [
       -79.5670957423195,
       43.6107170789047
      ],
      [
       -79.5672256070199,
       43.6105971530676
      ],
      [
       -79.5672881366879,
       43.6105078970204
      ],
      [
       -79.5673118725418,
       43.6104541706248
      ],
      [
       -79.5673506398622,
       43.6103871266533
      ],
      [
       -79.56729337259,
       43.6102873649861
      ],
      [
       -79.5672901178884,
       43.6100982404698
      ],
      [
       -79.5673090223102,
       43.6099544136406
      ],
      [
       -79.5673053664336,
       43.6098148060155
      ],
      [
       -79.5673051264396,
       43.6097922930393
      ],
      [
       -79.5672742649221,
       43.6096568463873
      ],
      [
       -79.5672721558755,
       43.6096478159632
      ],
      [
       -79.5672307493178,
       43.6094672171764
      ],
      [
       -79.5672034387777,
       43.6093453209928
      ],
      [
       -79.5670993994377,
       43.6091279210462
      ],
      [
       -79.5670890943414,
       43.6091052818862
      ],
      [
       -79.5669572353572,
       43.6089505609574
      ],
      [
       -79.5667879997413,
       43.6088043751972
      ],
      [
       -79.5665811738964,
       43.6086757257504
      ],
      [
       -79.5664485946222,
       43.6085840231157
      ],
      [
       -79.5663648442595,
       43.6085559607125
      ],
      [
       -79.5662849651587,
       43.6085279468071
      ],
      [
       -79.5661275555831,
       43.6085034622534
      ],
      [
       -79.565993159326,
       43.6084882702014
      ],
      [
       -79.5658649825819,
       43.60850466999
      ],
      [
       -79.5657211325955,
       43.6085613909101
      ],
      [
       -79.5656521694375,
       43.6086280554221
      ],
      [
       -79.5655981306071,
       43.6086859031975
      ],
      [
       -79.5655527968698,
       43.6087033422475
      ],
      [
       -79.5654254754641,
       43.6086837363222
      ],
      [
       -79.5652258603499,
       43.6085776848975
      ],
      [
       -79.5650694142378,
       43.6085126930317
      ],
      [
       -79.5649432957319,
       43.6084750936932
      ],
      [
       -79.5648323159738,
       43.6084196763249
      ],
      [
       -79.5646709114788,
       43.6082375697978
      ],
      [
       -79.5645845260953,
       43.6080924211411
      ],
      [
       -79.5645874163912,
       43.6079709035829
      ],
      [
       -79.5645980489419,
       43.607849483252
      ],
      [
       -79.5646146860721,
       43.6077686562778
      ],
      [
       -79.5647148074785,
       43.6076618656952
      ],
      [
       -79.564830066888,
       43.60753725712
      ],
      [
       -79.5648790638159,
       43.6073983104791
      ],
      [
       -79.5648736761298,
       43.607299198938
      ],
      [
       -79.5648227415895,
       43.6072265274754
      ],
      [
       -79.5647427079694,
       43.6071399846097
      ],
      [
       -79.5645113811009,
       43.6070650476764
      ],
      [
       -79.5643176702165,
       43.6070040887511
      ],
      [
       -79.5641177413426,
       43.6069115374161
      ],
      [
       -79.5639088929152,
       43.6068683956131
      ],
      [
       -79.5637811475333,
       43.6068667905101
      ],
      [
       -79.5635486689877,
       43.6068728730738
      ],
      [
       -79.563472474598,
       43.606885421465
      ],
      [
       -79.5633302576573,
       43.6069061439535
      ],
      [
       -79.563127091947,
       43.6069170960944
      ],
      [
       -79.5629324184913,
       43.6068966406788
      ],
      [
       -79.5627985625903,
       43.6068589416876
      ],
      [
       -79.5625908944642,
       43.6067662903684
      ],
      [
       -79.5624724995103,
       43.6066972714604
      ],
      [
       -79.5623562490066,
       43.6065382394918
      ],
      [
       -79.5621933795416,
       43.6064506529066
      ],
      [
       -79.5620605738117,
       43.6063364323346
      ],
      [
       -79.5619951480281,
       43.6062545733065
      ],
      [
       -79.5619374644688,
       43.6061728116494
      ],
      [
       -79.5618487056668,
       43.6060951609637
      ],
      [
       -79.561716353804,
       43.6059944516851
      ],
      [
       -79.5615902193494,
       43.6059253344673
      ],
      [
       -79.5614865603083,
       43.6058880139476
      ],
      [
       -79.5613293742771,
       43.6058545216056
      ],
      [
       -79.5611135407059,
       43.6057797727996
      ],
      [
       -79.560861082734,
       43.6056820524752
      ],
      [
       -79.5606093769373,
       43.6055528270922
      ],
      [
       -79.5603725966306,
       43.6054147851517
      ],
      [
       -79.5601656662064,
       43.6052591107577
      ],
      [
       -79.559974028421,
       43.605144146622
      ],
      [
       -79.5599610819377,
       43.6051349795197
      ],
      [
       -79.5597938968165,
       43.6050338291418
      ],
      [
       -79.5596823687801,
       43.6049693958527
      ],
      [
       -79.5592609255211,
       43.6047164745533
      ],
      [
       -79.5591456351638,
       43.6046474913179
      ],
      [
       -79.558946452365,
       43.6044919123696
      ],
      [
       -79.5588731835136,
       43.6044144546505
      ],
      [
       -79.5587771412196,
       43.6043502157223
      ],
      [
       -79.5586319160444,
       43.6041728065838
      ],
      [
       -79.5584494877903,
       43.6039319000975
      ],
      [
       -79.5583341131158,
       43.6037368590533
      ],
      [
       -79.558195428186,
       43.6035775398272
      ],
      [
       -79.558055346252,
       43.603476728772
      ],
      [
       -79.557847589604,
       43.6033885696851
      ],
      [
       -79.5576094259724,
       43.603309030502
      ],
      [
       -79.5573346408847,
       43.6032065186129
      ],
      [
       -79.5569854950326,
       43.6030400393289
      ],
      [
       -79.5568007302249,
       43.6029296586134
      ],
      [
       -79.5566084397414,
       43.6028101785676
      ],
      [
       -79.5564686851565,
       43.6026958637005
      ],
      [
       -79.5563736169218,
       43.6025911170617
      ],
      [
       -79.5563242241998,
       43.6024869472607
      ],
      [
       -79.5562733039636,
       43.6024142721287
      ],
      [
       -79.5562083208335,
       43.6023144073488
      ],
      [
       -79.556132479228,
       43.602182891377
      ],
      [
       -79.5561288237825,
       43.6021738412041
      ],
      [
       -79.5561252808758,
       43.6019982185183
      ],
      [
       -79.5561365749904,
       43.6018497952435
      ],
      [
       -79.5561587070778,
       43.60170150887
      ],
      [
       -79.5561634390231,
       43.6016655526558
      ],
      [
       -79.5561682833412,
       43.6014630239115
      ],
      [
       -79.5561719434591,
       43.6013100021886
      ],
      [
       -79.5561441408999,
       43.6012421210034
      ],
      [
       -79.5561155642627,
       43.6011742300324
      ],
      [
       -79.5560519617009,
       43.6009843426053
      ],
      [
       -79.555996121368,
       43.6008260671954
      ],
      [
       -79.5559490787998,
       43.6005913689167
      ],
      [
       -79.555908916527,
       43.6003927735329
      ],
      [
       -79.5559134384881,
       43.6002037466842
      ],
      [
       -79.5559028213908,
       43.6000325365587
      ],
      [
       -79.5558464234814,
       43.5998652500083
      ],
      [
       -79.555774456208,
       43.5997337827021
      ],
      [
       -79.5556947684202,
       43.5996337317916
      ],
      [
       -79.5555833623791,
       43.5995647940045
      ],
      [
       -79.5554055979286,
       43.5994860134514
      ],
      [
       -79.5551370469563,
       43.5994150890314
      ],
      [
       -79.554936511008,
       43.5993495258931
      ],
      [
       -79.5547130753339,
       43.5992701668457
      ],
      [
       -79.5544893169535,
       43.5992043092806
      ],
      [
       -79.5542892135621,
       43.5991207424751
      ],
      [
       -79.5540898457741,
       43.59897415662
      ],
      [
       -79.5540019894826,
       43.5988920091903
      ],
      [
       -79.5538910374405,
       43.5988365814937
      ],
      [
       -79.5537799584097,
       43.5987541400797
      ],
      [
       -79.5536785809327,
       43.5986222993121
      ],
      [
       -79.5535939606604,
       43.5984051324934
      ],
      [
       -79.5535666821638,
       43.5982832332769
      ],
      [
       -79.5535394037711,
       43.5981613340528
      ],
      [
       -79.5535115863015,
       43.5980619380026
      ],
      [
       -79.5535312738093,
       43.5978866091096
      ],
      [
       -79.5536029332842,
       43.5977074358887
      ],
      [
       -79.5536971487867,
       43.5975240460304
      ],
      [
       -79.5537452805739,
       43.5973895950132
      ],
      [
       -79.5538181246991,
       43.5971609146127
      ],
      [
       -79.5538600437878,
       43.5969948709203
      ],
      [
       -79.5539008651441,
       43.5968423193251
      ],
      [
       -79.5539352585564,
       43.5966671763789
      ],
      [
       -79.5539622343657,
       43.5964784335696
      ],
      [
       -79.5539581586784,
       43.5963253139321
      ],
      [
       -79.5539385132186,
       43.596208013332
      ],
      [
       -79.5539182210381,
       43.5961177165588
      ],
      [
       -79.5538466934615,
       43.5959682455216
      ],
      [
       -79.553729731152,
       43.5958407095649
      ],
      [
       -79.5535973072951,
       43.5957444918506
      ],
      [
       -79.553487116147,
       43.5956575593509
      ],
      [
       -79.5533689689806,
       43.5955795300561
      ],
      [
       -79.5532421108491,
       43.5955419084054
      ],
      [
       -79.5531083941498,
       43.5954996977914
      ],
      [
       -79.5529666133954,
       43.5954708909398
      ],
      [
       -79.552861987862,
       43.5954425543318
      ],
      [
       -79.5527049607231,
       43.5954360641378
      ],
      [
       -79.5525020480493,
       43.5954379966523
      ],
      [
       -79.5523000173528,
       43.5954354379746
      ],
      [
       -79.5520079609104,
       43.5954092284938
      ],
      [
       -79.5516483453274,
       43.5953911662243
      ],
      [
       -79.5513410422955,
       43.5953872718563
      ],
      [
       -79.551101082792,
       43.5953842303399
      ],
      [
       -79.5508084870611,
       43.5953805209709
      ],
      [
       -79.5504940918778,
       43.5953495223894
      ],
      [
       -79.5503351753861,
       43.5953249969684
      ],
      [
       -79.5502773368836,
       43.5953152593899
      ],
      [
       -79.5500901220475,
       43.5953083827166
      ],
      [
       -79.5498728269654,
       43.595296622112
      ],
      [
       -79.5495658490156,
       43.5952792210864
      ],
      [
       -79.5492290073337,
       43.5952479341851
      ],
      [
       -79.5489983034782,
       43.5951819776941
      ],
      [
       -79.5488574991114,
       43.5951126601163
      ],
      [
       -79.5487627803816,
       43.5949944054765
      ],
      [
       -79.5486762185481,
       43.5948267322969
      ],
      [
       -79.5486283598202,
       43.5946595504985
      ],
      [
       -79.5486012010626,
       43.5945331495544
      ],
      [
       -79.5485889657303,
       43.5943979340958
      ],
      [
       -79.548608774222,
       43.5942181054961
      ],
      [
       -79.5486493903672,
       43.594074557124
      ],
      [
       -79.5486976385653,
       43.5939356076432
      ],
      [
       -79.5487173383682,
       43.5937602796339
      ],
      [
       -79.5487565476589,
       43.5936752393979
      ],
      [
       -79.5487738673975,
       43.5935989252358
      ],
      [
       -79.5487741919148,
       43.5935854233447
      ],
      [
       -79.5487763553578,
       43.5934954107367
      ],
      [
       -79.5487794923323,
       43.5933648924523
      ],
      [
       -79.5488338405984,
       43.5932620363778
      ],
      [
       -79.5489434356809,
       43.5930833475777
      ],
      [
       -79.54906827742,
       43.5928823421856
      ],
      [
       -79.5492001016283,
       43.5927129393076
      ],
      [
       -79.5493763689324,
       43.5925305943033
      ],
      [
       -79.5494708221291,
       43.592369720821
      ],
      [
       -79.5495116510971,
       43.5922171707854
      ],
      [
       -79.5495304657168,
       43.5920463333544
      ],
      [
       -79.5495807814406,
       43.5918533856245
      ],
      [
       -79.5496298904069,
       43.5916784305745
      ],
      [
       -79.5496111626779,
       43.5912009803595
      ],
      [
       -79.5495797397255,
       43.5909619753225
      ],
      [
       -79.549536992242,
       43.5908398787169
      ],
      [
       -79.5495193028019,
       43.5906415659784
      ],
      [
       -79.5494405019872,
       43.5905055057928
      ],
      [
       -79.5493310831245,
       43.5903870649882
      ],
      [
       -79.5491966066043,
       43.5903448401358
      ],
      [
       -79.5489724717485,
       43.5903284890117
      ],
      [
       -79.5487853638422,
       43.5902855955236
      ],
      [
       -79.5486864917672,
       43.5902438221114
      ],
      [
       -79.5486588442429,
       43.5902344670493
      ],
      [
       -79.548621242952,
       43.590220483584
      ],
      [
       -79.5483321513668,
       43.590104262242
      ],
      [
       -79.5480597310933,
       43.589938729869
      ],
      [
       -79.5477402235204,
       43.5897996106261
      ],
      [
       -79.5474729156179,
       43.5896791618703
      ],
      [
       -79.547257048926,
       43.5896088883745
      ],
      [
       -79.5470492474677,
       43.5895252109725
      ],
      [
       -79.5468126691057,
       43.5893826412515
      ],
      [
       -79.5466132430282,
       43.5892405434483
      ],
      [
       -79.5464228576641,
       43.5890445361835
      ],
      [
       -79.5463730749942,
       43.5889898790038
      ],
      [
       -79.5469155485074,
       43.5883890056094
      ],
      [
       -79.5482306443377,
       43.5869515678005
      ],
      [
       -79.5473500966546,
       43.586706276011
      ],
      [
       -79.545374090509,
       43.5855286319052
      ],
      [
       -79.5445878918789,
       43.5850639209999
      ],
      [
       -79.5447039003471,
       43.5837192970332
      ],
      [
       -79.5448223329606,
       43.5823702014943
      ],
      [
       -79.5448233237033,
       43.5823612100839
      ],
      [
       -79.5448369622886,
       43.5822128173266
      ],
      [
       -79.5448411420806,
       43.5821678504202
      ],
      [
       -79.5448456471308,
       43.5821093816185
      ],
      [
       -79.5448565302403,
       43.5819789618214
      ],
      [
       -79.5448574125496,
       43.5819744710417
      ],
      [
       -79.5448335005476,
       43.5819066364463
      ],
      [
       -79.5448125757228,
       43.581843341887
      ],
      [
       -79.5437915462653,
       43.5807498556931
      ],
      [
       -79.543587035228,
       43.5805311534538
      ],
      [
       -79.543593211881,
       43.5804997180638
      ],
      [
       -79.54359562769,
       43.5804637327414
      ],
      [
       -79.5435947310038,
       43.5804367092384
      ],
      [
       -79.5435641017865,
       43.5804228129311
      ],
      [
       -79.5435385498443,
       43.5803909732586
      ],
      [
       -79.5434554719677,
       43.580272862306
      ],
      [
       -79.5434397491359,
       43.5802186377949
      ],
      [
       -79.5434245831559,
       43.5801734244037
      ],
      [
       -79.543409525719,
       43.58012371038
      ],
      [
       -79.5433850734145,
       43.5800783786451
      ],
      [
       -79.5433784200067,
       43.5800332737255
      ],
      [
       -79.5433570632122,
       43.5799879814315
      ],
      [
       -79.5433362632593,
       43.5799517002561
      ],
      [
       -79.5433149065239,
       43.5799064079544
      ],
      [
       -79.5432942151521,
       43.5798656261413
      ],
      [
       -79.5432700886254,
       43.5798067924917
      ],
      [
       -79.5432519359598,
       43.5797570389978
      ],
      [
       -79.5432399741974,
       43.5797073644017
      ],
      [
       -79.5432296687037,
       43.5796532088992
      ],
      [
       -79.5432253370246,
       43.5796081335575
      ],
      [
       -79.5432241007807,
       43.5795630976661
      ],
      [
       -79.54323801608,
       43.5795317609177
      ],
      [
       -79.5432582307478,
       43.5794960024362
      ],
      [
       -79.5432868492809,
       43.5794648530657
      ],
      [
       -79.5433237631482,
       43.5794428134307
      ],
      [
       -79.5433708456337,
       43.5794164013541
      ],
      [
       -79.5434295359076,
       43.5793901371766
      ],
      [
       -79.543487792081,
       43.5793818754923
      ],
      [
       -79.5435460482391,
       43.579373613778
      ],
      [
       -79.543601534474,
       43.5793518106997
      ],
      [
       -79.543657794524,
       43.5793300174536
      ],
      [
       -79.5437098597748,
       43.5793216767771
      ],
      [
       -79.5437603773031,
       43.5793133163588
      ],
      [
       -79.5438017170549,
       43.5793003369822
      ],
      [
       -79.5438143156991,
       43.5792914934571
      ],
      [
       -79.5438376398103,
       43.5792872885813
      ],
      [
       -79.5438937767548,
       43.5792384815669
      ],
      [
       -79.5439041333194,
       43.5791620792611
      ],
      [
       -79.5439241015108,
       43.5790722933511
      ],
      [
       -79.5439421674871,
       43.5789329610495
      ],
      [
       -79.543976809598,
       43.5787803338502
      ],
      [
       -79.5440296692922,
       43.5785784165302
      ],
      [
       -79.5440474887678,
       43.578385056886
      ],
      [
       -79.5440733864968,
       43.5782098081871
      ],
      [
       -79.5440856302885,
       43.5781514379486
      ],
      [
       -79.5441032763212,
       43.5780616224136
      ],
      [
       -79.5441069932254,
       43.5779716294596
      ],
      [
       -79.544133259824,
       43.5778774217023
      ],
      [
       -79.544145828855,
       43.5778055495516
      ],
      [
       -79.5441349659077,
       43.577742382983
      ],
      [
       -79.5441184692278,
       43.5776881486865
      ],
      [
       -79.544086293596,
       43.5776742328181
      ],
      [
       -79.5440002604903,
       43.5776146107679
      ],
      [
       -79.5439153413232,
       43.5775730109032
      ],
      [
       -79.5438475550487,
       43.5775271272224
      ],
      [
       -79.5437352121426,
       43.5774671698005
      ],
      [
       -79.5436373552423,
       43.5774164008673
      ],
      [
       -79.5435398240108,
       43.577352129954
      ],
      [
       -79.5434222819591,
       43.5772831019453
      ],
      [
       -79.5433160220364,
       43.5772277236406
      ],
      [
       -79.5432971104219,
       43.5772094745692
      ],
      [
       -79.5432673652396,
       43.5771910874282
      ],
      [
       -79.543234307722,
       43.5771816620956
      ],
      [
       -79.5431982775798,
       43.5771992109595
      ],
      [
       -79.543162124761,
       43.5771897461565
      ],
      [
       -79.5431105898475,
       43.577144069164
      ],
      [
       -79.5430651370828,
       43.5771029716876
      ],
      [
       -79.5430139279333,
       43.577043792757
      ],
      [
       -79.5429902509375,
       43.5769984707993
      ],
      [
       -79.5429778416768,
       43.5769352844037
      ],
      [
       -79.5429900862327,
       43.5768769142812
      ],
      [
       -79.5430187036254,
       43.5768457649484
      ],
      [
       -79.5430723003657,
       43.5768059299683
      ],
      [
       -79.543089418889,
       43.5767701320358
      ],
      [
       -79.5431237785167,
       43.5767255498189
      ],
      [
       -79.5431847877112,
       43.5766993153081
      ],
      [
       -79.5432550826986,
       43.5766731991074
      ],
      [
       -79.5432914380576,
       43.5766421483209
      ],
      [
       -79.5433312141989,
       43.5765976350691
      ],
      [
       -79.5433571700518,
       43.5765484436683
      ],
      [
       -79.5433863296438,
       43.5764947910716
      ],
      [
       -79.5434014519597,
       43.5764454616041
      ],
      [
       -79.5434051840105,
       43.576386982955
      ],
      [
       -79.5434237270639,
       43.5763241910266
      ],
      [
       -79.5434189471144,
       43.5762656039073
      ],
      [
       -79.5434232359364,
       43.576216136383
      ],
      [
       -79.5434081794,
       43.5761664223397
      ],
      [
       -79.5433676955558,
       43.5761118822487
      ],
      [
       -79.543319473658,
       43.5760572435303
      ],
      [
       -79.5431083551986,
       43.5758564641505
      ],
      [
       -79.5430794789665,
       43.5758020719022
      ],
      [
       -79.54300416021,
       43.5757155735545
      ],
      [
       -79.5429423360365,
       43.5756472552408
      ],
      [
       -79.5429028438427,
       43.5755837235893
      ],
      [
       -79.5428604735978,
       43.5755111512013
      ],
      [
       -79.5428206419608,
       43.5754296071265
      ],
      [
       -79.5427296169304,
       43.575320398282
      ],
      [
       -79.5426947679795,
       43.5752569257524
      ],
      [
       -79.5426574891379,
       43.5751979242482
      ],
      [
       -79.5426506195968,
       43.5751618205294
      ],
      [
       -79.5426348986982,
       43.5751075958896
      ],
      [
       -79.5426392966132,
       43.5750536277602
      ],
      [
       -79.5426545277023,
       43.5749997977501
      ],
      [
       -79.5426915336656,
       43.5749417433384
      ],
      [
       -79.542729421906,
       43.5748791981452
      ],
      [
       -79.5427879854773,
       43.5748259205545
      ],
      [
       -79.5428664505573,
       43.5747819006699
      ],
      [
       -79.5429369604959,
       43.5747467833597
      ],
      [
       -79.5430227291989,
       43.5747208645362
      ],
      [
       -79.543089818224,
       43.5746992095781
      ],
      [
       -79.5431698446775,
       43.5746867235053
      ],
      [
       -79.5432703152982,
       43.5746609918728
      ],
      [
       -79.5433724561992,
       43.5746622935403
      ],
      [
       -79.5434660853644,
       43.5746634866554
      ],
      [
       -79.5435980788176,
       43.5746786745674
      ],
      [
       -79.5436701502371,
       43.5746750908197
      ],
      [
       -79.5437282933398,
       43.5746713295767
      ],
      [
       -79.5437951651241,
       43.5746586754706
      ],
      [
       -79.5438421351559,
       43.5746367637584
      ],
      [
       -79.5438954039726,
       43.5746104302486
      ],
      [
       -79.5439544146796,
       43.5745706638039
      ],
      [
       -79.5439994970303,
       43.5745307199111
      ],
      [
       -79.5440422579428,
       43.5744907464308
      ],
      [
       -79.5440874486245,
       43.5744463018651
      ],
      [
       -79.5441348521687,
       43.5744063874831
      ],
      [
       -79.5441863414894,
       43.5743575210837
      ],
      [
       -79.5442141832543,
       43.5743263615575
      ],
      [
       -79.5442625772814,
       43.5742774557011
      ],
      [
       -79.5442989306564,
       43.5742464045539
      ],
      [
       -79.5443612527542,
       43.5741976760319
      ],
      [
       -79.5444203711739,
       43.5741534086968
      ],
      [
       -79.5444651276431,
       43.5741269665201
      ],
      [
       -79.5445242459175,
       43.5740826991287
      ],
      [
       -79.544569110701,
       43.5740517562722
      ],
      [
       -79.5446338621468,
       43.5739985565141
      ],
      [
       -79.5446896682222,
       43.5739632508995
      ],
      [
       -79.5447482441816,
       43.5739414865755
      ],
      [
       -79.5448207482423,
       43.5739198995366
      ],
      [
       -79.5449090682033,
       43.5739165218598
      ],
      [
       -79.5450024795189,
       43.5739267149771
      ],
      [
       -79.5450936778822,
       43.5739323778329
      ],
      [
       -79.5451655316128,
       43.5739377944052
      ],
      [
       -79.5452288737095,
       43.5739431026039
      ],
      [
       -79.5453006191102,
       43.5739530197305
      ],
      [
       -79.5453552328804,
       43.5739672208137
      ],
      [
       -79.5454184666791,
       43.5739770295471
      ],
      [
       -79.5455061366518,
       43.5740006552451
      ],
      [
       -79.5455529043053,
       43.5740192584119
      ],
      [
       -79.5456074098631,
       43.5740379600155
      ],
      [
       -79.5456509740952,
       43.5740610244003
      ],
      [
       -79.5456973085293,
       43.5740976300675
      ],
      [
       -79.5457514892315,
       43.5741298335228
      ],
      [
       -79.5457737124599,
       43.5741391202928
      ],
      [
       -79.5458131756921,
       43.5741396223517
      ],
      [
       -79.545863905233,
       43.5741222596513
      ],
      [
       -79.5459054575961,
       43.5741002781658
      ],
      [
       -79.5459124060871,
       43.5740688524334
      ],
      [
       -79.5459108585111,
       43.5740688327465
      ],
      [
       -79.5458981217691,
       43.5740191485222
      ],
      [
       -79.5458937883879,
       43.5739740732161
      ],
      [
       -79.5458862515542,
       43.5739334591754
      ],
      [
       -79.5458842395435,
       43.5738884133994
      ],
      [
       -79.5458855393013,
       43.5738344057171
      ],
      [
       -79.5458758977618,
       43.5737847608637
      ],
      [
       -79.5458631611022,
       43.5737350766344
      ],
      [
       -79.5458593693338,
       43.5736674981241
      ],
      [
       -79.5458445279939,
       43.5736087830803
      ],
      [
       -79.5458406279353,
       43.5735457052087
      ],
      [
       -79.5458227998346,
       43.5734824501457
      ],
      [
       -79.5458122762985,
       43.5734372960819
      ],
      [
       -79.5457885985292,
       43.5733919746665
      ],
      [
       -79.5457735406799,
       43.5733422608934
      ],
      [
       -79.5457551711009,
       43.5733015090215
      ],
      [
       -79.5457532675171,
       43.5732519625996
      ],
      [
       -79.5457521377122,
       43.5732024260218
      ],
      [
       -79.5457588539901,
       43.5731484872468
      ],
      [
       -79.5457661118502,
       43.5730720452679
      ],
      [
       -79.5457676283139,
       43.5730090362995
      ],
      [
       -79.5457888140629,
       43.5729327715127
      ],
      [
       -79.5458013799434,
       43.5728608990772
      ],
      [
       -79.5458276570536,
       43.5727982051105
      ],
      [
       -79.5458290651257,
       43.5727396967783
      ],
      [
       -79.5458335682743,
       43.5726812278206
      ],
      [
       -79.5458547538144,
       43.5726049630145
      ],
      [
       -79.5458648899235,
       43.5725375616764
      ],
      [
       -79.545871822629,
       43.5724746216037
      ],
      [
       -79.5458892631312,
       43.5724253212609
      ],
      [
       -79.5459074773702,
       43.5723760307579
      ],
      [
       -79.5459305507807,
       43.5723177980264
      ],
      [
       -79.5459599225656,
       43.5722551433903
      ],
      [
       -79.5459825626781,
       43.5722149132125
      ],
      [
       -79.5459839705715,
       43.5721564048703
      ],
      [
       -79.5459772076342,
       43.572115800668
      ],
      [
       -79.5459808285156,
       43.5720618224947
      ],
      [
       -79.5459624591623,
       43.5720210706507
      ],
      [
       -79.5459492895594,
       43.5719893889876
      ],
      [
       -79.5459449562453,
       43.5719443136694
      ],
      [
       -79.5459243739718,
       43.5718990316489
      ],
      [
       -79.5458835656722,
       43.5718579943432
      ],
      [
       -79.5458213087919,
       43.5718076801188
      ],
      [
       -79.5457620387341,
       43.5717619058795
      ],
      [
       -79.5456475998182,
       43.5716929195877
      ],
      [
       -79.5455959592473,
       43.5716517443543
      ],
      [
       -79.5450962700674,
       43.5712852236988
      ],
      [
       -79.5447759397617,
       43.5710560450116
      ],
      [
       -79.5443231484467,
       43.5707351382035
      ],
      [
       -79.544266093386,
       43.5706938934113
      ],
      [
       -79.5442441969201,
       43.5706711044457
      ],
      [
       -79.5442364447036,
       43.5706394915736
      ],
      [
       -79.5442431767678,
       43.5706170672098
      ],
      [
       -79.5441632496184,
       43.5705935391528
      ],
      [
       -79.5441037651397,
       43.5705567653573
      ],
      [
       -79.5439969593813,
       43.5704923766471
      ],
      [
       -79.5432054252934,
       43.570000575277
      ],
      [
       -79.5431778963344,
       43.5699867183617
      ],
      [
       -79.5431621904097,
       43.5699640080852
      ],
      [
       -79.5431433895599,
       43.5699412583608
      ],
      [
       -79.5431355295018,
       43.5699141460575
      ],
      [
       -79.543130547378,
       43.5698960744755
      ],
      [
       -79.5430919692033,
       43.5698910807534
      ],
      [
       -79.5430534995442,
       43.5698815863808
      ],
      [
       -79.5430151384093,
       43.5698675913578
      ],
      [
       -79.5429691484773,
       43.5698489970584
      ],
      [
       -79.542911878141,
       43.5698167528838
      ],
      [
       -79.542389361935,
       43.5694994515673
      ],
      [
       -79.5421066518769,
       43.5693157652898
      ],
      [
       -79.5421198189077,
       43.5693474473735
      ],
      [
       -79.5421379540375,
       43.5693656867561
      ],
      [
       -79.5421541074285,
       43.5694019089448
      ],
      [
       -79.5421558857395,
       43.5694244417302
      ],
      [
       -79.542142298076,
       43.5694422765171
      ],
      [
       -79.5421174302199,
       43.5694464613694
      ],
      [
       -79.5420810650268,
       43.5694459975521
      ],
      [
       -79.5420266732936,
       43.5694227936901
      ],
      [
       -79.5419659831996,
       43.569404011484
      ],
      [
       -79.5418873752673,
       43.5693579885561
      ],
      [
       -79.5415173318659,
       43.5691371705683
      ],
      [
       -79.5409000700217,
       43.5687376170924
      ],
      [
       -79.540886577761,
       43.5687194367787
      ],
      [
       -79.5408649006174,
       43.5686876459176
      ],
      [
       -79.5408547205828,
       43.5686605038384
      ],
      [
       -79.5408554812585,
       43.5686289993987
      ],
      [
       -79.5409135100064,
       43.5686297401383
      ],
      [
       -79.5409520871789,
       43.5686347345828
      ],
      [
       -79.5409929855085,
       43.5686397586417
      ],
      [
       -79.5410366527496,
       43.568658324092
      ],
      [
       -79.5419053202556,
       43.5691916426867
      ],
      [
       -79.5418837510014,
       43.5691553513755
      ],
      [
       -79.5418734618396,
       43.5691327100175
      ],
      [
       -79.5418708013225,
       43.5691146679942
      ],
      [
       -79.5418661454211,
       43.5690830944531
      ],
      [
       -79.5419134511025,
       43.5690791958753
      ],
      [
       -79.5419628607723,
       43.569084328158
      ],
      [
       -79.5420098406986,
       43.5690939314487
      ],
      [
       -79.5420558297566,
       43.5691125261241
      ],
      [
       -79.5430409404732,
       43.5697283575943
      ],
      [
       -79.5430812972026,
       43.5697558841069
      ],
      [
       -79.5431254141265,
       43.5697879605514
      ],
      [
       -79.5431548301767,
       43.5698198496142
      ],
      [
       -79.5431706445626,
       43.5698380592538
      ],
      [
       -79.543170102062,
       43.5698605624434
      ],
      [
       -79.5432086802245,
       43.5698655561389
      ],
      [
       -79.5432557694605,
       43.5698706582895
      ],
      [
       -79.5432994382993,
       43.5698892228938
      ],
      [
       -79.5433270757319,
       43.5698985791416
      ],
      [
       -79.5433623420256,
       43.5699125346212
      ],
      [
       -79.5442107141502,
       43.5704545810381
      ],
      [
       -79.5442517372193,
       43.5704866176423
      ],
      [
       -79.544281154202,
       43.5705185064246
      ],
      [
       -79.5442971859463,
       43.5705277146342
      ],
      [
       -79.5443281356312,
       43.5705281087809
      ],
      [
       -79.5443667143246,
       43.5705331020924
      ],
      [
       -79.5444072890196,
       43.5705516268695
      ],
      [
       -79.5444728552199,
       43.5705929799706
      ],
      [
       -79.5445188461911,
       43.570611573677
      ],
      [
       -79.5445983399221,
       43.5706531040481
      ],
      [
       -79.5446611365638,
       43.5706809157162
      ],
      [
       -79.545067612767,
       43.5709967296578
      ],
      [
       -79.5452517330484,
       43.5711611458038
      ],
      [
       -79.5453956967806,
       43.5712575203412
      ],
      [
       -79.5454959903761,
       43.571335330934
      ],
      [
       -79.5460742965726,
       43.5717478700497
      ],
      [
       -79.546144848384,
       43.5718072936804
      ],
      [
       -79.5462265578132,
       43.5718533531154
      ],
      [
       -79.5462860448689,
       43.5718901258342
      ],
      [
       -79.5463351324362,
       43.5719087581896
      ],
      [
       -79.5463713909103,
       43.5719137213173
      ],
      [
       -79.5464537502397,
       43.5719327767369
      ],
      [
       -79.5465082542227,
       43.571951477895
      ],
      [
       -79.5465766859444,
       43.5719703561232
      ],
      [
       -79.5466515243009,
       43.5719803117296
      ],
      [
       -79.5467339920571,
       43.5719948663063
      ],
      [
       -79.5468361286094,
       43.5719961648164
      ],
      [
       -79.5469210259502,
       43.572006248126
      ],
      [
       -79.5470208412441,
       43.5720075169625
      ],
      [
       -79.5471175614964,
       43.5720087463722
      ],
      [
       -79.5472220193758,
       43.5720100740428
      ],
      [
       -79.5475143932911,
       43.5720182916577
      ],
      [
       -79.5478046623448,
       43.572017477744
      ],
      [
       -79.5480252927888,
       43.5720157785214
      ],
      [
       -79.5481414652979,
       43.5720127521376
      ],
      [
       -79.5482577459281,
       43.5720052249891
      ],
      [
       -79.5483579937673,
       43.5719884900723
      ],
      [
       -79.5484416512511,
       43.5719535363091
      ],
      [
       -79.5485595533379,
       43.571878499147
      ],
      [
       -79.5490815264641,
       43.5715114582767
      ],
      [
       -79.549339424349,
       43.5713436548081
      ],
      [
       -79.549418528427,
       43.5712726263733
      ],
      [
       -79.54945244805,
       43.5712460446999
      ],
      [
       -79.5494641448868,
       43.5712101769703
      ],
      [
       -79.5494709656237,
       43.5711517372597
      ],
      [
       -79.5494659815055,
       43.5711336659296
      ],
      [
       -79.5496013353405,
       43.5710408410574
      ],
      [
       -79.5498987812155,
       43.5708375219525
      ],
      [
       -79.5499583775718,
       43.570869792133
      ],
      [
       -79.5502335086629,
       43.5706932011932
      ],
      [
       -79.5501680463071,
       43.5706473506893
      ],
      [
       -79.5505560880931,
       43.5703776486053
      ],
      [
       -79.5505882614223,
       43.570391562636
      ],
      [
       -79.5506268406024,
       43.5703965538404
      ],
      [
       -79.5506657436213,
       43.5703880430746
      ],
      [
       -79.5507048625117,
       43.5703705309903
      ],
      [
       -79.5508401048111,
       43.570282205241
      ],
      [
       -79.5508848556247,
       43.5702557604531
      ],
      [
       -79.5509293905518,
       43.5702383169533
      ],
      [
       -79.5509684013493,
       43.570225305429
      ],
      [
       -79.5510292926935,
       43.5702035672149
      ],
      [
       -79.5511349530079,
       43.5701868984613
      ],
      [
       -79.5512235909883,
       43.5701700138601
      ],
      [
       -79.5513290354074,
       43.5701623462331
      ],
      [
       -79.551394587518,
       43.5701721810425
      ],
      [
       -79.5514328429739,
       43.5701906739364
      ],
      [
       -79.5520113558475,
       43.5697883198615
      ],
      [
       -79.5519517594176,
       43.5697560507451
      ],
      [
       -79.5518962662087,
       43.5697463436888
      ],
      [
       -79.5518413310448,
       43.569745647719
      ],
      [
       -79.5517798824295,
       43.5697583752646
      ],
      [
       -79.5517241922173,
       43.5697891838241
      ],
      [
       -79.551656895915,
       43.5698198452986
      ],
      [
       -79.5515851728764,
       43.5698414465969
      ],
      [
       -79.5514740971298,
       43.5698580471425
      ],
      [
       -79.5513520811274,
       43.5698790109512
      ],
      [
       -79.5512077345884,
       43.5698951895768
      ],
      [
       -79.5511081567878,
       43.5699164375204
      ],
      [
       -79.5509916646265,
       43.56993296894
      ],
      [
       -79.5508972870012,
       43.5699632866629
      ],
      [
       -79.5508137416081,
       43.569993741641
      ],
      [
       -79.5507129580204,
       43.5700329820379
      ],
      [
       -79.5506183642112,
       43.5700723008312
      ],
      [
       -79.5505291864527,
       43.5701116882251
      ],
      [
       -79.550445640674,
       43.5701421429278
      ],
      [
       -79.5503956895075,
       43.5701595175516
      ],
      [
       -79.5503396563626,
       43.5701723129987
      ],
      [
       -79.5503009693812,
       43.5701718223514
      ],
      [
       -79.5502348775892,
       43.5701844901762
      ],
      [
       -79.5501956507104,
       43.5702065027516
      ],
      [
       -79.5495828786487,
       43.5706489310626
      ],
      [
       -79.5492623456847,
       43.5708789684615
      ],
      [
       -79.5485824936694,
       43.5713745641986
      ],
      [
       -79.5484416131372,
       43.5714718196924
      ],
      [
       -79.548369022072,
       43.5715294240992
      ],
      [
       -79.5482783100771,
       43.5716003043777
      ],
      [
       -79.5481885878938,
       43.5716621931149
      ],
      [
       -79.5481103469852,
       43.5716972154956
      ],
      [
       -79.5480102244464,
       43.5717409639074
      ],
      [
       -79.5479377241069,
       43.5717625530305
      ],
      [
       -79.5478384666166,
       43.5717702961216
      ],
      [
       -79.547738543511,
       43.5717735286499
      ],
      [
       -79.5476225878046,
       43.5717675533398
      ],
      [
       -79.5471484899547,
       43.5717525243647
      ],
      [
       -79.5470768550397,
       43.5717381077827
      ],
      [
       -79.54700522016,
       43.5717236911562
      ],
      [
       -79.5469284936905,
       43.5716957037003
      ],
      [
       -79.5468798390279,
       43.5716590690233
      ],
      [
       -79.5467762315893,
       43.5715902215553
      ],
      [
       -79.5459302028461,
       43.5709491796017
      ],
      [
       -79.5458487114622,
       43.5708941186833
      ],
      [
       -79.5456423838634,
       43.5707519310413
      ],
      [
       -79.5455125649652,
       43.5706467327549
      ],
      [
       -79.5453656158402,
       43.5705458183446
      ],
      [
       -79.5452246404389,
       43.5704539838137
      ],
      [
       -79.5450398721603,
       43.5703165714836
      ],
      [
       -79.5449689980521,
       43.5702706491193
      ],
      [
       -79.5449426757734,
       43.5702387999067
      ],
      [
       -79.5449652073987,
       43.5702030705567
      ],
      [
       -79.5450209013565,
       43.5701722653468
      ],
      [
       -79.5431382209288,
       43.5687751690125
      ],
      [
       -79.5425739984721,
       43.5683582924509
      ],
      [
       -79.5419721842081,
       43.5678959133679
      ],
      [
       -79.5419731614446,
       43.5678554076341
      ],
      [
       -79.5420018835369,
       43.567819757818
      ],
      [
       -79.5420462019695,
       43.5678113190578
      ],
      [
       -79.5421114241728,
       43.5678346610501
      ],
      [
       -79.5443463388697,
       43.5695153859252
      ],
      [
       -79.5451120483409,
       43.5700833850937
      ],
      [
       -79.545162434312,
       43.5700480102325
      ],
      [
       -79.5452067539785,
       43.5700395702666
      ],
      [
       -79.5452509652872,
       43.5700356309254
      ],
      [
       -79.545299726005,
       43.5700677656316
      ],
      [
       -79.5460153746872,
       43.5706261175687
      ],
      [
       -79.5467421938147,
       43.5711711009494
      ],
      [
       -79.5468023460475,
       43.5712123838801
      ],
      [
       -79.5469003039976,
       43.5712586494086
      ],
      [
       -79.5469994687339,
       43.5712869221127
      ],
      [
       -79.5471256067145,
       43.5713200395969
      ],
      [
       -79.5472629019916,
       43.5713397926832
      ],
      [
       -79.5474395506204,
       43.5713645477233
      ],
      [
       -79.5475601645564,
       43.5714020965497
      ],
      [
       -79.5476814276663,
       43.5714126413765
      ],
      [
       -79.5477859927039,
       43.5714094678716
      ],
      [
       -79.5479244947835,
       43.5714112274149
      ],
      [
       -79.548001637229,
       43.5713896972663
      ],
      [
       -79.5481026410774,
       43.5713414580328
      ],
      [
       -79.5495461210664,
       43.5703423272171
      ],
      [
       -79.5501138154165,
       43.5699398454999
      ],
      [
       -79.5502480678988,
       43.5698605119329
      ],
      [
       -79.5503429855034,
       43.5698076914865
      ],
      [
       -79.5504492930423,
       43.5697640194441
      ],
      [
       -79.5505772649794,
       43.5697206220139
      ],
      [
       -79.5507213772004,
       43.5696819311049
      ],
      [
       -79.5508606309893,
       43.5696521824631
      ],
      [
       -79.5509886024043,
       43.5696087845641
      ],
      [
       -79.5510946749514,
       43.5695425988307
      ],
      [
       -79.5513360947113,
       43.5693835859526
      ],
      [
       -79.5528524003852,
       43.5683448176379
      ],
      [
       -79.552931065309,
       43.5682917892571
      ],
      [
       -79.5529872923368,
       43.5682384767798
      ],
      [
       -79.55304429298,
       43.5681851740671
      ],
      [
       -79.5530726660873,
       43.5681315089513
      ],
      [
       -79.5531532700399,
       43.5679974685434
      ],
      [
       -79.5534673863264,
       43.5670965373576
      ],
      [
       -79.5540035659445,
       43.5657121958433
      ],
      [
       -79.5545071120624,
       43.5644940137545
      ],
      [
       -79.5546303732922,
       43.5641939366733
      ],
      [
       -79.5546649323448,
       43.5641403493412
      ],
      [
       -79.5547105378589,
       43.5640778976171
      ],
      [
       -79.5553750485643,
       43.5633119491495
      ],
      [
       -79.5554502251787,
       43.5631778384077
      ],
      [
       -79.5555130438114,
       43.5630750856365
      ],
      [
       -79.5555808683682,
       43.5630219183835
      ],
      [
       -79.5556467361575,
       43.5630182486628
      ],
      [
       -79.555696485692,
       43.563041387409
      ],
      [
       -79.5557611705894,
       43.5630872249741
      ],
      [
       -79.5557539268907,
       43.5631636679113
      ],
      [
       -79.5556795037718,
       43.5632662741866
      ],
      [
       -79.5555710811794,
       43.563431479161
      ],
      [
       -79.5554623145732,
       43.563578671573
      ],
      [
       -79.5552698183752,
       43.5637968380705
      ],
      [
       -79.5549068943887,
       43.5641839267717
      ],
      [
       -79.5548555505082,
       43.5642598121035
      ],
      [
       -79.5547962953444,
       43.5644076298036
      ],
      [
       -79.5546734649668,
       43.5646897043987
      ],
      [
       -79.5546558187445,
       43.5647480076082
      ],
      [
       -79.5546435881938,
       43.5648063792933
      ],
      [
       -79.554653773851,
       43.5648335202398
      ],
      [
       -79.5546861807901,
       43.5648699462085
      ],
      [
       -79.5546852121737,
       43.5649104521917
      ],
      [
       -79.5546562836545,
       43.5649551066664
      ],
      [
       -79.5546114308091,
       43.5649860536976
      ],
      [
       -79.5545780551643,
       43.5649901336889
      ],
      [
       -79.5545441413402,
       43.5650167169926
      ],
      [
       -79.5545037353762,
       43.5650882384429
      ],
      [
       -79.5542560423421,
       43.5657694137315
      ],
      [
       -79.5538718535027,
       43.5668180276152
      ],
      [
       -79.553783575196,
       43.5670465139671
      ],
      [
       -79.5534992369027,
       43.5678352722876
      ],
      [
       -79.5534700025106,
       43.5679249427993
      ],
      [
       -79.5534337164915,
       43.5680505402479
      ],
      [
       -79.5534197603233,
       43.568180922299
      ],
      [
       -79.5534119742274,
       43.5682798682695
      ],
      [
       -79.5534210825618,
       43.568352015906
      ],
      [
       -79.5534528442052,
       43.5684154461759
      ],
      [
       -79.5535009617394,
       43.5684745813923
      ],
      [
       -79.5535984897134,
       43.5685388438498
      ],
      [
       -79.5546082286978,
       43.5692944501237
      ],
      [
       -79.5546512548684,
       43.5693400144026
      ],
      [
       -79.5546937429017,
       43.5694080819721
      ],
      [
       -79.5547123934832,
       43.5695343744147
      ],
      [
       -79.5547251100592,
       43.5697146160876
      ],
      [
       -79.5547277275882,
       43.5698317017557
      ],
      [
       -79.5547369453202,
       43.5698993486326
      ],
      [
       -79.5547291610829,
       43.5699982946911
      ],
      [
       -79.5547066352599,
       43.5700340260492
      ],
      [
       -79.5546499572124,
       43.5700738275884
      ],
      [
       -79.5546380483834,
       43.5701186972231
      ],
      [
       -79.5546371872048,
       43.5701547025075
      ],
      [
       -79.5546083636868,
       43.5701948562342
      ],
      [
       -79.5546679822225,
       43.5702586383961
      ],
      [
       -79.5546824008522,
       43.5703353550782
      ],
      [
       -79.5546751546787,
       43.5704117978216
      ],
      [
       -79.5546284676811,
       43.5705192559994
      ],
      [
       -79.554611034866,
       43.5705685577994
      ],
      [
       -79.5545604184016,
       43.5705814238099
      ],
      [
       -79.5545761489771,
       43.5706356469846
      ],
      [
       -79.554575180092,
       43.5706761529248
      ],
      [
       -79.5544169105341,
       43.5710478192122
      ],
      [
       -79.5543719452926,
       43.5710832667116
      ],
      [
       -79.5543161474546,
       43.5711185771877
      ],
      [
       -79.5542382337415,
       43.5711401018492
      ],
      [
       -79.5541712602107,
       43.5711572628172
      ],
      [
       -79.5541104766727,
       43.5711745020454
      ],
      [
       -79.5540267157522,
       43.5712139606822
      ],
      [
       -79.5542538687599,
       43.5713924127712
      ],
      [
       -79.5545125258266,
       43.5712246072041
      ],
      [
       -79.5545631226869,
       43.5711802268225
      ],
      [
       -79.5546249826287,
       43.5711179807544
      ],
      [
       -79.5546705936413,
       43.5710555291947
      ],
      [
       -79.554682845812,
       43.5710286719894
      ],
      [
       -79.5546996328361,
       43.5710063741434
      ],
      [
       -79.5547219639943,
       43.5710111585215
      ],
      [
       -79.554743951975,
       43.5709979304718
      ],
      [
       -79.5547502293742,
       43.5709619936729
      ],
      [
       -79.5547349493862,
       43.5709212822854
      ],
      [
       -79.5547635376337,
       43.5708586154513
      ],
      [
       -79.5549157425612,
       43.5705138841269
      ],
      [
       -79.554945642291,
       43.570428723715
      ],
      [
       -79.5549580890814,
       43.5703613507433
      ],
      [
       -79.5549694596096,
       43.5703389843798
      ],
      [
       -79.555019302044,
       43.5703261084024
      ],
      [
       -79.5551020925693,
       43.570327154958
      ],
      [
       -79.555104782898,
       43.5702146384235
      ],
      [
       -79.5551555065525,
       43.5701972715037
      ],
      [
       -79.5552044879891,
       43.5702204007358
      ],
      [
       -79.5552089357362,
       43.5702609751495
      ],
      [
       -79.5551964892484,
       43.5703283481539
      ],
      [
       -79.5552291145862,
       43.5703557726574
      ],
      [
       -79.5552728951727,
       43.5703698320801
      ],
      [
       -79.5552900045904,
       43.5703340321542
      ],
      [
       -79.5552805709847,
       43.5702753866407
      ],
      [
       -79.5552828305787,
       43.5701808727436
      ],
      [
       -79.5553003703261,
       43.5701270701668
      ],
      [
       -79.5555904356398,
       43.5693248739452
      ],
      [
       -79.5558723673363,
       43.5686036105265
      ],
      [
       -79.5558347567884,
       43.5685581151236
      ],
      [
       -79.5558139530349,
       43.5685218360987
      ],
      [
       -79.555814921017,
       43.568481330121
      ],
      [
       -79.5559040542915,
       43.568216836861
      ],
      [
       -79.5563157618315,
       43.5678618755841
      ],
      [
       -79.5563492464751,
       43.5678532944421
      ],
      [
       -79.5564814437323,
       43.567859465998
      ],
      [
       -79.556861830042,
       43.5681028763297
      ],
      [
       -79.5568730058796,
       43.5681210255202
      ],
      [
       -79.5568829781173,
       43.5681571676077
      ],
      [
       -79.5569212340421,
       43.5681756586766
      ],
      [
       -79.5569871073963,
       43.5681719882641
      ],
      [
       -79.5570376138793,
       43.5681636218051
      ],
      [
       -79.5570921179027,
       43.5681823179261
      ],
      [
       -79.5571573680914,
       43.5682371658535
      ],
      [
       -79.5572548996601,
       43.5683014252425
      ],
      [
       -79.5573153787408,
       43.568329200719
      ],
      [
       -79.5574307919135,
       43.5683576694573
      ],
      [
       -79.557529505651,
       43.568372421274
      ],
      [
       -79.5576168502742,
       43.5684095396604
      ],
      [
       -79.5577645670348,
       43.5684789338925
      ],
      [
       -79.5578292592432,
       43.5685247703481
      ],
      [
       -79.5578730610638,
       43.5685703432082
      ],
      [
       -79.5579650704863,
       43.5686390343428
      ],
      [
       -79.5580849341651,
       43.568708076774
      ],
      [
       -79.5581999189325,
       43.5687545474233
      ],
      [
       -79.5583314742018,
       43.5687877208817
      ],
      [
       -79.5584636737639,
       43.5687938901753
      ],
      [
       -79.5584777081661,
       43.5687895651419
      ],
      [
       -79.558552629845,
       43.568763497821
      ],
      [
       -79.5586582634139,
       43.5687153076001
      ],
      [
       -79.5587253403524,
       43.5686936432702
      ],
      [
       -79.5588114159276,
       43.5686542103469
      ],
      [
       -79.5588317473872,
       43.5686454626405
      ],
      [
       -79.5589268703842,
       43.5685836335824
      ],
      [
       -79.5590006509351,
       43.5685080293229
      ],
      [
       -79.5590578612374,
       43.5684457222017
      ],
      [
       -79.559048294367,
       43.5683600631557
      ],
      [
       -79.5590285618691,
       43.5682787779814
      ],
      [
       -79.5589641684536,
       43.568187925733
      ],
      [
       -79.5589055356693,
       43.568115154168
      ],
      [
       -79.558850579384,
       43.5680829471382
      ],
      [
       -79.5588074435461,
       43.5680418850692
      ],
      [
       -79.5586332906565,
       43.5679451466894
      ],
      [
       -79.5584635881309,
       43.567888982382
      ],
      [
       -79.5583697319304,
       43.5678652885877
      ],
      [
       -79.5582600794481,
       43.5678549015509
      ],
      [
       -79.5581274303889,
       43.5678352202823
      ],
      [
       -79.5579905687033,
       43.567797477621
      ],
      [
       -79.5578473027029,
       43.5677686580431
      ],
      [
       -79.5577491268965,
       43.5677314031689
      ],
      [
       -79.5576621053974,
       43.5676807828864
      ],
      [
       -79.5575634784013,
       43.5676300160877
      ],
      [
       -79.5575628121118,
       43.5676255056558
      ],
      [
       -79.5571607620957,
       43.5673818241896
      ],
      [
       -79.5571782134245,
       43.5673640363726
      ],
      [
       -79.5572005218698,
       43.5673373058125
      ],
      [
       -79.558048382287,
       43.5665421421701
      ],
      [
       -79.558049348705,
       43.5665016361384
      ],
      [
       -79.5578691192741,
       43.5664003178979
      ],
      [
       -79.5577644557965,
       43.5664080014289
      ],
      [
       -79.5576660455764,
       43.5663482333963
      ],
      [
       -79.5576508721067,
       43.5663030216859
      ],
      [
       -79.5575745769901,
       43.5662570387004
      ],
      [
       -79.5574432835088,
       43.5659537461678
      ],
      [
       -79.5578328124315,
       43.5658461107539
      ],
      [
       -79.5572168032126,
       43.5648073732663
      ],
      [
       -79.5579375561782,
       43.5642131968383
      ],
      [
       -79.5580045209498,
       43.5641960335205
      ],
      [
       -79.5580582831958,
       43.5637915293282
      ],
      [
       -79.5579822056309,
       43.5637365452906
      ],
      [
       -79.5579496898935,
       43.5637046209023
      ],
      [
       -79.5579397176796,
       43.5636684788819
      ],
      [
       -79.5577171384742,
       43.5635261078453
      ],
      [
       -79.5576121359155,
       43.5635157788611
      ],
      [
       -79.5574921755218,
       43.5634512366963
      ],
      [
       -79.5574658276666,
       43.5633878758163
      ],
      [
       -79.5572099835247,
       43.5632450839861
      ],
      [
       -79.5570775813725,
       43.5632479147499
      ],
      [
       -79.5568756362896,
       43.5633759241599
      ],
      [
       -79.5566741202367,
       43.5634859305189
      ],
      [
       -79.5564951470083,
       43.5635917191728
      ],
      [
       -79.5563823641288,
       43.563680335394
      ],
      [
       -79.5562692584121,
       43.5637824535045
      ],
      [
       -79.5561904948233,
       43.5638399850155
      ],
      [
       -79.556085405552,
       43.5638656697453
      ],
      [
       -79.5560247164257,
       43.5638468950038
      ],
      [
       -79.5559922016792,
       43.563814970073
      ],
      [
       -79.555999015089,
       43.5637565297992
      ],
      [
       -79.5560343253128,
       43.5636714373499
      ],
      [
       -79.5561528468072,
       43.5635693878789
      ],
      [
       -79.5562823065819,
       43.5634629744087
      ],
      [
       -79.5564451405297,
       43.5633524802413
      ],
      [
       -79.5565688613188,
       43.5632595000461
      ],
      [
       -79.5566698447681,
       43.5632112528887
      ],
      [
       -79.5567478334221,
       43.5631537112552
      ],
      [
       -79.5568326773316,
       43.563100758145
      ],
      [
       -79.5568723055198,
       43.5630292260227
      ],
      [
       -79.5569023059753,
       43.5629395642294
      ],
      [
       -79.5569702366229,
       43.5628818954606
      ],
      [
       -79.5571214630368,
       43.5627712537792
      ],
      [
       -79.5572735699658,
       43.5626561209806
      ],
      [
       -79.5574414932067,
       43.5625591956903
      ],
      [
       -79.5576211279594,
       43.5624579159047
      ],
      [
       -79.5577984851107,
       43.562419635487
      ],
      [
       -79.5579034637899,
       43.5623984498035
      ],
      [
       -79.5580529915709,
       43.562391332087
      ],
      [
       -79.5582414161545,
       43.5623757007312
      ],
      [
       -79.5584126058415,
       43.5623688557636
      ],
      [
       -79.5585666903988,
       43.5623978110654
      ],
      [
       -79.5587592426546,
       43.5624362552405
      ],
      [
       -79.5588851544733,
       43.5624783609777
      ],
      [
       -79.5590163746903,
       43.5625250355229
      ],
      [
       -79.5591470586968,
       43.5625942132972
      ],
      [
       -79.5592890258839,
       43.5626770392169
      ],
      [
       -79.5594083431449,
       43.5627685835647
      ],
      [
       -79.5594942865939,
       43.562864209241
      ],
      [
       -79.5596184838385,
       43.562978325003
      ],
      [
       -79.5597260058849,
       43.5631102386314
      ],
      [
       -79.5597941792708,
       43.5632371543652
      ],
      [
       -79.5598750531249,
       43.5633507239845
      ],
      [
       -79.5599381331666,
       43.5634640693767
      ],
      [
       -79.5599851810604,
       43.5635682087099
      ],
      [
       -79.5600158750348,
       43.5636766440318
      ],
      [
       -79.5600036498901,
       43.5637350163764
      ],
      [
       -79.5599745113985,
       43.5637886736213
      ],
      [
       -79.5599843545434,
       43.5637978016774
      ],
      [
       -79.5600874049954,
       43.5638576261883
      ],
      [
       -79.5600676345639,
       43.5638753852486
      ],
      [
       -79.5600562440694,
       43.5638662377075
      ],
      [
       -79.559907976535,
       43.5637878354046
      ],
      [
       -79.5598905270592,
       43.5638056236748
      ],
      [
       -79.5598676389197,
       43.5637918292331
      ],
      [
       -79.5597847958877,
       43.5638583158842
      ],
      [
       -79.5598076840326,
       43.5638721103424
      ],
      [
       -79.5597917818276,
       43.5638899180917
      ],
      [
       -79.5599528800485,
       43.5639819882672
      ],
      [
       -79.5599251584361,
       43.5640086511862
      ],
      [
       -79.5598381403487,
       43.5639580325779
      ],
      [
       -79.5597141012978,
       43.5640645183776
      ],
      [
       -79.5596577768468,
       43.5641223350146
      ],
      [
       -79.5596281015873,
       43.5641984955366
      ],
      [
       -79.5596034128993,
       43.5642927269927
      ],
      [
       -79.5596235969183,
       43.5643875238894
      ],
      [
       -79.5597043417543,
       43.5644740798254
      ],
      [
       -79.5597755423515,
       43.5645064911332
      ],
      [
       -79.5598791299625,
       43.5645438124624
      ],
      [
       -79.5599951805945,
       43.5645452744924
      ],
      [
       -79.5601944428815,
       43.5645297764595
      ],
      [
       -79.5603275982114,
       43.5644954373888
      ],
      [
       -79.5604393050221,
       43.5644518239929
      ],
      [
       -79.5605284680756,
       43.5644124286218
      ],
      [
       -79.5606343301925,
       43.5643867495381
      ],
      [
       -79.5607560105861,
       43.5643792776321
      ],
      [
       -79.5608666452632,
       43.564380670584
      ],
      [
       -79.5609651391377,
       43.5644044207195
      ],
      [
       -79.5610634187965,
       43.5644371721267
      ],
      [
       -79.5611132787647,
       43.5644558078769
      ],
      [
       -79.5612015843009,
       43.5644524173986
      ],
      [
       -79.561308493745,
       43.5643502164196
      ],
      [
       -79.5613374646546,
       43.5643685891564
      ],
      [
       -79.561215081818,
       43.5644705953993
      ],
      [
       -79.5612457072307,
       43.5644844869577
      ],
      [
       -79.5612362089144,
       43.5644933714575
      ],
      [
       -79.5612084876194,
       43.5645200346902
      ],
      [
       -79.561307112754,
       43.5645707983422
      ],
      [
       -79.5613251214599,
       43.5645620209492
      ],
      [
       -79.5613306442891,
       43.5645575884332
      ],
      [
       -79.5613424636163,
       43.5645487331377
      ],
      [
       -79.5613631384933,
       43.5645579974011
      ],
      [
       -79.5614928056444,
       43.5644425765913
      ],
      [
       -79.5615194556437,
       43.5644609200741
      ],
      [
       -79.5613706847538,
       43.5645986106148
      ],
      [
       -79.5613406424506,
       43.5646252446676
      ],
      [
       -79.5613449631031,
       43.5646388051264
      ],
      [
       -79.5613642215824,
       43.5646750637216
      ],
      [
       -79.5614602285623,
       43.5647708145535
      ],
      [
       -79.5615677338662,
       43.5648712120248
      ],
      [
       -79.5616583257383,
       43.5649668945445
      ],
      [
       -79.5617223506922,
       43.5650082183987
      ],
      [
       -79.5617813883735,
       43.5650314713619
      ],
      [
       -79.5618312490568,
       43.5650501068069
      ],
      [
       -79.5619147473406,
       43.5651186877151
      ],
      [
       -79.5619620970299,
       43.5651778097478
      ],
      [
       -79.5619750836236,
       43.5652500055428
      ],
      [
       -79.5619779294054,
       43.5653580899692
      ],
      [
       -79.5619673602167,
       43.5654119813164
      ],
      [
       -79.5619296050038,
       43.5654700326697
      ],
      [
       -79.561866318141,
       43.5655277627902
      ],
      [
       -79.5618131961558,
       43.5655811187422
      ],
      [
       -79.5617702630759,
       43.5656616150227
      ],
      [
       -79.5617013458425,
       43.5657282782584
      ],
      [
       -79.5616442479869,
       43.5657860861276
      ],
      [
       -79.5615870429075,
       43.5658483946439
      ],
      [
       -79.5615391219761,
       43.5659108199649
      ],
      [
       -79.5615098527676,
       43.5659374637845
      ],
      [
       -79.5614579561101,
       43.5660043410633
      ],
      [
       -79.5614183074635,
       43.5660443603102
      ],
      [
       -79.5613500321944,
       43.5660840192556
      ],
      [
       -79.5612587603685,
       43.5661143846612
      ],
      [
       -79.5611659410688,
       43.5661447305148
      ],
      [
       -79.5610835247571,
       43.5661932153494
      ],
      [
       -79.5609742669485,
       43.5662638723414
      ],
      [
       -79.5608740788768,
       43.5663436474668
      ],
      [
       -79.5607872577097,
       43.5664145867537
      ],
      [
       -79.5607107087491,
       43.566476651266
      ],
      [
       -79.5606363735336,
       43.566543245627
      ],
      [
       -79.5605767384066,
       43.5666100250528
      ],
      [
       -79.5605385523111,
       43.5666860786057
      ],
      [
       -79.5604990564266,
       43.5667846257743
      ],
      [
       -79.5604794622347,
       43.5668924276108
      ],
      [
       -79.5604518093351,
       43.5670136340268
      ],
      [
       -79.5604495580727,
       43.5671081481915
      ],
      [
       -79.5604669710331,
       43.5671894039268
      ],
      [
       -79.5604866818568,
       43.5672391744252
      ],
      [
       -79.5605178911061,
       43.5672935917466
      ],
      [
       -79.560563348723,
       43.5673346824135
      ],
      [
       -79.5606393259351,
       43.56739416547
      ],
      [
       -79.5607136252804,
       43.5674266152028
      ],
      [
       -79.5607880318857,
       43.5674545642134
      ],
      [
       -79.5608835430429,
       43.5674737748348
      ],
      [
       -79.5609761737579,
       43.5674839450653
      ],
      [
       -79.5610629363109,
       43.567480535277
      ],
      [
       -79.5611395334879,
       43.5674814994884
      ],
      [
       -79.5612405442282,
       43.5674647628437
      ],
      [
       -79.5613088211513,
       43.5674251039958
      ],
      [
       -79.561374776862,
       43.5673854158927
      ],
      [
       -79.5614458032496,
       43.5673277834681
      ],
      [
       -79.5614970583406,
       43.5672879102843
      ],
      [
       -79.5615563479312,
       43.5672031179385
      ],
      [
       -79.5616404791058,
       43.5670826219561
      ],
      [
       -79.5617502252648,
       43.566926432011
      ],
      [
       -79.5618574355541,
       43.5667792141006
      ],
      [
       -79.5619825474622,
       43.5666277192704
      ],
      [
       -79.5620323371735,
       43.5665518112046
      ],
      [
       -79.5620686526792,
       43.5664892396924
      ],
      [
       -79.5621027540987,
       43.5664221382911
      ],
      [
       -79.562113347526,
       43.5663997614222
      ],
      [
       -79.5621258095625,
       43.5663639019817
      ],
      [
       -79.5621472346953,
       43.5663416613619
      ],
      [
       -79.5621853356779,
       43.5663016223962
      ],
      [
       -79.5622316260374,
       43.5662751925011
      ],
      [
       -79.5623101730972,
       43.5662266581725
      ],
      [
       -79.5623975761238,
       43.5661962432704
      ],
      [
       -79.562398563926,
       43.5661872516428
      ],
      [
       -79.5623726865994,
       43.5661689180867
      ],
      [
       -79.5623567602302,
       43.5661552117045
      ],
      [
       -79.5623240267614,
       43.5661322898815
      ],
      [
       -79.5623444639293,
       43.5661190408486
      ],
      [
       -79.5624403433345,
       43.5661877770822
      ],
      [
       -79.5624967985457,
       43.5661569728896
      ],
      [
       -79.5625438623519,
       43.5661305525938
      ],
      [
       -79.5625787611312,
       43.5660949752514
      ],
      [
       -79.5625936509384,
       43.5660546442616
      ],
      [
       -79.5626233478838,
       43.5660099974407
      ],
      [
       -79.562636023605,
       43.5659651365775
      ],
      [
       -79.5626576624763,
       43.5659338944965
      ],
      [
       -79.5626561150971,
       43.5659338750391
      ],
      [
       -79.5626600905793,
       43.5659294230028
      ],
      [
       -79.5626893592844,
       43.5659027788815
      ],
      [
       -79.562765477401,
       43.5658587157196
      ],
      [
       -79.5628533077484,
       43.5658102977358
      ],
      [
       -79.5629411379558,
       43.5657618796822
      ],
      [
       -79.5631071927151,
       43.5656784287009
      ],
      [
       -79.5631615400458,
       43.5656385936272
      ],
      [
       -79.5631724786445,
       43.5656342290991
      ],
      [
       -79.5633067046721,
       43.5655548797624
      ],
      [
       -79.5633744183554,
       43.5655062085315
      ],
      [
       -79.5633979498194,
       43.5654929981978
      ],
      [
       -79.5634578195511,
       43.5654487303604
      ],
      [
       -79.5635265206125,
       43.5653910673947
      ],
      [
       -79.5635448501517,
       43.5653687876063
      ],
      [
       -79.5635614183827,
       43.5653554897337
      ],
      [
       -79.563585698489,
       43.5653107745852
      ],
      [
       -79.5636063240745,
       43.5652570094556
      ],
      [
       -79.5636155583345,
       43.5651940971261
      ],
      [
       -79.5636193768162,
       43.5651311167405
      ],
      [
       -79.5636133513834,
       43.5650590086028
      ],
      [
       -79.5635929719175,
       43.5650047281946
      ],
      [
       -79.563578567981,
       43.564959526926
      ],
      [
       -79.5635629376012,
       43.5649008041637
      ],
      [
       -79.5635589123892,
       43.5648422272359
      ],
      [
       -79.5635410679948,
       43.5647789746205
      ],
      [
       -79.5635271989727,
       43.5647112699328
      ],
      [
       -79.5635025234588,
       43.5646749436247
      ],
      [
       -79.5634623496228,
       43.5646069083523
      ],
      [
       -79.563399418466,
       43.5645520931358
      ],
      [
       -79.5633277630789,
       43.5645061722874
      ],
      [
       -79.5632306836467,
       43.5644554298054
      ],
      [
       -79.5631262956522,
       43.5643865872628
      ],
      [
       -79.5630679000466,
       43.5643363309024
      ],
      [
       -79.5630301795895,
       43.5642953384777
      ],
      [
       -79.5629851505162,
       43.5642362460522
      ],
      [
       -79.5629267551719,
       43.5641859896222
      ],
      [
       -79.5628772158785,
       43.5641538526127
      ],
      [
       -79.562805561361,
       43.564107931446
      ],
      [
       -79.5627394296336,
       43.5640575776489
      ],
      [
       -79.5626278413859,
       43.5639661339787
      ],
      [
       -79.5625407966262,
       43.5638840028999
      ],
      [
       -79.5624200320966,
       43.5637879416019
      ],
      [
       -79.5623145270624,
       43.5637010761554
      ],
      [
       -79.5622486103006,
       43.5636417207211
      ],
      [
       -79.5622051297885,
       43.5635826474614
      ],
      [
       -79.5621710645515,
       43.5635507047807
      ],
      [
       -79.562135023776,
       43.563536745349
      ],
      [
       -79.5620868427995,
       43.5635451433274
      ],
      [
       -79.562018892045,
       43.5635713006934
      ],
      [
       -79.5619669498069,
       43.5635751492773
      ],
      [
       -79.5618764316874,
       43.5635740104851
      ],
      [
       -79.5617710829414,
       43.5635456728573
      ],
      [
       -79.5616774462696,
       43.5635129804781
      ],
      [
       -79.5615570529988,
       43.5634664452378
      ],
      [
       -79.5614139857942,
       43.5633971143785
      ],
      [
       -79.5612861777822,
       43.5633369794535
      ],
      [
       -79.5611588222734,
       43.5632903561637
      ],
      [
       -79.5610039368408,
       43.5632298800827
      ],
      [
       -79.5609409257883,
       43.563211078719
      ],
      [
       -79.5608147966418,
       43.5631779765671
      ],
      [
       -79.5607474652829,
       43.5631456146192
      ],
      [
       -79.560696618509,
       43.5631359703366
      ],
      [
       -79.5606367022651,
       43.5631172077734
      ],
      [
       -79.5605825231623,
       43.5630850113414
      ],
      [
       -79.5605225836318,
       43.5630347342321
      ],
      [
       -79.5605074087815,
       43.5629895228573
      ],
      [
       -79.5605144320837,
       43.5629220808881
      ],
      [
       -79.5605705402207,
       43.5628732651463
      ],
      [
       -79.5606720557684,
       43.562802511005
      ],
      [
       -79.5609460237868,
       43.5626393853798
      ],
      [
       -79.5611085257137,
       43.5625423864406
      ],
      [
       -79.5612488294444,
       43.5624676180089
      ],
      [
       -79.5614171743864,
       43.5623526840581
      ],
      [
       -79.5615574533749,
       43.5622464007347
      ],
      [
       -79.5617257971147,
       43.5621314663082
      ],
      [
       -79.5618051957663,
       43.5620469267744
      ],
      [
       -79.5619071367862,
       43.5619581687613
      ],
      [
       -79.5619916292085,
       43.5618871992649
      ],
      [
       -79.5620532577117,
       43.5618339502021
      ],
      [
       -79.5621417734947,
       43.5618215575779
      ],
      [
       -79.5622410373924,
       43.5618453163045
      ],
      [
       -79.5623279475015,
       43.5619004337695
      ],
      [
       -79.5624034916365,
       43.5619779183665
      ],
      [
       -79.5624348314543,
       43.5620593490233
      ],
      [
       -79.5624704094638,
       43.5621903552828
      ],
      [
       -79.5625007617673,
       43.5622807775567
      ],
      [
       -79.5625434924614,
       43.5623713554846
      ],
      [
       -79.5625851285547,
       43.5624754257154
      ],
      [
       -79.5626532002863,
       43.5626068405135
      ],
      [
       -79.562728531669,
       43.5626933262693
      ],
      [
       -79.5628298954707,
       43.5628566737551
      ],
      [
       -79.5629105359667,
       43.5629477281666
      ],
      [
       -79.5630067814232,
       43.5630659908631
      ],
      [
       -79.5630936116934,
       43.5631571229565
      ],
      [
       -79.5631739320226,
       43.5632616792371
      ],
      [
       -79.5632763429356,
       43.5633485050071
      ],
      [
       -79.5633570917222,
       43.5634350584314
      ],
      [
       -79.5634762027942,
       43.5635355999938
      ],
      [
       -79.5635737587253,
       43.5636313685358
      ],
      [
       -79.5636982861743,
       43.5637319779284
      ],
      [
       -79.5637195209149,
       43.5637502528564
      ],
      [
       -79.5638589623283,
       43.5638420454123
      ],
      [
       -79.5639398195325,
       43.5639240977547
      ],
      [
       -79.5640380183666,
       43.5639928618095
      ],
      [
       -79.5640598131209,
       43.5640201477632
      ],
      [
       -79.5641466210836,
       43.5640797645755
      ],
      [
       -79.564227799726,
       43.5641483146681
      ],
      [
       -79.5643152748021,
       43.5642124417581
      ],
      [
       -79.5643875973828,
       43.5642628723964
      ],
      [
       -79.5644232115386,
       43.5642948338675
      ],
      [
       -79.5645076483751,
       43.5642913922465
      ],
      [
       -79.564566635541,
       43.5642516147602
      ],
      [
       -79.5645846182146,
       43.5642113223355
      ],
      [
       -79.5645854732902,
       43.564175316856
      ],
      [
       -79.5645709619042,
       43.5641346163835
      ],
      [
       -79.5645794467686,
       43.5641032087427
      ],
      [
       -79.564606153481,
       43.5640540218114
      ],
      [
       -79.5646796262425,
       43.564023430219
      ],
      [
       -79.5647626222287,
       43.5640154682892
      ],
      [
       -79.5648478323275,
       43.5640120361251
      ],
      [
       -79.5649941620112,
       43.5640093712053
      ],
      [
       -79.5651065572385,
       43.564001778098
      ],
      [
       -79.565195289321,
       43.5639803817766
      ],
      [
       -79.565299387816,
       43.5639636802824
      ],
      [
       -79.5654684481837,
       43.5639162797773
      ],
      [
       -79.5655988250838,
       43.5638683936028
      ],
      [
       -79.5657190373551,
       43.5638248817653
      ],
      [
       -79.5658352743504,
       43.5637858219523
      ],
      [
       -79.5659566870774,
       43.5637243168147
      ],
      [
       -79.5659979852989,
       43.5636798146379
      ],
      [
       -79.5660579318509,
       43.5635995301618
      ],
      [
       -79.5662795480635,
       43.5633592005342
      ],
      [
       -79.5663104679906,
       43.5633280741529
      ],
      [
       -79.5663448291705,
       43.5633149990357
      ],
      [
       -79.5663859397561,
       43.5633110126135
      ],
      [
       -79.5664195536984,
       43.5633294422978
      ],
      [
       -79.5664455378264,
       43.5633432742574
      ],
      [
       -79.5664836605348,
       43.5633347483005
      ],
      [
       -79.5664987869847,
       43.5633169298867
      ],
      [
       -79.5665214365234,
       43.5633082098707
      ],
      [
       -79.5665860504762,
       43.5632594978392
      ],
      [
       -79.566629668882,
       43.5632150245246
      ],
      [
       -79.5666707528057,
       43.5631795234687
      ],
      [
       -79.5667299509145,
       43.5631307434437
      ],
      [
       -79.5667833865581,
       43.5630638830235
      ],
      [
       -79.5668367153699,
       43.5630015232662
      ],
      [
       -79.5669007417998,
       43.5629122854324
      ],
      [
       -79.5669486280657,
       43.5628183431877
      ],
      [
       -79.5669893379296,
       43.5627333150118
      ],
      [
       -79.5670385310385,
       43.5626168789666
      ],
      [
       -79.5670679560007,
       43.5625182032054
      ],
      [
       -79.567083135157,
       43.5624328549418
      ],
      [
       -79.5670925786783,
       43.5623609408621
      ],
      [
       -79.5671138402198,
       43.5622801708668
      ],
      [
       -79.5671035158323,
       43.5622260171004
      ],
      [
       -79.5670890031756,
       43.5621853169171
      ],
      [
       -79.5670709424002,
       43.5621310661667
      ],
      [
       -79.5670857214883,
       43.5620952352008
      ],
      [
       -79.5671138658406,
       43.5620505677138
      ],
      [
       -79.5671715950153,
       43.5619657528028
      ],
      [
       -79.5672502122859,
       43.5618811996777
      ],
      [
       -79.5672929219553,
       43.5618097025325
      ],
      [
       -79.5673384060606,
       43.5617517462312
      ],
      [
       -79.5673706315822,
       43.5616981257701
      ],
      [
       -79.5673873843197,
       43.5616443113809
      ],
      [
       -79.5673960806735,
       43.5616039021074
      ],
      [
       -79.5674438584233,
       43.5615144603019
      ],
      [
       -79.5675176992141,
       43.561402834947
      ],
      [
       -79.5675622754378,
       43.5613178549972
      ],
      [
       -79.5676193633769,
       43.5612600439902
      ],
      [
       -79.5676476135785,
       43.5612108756612
      ],
      [
       -79.5676937367318,
       43.561125915041
      ],
      [
       -79.5676938433734,
       43.5611214143475
      ],
      [
       -79.5676993654225,
       43.5611169815103
      ],
      [
       -79.5677347914276,
       43.5610588990128
      ],
      [
       -79.5677661359509,
       43.5610097694241
      ],
      [
       -79.567768670107,
       43.5610007971164
      ],
      [
       -79.56783181272,
       43.5609160496826
      ],
      [
       -79.5679216576725,
       43.5607821144193
      ],
      [
       -79.5679857866976,
       43.5606883751947
      ],
      [
       -79.5680278276155,
       43.5606123673503
      ],
      [
       -79.5680417255081,
       43.5605810272417
      ],
      [
       -79.5680664541012,
       43.5605498228076
      ],
      [
       -79.5681251672985,
       43.5604560156564
      ],
      [
       -79.5681873220033,
       43.5603802597028
      ],
      [
       -79.5682254151754,
       43.5603402185752
      ],
      [
       -79.5682543040189,
       43.5602640459042
      ],
      [
       -79.5682658808543,
       43.5602326766942
      ],
      [
       -79.5682145539889,
       43.5601780094364
      ],
      [
       -79.5682453646658,
       43.5601513831737
      ],
      [
       -79.5683154715582,
       43.5601972815745
      ],
      [
       -79.5683691434677,
       43.5601529334863
      ],
      [
       -79.5684076902367,
       43.5601264040686
      ],
      [
       -79.5684611488542,
       43.5600910573264
      ],
      [
       -79.5685343741182,
       43.5600379499733
      ],
      [
       -79.5685922335147,
       43.559980148126
      ],
      [
       -79.5686422500865,
       43.5599267500724
      ],
      [
       -79.5686844238652,
       43.5598777558234
      ],
      [
       -79.5688003550574,
       43.5597531505406
      ],
      [
       -79.5688430890951,
       43.5597131673078
      ],
      [
       -79.5688662696888,
       43.5596819433139
      ],
      [
       -79.5688785131523,
       43.5596550844153
      ],
      [
       -79.568886328033,
       43.5596191660085
      ],
      [
       -79.5689064141253,
       43.5595879032634
      ],
      [
       -79.5689869204913,
       43.5595213806776
      ],
      [
       -79.5692208089728,
       43.5593172150319
      ],
      [
       -79.5693525296126,
       43.5591793007134
      ],
      [
       -79.5694637380311,
       43.559090651882
      ],
      [
       -79.5698510808039,
       43.5587128260254
      ],
      [
       -79.5698686323492,
       43.5586905354583
      ],
      [
       -79.5698932527418,
       43.5586638312949
      ],
      [
       -79.5699462549882,
       43.5586149720413
      ],
      [
       -79.5699968298945,
       43.5585705844283
      ],
      [
       -79.5700245445709,
       43.5585439189455
      ],
      [
       -79.5700542606457,
       43.5585307845881
      ],
      [
       -79.5700771207874,
       43.558513062428
      ],
      [
       -79.5701399381584,
       43.5584418157034
      ],
      [
       -79.5702341249638,
       43.558352953187
      ],
      [
       -79.5703291915197,
       43.5582595995624
      ],
      [
       -79.5703664018931,
       43.5582240486941
      ],
      [
       -79.5703654932975,
       43.5581970251374
      ],
      [
       -79.5703558623162,
       43.5581788965554
      ],
      [
       -79.5703868838832,
       43.558143268277
      ],
      [
       -79.5704301764596,
       43.5581122954869
      ],
      [
       -79.5704660809701,
       43.558099238415
      ],
      [
       -79.5704869679536,
       43.5580994996242
      ],
      [
       -79.5704877415456,
       43.5580995092985
      ],
      [
       -79.5705103885548,
       43.5580907884493
      ],
      [
       -79.5705523466827,
       43.5580507948599
      ],
      [
       -79.5708276211183,
       43.5577976210338
      ],
      [
       -79.5709464543007,
       43.5577135680956
      ],
      [
       -79.5709860911158,
       43.5576735453234
      ],
      [
       -79.5710225271524,
       43.5576379845566
      ],
      [
       -79.5710598431097,
       43.557597932745
      ],
      [
       -79.5710865705296,
       43.557580258723
      ],
      [
       -79.5711558161368,
       43.5575316019457
      ],
      [
       -79.5712236208291,
       43.5574784250826
      ],
      [
       -79.5712656844184,
       43.5574339305115
      ],
      [
       -79.571302893728,
       43.5573983793185
      ],
      [
       -79.5713629623144,
       43.5573451056806
      ],
      [
       -79.5714190565346,
       43.5572962843736
      ],
      [
       -79.5714880888586,
       43.5572566287922
      ],
      [
       -79.5715303939705,
       43.5572346473049
      ],
      [
       -79.5715898241712,
       43.5572083777664
      ],
      [
       -79.5716607224397,
       43.5571552392976
      ],
      [
       -79.571749625565,
       43.5570933216841
      ],
      [
       -79.5718462642961,
       43.5570315006482
      ],
      [
       -79.5719399148281,
       43.5569651401648
      ],
      [
       -79.5720343387316,
       43.5568987892647
      ],
      [
       -79.5721501036836,
       43.5568462109622
      ],
      [
       -79.5722221230334,
       43.5568110942779
      ],
      [
       -79.5722892882795,
       43.5567849209873
      ],
      [
       -79.572450026426,
       43.5567284020496
      ],
      [
       -79.5725475734292,
       43.5566936039591
      ],
      [
       -79.5726281016876,
       43.5566585932737
      ],
      [
       -79.5726889717481,
       43.5566368431726
      ],
      [
       -79.5727305322456,
       43.5566463661749
      ],
      [
       -79.5727372819138,
       43.5566554545187
      ],
      [
       -79.5727564087744,
       43.5566646974026
      ],
      [
       -79.5727732149172,
       43.5566739113075
      ],
      [
       -79.5728909808179,
       43.556634863335
      ],
      [
       -79.5729447823652,
       43.5566175268827
      ],
      [
       -79.5729576144216,
       43.5566311931808
      ],
      [
       -79.5729651376969,
       43.556640291169
      ],
      [
       -79.5731482022608,
       43.5565885520014
      ],
      [
       -79.5732322792694,
       43.5565670912868
      ],
      [
       -79.5732900547358,
       43.5565453022389
      ],
      [
       -79.5733364389783,
       43.5565143669236
      ],
      [
       -79.5733734642651,
       43.5565193310555
      ],
      [
       -79.5734478334466,
       43.5565157571583
      ],
      [
       -79.5735225211924,
       43.5564986810869
      ],
      [
       -79.573617852695,
       43.5564593523986
      ],
      [
       -79.5736164117343,
       43.5564548323841
      ],
      [
       -79.5736202795943,
       43.5564548806485
      ],
      [
       -79.5737009131066,
       43.5564153684837
      ],
      [
       -79.5737782398879,
       43.5563848190718
      ],
      [
       -79.573864743277,
       43.5563588861301
      ],
      [
       -79.5739623950528,
       43.556319586101
      ],
      [
       -79.5740677824023,
       43.5562803824845
      ],
      [
       -79.5741382528481,
       43.5562452452651
      ],
      [
       -79.5741885042769,
       43.5562143578396
      ],
      [
       -79.5742786321932,
       43.5561659596228
      ],
      [
       -79.5743726278058,
       43.5561176095711
      ],
      [
       -79.5744361357794,
       43.5560823853324
      ],
      [
       -79.5745110041952,
       43.5560247925579
      ],
      [
       -79.5745688540143,
       43.5559669875134
      ],
      [
       -79.5746420689243,
       43.5559138760666
      ],
      [
       -79.5746660186101,
       43.5558826604605
      ],
      [
       -79.5747005859751,
       43.5558605813083
      ],
      [
       -79.574746332394,
       43.5558566496687
      ],
      [
       -79.574790531678,
       43.555852698721
      ],
      [
       -79.5748105382679,
       43.5558574501965
      ],
      [
       -79.5748352923404,
       43.5558577588241
      ],
      [
       -79.5748809326628,
       43.5558583278422
      ],
      [
       -79.5749074460363,
       43.555849654319
      ],
      [
       -79.5749269973211,
       43.5558408939946
      ],
      [
       -79.5754139559261,
       43.5555678376501
      ],
      [
       -79.5754276679381,
       43.5555770126055
      ],
      [
       -79.5754460213234,
       43.5555862454015
      ],
      [
       -79.5754776313038,
       43.5555911413645
      ],
      [
       -79.5755142007764,
       43.5555825930187
      ],
      [
       -79.5755501027138,
       43.5555695343081
      ],
      [
       -79.5755930727195,
       43.5555520616269
      ],
      [
       -79.5756458869345,
       43.5555437156635
      ],
      [
       -79.5756943778459,
       43.5555218097027
      ],
      [
       -79.5757288386109,
       43.5555042309438
      ],
      [
       -79.5757572168938,
       43.5554820743547
      ],
      [
       -79.5757886893958,
       43.5554599563104
      ],
      [
       -79.5757904485517,
       43.5554509741586
      ],
      [
       -79.5757905545696,
       43.5554464734448
      ],
      [
       -79.5757882338901,
       43.5554464445308
      ],
      [
       -79.5758134118696,
       43.5554287500887
      ],
      [
       -79.5759004430947,
       43.555380312001
      ],
      [
       -79.5759472806607,
       43.555362887369
      ],
      [
       -79.5759816352591,
       43.5553498092454
      ],
      [
       -79.5760283352186,
       43.5553053706564
      ],
      [
       -79.5760773557818,
       43.5552609609551
      ],
      [
       -79.5761321091465,
       43.5552031165369
      ],
      [
       -79.5761328827034,
       43.5552031261726
      ],
      [
       -79.5762104930313,
       43.5551275582862
      ],
      [
       -79.5762067312375,
       43.5551230093957
      ],
      [
       -79.5762069432089,
       43.5551140079659
      ],
      [
       -79.576213343625,
       43.5551050836167
      ],
      [
       -79.5762384153545,
       43.5550918897913
      ],
      [
       -79.5762606364995,
       43.5551011706314
      ],
      [
       -79.5763003314965,
       43.5551241752071
      ],
      [
       -79.5763056404094,
       43.5551287433635
      ],
      [
       -79.5763301822467,
       43.5551380530936
      ],
      [
       -79.5763629895243,
       43.5551249555834
      ],
      [
       -79.5764400696253,
       43.5550718911116
      ],
      [
       -79.576474286192,
       43.5550317989091
      ],
      [
       -79.5765447219694,
       43.5549651455162
      ],
      [
       -79.5765917390854,
       43.5549072045369
      ],
      [
       -79.5766403032153,
       43.5548492828006
      ],
      [
       -79.576700682423,
       43.554782504086
      ],
      [
       -79.5767014559746,
       43.5547825137177
      ],
      [
       -79.5767064151263,
       43.5547690693594
      ],
      [
       -79.5766703760569,
       43.5547551145163
      ],
      [
       -79.576655328835,
       43.5547369190125
      ],
      [
       -79.5766696765532,
       43.5547190895233
      ],
      [
       -79.5767092335926,
       43.5547150800281
      ],
      [
       -79.5767523405501,
       43.5547246208249
      ],
      [
       -79.5767921414359,
       43.5547431245141
      ],
      [
       -79.5767966768026,
       43.5547476830169
      ],
      [
       -79.5768127095001,
       43.5547568867009
      ],
      [
       -79.5768522985532,
       43.5547843918024
      ],
      [
       -79.5768875641314,
       43.5547983369584
      ],
      [
       -79.5769306711778,
       43.554807877689
      ],
      [
       -79.5769724429891,
       43.5548083977105
      ],
      [
       -79.5769933288951,
       43.5548086577154
      ],
      [
       -79.5770126676972,
       43.5548088984574
      ],
      [
       -79.5770680135783,
       43.5547915792793
      ],
      [
       -79.5771614752879,
       43.5547657304474
      ],
      [
       -79.577292173285,
       43.5547358429567
      ],
      [
       -79.5774277242485,
       43.5546970116401
      ],
      [
       -79.5775251593031,
       43.5546667099224
      ],
      [
       -79.5776264620122,
       43.5546364562473
      ],
      [
       -79.5777279763631,
       43.5545972010442
      ],
      [
       -79.5778138078727,
       43.554566754704
      ],
      [
       -79.5779094511681,
       43.5545139201867
      ],
      [
       -79.5780552364422,
       43.5544346971231
      ],
      [
       -79.5782805253241,
       43.5542979362562
      ],
      [
       -79.5784000090658,
       43.5542183856213
      ],
      [
       -79.5786059577836,
       43.554081383582
      ],
      [
       -79.5786329988655,
       43.5540502055714
      ],
      [
       -79.5786415806988,
       43.5540142959919
      ],
      [
       -79.5786804364577,
       43.5539742608038
      ],
      [
       -79.5787266044044,
       43.5539523246637
      ],
      [
       -79.5787870464481,
       43.5539485741205
      ],
      [
       -79.5788403150397,
       43.5539537384336
      ],
      [
       -79.5788808896242,
       43.5539722510168
      ],
      [
       -79.5789065553696,
       43.5539995823125
      ],
      [
       -79.5789305682736,
       43.5540313950908
      ],
      [
       -79.5789298278203,
       43.5540629001385
      ],
      [
       -79.5789234610012,
       43.5541033393124
      ],
      [
       -79.578900605108,
       43.5541210633139
      ],
      [
       -79.5788935374307,
       43.5541254774842
      ],
      [
       -79.578880843378,
       43.5541388257781
      ],
      [
       -79.5788858350562,
       43.5541568959797
      ],
      [
       -79.5788889292337,
       43.554156934447
      ],
      [
       -79.5789071769554,
       43.5541706674117
      ],
      [
       -79.5789216627419,
       43.5541798515697
      ],
      [
       -79.5789278510994,
       43.5541799285022
      ],
      [
       -79.5789308394986,
       43.5541844676894
      ],
      [
       -79.5789499665613,
       43.5541937095429
      ],
      [
       -79.5790022502907,
       43.5542078656093
      ],
      [
       -79.5791163844831,
       43.5541912762262
      ],
      [
       -79.579267086727,
       43.5541661371605
      ],
      [
       -79.5793394493748,
       43.5541490283757
      ],
      [
       -79.579397782442,
       43.5541362472267
      ],
      [
       -79.5794555534215,
       43.5541144549906
      ],
      [
       -79.5795074532185,
       43.5540790836572
      ],
      [
       -79.5795363915338,
       43.5540659371533
      ],
      [
       -79.5795597035692,
       43.5540617248008
      ],
      [
       -79.5795822420582,
       43.5540575028315
      ],
      [
       -79.5795937394787,
       43.5540621477347
      ],
      [
       -79.5797188137894,
       43.5539421468562
      ],
      [
       -79.5797027808516,
       43.5539329435755
      ],
      [
       -79.5797207502488,
       43.5538926485171
      ],
      [
       -79.5797438172535,
       43.5538659229007
      ],
      [
       -79.5797762724402,
       43.5538348118857
      ],
      [
       -79.5798234248566,
       43.5538038834598
      ],
      [
       -79.5798594305411,
       43.5537863226411
      ],
      [
       -79.5798816517857,
       43.5537956027803
      ],
      [
       -79.5804013855397,
       43.5533113364829
      ],
      [
       -79.5804536010813,
       43.5532624625241
      ],
      [
       -79.5809012445875,
       43.552849331225
      ],
      [
       -79.5809431922126,
       43.5528093336406
      ],
      [
       -79.5809343323799,
       43.5527912155042
      ],
      [
       -79.5809363019355,
       43.5527732318056
      ],
      [
       -79.5809576096684,
       43.5527554881726
      ],
      [
       -79.5809644316228,
       43.5527285606363
      ],
      [
       -79.5809627447798,
       43.552701527472
      ],
      [
       -79.5809628162355,
       43.5526655120602
      ],
      [
       -79.5809747018171,
       43.5526206392329
      ],
      [
       -79.5809875721461,
       43.5525667745535
      ],
      [
       -79.5809963635913,
       43.5525218633132
      ],
      [
       -79.5810112375931,
       43.5524815296156
      ],
      [
       -79.5810199233892,
       43.552441119099
      ],
      [
       -79.5810166894804,
       43.5524140667297
      ],
      [
       -79.5809890197149,
       43.5523732049104
      ],
      [
       -79.5803982383372,
       43.5520282167683
      ],
      [
       -79.5792735458473,
       43.5513884605465
      ],
      [
       -79.5783410483371,
       43.5508681366819
      ],
      [
       -79.577108045924,
       43.550163983453
      ],
      [
       -79.5759341006516,
       43.5494830628148
      ],
      [
       -79.5747123325885,
       43.5487970317632
      ],
      [
       -79.5746011026334,
       43.5487236121966
      ],
      [
       -79.5745680245572,
       43.5486826813664
      ],
      [
       -79.574588528285,
       43.5486334146061
      ],
      [
       -79.5746157810637,
       43.5485932360781
      ],
      [
       -79.5746615971166,
       43.5485532890104
      ],
      [
       -79.5747185908827,
       43.5485314894532
      ],
      [
       -79.5747676377639,
       43.548518594865
      ],
      [
       -79.5748094051923,
       43.5485191156171
      ],
      [
       -79.5748138028714,
       43.5484966602469
      ],
      [
       -79.5748142271306,
       43.5484786573771
      ],
      [
       -79.5748296655131,
       43.5484473355778
      ],
      [
       -79.574872493496,
       43.5484028491305
      ],
      [
       -79.5749370845996,
       43.5483541319409
      ],
      [
       -79.5750026611675,
       43.5482964229191
      ],
      [
       -79.5750484767388,
       43.5482564756877
      ],
      [
       -79.5762264478198,
       43.5474832966803
      ],
      [
       -79.5762679708661,
       43.5474613036508
      ],
      [
       -79.5763060822022,
       43.5474527742371
      ],
      [
       -79.5764228743307,
       43.5474542287763
      ],
      [
       -79.5764251206329,
       43.5474902730767
      ],
      [
       -79.5764174179154,
       43.5475216914353
      ],
      [
       -79.5764128090259,
       43.5475531483228
      ],
      [
       -79.5764007833663,
       43.5475710067213
      ],
      [
       -79.576366115481,
       43.5475975872141
      ],
      [
       -79.5751243264302,
       43.548419494615
      ],
      [
       -79.575047359878,
       43.5484680576429
      ],
      [
       -79.5749981009925,
       43.5484899537884
      ],
      [
       -79.5749597767177,
       43.5485074841884
      ],
      [
       -79.5749144911818,
       43.548524927791
      ],
      [
       -79.5748801402774,
       43.5485380056595
      ],
      [
       -79.5748498688396,
       43.5485421302983
      ],
      [
       -79.57483527895,
       43.5485374463601
      ],
      [
       -79.5748349607597,
       43.5485509485124
      ],
      [
       -79.5748306691478,
       43.5485689031658
      ],
      [
       -79.5747850653275,
       43.5485998488679
      ],
      [
       -79.574750184003,
       43.5486354302825
      ],
      [
       -79.5747339720562,
       43.5486667424248
      ],
      [
       -79.5747334416989,
       43.5486892460105
      ],
      [
       -79.5747630768016,
       43.5487121257069
      ],
      [
       -79.5762453165176,
       43.549540963956
      ],
      [
       -79.5774413801714,
       43.550235662772
      ],
      [
       -79.5786219683973,
       43.5508986423301
      ],
      [
       -79.5797770567628,
       43.5515612928375
      ],
      [
       -79.5808362914583,
       43.5521552110765
      ],
      [
       -79.5808378384972,
       43.5521552302831
      ],
      [
       -79.5808979959025,
       43.5521964954628
      ],
      [
       -79.5809508406726,
       43.5522196616809
      ],
      [
       -79.5810116319247,
       43.5522339224431
      ],
      [
       -79.5810420446688,
       43.5522568101565
      ],
      [
       -79.5810621904338,
       43.5522885744927
      ],
      [
       -79.5810795589713,
       43.5523067982389
      ],
      [
       -79.5811184805168,
       43.5523297915504
      ],
      [
       -79.5811635902685,
       43.552352861658
      ],
      [
       -79.5812133411892,
       43.5523759893529
      ],
      [
       -79.581249485541,
       43.5523854420371
      ],
      [
       -79.5812889351896,
       43.552385931657
      ],
      [
       -79.5813292639563,
       43.5523819301363
      ],
      [
       -79.5813798596911,
       43.5523690519426
      ],
      [
       -79.5814095703055,
       43.5523559145433
      ],
      [
       -79.581453661071,
       43.5523564617026
      ],
      [
       -79.5815211686648,
       43.5523482953529
      ],
      [
       -79.5815737681705,
       43.552348948051
      ],
      [
       -79.5816327669988,
       43.5523406760531
      ],
      [
       -79.5816897964982,
       43.5523503877407
      ],
      [
       -79.5817437319271,
       43.5523600610115
      ],
      [
       -79.5817759031832,
       43.5523739662723
      ],
      [
       -79.5818228769438,
       43.5523835531333
      ],
      [
       -79.5818648582782,
       43.5523750698882
      ],
      [
       -79.5819058203131,
       43.5523440637941
      ],
      [
       -79.5819855292376,
       43.5522775220446
      ],
      [
       -79.5820584873802,
       43.5522018924241
      ],
      [
       -79.5821061650372,
       43.5521484593705
      ],
      [
       -79.5822751805349,
       43.5520019884507
      ],
      [
       -79.5823069654148,
       43.5519663663527
      ],
      [
       -79.5823161072236,
       43.5519394675025
      ],
      [
       -79.5823080206143,
       43.5519213590592
      ],
      [
       -79.5823057000636,
       43.5519213302793
      ],
      [
       -79.5822553866129,
       43.5518891920053
      ],
      [
       -79.5822404787499,
       43.5518980111839
      ],
      [
       -79.5821945953947,
       43.5518749319045
      ],
      [
       -79.5822317948638,
       43.5518393769844
      ],
      [
       -79.5820722407973,
       43.5517473571892
      ],
      [
       -79.5820967474255,
       43.5517251509814
      ],
      [
       -79.5822563014724,
       43.5518171707425
      ],
      [
       -79.5823299267073,
       43.5517460512535
      ],
      [
       -79.5823363258591,
       43.5517371265391
      ],
      [
       -79.5823263756873,
       43.5517325010993
      ],
      [
       -79.5821859485279,
       43.5516497227481
      ],
      [
       -79.5822102440223,
       43.5516365179733
      ],
      [
       -79.5823476826443,
       43.5517147571934
      ],
      [
       -79.5823523237301,
       43.5517148147511
      ],
      [
       -79.5823918435483,
       43.5516792885542
      ],
      [
       -79.5817215657458,
       43.5512928029714
      ],
      [
       -79.5805183640104,
       43.5506025623855
      ],
      [
       -79.5793485890452,
       43.5499397367571
      ],
      [
       -79.5793188458519,
       43.5499213589473
      ],
      [
       -79.5793044667432,
       43.5499076741211
      ],
      [
       -79.5793051011582,
       43.5498806697704
      ],
      [
       -79.5793125912426,
       43.5498582526636
      ],
      [
       -79.5793473649106,
       43.549827170562
      ],
      [
       -79.5799595734858,
       43.5492585164031
      ],
      [
       -79.5799891771707,
       43.5492498800762
      ],
      [
       -79.5800122759497,
       43.5492546690559
      ],
      [
       -79.5802034655127,
       43.5492840561295
      ],
      [
       -79.5806735997997,
       43.5493619271144
      ],
      [
       -79.5810092203684,
       43.5494021101435
      ],
      [
       -79.5810336550494,
       43.5494159195796
      ],
      [
       -79.5810485624629,
       43.5494071005487
      ],
      [
       -79.5810501094316,
       43.5494071197514
      ],
      [
       -79.5810944435205,
       43.549430180266
      ],
      [
       -79.5811739382089,
       43.5493726404671
      ],
      [
       -79.5810785199396,
       43.5493174316144
      ],
      [
       -79.5810389324406,
       43.549289927974
      ],
      [
       -79.5810174861331,
       43.5492806576746
      ],
      [
       -79.5810129508432,
       43.5492760993363
      ],
      [
       -79.5810024389076,
       43.5492624627268
      ],
      [
       -79.5810051817829,
       43.549244488616
      ],
      [
       -79.5810205115805,
       43.5492176666721
      ],
      [
       -79.5810456511618,
       43.549168456297
      ],
      [
       -79.5810554609519,
       43.5491460678671
      ],
      [
       -79.581057324722,
       43.5491325848822
      ],
      [
       -79.5810375310323,
       43.5491188330605
      ],
      [
       -79.5809395474209,
       43.5490410820458
      ],
      [
       -79.5808718695109,
       43.5489907194262
      ],
      [
       -79.5808545019633,
       43.5489724956522
      ],
      [
       -79.5807545152633,
       43.5488812134891
      ],
      [
       -79.5806739714021,
       43.548785670609
      ],
      [
       -79.5805753925765,
       43.5486673935263
      ],
      [
       -79.5804732636985,
       43.5485355661505
      ],
      [
       -79.5804294247913,
       43.5484584870573
      ],
      [
       -79.5803930376816,
       43.548426520894
      ],
      [
       -79.5803522210879,
       43.5483854956274
      ],
      [
       -79.5803082050117,
       43.5483489326504
      ],
      [
       -79.5802485082672,
       43.5483211789827
      ],
      [
       -79.5801548845725,
       43.548288501844
      ],
      [
       -79.5800617174294,
       43.5482693364213
      ],
      [
       -79.5799374002141,
       43.5482587880358
      ],
      [
       -79.579278966514,
       43.5482596106075
      ],
      [
       -79.5787825052054,
       43.5482489371716
      ],
      [
       -79.5781771967029,
       43.5482279036827
      ],
      [
       -79.57731587087,
       43.5482036809402
      ],
      [
       -79.5770258205032,
       43.5482000706704
      ],
      [
       -79.5765258108091,
       43.548175837138
      ],
      [
       -79.576491884196,
       43.5481709126152
      ],
      [
       -79.5764815853554,
       43.5481482741622
      ],
      [
       -79.5764825388096,
       43.5481077676732
      ],
      [
       -79.5764905912877,
       43.5480943618301
      ],
      [
       -79.5765277176581,
       43.5480948241586
      ],
      [
       -79.5782621797657,
       43.548134417842
      ],
      [
       -79.5794614049021,
       43.5481673350642
      ],
      [
       -79.5797212901622,
       43.5481705643621
      ],
      [
       -79.5799695734421,
       43.5481736489433
      ],
      [
       -79.5801953205163,
       43.5481809551152
      ],
      [
       -79.5802742142942,
       43.548181934994
      ],
      [
       -79.5803119029386,
       43.5481914071577
      ],
      [
       -79.5803262818807,
       43.5482050918586
      ],
      [
       -79.5804436038898,
       43.5481840386677
      ],
      [
       -79.5804829414247,
       43.5482880741039
      ],
      [
       -79.5805296628881,
       43.5483741930544
      ],
      [
       -79.5805727283938,
       43.5484512625068
      ],
      [
       -79.5806158996404,
       43.5485238312148
      ],
      [
       -79.5806677904605,
       43.5485875040914
      ],
      [
       -79.5807620794742,
       43.5487237359966
      ],
      [
       -79.5808542255478,
       43.5488194228556
      ],
      [
       -79.5809458096532,
       43.5489060985825
      ],
      [
       -79.5810345113113,
       43.5489837343746
      ],
      [
       -79.5811340419159,
       43.5490615045105
      ],
      [
       -79.5812344518465,
       43.5491347834328
      ],
      [
       -79.581349663758,
       43.5492037439273
      ],
      [
       -79.5814533792654,
       43.5492680596001
      ],
      [
       -79.5815756585998,
       43.5493326055296
      ],
      [
       -79.5816990283489,
       43.5493836587375
      ],
      [
       -79.5818293596734,
       43.5494347981796
      ],
      [
       -79.5819298418973,
       43.5494720610667
      ],
      [
       -79.5821055982456,
       43.5495327677807
      ],
      [
       -79.5822585723975,
       43.5495751835102
      ],
      [
       -79.5824232545841,
       43.5496132421882
      ],
      [
       -79.5826114580902,
       43.5496380861637
      ],
      [
       -79.5838707003229,
       43.5498517828997
      ],
      [
       -79.5838813541312,
       43.5498924332408
      ],
      [
       -79.5839485425038,
       43.5498977676139
      ],
      [
       -79.5839824707469,
       43.5499026899436
      ],
      [
       -79.5840124261514,
       43.5499120650907
      ],
      [
       -79.5846217721875,
       43.5502572645327
      ],
      [
       -79.5846443089238,
       43.550253041538
      ],
      [
       -79.5846783427648,
       43.5502534629291
      ],
      [
       -79.5847379381544,
       43.5502857150636
      ],
      [
       -79.5847372008228,
       43.5503172202112
      ],
      [
       -79.5842635499059,
       43.5507525548686
      ],
      [
       -79.5842556041383,
       43.550761460538
      ],
      [
       -79.5850464219655,
       43.5512214560549
      ],
      [
       -79.585035276898,
       43.5512348242152
      ],
      [
       -79.5850558457044,
       43.5512485849362
      ],
      [
       -79.5851173052121,
       43.5512673538269
      ],
      [
       -79.5851711349654,
       43.5512815262118
      ],
      [
       -79.5852204289859,
       43.5512911403954
      ],
      [
       -79.585300874012,
       43.5512921360078
      ],
      [
       -79.585381424331,
       43.5512886308278
      ],
      [
       -79.5854503719945,
       43.5512849820128
      ],
      [
       -79.5855258235633,
       43.5512679075191
      ],
      [
       -79.5855789485906,
       43.5512460546807
      ],
      [
       -79.585640124479,
       43.5512107953143
      ],
      [
       -79.5856817520513,
       43.5511842981305
      ],
      [
       -79.5857340667675,
       43.5511309209212
      ],
      [
       -79.5857630709122,
       43.5510817573325
      ],
      [
       -79.5857804724079,
       43.5510324501914
      ],
      [
       -79.5857948851068,
       43.5509786040319
      ],
      [
       -79.5857992422092,
       43.5509246334668
      ],
      [
       -79.5857840511714,
       43.550879425137
      ],
      [
       -79.5857739589111,
       43.5508477860036
      ],
      [
       -79.5857672078888,
       43.5508386984027
      ],
      [
       -79.5857494172913,
       43.5508384782984
      ],
      [
       -79.5857413297861,
       43.5508203700826
      ],
      [
       -79.5857349998146,
       43.5507932795321
      ],
      [
       -79.5857341896322,
       43.5507617552337
      ],
      [
       -79.5857433297274,
       43.5507348560804
      ],
      [
       -79.5857097166492,
       43.5507164320549
      ],
      [
       -79.5856868273614,
       43.5507026427401
      ],
      [
       -79.5851937787611,
       43.5504129129206
      ],
      [
       -79.5851824921831,
       43.5503992671091
      ],
      [
       -79.5851869914752,
       43.5503723105598
      ],
      [
       -79.5852097388144,
       43.5503590859813
      ],
      [
       -79.585236037744,
       43.5503594114732
      ],
      [
       -79.5852697557724,
       43.550373334898
      ],
      [
       -79.5857956439908,
       43.5506814788327
      ],
      [
       -79.5858455691432,
       43.5506640883191
      ],
      [
       -79.5858913110125,
       43.5506601521513
      ],
      [
       -79.5859306543694,
       43.5506651408918
      ],
      [
       -79.585975307006,
       43.5506746973341
      ],
      [
       -79.5860180969347,
       43.550697736836
      ],
      [
       -79.586251842509,
       43.5508266850523
      ],
      [
       -79.5862596827733,
       43.5508222799782
      ],
      [
       -79.5862660812494,
       43.550813355033
      ],
      [
       -79.5863569708786,
       43.5508640015061
      ],
      [
       -79.586381828244,
       43.5508598068679
      ],
      [
       -79.5867399044864,
       43.5505355855757
      ],
      [
       -79.5867463028609,
       43.5505266606018
      ],
      [
       -79.5867264022178,
       43.5505174104835
      ],
      [
       -79.5867182092722,
       43.5505038030715
      ],
      [
       -79.5867184196451,
       43.5504948015933
      ],
      [
       -79.5867140942042,
       43.5504812419968
      ],
      [
       -79.5866880055821,
       43.5504719153662
      ],
      [
       -79.586672851154,
       43.5504582218801
      ],
      [
       -79.5866784760302,
       43.5504492873464
      ],
      [
       -79.5863932222368,
       43.5503061969182
      ],
      [
       -79.5857868907913,
       43.549997060526
      ],
      [
       -79.5855192210307,
       43.5498631895332
      ],
      [
       -79.585445707123,
       43.5499298104453
      ],
      [
       -79.585422328313,
       43.5499700394965
      ],
      [
       -79.5852920979919,
       43.5499144033617
      ],
      [
       -79.5852973706853,
       43.5498874563773
      ],
      [
       -79.5852648475792,
       43.549855539589
      ],
      [
       -79.5852304616409,
       43.5498371058556
      ],
      [
       -79.5852032477362,
       43.549809756799
      ],
      [
       -79.5851572230923,
       43.5497596647137
      ],
      [
       -79.5851224160319,
       43.549759233895
      ],
      [
       -79.585094359775,
       43.5497678907055
      ],
      [
       -79.5850656353265,
       43.5497720371983
      ],
      [
       -79.5850216153655,
       43.549735475992
      ],
      [
       -79.5849445495708,
       43.5497885464962
      ],
      [
       -79.5846437971721,
       43.5496137455559
      ],
      [
       -79.5844328069004,
       43.5494715697078
      ],
      [
       -79.584269493498,
       43.5493750043549
      ],
      [
       -79.584213661304,
       43.5493473006219
      ],
      [
       -79.5841500943188,
       43.5493195010587
      ],
      [
       -79.584101470187,
       43.5493143967504
      ],
      [
       -79.5840450058419,
       43.5493136973457
      ],
      [
       -79.584000143761,
       43.5493131416345
      ],
      [
       -79.583943784808,
       43.5493079414453
      ],
      [
       -79.5838992389087,
       43.5492938834908
      ],
      [
       -79.5838486105566,
       43.5492752481257
      ],
      [
       -79.5838318047107,
       43.5492660358428
      ],
      [
       -79.5838244914647,
       43.5492479370797
      ],
      [
       -79.583819498672,
       43.549229867064
      ],
      [
       -79.5837990362265,
       43.5492116053946
      ],
      [
       -79.5837566000763,
       43.5492065776026
      ],
      [
       -79.5837120899416,
       43.5492240342996
      ],
      [
       -79.5836909950892,
       43.5492327770166
      ],
      [
       -79.5836886746402,
       43.5492327482662
      ],
      [
       -79.583629221861,
       43.5492275095893
      ],
      [
       -79.5835924109241,
       43.5492135473553
      ],
      [
       -79.5835367900328,
       43.5491768418292
      ],
      [
       -79.5835036001802,
       43.5491404142355
      ],
      [
       -79.5834780397578,
       43.5491085832154
      ],
      [
       -79.5834677026152,
       43.5490544306352
      ],
      [
       -79.583487777582,
       43.5490231651193
      ],
      [
       -79.5835073953073,
       43.5489783878128
      ],
      [
       -79.5835349586291,
       43.5489247048787
      ],
      [
       -79.5835399856121,
       43.5488752447252
      ],
      [
       -79.58357131083,
       43.5488261104366
      ],
      [
       -79.5836025305841,
       43.5487814768727
      ],
      [
       -79.5836034792907,
       43.5487409702632
      ],
      [
       -79.5836084007875,
       43.5486960108386
      ],
      [
       -79.5836018255544,
       43.5486464069201
      ],
      [
       -79.5836336776437,
       43.5485747689374
      ],
      [
       -79.5836498493673,
       43.5485119407422
      ],
      [
       -79.583655192434,
       43.5484489783742
      ],
      [
       -79.5836604300817,
       43.5483905167399
      ],
      [
       -79.5836806798895,
       43.548318734985
      ],
      [
       -79.5836893632365,
       43.5482783242042
      ],
      [
       -79.5837354893459,
       43.5482248712063
      ],
      [
       -79.583781756464,
       43.5481984321819
      ],
      [
       -79.5838349847673,
       43.5481720793791
      ],
      [
       -79.5839032251007,
       43.5481324064002
      ],
      [
       -79.5839339173169,
       43.5481102764099
      ],
      [
       -79.5839760007745,
       43.5480972916027
      ],
      [
       -79.5840028256049,
       43.5480751136864
      ],
      [
       -79.5839925239501,
       43.5480524758714
      ],
      [
       -79.5839844373253,
       43.5480343675349
      ],
      [
       -79.5839631659652,
       43.5479845815836
      ],
      [
       -79.5839335276688,
       43.5479617042268
      ],
      [
       -79.583819193931,
       43.5478882551612
      ],
      [
       -79.5836520184189,
       43.5477916410605
      ],
      [
       -79.5836261422498,
       43.5477733122787
      ],
      [
       -79.5836189346416,
       43.5477507127659
      ],
      [
       -79.5836162267994,
       43.5477011567599
      ],
      [
       -79.5834248295721,
       43.5476807769029
      ],
      [
       -79.5824863030774,
       43.5475836037623
      ],
      [
       -79.5824510048515,
       43.5476371905359
      ],
      [
       -79.5824502663969,
       43.5476686956671
      ],
      [
       -79.5824418988055,
       43.5476956041489
      ],
      [
       -79.5824339881845,
       43.5477360244204
      ],
      [
       -79.5824215422647,
       43.5477718864075
      ],
      [
       -79.5824205927987,
       43.5478123930032
      ],
      [
       -79.5824419683193,
       43.5478576784919
      ],
      [
       -79.5824571211382,
       43.5478713725228
      ],
      [
       -79.5824564881748,
       43.5478983769199
      ],
      [
       -79.5824402803976,
       43.5479296902169
      ],
      [
       -79.5823951028783,
       43.5479426360881
      ],
      [
       -79.5823311162017,
       43.5479328384691
      ],
      [
       -79.5823053458868,
       43.5479100086608
      ],
      [
       -79.5822798921125,
       43.5478736766494
      ],
      [
       -79.5822659348307,
       43.5478419892584
      ],
      [
       -79.5822667788935,
       43.5478059833981
      ],
      [
       -79.5822749006502,
       43.5477565616751
      ],
      [
       -79.5822797175277,
       43.5477161030454
      ],
      [
       -79.5822888237336,
       43.5476576894477
      ],
      [
       -79.582277960342,
       43.5476260404282
      ],
      [
       -79.5822415727293,
       43.5475940748423
      ],
      [
       -79.5822119352834,
       43.5475711970492
      ],
      [
       -79.5821669341548,
       43.5475436266476
      ],
      [
       -79.5820776347759,
       43.54752451084
      ],
      [
       -79.5819956131789,
       43.5474919791184
      ],
      [
       -79.581875481073,
       43.5474679786334
      ],
      [
       -79.5817598496277,
       43.5474170216134
      ],
      [
       -79.5816374683589,
       43.5473569766423
      ],
      [
       -79.5815175477953,
       43.5473239743231
      ],
      [
       -79.5814577459128,
       43.5473007220199
      ],
      [
       -79.5814136243604,
       43.5472686601948
      ],
      [
       -79.5813656355711,
       43.547236550359
      ],
      [
       -79.581328475221,
       43.5472045748914
      ],
      [
       -79.5812845649642,
       43.5471635115555
      ],
      [
       -79.5812480381876,
       43.5471045316757
      ],
      [
       -79.5812223742156,
       43.5470772008994
      ],
      [
       -79.5812008942907,
       43.547036415924
      ],
      [
       -79.581205922983,
       43.5469869558814
      ],
      [
       -79.5812031115541,
       43.5469419005706
      ],
      [
       -79.5812110228778,
       43.5469014803887
      ],
      [
       -79.5812315205826,
       43.5468522123389
      ],
      [
       -79.5812585569969,
       43.5468210336056
      ],
      [
       -79.5812818317055,
       43.5467853061373
      ],
      [
       -79.5813206809698,
       43.5467452699144
      ],
      [
       -79.5813541504813,
       43.5467366812059
      ],
      [
       -79.5813960223674,
       43.5467326988034
      ],
      [
       -79.5814257646629,
       43.5467510760697
      ],
      [
       -79.5814391934369,
       43.5468052672183
      ],
      [
       -79.5814199972052,
       43.5468320412484
      ],
      [
       -79.5814036836268,
       43.5468678551323
      ],
      [
       -79.5813917996043,
       43.5469127280682
      ],
      [
       -79.5813908494772,
       43.5469532346519
      ],
      [
       -79.5813864543611,
       43.5469756903163
      ],
      [
       -79.5814655577365,
       43.5469676678884
      ],
      [
       -79.5815786930346,
       43.546960067694
      ],
      [
       -79.5816433118593,
       43.546942861328
      ],
      [
       -79.5817111300052,
       43.5469211925787
      ],
      [
       -79.5817680142264,
       43.5469038901763
      ],
      [
       -79.5817986010347,
       43.5468862614892
      ],
      [
       -79.5818141756203,
       43.5468819526728
      ],
      [
       -79.5818256747815,
       43.5466885075373
      ],
      [
       -79.5818252193917,
       43.5465759508395
      ],
      [
       -79.5818717679212,
       43.5465044956521
      ],
      [
       -79.5819109332026,
       43.5464509570201
      ],
      [
       -79.5819302346215,
       43.5464196821681
      ],
      [
       -79.581995591429,
       43.5463709704606
      ],
      [
       -79.5820491354155,
       43.5463311162701
      ],
      [
       -79.5820830266621,
       43.5463045244096
      ],
      [
       -79.5821633245618,
       43.5462785081445
      ],
      [
       -79.5821903602372,
       43.5462473291776
      ],
      [
       -79.5822246733951,
       43.5462027343384
      ],
      [
       -79.582283033802,
       43.5461224213927
      ],
      [
       -79.5823069755751,
       43.5460912040258
      ],
      [
       -79.5823799256557,
       43.5460155740122
      ],
      [
       -79.5824150119802,
       43.5459709887022
      ],
      [
       -79.5824577976215,
       43.5458949845607
      ],
      [
       -79.5824747432125,
       43.5458321661012
      ],
      [
       -79.5824950989699,
       43.5457558837981
      ],
      [
       -79.5824966812154,
       43.5456883727786
      ],
      [
       -79.5824978415253,
       43.545638864697
      ],
      [
       -79.5824951346521,
       43.5455893086606
      ],
      [
       -79.5824921113344,
       43.545553254828
      ],
      [
       -79.5824858887962,
       43.5455216633661
      ],
      [
       -79.5824713694499,
       43.5454809649329
      ],
      [
       -79.5824760804917,
       43.5454450070097
      ],
      [
       -79.5824886313471,
       43.5454046442606
      ],
      [
       -79.5825160883753,
       43.5453554622646
      ],
      [
       -79.5825472015647,
       43.5453153296837
      ],
      [
       -79.5825743420766,
       43.545279649877
      ],
      [
       -79.5825491001597,
       43.545234316452
      ],
      [
       -79.5825307136797,
       43.5451935700723
      ],
      [
       -79.5825238232018,
       43.5451574682851
      ],
      [
       -79.5825020265999,
       43.5451301857436
      ],
      [
       -79.5824917259834,
       43.5451075477966
      ],
      [
       -79.5824994252156,
       43.545076128968
      ],
      [
       -79.5825299053994,
       43.5450630007993
      ],
      [
       -79.5825638308138,
       43.5450679235153
      ],
      [
       -79.5825894945708,
       43.5450952539963
      ],
      [
       -79.5826439510167,
       43.5451814680384
      ],
      [
       -79.5826624078888,
       43.5451861989283
      ],
      [
       -79.5827345478933,
       43.5451780892776
      ],
      [
       -79.5827915356413,
       43.5451562855985
      ],
      [
       -79.5829014329641,
       43.5451216316846
      ],
      [
       -79.5829848226623,
       43.545095653163
      ],
      [
       -79.5830606888716,
       43.5450605772371
      ],
      [
       -79.5831363441281,
       43.5450345027324
      ],
      [
       -79.5832011713166,
       43.5450082939726
      ],
      [
       -79.5832584750116,
       43.5449729878456
      ],
      [
       -79.5833155678015,
       43.5449466831624
      ],
      [
       -79.5834300694651,
       43.5448805714967
      ],
      [
       -79.5834878999364,
       43.5448227615643
      ],
      [
       -79.5835231955442,
       43.5447691744096
      ],
      [
       -79.5835508622373,
       43.5447109906692
      ],
      [
       -79.5835934347347,
       43.5446439875296
      ],
      [
       -79.5836134724603,
       43.5445812072001
      ],
      [
       -79.5836142458838,
       43.5445812167832
      ],
      [
       -79.5836387830402,
       43.5444914799369
      ],
      [
       -79.5836401531534,
       43.5444329703447
      ],
      [
       -79.5836521403706,
       43.5443835963886
      ],
      [
       -79.5836651117695,
       43.5443252305372
      ],
      [
       -79.5836665872399,
       43.5442622202046
      ],
      [
       -79.5836563560347,
       43.5442035668677
      ],
      [
       -79.5836465820909,
       43.5441584253269
      ],
      [
       -79.5836360347433,
       43.5441132742021
      ],
      [
       -79.5835920196912,
       43.5440767124786
      ],
      [
       -79.5834297760785,
       43.543935138676
      ],
      [
       -79.5832118120095,
       43.543761359741
      ],
      [
       -79.5830971352866,
       43.5436698974861
      ],
      [
       -79.5830342073424,
       43.5436150929402
      ],
      [
       -79.5830085439925,
       43.5435877625581
      ],
      [
       -79.5829790136143,
       43.5435603842339
      ],
      [
       -79.5829085979835,
       43.5435279970215
      ],
      [
       -79.5827222412815,
       43.54345815599
      ],
      [
       -79.582610167322,
       43.5434207500465
      ],
      [
       -79.5825506852363,
       43.543383996137
      ],
      [
       -79.5825136320367,
       43.5433475203211
      ],
      [
       -79.5825339164639,
       43.5433072534499
      ],
      [
       -79.5825673838971,
       43.5432986643525
      ],
      [
       -79.5826236316626,
       43.5433083658839
      ],
      [
       -79.5827055425352,
       43.5433453978414
      ],
      [
       -79.5828325573292,
       43.5434054991424
      ],
      [
       -79.5828806493723,
       43.5434331076148
      ],
      [
       -79.5829442096387,
       43.5434609078187
      ],
      [
       -79.5830305151403,
       43.5434754837985
      ],
      [
       -79.5830672170523,
       43.5434939469148
      ],
      [
       -79.583126383281,
       43.5435442027733
      ],
      [
       -79.5834106146946,
       43.5437953378547
      ],
      [
       -79.5834884488415,
       43.5438413228177
      ],
      [
       -79.5836099818281,
       43.5439373716761
      ],
      [
       -79.5837580578647,
       43.5440562594776
      ],
      [
       -79.583920407947,
       43.5441933320877
      ],
      [
       -79.5840789970209,
       43.5443258558354
      ],
      [
       -79.5841127114461,
       43.544339779566
      ],
      [
       -79.5842033070088,
       43.5443363996221
      ],
      [
       -79.5843052571677,
       43.5443106500087
      ],
      [
       -79.5844416590535,
       43.5442673187607
      ],
      [
       -79.5845334130824,
       43.5442144304168
      ],
      [
       -79.5846133550347,
       43.5441703998321
      ],
      [
       -79.5846484386246,
       43.5441258137851
      ],
      [
       -79.5846797603893,
       43.5440766791068
      ],
      [
       -79.5847073203306,
       43.5440229958002
      ],
      [
       -79.5847579411376,
       43.5439425857299
      ],
      [
       -79.5848041682117,
       43.5438846314623
      ],
      [
       -79.5848551409825,
       43.5438222338814
      ],
      [
       -79.5849132849599,
       43.5437509209623
      ],
      [
       -79.5849140583732,
       43.5437509305365
      ],
      [
       -79.5849994822254,
       43.5436709511829
      ],
      [
       -79.5850787185597,
       43.5435908951768
      ],
      [
       -79.5851419600859,
       43.5435331513676
      ],
      [
       -79.5852283307683,
       43.5434126651565
      ],
      [
       -79.5853087243709,
       43.5432831008172
      ],
      [
       -79.5853563187954,
       43.5431666366577
      ],
      [
       -79.5853849302894,
       43.5430679457423
      ],
      [
       -79.5853911861855,
       43.5430320067996
      ],
      [
       -79.5853527264921,
       43.5430225267647
      ],
      [
       -79.5853295243673,
       43.5430222396283
      ],
      [
       -79.5853288562255,
       43.5430177293147
      ],
      [
       -79.5852164655848,
       43.5429938281396
      ],
      [
       -79.5852512322263,
       43.5429627441096
      ],
      [
       -79.5853126103231,
       43.5429184832717
      ],
      [
       -79.5853928657559,
       43.5428609498734
      ],
      [
       -79.5856676607383,
       43.5426887703631
      ],
      [
       -79.5858432172498,
       43.5425918973169
      ],
      [
       -79.5859582377595,
       43.5425032792738
      ],
      [
       -79.586076704097,
       43.5424327119166
      ],
      [
       -79.5861752040771,
       43.5423889097639
      ],
      [
       -79.5862935647518,
       43.5423228429186
      ],
      [
       -79.5864117148113,
       43.5422657774363
      ],
      [
       -79.5865263131896,
       43.5421951617774
      ],
      [
       -79.5865946501184,
       43.542150986289
      ],
      [
       -79.5866678376238,
       43.5420978666394
      ],
      [
       -79.5867588130197,
       43.5420449668554
      ],
      [
       -79.5868507719393,
       43.5419830750651
      ],
      [
       -79.5869728929054,
       43.541921556041
      ],
      [
       -79.5870983174373,
       43.5418510736255
      ],
      [
       -79.5872393145723,
       43.5417762814848
      ],
      [
       -79.5873467403567,
       43.5417145804421
      ],
      [
       -79.5874494204993,
       43.5416573227021
      ],
      [
       -79.5875523106318,
       43.5415910633713
      ],
      [
       -79.5876822690423,
       43.5415251383762
      ],
      [
       -79.5877626254565,
       43.5414631024958
      ],
      [
       -79.587820448491,
       43.541405290236
      ],
      [
       -79.5878741943626,
       43.5413564316731
      ],
      [
       -79.5879321222496,
       43.5412941186042
      ],
      [
       -79.5879823161949,
       43.5412317099736
      ],
      [
       -79.5880219978619,
       43.5411556653339
      ],
      [
       -79.5880601706823,
       43.5411111163693
      ],
      [
       -79.5880837542747,
       43.5410618851485
      ],
      [
       -79.5880845276547,
       43.5410618947008
      ],
      [
       -79.5881047695526,
       43.5409901119669
      ],
      [
       -79.5881206192744,
       43.5409407852145
      ],
      [
       -79.5881743644847,
       43.5408919264976
      ],
      [
       -79.5882252261765,
       43.5408340280493
      ],
      [
       -79.5882598468652,
       43.5407759290049
      ],
      [
       -79.5882908488156,
       43.5407402954945
      ],
      [
       -79.5883179838515,
       43.5407046142216
      ],
      [
       -79.5883523274618,
       43.5406915321962
      ],
      [
       -79.5884282900832,
       43.5406519518127
      ],
      [
       -79.5885009490731,
       43.5406213346802
      ],
      [
       -79.588561902365,
       43.5405950750164
      ],
      [
       -79.5886262641243,
       43.5405553512616
      ],
      [
       -79.5886762850645,
       43.5405334586052
      ],
      [
       -79.5887138269964,
       43.5405159139104
      ],
      [
       -79.5887629695024,
       43.540498512418
      ],
      [
       -79.5888196357221,
       43.5404902078787
      ],
      [
       -79.5888650547469,
       43.5404997726592
      ],
      [
       -79.5889174341455,
       43.5405094233413
      ],
      [
       -79.5890050737978,
       43.540533015375
      ],
      [
       -79.5891250902529,
       43.5405615089963
      ],
      [
       -79.5891845350828,
       43.5405667447121
      ],
      [
       -79.5892809582648,
       43.5405454244661
      ],
      [
       -79.589348871513,
       43.5405192502734
      ],
      [
       -79.5894133376341,
       43.5404750253146
      ],
      [
       -79.5894704897159,
       43.5404127018802
      ],
      [
       -79.589543699942,
       43.5402920499365
      ],
      [
       -79.5896979581057,
       43.5400463405483
      ],
      [
       -79.5897498008362,
       43.5399794494183
      ],
      [
       -79.5898007651665,
       43.5399170494754
      ],
      [
       -79.5898285284356,
       43.5398543633008
      ],
      [
       -79.5898559769044,
       43.5398051793788
      ],
      [
       -79.5899024057024,
       43.5397382213907
      ],
      [
       -79.5899215958832,
       43.5397114458214
      ],
      [
       -79.5899651408947,
       43.5396354481384
      ],
      [
       -79.5900074928267,
       43.5395774439136
      ],
      [
       -79.5900505131392,
       43.5395239499645
      ],
      [
       -79.5900852752938,
       43.5394928643844
      ],
      [
       -79.5901306546717,
       43.5394709138371
      ],
      [
       -79.5902102716337,
       43.5394403814241
      ],
      [
       -79.5903129844272,
       43.5394146358202
      ],
      [
       -79.5904635405522,
       43.5393939821156
      ],
      [
       -79.5906296686196,
       43.5393690181528
      ],
      [
       -79.5908678237776,
       43.5393404398001
      ],
      [
       -79.5910674156128,
       43.5393068836064
      ],
      [
       -79.5911436240197,
       43.5392898146749
      ],
      [
       -79.5912147729925,
       43.5392906915338
      ],
      [
       -79.5912975223453,
       43.5392917113031
      ],
      [
       -79.5913839288985,
       43.5393017801749
      ],
      [
       -79.5914820406548,
       43.5393074911608
      ],
      [
       -79.5915487989346,
       43.5393308239528
      ],
      [
       -79.5916272624376,
       43.5393497988706
      ],
      [
       -79.5916909273834,
       43.5393730934686
      ],
      [
       -79.5917393347244,
       43.5393871959715
      ],
      [
       -79.5918068665546,
       43.5394105381424
      ],
      [
       -79.5918630075572,
       43.5394247358619
      ],
      [
       -79.5919146532279,
       43.5394658904708
      ],
      [
       -79.5919367664205,
       43.5394796690001
      ],
      [
       -79.5919468601759,
       43.5395113076687
      ],
      [
       -79.5919723164238,
       43.5395476376103
      ],
      [
       -79.5920323645094,
       43.5395933977087
      ],
      [
       -79.5920743757106,
       43.5396164253857
      ],
      [
       -79.5921312903321,
       43.5396306325014
      ],
      [
       -79.5922023349973,
       43.5396360095094
      ],
      [
       -79.5922650821485,
       43.5396322801952
      ],
      [
       -79.5923194270285,
       43.5396239453305
      ],
      [
       -79.5923392202825,
       43.5396376952133
      ],
      [
       -79.5923652004528,
       43.5396515212779
      ],
      [
       -79.5924105147251,
       43.5396655854086
      ],
      [
       -79.592440466464,
       43.5396749583116
      ],
      [
       -79.5924716507837,
       43.5396978525281
      ],
      [
       -79.5924983400035,
       43.5397477036779
      ],
      [
       -79.5925516378277,
       43.5397843762921
      ],
      [
       -79.5925947772529,
       43.5398254258608
      ],
      [
       -79.5926374574914,
       43.5398529636155
      ],
      [
       -79.5926888542064,
       43.5398716045676
      ],
      [
       -79.5927550496172,
       43.5398859256287
      ],
      [
       -79.5928202217948,
       43.5398777238152
      ],
      [
       -79.5928933369956,
       43.5398606156415
      ],
      [
       -79.5929983695255,
       43.5398348961791
      ],
      [
       -79.5930386892334,
       43.5398308903932
      ],
      [
       -79.5930740547175,
       43.5398403297624
      ],
      [
       -79.5931203520107,
       43.5398454016141
      ],
      [
       -79.5931533974178,
       43.5398548124049
      ],
      [
       -79.5931907283311,
       43.5398462677342
      ],
      [
       -79.5933932686602,
       43.5397857314781
      ],
      [
       -79.5936083916965,
       43.5397163455713
      ],
      [
       -79.5938704391515,
       43.53962502623
      ],
      [
       -79.5940241516222,
       43.5395683902717
      ],
      [
       -79.5941137159353,
       43.539542479531
      ],
      [
       -79.5942219454565,
       43.539512296211
      ],
      [
       -79.5943269768443,
       43.5394865755102
      ],
      [
       -79.5943683833363,
       43.5394690764728
      ],
      [
       -79.5947041285275,
       43.5393021265758
      ],
      [
       -79.5949147340836,
       43.5391606498838
      ],
      [
       -79.5949625361107,
       43.539134225143
      ],
      [
       -79.5950425683747,
       43.5390856862664
      ],
      [
       -79.5951276793782,
       43.5391182466294
      ],
      [
       -79.596222570141,
       43.5394063222509
      ],
      [
       -79.596650157863,
       43.5395151194055
      ],
      [
       -79.5968123979256,
       43.5395576294512
      ],
      [
       -79.5970070151405,
       43.5396050386934
      ],
      [
       -79.5973638735041,
       43.5396949568803
      ],
      [
       -79.5984259914798,
       43.5399961154031
      ],
      [
       -79.598581786097,
       43.5398494578689
      ],
      [
       -79.5992898346636,
       43.539205338892
      ],
      [
       -79.6005086347339,
       43.5395219039927
      ],
      [
       -79.6010130475729,
       43.539654135591
      ],
      [
       -79.6012628306713,
       43.5397247229524
      ],
      [
       -79.6013527943557,
       43.5397483339603
      ],
      [
       -79.6018333405805,
       43.5398757678722
      ],
      [
       -79.6020847763363,
       43.5399418716015
      ],
      [
       -79.602227791274,
       43.5399796368103
      ],
      [
       -79.6022954319556,
       43.5399984720684
      ],
      [
       -79.6025591387323,
       43.5400692268399
      ],
      [
       -79.602958901664,
       43.5401776602434
      ],
      [
       -79.6030296362999,
       43.5401965328787
      ],
      [
       -79.603101144355,
       43.5402154149213
      ],
      [
       -79.6032472541011,
       43.5402532166725
      ],
      [
       -79.6033394355935,
       43.5402813552637
      ],
      [
       -79.6034786891762,
       43.5403145709022
      ],
      [
       -79.6035624676346,
       43.5403381046075
      ],
      [
       -79.6036762000568,
       43.5403710082382
      ],
      [
       -79.6040205954539,
       43.5404652554574
      ],
      [
       -79.6039613457257,
       43.5405185564744
      ],
      [
       -79.6032547732832,
       43.5411672243902
      ],
      [
       -79.6025093534724,
       43.5418559313662
      ],
      [
       -79.6017632472436,
       43.542540122935
      ],
      [
       -79.6010202177085,
       43.5432243471852
      ],
      [
       -79.6001949648466,
       43.5439840944489
      ],
      [
       -79.5995144596148,
       43.5446060456862
      ],
      [
       -79.5987413627648,
       43.5453168987111
      ],
      [
       -79.5987247034713,
       43.5453347026752
      ],
      [
       -79.5984330470432,
       43.5456012497433
      ],
      [
       -79.5983239131053,
       43.5457034586289
      ],
      [
       -79.5974227752027,
       43.5465297856034
      ],
      [
       -79.5968584173686,
       43.5470450966939
      ],
      [
       -79.5964464623365,
       43.5474272150119
      ],
      [
       -79.5956551896187,
       43.5481513296827
      ],
      [
       -79.5948558493213,
       43.5488888457177
      ],
      [
       -79.5933790557069,
       43.550243805487
      ],
      [
       -79.5919401627972,
       43.5515631963242
      ],
      [
       -79.5921172330785,
       43.5516013936277
      ],
      [
       -79.5923099187926,
       43.5516667951915
      ],
      [
       -79.592535696896,
       43.5517731222429
      ],
      [
       -79.5929106604139,
       43.5518857873622
      ],
      [
       -79.5931712725093,
       43.5519250113488
      ],
      [
       -79.5933499557785,
       43.5519272102802
      ],
      [
       -79.5935596845817,
       43.5519252888717
      ],
      [
       -79.5941359576339,
       43.5519323777038
      ],
      [
       -79.5947738815745,
       43.5520167561921
      ],
      [
       -79.5953472283982,
       43.5521498600427
      ],
      [
       -79.5958887587329,
       43.5522870722485
      ],
      [
       -79.5965969360013,
       43.5525118666963
      ],
      [
       -79.5972320080568,
       43.5526862372328
      ],
      [
       -79.5977176873978,
       43.5528632737278
      ],
      [
       -79.5981260159712,
       43.5530393595727
      ],
      [
       -79.5987666084032,
       43.5534433932499
      ],
      [
       -79.5992486928224,
       43.5538094647756
      ],
      [
       -79.5999507359997,
       43.5543673140756
      ],
      [
       -79.6004053150003,
       43.5546520071198
      ],
      [
       -79.6008215630119,
       43.5547876619307
      ],
      [
       -79.6012805223203,
       43.5548833195161
      ],
      [
       -79.6014796846876,
       43.5549037644802
      ],
      [
       -79.6018043723716,
       43.5549167404656
      ],
      [
       -79.6025714015352,
       43.5548405811626
      ],
      [
       -79.6038943648957,
       43.5547486976614
      ],
      [
       -79.6048706088955,
       43.5546930860806
      ],
      [
       -79.6054152420293,
       43.5547312461659
      ],
      [
       -79.6060936362106,
       43.5548745817041
      ],
      [
       -79.6068005909941,
       43.5551218081898
      ],
      [
       -79.6073622800477,
       43.555326742282
      ],
      [
       -79.6076562211161,
       43.5554653841174
      ],
      [
       -79.6079324750019,
       43.5555993077647
      ],
      [
       -79.6085112263512,
       43.5559710193826
      ],
      [
       -79.6090049395143,
       43.556373207553
      ],
      [
       -79.6094103289922,
       43.5566122458027
      ],
      [
       -79.6096508544404,
       43.5567187184144
      ],
      [
       -79.6097423938609,
       43.5567423419544
      ],
      [
       -79.608599392152,
       43.5583266578275
      ],
      [
       -79.605295341495,
       43.5628469528689
      ],
      [
       -79.6047993240382,
       43.5634486740968
      ],
      [
       -79.603966814275,
       43.5642443734322
      ],
      [
       -79.6022672694325,
       43.565853339461
      ],
      [
       -79.60007318229,
       43.5680594958336
      ],
      [
       -79.5999886207852,
       43.5681349946492
      ],
      [
       -79.5998006147349,
       43.5682992668677
      ],
      [
       -79.5987086889032,
       43.5691952957064
      ],
      [
       -79.5975748049362,
       43.570230361968
      ],
      [
       -79.5963514177276,
       43.5713183420161
      ],
      [
       -79.5860057090978,
       43.58083415997
      ],
      [
       -79.5855092739281,
       43.5812737174553
      ],
      [
       -79.5833897835605,
       43.5832193525165
      ],
      [
       -79.5830765551001,
       43.5835035990909
      ],
      [
       -79.5832114278213,
       43.5835953111966
      ],
      [
       -79.5833451047904,
       43.5837050163806
      ],
      [
       -79.5833921380801,
       43.5837461174196
      ],
      [
       -79.5834585195635,
       43.5837874582177
      ],
      [
       -79.5837349869241,
       43.5839484545767
      ],
      [
       -79.5844907673889,
       43.5843359856432
      ],
      [
       -79.5850353758619,
       43.584617351483
      ],
      [
       -79.585306186846,
       43.5847557639387
      ],
      [
       -79.5860597711637,
       43.5851387554069
      ],
      [
       -79.5867972174953,
       43.585517040358
      ],
      [
       -79.5872570285882,
       43.5857838411127
      ],
      [
       -79.588752424623,
       43.5868242707056
      ],
      [
       -79.5902547329867,
       43.58786926788
      ],
      [
       -79.5917266977291,
       43.5889228753683
      ],
      [
       -79.594186635756,
       43.5906414106502
      ],
      [
       -79.5970186937042,
       43.5926120712695
      ],
      [
       -79.5987923194782,
       43.5938223577684
      ],
      [
       -79.6000695808082,
       43.5946033496562
      ]
     ]
    ]
   },
   "properties": {
    "OBJECTID_1": 16,
    "OBJECTID": 16,
    "WARDNUM": "1",
    "MUNIC": "Mississauga",
    "Mayor": "Bonnie Crombie",
    "FirstName0": "Stephen",
    "LastName0": "Dasko",
    "Phone0": "1-905-896-5100",
    "email0": "jim.tovey@mississauga.ca",
    "FirstName1": " ",
    "LastName1": " ",
    "Phone1": " ",
    "email1": " ",
    "RC_Name": "Nando Iannicca",
    "Shape_Leng": 41891.0187297,
    "WardName": "Ward 1",
    "Shape__Area": 23320125.5,
    "Shape__Length": 41891.01872973163
   }
  },
  {
   "type": "Feature",
   "id": 17,
   "geometry": {
    "type": "Polygon",
    "coordinates": [
     [
      [
       -79.6097423938609,
       43.5567423419544
      ],
      [
       -79.6096508544404,
       43.5567187184144
      ],
      [
       -79.6094103289922,
       43.5566122458027
      ],
      [
       -79.6090049395143,
       43.556373207553
      ],
      [
       -79.6085112263512,
       43.5559710193826
      ],
      [
       -79.6079324750019,
       43.5555993077647
      ],
      [
       -79.6076562211161,
       43.5554653841174
      ],
      [
       -79.6073622800477,
       43.555326742282
      ],
      [
       -79.6068005909941,
       43.5551218081898
      ],
      [
       -79.6060936362106,
       43.5548745817041
      ],
      [
       -79.6054152420293,
       43.5547312461659
      ],
      [
       -79.6048706088955,
       43.5546930860806
      ],
      [
       -79.6038943648957,
       43.5547486976614
      ],
      [
       -79.6025714015352,
       43.5548405811626
      ],
      [
       -79.6018043723716,
       43.5549167404656
      ],
      [
       -79.6014796846876,
       43.5549037644802
      ],
      [
       -79.6012805223203,
       43.5548833195161
      ],
      [
       -79.6008215630119,
       43.5547876619307
      ],
      [
       -79.6004053150003,
       43.5546520071198
      ],
      [
       -79.5999507359997,
       43.5543673140756
      ],
      [
       -79.5992486928224,
       43.5538094647756
      ],
      [
       -79.5987666084032,
       43.5534433932499
      ],
      [
       -79.5981260159712,
       43.5530393595727
      ],
      [
       -79.5977176873978,
       43.5528632737278
      ],
      [
       -79.5972320080568,
       43.5526862372328
      ],
      [
       -79.5965969360013,
       43.5525118666963
      ],
      [
       -79.5958887587329,
       43.5522870722485
      ],
      [
       -79.5953472283982,
       43.5521498600427
      ],
      [
       -79.5947738815745,
       43.5520167561921
      ],
      [
       -79.5941359576339,
       43.5519323777038
      ],
      [
       -79.5935596845817,
       43.5519252888717
      ],
      [
       -79.5933499557785,
       43.5519272102802
      ],
      [
       -79.5931712725093,
       43.5519250113488
      ],
      [
       -79.5929106604139,
       43.5518857873622
      ],
      [
       -79.592535696896,
       43.5517731222429
      ],
      [
       -79.5923099187926,
       43.5516667951915
      ],
      [
       -79.5921172330785,
       43.5516013936277
      ],
      [
       -79.5919401627972,
       43.5515631963242
      ],
      [
       -79.5933790557069,
       43.550243805487
      ],
      [
       -79.5948558493213,
       43.5488888457177
      ],
      [
       -79.5956551896187,
       43.5481513296827
      ],
      [
       -79.5964464623365,
       43.5474272150119
      ],
      [
       -79.5968584173686,
       43.5470450966939
      ],
      [
       -79.5974227752027,
       43.5465297856034
      ],
      [
       -79.5983239131053,
       43.5457034586289
      ],
      [
       -79.5984330470432,
       43.5456012497433
      ],
      [
       -79.5987247034713,
       43.5453347026752
      ],
      [
       -79.5987413627648,
       43.5453168987111
      ],
      [
       -79.5995144596148,
       43.5446060456862
      ],
      [
       -79.6001949648466,
       43.5439840944489
      ],
      [
       -79.6010202177085,
       43.5432243471852
      ],
      [
       -79.6017632472436,
       43.542540122935
      ],
      [
       -79.6025093534724,
       43.5418559313662
      ],
      [
       -79.6032547732832,
       43.5411672243902
      ],
      [
       -79.6039613457257,
       43.5405185564744
      ],
      [
       -79.6040205954539,
       43.5404652554574
      ],
      [
       -79.6036762000568,
       43.5403710082382
      ],
      [
       -79.6035624676346,
       43.5403381046075
      ],
      [
       -79.6034786891762,
       43.5403145709022
      ],
      [
       -79.6033394355935,
       43.5402813552637
      ],
      [
       -79.6032472541011,
       43.5402532166725
      ],
      [
       -79.603101144355,
       43.5402154149213
      ],
      [
       -79.6030296362999,
       43.5401965328787
      ],
      [
       -79.602958901664,
       43.5401776602434
      ],
      [
       -79.6025591387323,
       43.5400692268399
      ],
      [
       -79.6022954319556,
       43.5399984720684
      ],
      [
       -79.602227791274,
       43.5399796368103
      ],
      [
       -79.6020847763363,
       43.5399418716015
      ],
      [
       -79.6018333405805,
       43.5398757678722
      ],
      [
       -79.6013527943557,
       43.5397483339603
      ],
      [
       -79.6012628306713,
       43.5397247229524
      ],
      [
       -79.6010130475729,
       43.539654135591
      ],
      [
       -79.6005086347339,
       43.5395219039927
      ],
      [
       -79.5992898346636,
       43.539205338892
      ],
      [
       -79.598581786097,
       43.5398494578689
      ],
      [
       -79.5984259914798,
       43.5399961154031
      ],
      [
       -79.5973638735041,
       43.5396949568803
      ],
      [
       -79.5970070151405,
       43.5396050386934
      ],
      [
       -79.5968123979256,
       43.5395576294512
      ],
      [
       -79.596650157863,
       43.5395151194055
      ],
      [
       -79.596222570141,
       43.5394063222509
      ],
      [
       -79.5951276793782,
       43.5391182466294
      ],
      [
       -79.5950425683747,
       43.5390856862664
      ],
      [
       -79.5950775367906,
       43.5390455975987
      ],
      [
       -79.5951534930318,
       43.5390060126463
      ],
      [
       -79.595164529049,
       43.5389971441748
      ],
      [
       -79.5952492011026,
       43.5389486621719
      ],
      [
       -79.5953451179969,
       43.5388823100844
      ],
      [
       -79.5954060666398,
       43.5388560466985
      ],
      [
       -79.5954210738598,
       43.5388427249479
      ],
      [
       -79.5954479948648,
       43.5388160434322
      ],
      [
       -79.5955012098625,
       43.5387896849723
      ],
      [
       -79.5955587095229,
       43.5387453709318
      ],
      [
       -79.5957305811633,
       43.5386394332235
      ],
      [
       -79.5957826670556,
       43.5385950525638
      ],
      [
       -79.5958925031098,
       43.538528870993
      ],
      [
       -79.595977591743,
       43.5384623853641
      ],
      [
       -79.5960517488609,
       43.5384002674643
      ],
      [
       -79.5960959541479,
       43.5383287775755
      ],
      [
       -79.5961115877425,
       43.538288451128
      ],
      [
       -79.5961125277279,
       43.5382479442258
      ],
      [
       -79.5961499616905,
       43.5382348977999
      ],
      [
       -79.5961862666929,
       43.5382038292991
      ],
      [
       -79.5962369519283,
       43.5381864435255
      ],
      [
       -79.5962725879419,
       43.5381508647321
      ],
      [
       -79.5962808435463,
       43.5381284558593
      ],
      [
       -79.5962796101454,
       43.5381149345645
      ],
      [
       -79.5962760567102,
       43.5381013847805
      ],
      [
       -79.5962834345321,
       43.5380834671783
      ],
      [
       -79.596316708067,
       43.5380163450117
      ],
      [
       -79.5963461148114,
       43.5379491753542
      ],
      [
       -79.596350921341,
       43.5379087159249
      ],
      [
       -79.5963483077155,
       43.5378546592334
      ],
      [
       -79.5963308961881,
       43.5378049228867
      ],
      [
       -79.5963296627806,
       43.5377914015916
      ],
      [
       -79.5963161179871,
       43.5377417127223
      ],
      [
       -79.5963054577208,
       43.5377010633714
      ],
      [
       -79.5962953196029,
       43.5376379101805
      ],
      [
       -79.5962895082522,
       43.5375883162691
      ],
      [
       -79.5962904480956,
       43.5375478093588
      ],
      [
       -79.5963216525168,
       43.5375031720277
      ],
      [
       -79.5963714169725,
       43.5374587625838
      ],
      [
       -79.5964290191326,
       43.5374099473014
      ],
      [
       -79.5965013145742,
       43.5373613123894
      ],
      [
       -79.5966042300884,
       43.5373265595011
      ],
      [
       -79.5966721366302,
       43.5373003808504
      ],
      [
       -79.5967673186019,
       43.5372655328762
      ],
      [
       -79.596796914085,
       43.5372568920656
      ],
      [
       -79.5968077407649,
       43.5372570249632
      ],
      [
       -79.5968711541773,
       43.5372578033431
      ],
      [
       -79.5969215252874,
       43.5372539195573
      ],
      [
       -79.5969647893032,
       43.5372229362173
      ],
      [
       -79.5970291420211,
       43.5371832075839
      ],
      [
       -79.5970707548978,
       43.5371567059893
      ],
      [
       -79.5970767944314,
       43.5371297678072
      ],
      [
       -79.5970715898368,
       43.537120699832
      ],
      [
       -79.5970537604338,
       43.5370889666627
      ],
      [
       -79.5970494335469,
       43.5370754074079
      ],
      [
       -79.597050206879,
       43.5370754168989
      ],
      [
       -79.5970777474641,
       43.5368551544148
      ],
      [
       -79.5971002731984,
       43.5366843529315
      ],
      [
       -79.5971173051731,
       43.53661703119
      ],
      [
       -79.5971405665154,
       43.536581300249
      ],
      [
       -79.5971754277096,
       43.536545711654
      ],
      [
       -79.5972173531405,
       43.5365057076851
      ],
      [
       -79.5972520055424,
       43.536479120606
      ],
      [
       -79.5972786116238,
       43.5364659409347
      ],
      [
       -79.5973204754845,
       43.5364619525802
      ],
      [
       -79.5973536240855,
       43.5364668613752
      ],
      [
       -79.5973872329922,
       43.5364852819615
      ],
      [
       -79.5973947575565,
       43.5364943783888
      ],
      [
       -79.5973826359761,
       43.5365167399138
      ],
      [
       -79.5973449946521,
       43.5365387883066
      ],
      [
       -79.5972757941786,
       43.5365874617392
      ],
      [
       -79.5972676435168,
       43.5366053699271
      ],
      [
       -79.597275063727,
       43.5366189671325
      ],
      [
       -79.5973237832836,
       43.5366195649531
      ],
      [
       -79.5973728158708,
       43.5366066604411
      ],
      [
       -79.5974409729122,
       43.5366029946572
      ],
      [
       -79.5974632950339,
       43.5366077705853
      ],
      [
       -79.5975009793513,
       43.536617237038
      ],
      [
       -79.5975415483257,
       43.5366357429707
      ],
      [
       -79.5975787110341,
       43.5366677132531
      ],
      [
       -79.5976156220804,
       43.5366771701813
      ],
      [
       -79.5976201577184,
       43.5366817278748
      ],
      [
       -79.5976649063751,
       43.5366867788866
      ],
      [
       -79.597699810422,
       43.5366827050141
      ],
      [
       -79.5977333764429,
       43.5366696106157
      ],
      [
       -79.5977747800321,
       43.5366521102961
      ],
      [
       -79.5978123169643,
       43.5366345625326
      ],
      [
       -79.5978554757742,
       43.5366080796114
      ],
      [
       -79.5979009545246,
       43.5365816251288
      ],
      [
       -79.5979466418356,
       43.5365461690839
      ],
      [
       -79.5980033642364,
       43.5365018442584
      ],
      [
       -79.5980326640464,
       43.5364391748862
      ],
      [
       -79.5980563419474,
       43.536385440661
      ],
      [
       -79.5980962595859,
       43.5363319055904
      ],
      [
       -79.5981198331001,
       43.536282672122
      ],
      [
       -79.5981244297127,
       43.5362512141334
      ],
      [
       -79.5981154627097,
       43.536237598013
      ],
      [
       -79.5980907164159,
       43.5362372945341
      ],
      [
       -79.5980744766608,
       43.5362370953732
      ],
      [
       -79.5980484965984,
       43.5362232706005
      ],
      [
       -79.5980435005149,
       43.5362052011228
      ],
      [
       -79.5980517551825,
       43.5361827921022
      ],
      [
       -79.5980851122729,
       43.5361786991393
      ],
      [
       -79.5981073300062,
       43.5361879757128
      ],
      [
       -79.5981157322516,
       43.5361925808054
      ],
      [
       -79.5981256811406,
       43.5361972048645
      ],
      [
       -79.5981457874913,
       43.5361974514351
      ],
      [
       -79.5981890501224,
       43.5361664676073
      ],
      [
       -79.5982108682955,
       43.536126216696
      ],
      [
       -79.5982491347065,
       43.5360771633722
      ],
      [
       -79.5982729165404,
       43.5360189283214
      ],
      [
       -79.5982903032367,
       43.5359696189513
      ],
      [
       -79.5983029457261,
       43.5359247534571
      ],
      [
       -79.5983108440224,
       43.5358843318405
      ],
      [
       -79.5983101749758,
       43.5358798215852
      ],
      [
       -79.5983076030611,
       43.5358572797909
      ],
      [
       -79.5982876010943,
       43.5358525324772
      ],
      [
       -79.59825244562,
       43.5358340931895
      ],
      [
       -79.5982064637388,
       43.5358155211304
      ],
      [
       -79.5982015719168,
       43.5357929508852
      ],
      [
       -79.5982242066354,
       43.5357842243433
      ],
      [
       -79.5982576677691,
       43.5357756305536
      ],
      [
       -79.5983130336998,
       43.5357898156059
      ],
      [
       -79.5983593283956,
       43.5357948853027
      ],
      [
       -79.5983630907098,
       43.5357994334854
      ],
      [
       -79.5984172228427,
       43.5358000972043
      ],
      [
       -79.5984412999055,
       43.5357958903553
      ],
      [
       -79.5984656897414,
       43.5357781811811
      ],
      [
       -79.5985230365595,
       43.5357068514358
      ],
      [
       -79.5985790451121,
       43.5356265011508
      ],
      [
       -79.5986064409323,
       43.5355458000717
      ],
      [
       -79.5986361566128,
       43.5354651274239
      ],
      [
       -79.5986671231182,
       43.5353304454766
      ],
      [
       -79.598699471251,
       43.5352362989232
      ],
      [
       -79.5987083073277,
       43.5351553703004
      ],
      [
       -79.5987284302736,
       43.5350880861887
      ],
      [
       -79.5987169954956,
       43.5350474275493
      ],
      [
       -79.5986685898985,
       43.5350333280162
      ],
      [
       -79.5985481190338,
       43.534991332674
      ],
      [
       -79.598546572422,
       43.534991313713
      ],
      [
       -79.5985100792541,
       43.5349638539981
      ],
      [
       -79.5984960726912,
       43.5349006535442
      ],
      [
       -79.5985231990619,
       43.5348649696954
      ],
      [
       -79.5985450600809,
       43.5348562336026
      ],
      [
       -79.5985535664268,
       43.5348563378876
      ],
      [
       -79.5985981053335,
       43.534870390067
      ],
      [
       -79.5986517154328,
       43.5348935575357
      ],
      [
       -79.5986883128636,
       43.5349165164315
      ],
      [
       -79.5987451204951,
       43.5349352210008
      ],
      [
       -79.5987938387268,
       43.5349358181767
      ],
      [
       -79.5988279246834,
       43.5349002195628
      ],
      [
       -79.5988614894698,
       43.5348871248123
      ],
      [
       -79.5989000504809,
       43.5348920994984
      ],
      [
       -79.5989408271931,
       43.53490160338
      ],
      [
       -79.598982125004,
       43.5348886033717
      ],
      [
       -79.5990431284443,
       43.5348263222729
      ],
      [
       -79.5990806804059,
       43.5347412434823
      ],
      [
       -79.5991230804814,
       43.5346472199848
      ],
      [
       -79.5991474861031,
       43.5345619800649
      ],
      [
       -79.59916771255,
       43.534490195084
      ],
      [
       -79.5991782425582,
       43.5344362994882
      ],
      [
       -79.5992013976235,
       43.5344050688625
      ],
      [
       -79.5992380113232,
       43.5343604969915
      ],
      [
       -79.5992597841839,
       43.5342887309409
      ],
      [
       -79.5992802187833,
       43.5342079443812
      ],
      [
       -79.5992754308668,
       43.5341808733959
      ],
      [
       -79.5992336289692,
       43.5341488468061
      ],
      [
       -79.5992090919126,
       43.5341395420284
      ],
      [
       -79.5991436305462,
       43.5340937193237
      ],
      [
       -79.5990761016557,
       43.5340703815087
      ],
      [
       -79.5990322926893,
       43.5340248240891
      ],
      [
       -79.5990291556935,
       43.5339932712725
      ],
      [
       -79.5990565939567,
       43.5339440849538
      ],
      [
       -79.5991179528226,
       43.5338998163724
      ],
      [
       -79.5991413161093,
       43.5338595842012
      ],
      [
       -79.5991044065194,
       43.5338501277813
      ],
      [
       -79.5991593869428,
       43.5337472543181
      ],
      [
       -79.5990052499641,
       43.5337228551049
      ],
      [
       -79.5989444665204,
       43.5339427107527
      ],
      [
       -79.5988982774025,
       43.5339331405341
      ],
      [
       -79.5989783494473,
       43.5336820069387
      ],
      [
       -79.5991709423977,
       43.5337158815488
      ],
      [
       -79.5992086854847,
       43.5336893317346
      ],
      [
       -79.5992281821817,
       43.5336490521632
      ],
      [
       -79.5992852297281,
       43.5335236936983
      ],
      [
       -79.5993192266242,
       43.5334250650879
      ],
      [
       -79.5993452821878,
       43.5333353432704
      ],
      [
       -79.5993595740492,
       43.5332859957935
      ],
      [
       -79.5993720669452,
       43.5332141160043
      ],
      [
       -79.5993878011388,
       43.5331692882487
      ],
      [
       -79.5994211725875,
       43.5330976642611
      ],
      [
       -79.5994552571163,
       43.5330620654297
      ],
      [
       -79.599457576961,
       43.5330620938518
      ],
      [
       -79.5994616076597,
       43.5330216247503
      ],
      [
       -79.5994892534577,
       43.5329634367537
      ],
      [
       -79.59952024475,
       43.5329278000054
      ],
      [
       -79.5995547899008,
       43.5329057129481
      ],
      [
       -79.5995612886378,
       43.5328922864011
      ],
      [
       -79.599601350871,
       43.532865764864
      ],
      [
       -79.5996317770903,
       43.5328211170544
      ],
      [
       -79.5996553479217,
       43.5327718832044
      ],
      [
       -79.5996565978315,
       43.5327178738671
      ],
      [
       -79.599649401694,
       43.5326277446325
      ],
      [
       -79.5996388599981,
       43.5325150641418
      ],
      [
       -79.5996463560994,
       43.5324251148844
      ],
      [
       -79.5996563803072,
       43.5323261924856
      ],
      [
       -79.5996866136781,
       43.5322230155872
      ],
      [
       -79.5997122515245,
       43.532151296768
      ],
      [
       -79.5997416515033,
       43.5320841260797
      ],
      [
       -79.5997298598933,
       43.532025454932
      ],
      [
       -79.5997352884939,
       43.5319579906091
      ],
      [
       -79.5997318387587,
       43.5319399401338
      ],
      [
       -79.5997392147646,
       43.5319220222656
      ],
      [
       -79.5997713509836,
       43.5318368768647
      ],
      [
       -79.5997997249295,
       43.5317471833159
      ],
      [
       -79.5998541814741,
       43.531666813336
      ],
      [
       -79.5998938417407,
       43.5315907641623
      ],
      [
       -79.5999934595944,
       43.5314974410681
      ],
      [
       -79.6000559606318,
       43.5314036633432
      ],
      [
       -79.6000873672598,
       43.5313500232963
      ],
      [
       -79.6001505968134,
       43.5312247400519
      ],
      [
       -79.6001978404004,
       43.5311217712963
      ],
      [
       -79.6002460652962,
       43.5310098104244
      ],
      [
       -79.6002893381677,
       43.5309112950619
      ],
      [
       -79.6003398229191,
       43.5308353782609
      ],
      [
       -79.6003902034445,
       43.530763962216
      ],
      [
       -79.6004189328047,
       43.5306922810697
      ],
      [
       -79.6004535358239,
       43.5306341779934
      ],
      [
       -79.6004776255442,
       43.5305624400278
      ],
      [
       -79.6005244963312,
       43.5305089891744
      ],
      [
       -79.6005529725762,
       43.530414794613
      ],
      [
       -79.6005877240623,
       43.5303837056459
      ],
      [
       -79.6006075309645,
       43.5303299234442
      ],
      [
       -79.6006206908486,
       43.5302625537016
      ],
      [
       -79.6006221479437,
       43.5301995427543
      ],
      [
       -79.6006270102448,
       43.5301230673225
      ],
      [
       -79.6006472780375,
       43.5300827969218
      ],
      [
       -79.6006932709787,
       43.5300338373045
      ],
      [
       -79.6006973453388,
       43.5300248830656
      ],
      [
       -79.600710802685,
       43.5300115416246
      ],
      [
       -79.6007919036212,
       43.5299495055378
      ],
      [
       -79.6008480077234,
       43.529864653166
      ],
      [
       -79.6008911746972,
       43.5297706383148
      ],
      [
       -79.600966117769,
       43.5295734650397
      ],
      [
       -79.6010652528668,
       43.5293000527976
      ],
      [
       -79.6010995564416,
       43.529187921164
      ],
      [
       -79.6011347821313,
       43.5291028131432
      ],
      [
       -79.6011913010671,
       43.5289999574377
      ],
      [
       -79.6012701983932,
       43.528865861121
      ],
      [
       -79.6013377500896,
       43.5287541362175
      ],
      [
       -79.6014194865006,
       43.5285975642415
      ],
      [
       -79.6014667257757,
       43.5284945948581
      ],
      [
       -79.6015085071444,
       43.5283600442809
      ],
      [
       -79.6015430173287,
       43.5282389109073
      ],
      [
       -79.6015640706429,
       43.5281311190745
      ],
      [
       -79.6015907443988,
       43.5280143918749
      ],
      [
       -79.6016214921183,
       43.5278887103863
      ],
      [
       -79.6016502773034,
       43.527781013112
      ],
      [
       -79.6016517332006,
       43.5277180021096
      ],
      [
       -79.6016542155591,
       43.5276775139527
      ],
      [
       -79.6016359704159,
       43.527663784596
      ],
      [
       -79.6015990641699,
       43.5276543290178
      ],
      [
       -79.6015473628879,
       43.5276491944946
      ],
      [
       -79.6015421583971,
       43.5276401267104
      ],
      [
       -79.6014937579921,
       43.5276260284276
      ],
      [
       -79.6014041693227,
       43.5276204303281
      ],
      [
       -79.6013403047175,
       43.5276061427819
      ],
      [
       -79.6012620611732,
       43.527578173089
      ],
      [
       -79.6011950587694,
       43.5275323326616
      ],
      [
       -79.6011508366782,
       43.5275047791866
      ],
      [
       -79.6011329628235,
       43.5274415316535
      ],
      [
       -79.6011942094576,
       43.5274017625833
      ],
      [
       -79.6012705041198,
       43.5273801858371
      ],
      [
       -79.6014166407345,
       43.5273819738287
      ],
      [
       -79.60151473436,
       43.5273876759644
      ],
      [
       -79.6015821076055,
       43.5273839981017
      ],
      [
       -79.6015852004443,
       43.5273840359363
      ],
      [
       -79.6016389678847,
       43.5273666854254
      ],
      [
       -79.6016923780379,
       43.5273313222855
      ],
      [
       -79.601709655296,
       43.5272865130369
      ],
      [
       -79.6017266339337,
       43.5271876754322
      ],
      [
       -79.6017560424611,
       43.5270529733918
      ],
      [
       -79.6017869972579,
       43.5269182902532
      ],
      [
       -79.601815157781,
       43.5268375976308
      ],
      [
       -79.6018460083498,
       43.5267074152551
      ],
      [
       -79.601845352336,
       43.526635374291
      ],
      [
       -79.6018466000243,
       43.5265813648451
      ],
      [
       -79.6018314025834,
       43.5265361583808
      ],
      [
       -79.6017766680684,
       43.5264949703916
      ],
      [
       -79.6017074961471,
       43.5264761160752
      ],
      [
       -79.6016676018035,
       43.5264621219093
      ],
      [
       -79.6015930175713,
       43.5264432013189
      ],
      [
       -79.6015215261765,
       43.526424318516
      ],
      [
       -79.6014432840592,
       43.5263963489613
      ],
      [
       -79.60137983676,
       43.5263640583055
      ],
      [
       -79.6013242255026,
       43.5263273614314
      ],
      [
       -79.6013030509746,
       43.5262730776464
      ],
      [
       -79.6013081651047,
       43.5262191155111
      ],
      [
       -79.6013313158285,
       43.5261878843525
      ],
      [
       -79.6014224035946,
       43.5261619864342
      ],
      [
       -79.6015317359475,
       43.5261498178152
      ],
      [
       -79.6015612213109,
       43.5261456764584
      ],
      [
       -79.6015953458336,
       43.5261415918442
      ],
      [
       -79.6016936454396,
       43.5261382922261
      ],
      [
       -79.601757047336,
       43.5261390677392
      ],
      [
       -79.6018051933076,
       43.5261306525046
      ],
      [
       -79.6018228274148,
       43.5261038558309
      ],
      [
       -79.601867848346,
       43.5259963570442
      ],
      [
       -79.601903486857,
       43.525893245549
      ],
      [
       -79.6019089123112,
       43.525825781012
      ],
      [
       -79.6018911874954,
       43.525789547759
      ],
      [
       -79.6018786670863,
       43.5257623822739
      ],
      [
       -79.6018938775162,
       43.5257400580045
      ],
      [
       -79.6019353763454,
       43.5257180552392
      ],
      [
       -79.601950170891,
       43.5257137341139
      ],
      [
       -79.6019548685347,
       43.5256777750885
      ],
      [
       -79.6019616454089,
       43.525551800299
      ],
      [
       -79.601989233321,
       43.525227989383
      ],
      [
       -79.6019902859109,
       43.5251154507575
      ],
      [
       -79.6020167494576,
       43.5250077249467
      ],
      [
       -79.6020303222844,
       43.5249223517883
      ],
      [
       -79.6020564738113,
       43.5248281283295
      ],
      [
       -79.6020687536057,
       43.5247652496529
      ],
      [
       -79.6020686625629,
       43.524702219696
      ],
      [
       -79.6020265537188,
       43.524683696512
      ],
      [
       -79.601980267154,
       43.5246786284023
      ],
      [
       -79.6019272299425,
       43.5246644735936
      ],
      [
       -79.6018898641816,
       43.5246415063063
      ],
      [
       -79.6018045616319,
       43.524617952703
      ],
      [
       -79.6017184859758,
       43.5245943895796
      ],
      [
       -79.6016588022782,
       43.5245666471671
      ],
      [
       -79.6016110281885,
       43.5245255442293
      ],
      [
       -79.6016011849061,
       43.5245164196985
      ],
      [
       -79.6015921147995,
       43.524507304625
      ],
      [
       -79.6015665548284,
       43.5244754775286
      ],
      [
       -79.6015788803197,
       43.5244441138835
      ],
      [
       -79.6016139397292,
       43.5243995221537
      ],
      [
       -79.601655645686,
       43.5243685178969
      ],
      [
       -79.6016898731753,
       43.5243599324509
      ],
      [
       -79.6017863702198,
       43.5243341003966
      ],
      [
       -79.6018002872948,
       43.5243342706174
      ],
      [
       -79.6018454431014,
       43.524321316728
      ],
      [
       -79.6019030735791,
       43.5243040133274
      ],
      [
       -79.6019578192579,
       43.5242776704965
      ],
      [
       -79.6020112719536,
       43.5242738221301
      ],
      [
       -79.6020513273325,
       43.5242472996032
      ],
      [
       -79.6020667452021,
       43.52421597372
      ],
      [
       -79.602104792849,
       43.5241759204401
      ],
      [
       -79.6021568030513,
       43.5241675523054
      ],
      [
       -79.6021942269732,
       43.5241545037327
      ],
      [
       -79.6022228925421,
       43.5241188377533
      ],
      [
       -79.6022410455345,
       43.5240695370459
      ],
      [
       -79.6021965263752,
       43.5239879556007
      ],
      [
       -79.60218973016,
       43.523947353952
      ],
      [
       -79.6021705633053,
       43.5239066010381
      ],
      [
       -79.6021732529745,
       43.5238571112569
      ],
      [
       -79.6021954796201,
       43.5237988562441
      ],
      [
       -79.6022261070835,
       43.5237452060067
      ],
      [
       -79.6022453905439,
       43.5237139273621
      ],
      [
       -79.602246429881,
       43.5236689194597
      ],
      [
       -79.6022420418791,
       43.5231556308244
      ],
      [
       -79.6022406375018,
       43.522948518823
      ],
      [
       -79.602246789747,
       43.5228495486911
      ],
      [
       -79.6022259273196,
       43.5227817626774
      ],
      [
       -79.6022332557731,
       43.5227323296049
      ],
      [
       -79.6022258487365,
       43.5226512019253
      ],
      [
       -79.6022080004344,
       43.5224528929651
      ],
      [
       -79.6021981827804,
       43.5223087069358
      ],
      [
       -79.6021849480879,
       43.5222455162388
      ],
      [
       -79.6021465570876,
       43.5222000261812
      ],
      [
       -79.6021226935707,
       43.522195232315
      ],
      [
       -79.6020151226648,
       43.522198418934
      ],
      [
       -79.6019166215682,
       43.5222107204996
      ],
      [
       -79.6018943043539,
       43.5222059454969
      ],
      [
       -79.6018605979028,
       43.5221920270709
      ],
      [
       -79.6018444204105,
       43.5221558127148
      ],
      [
       -79.6018514372143,
       43.5221198820369
      ],
      [
       -79.6018854100288,
       43.5220887831016
      ],
      [
       -79.6019338646006,
       43.5220668653903
      ],
      [
       -79.6020074170308,
       43.5220632628355
      ],
      [
       -79.602040766076,
       43.5220591685988
      ],
      [
       -79.6021892093205,
       43.5220609837938
      ],
      [
       -79.6022914719079,
       43.5220532300454
      ],
      [
       -79.6023331758763,
       43.5220222255022
      ],
      [
       -79.6023646336279,
       43.5219325688631
      ],
      [
       -79.6023565115569,
       43.5218154159396
      ],
      [
       -79.6023491751552,
       43.5216307416806
      ],
      [
       -79.6023360568711,
       43.5214955194146
      ],
      [
       -79.6023257194119,
       43.5213738373319
      ],
      [
       -79.6023219370204,
       43.5212027126991
      ],
      [
       -79.602313574088,
       43.5209955155533
      ],
      [
       -79.602312215024,
       43.520819918475
      ],
      [
       -79.6022342332112,
       43.5208144629439
      ],
      [
       -79.6022349606796,
       43.5207829573964
      ],
      [
       -79.6024044830243,
       43.5207760259164
      ],
      [
       -79.602403410584,
       43.5207219880462
      ],
      [
       -79.6023780013754,
       43.5207171753358
      ],
      [
       -79.6023708936087,
       43.5206900760572
      ],
      [
       -79.6023698336506,
       43.5205685073882
      ],
      [
       -79.6023672274478,
       43.5204469198124
      ],
      [
       -79.6023649205363,
       43.5203793606557
      ],
      [
       -79.6023731837435,
       43.5202894204102
      ],
      [
       -79.6023654649973,
       43.520221795087
      ],
      [
       -79.602345941675,
       43.5201630295661
      ],
      [
       -79.6023173945252,
       43.5201266640313
      ],
      [
       -79.6022530761966,
       43.5200988652495
      ],
      [
       -79.602213543312,
       43.5201028839394
      ],
      [
       -79.6021881800201,
       43.520129586194
      ],
      [
       -79.6021619979602,
       43.5201247639854
      ],
      [
       -79.6021372125945,
       43.5200929464674
      ],
      [
       -79.6021242318593,
       43.5200522691651
      ],
      [
       -79.6021114590017,
       43.5200025902754
      ],
      [
       -79.6021075022201,
       43.5199395129979
      ],
      [
       -79.6021087493831,
       43.5198855034824
      ],
      [
       -79.6021112309802,
       43.519845015253
      ],
      [
       -79.6021125237421,
       43.5198225207416
      ],
      [
       -79.6021157784459,
       43.5197820419654
      ],
      [
       -79.6021167594169,
       43.5197730498329
      ],
      [
       -79.6021263029401,
       43.5197281458925
      ],
      [
       -79.6021273422211,
       43.5196831379609
      ],
      [
       -79.6021300772668,
       43.5196651631491
      ],
      [
       -79.6021278618608,
       43.519660633995
      ],
      [
       -79.6021388932726,
       43.519651764759
      ],
      [
       -79.6021650294911,
       43.5196250719641
      ],
      [
       -79.602190288653,
       43.5196028705029
      ],
      [
       -79.6022200825372,
       43.5195852265474
      ],
      [
       -79.602246680045,
       43.519572045566
      ],
      [
       -79.6022727122646,
       43.5195498535385
      ],
      [
       -79.6022862707956,
       43.5195320110583
      ],
      [
       -79.6022837686672,
       43.5194059226684
      ],
      [
       -79.6022645699495,
       43.5192661239374
      ],
      [
       -79.6022586180048,
       43.5191219851032
      ],
      [
       -79.6022388084673,
       43.5189416603121
      ],
      [
       -79.6022264765188,
       43.5187389166186
      ],
      [
       -79.6022250136733,
       43.5185678202702
      ],
      [
       -79.6022265849717,
       43.5184327775356
      ],
      [
       -79.6022217762229,
       43.5182391299421
      ],
      [
       -79.6022086256446,
       43.5180048617571
      ],
      [
       -79.6021914932218,
       43.5178425779206
      ],
      [
       -79.6021732634528,
       43.5177613178381
      ],
      [
       -79.6021708528657,
       43.5176982594457
      ],
      [
       -79.6021757574683,
       43.5176532987622
      ],
      [
       -79.6021764848869,
       43.517621793198
      ],
      [
       -79.6021758408806,
       43.5174822212896
      ],
      [
       -79.6021700970461,
       43.5173290808221
      ],
      [
       -79.6021588377574,
       43.517180374975
      ],
      [
       -79.6021430896227,
       43.5170586266302
      ],
      [
       -79.6021331687509,
       43.5169189412721
      ],
      [
       -79.6021084555827,
       43.5167835770947
      ],
      [
       -79.6021052263606,
       43.516688994217
      ],
      [
       -79.6021028284933,
       43.5165584049731
      ],
      [
       -79.6020969683158,
       43.5164772961189
      ],
      [
       -79.6020870476113,
       43.5163376107458
      ],
      [
       -79.6020730994015,
       43.5162383947179
      ],
      [
       -79.6020530706236,
       43.5161346022632
      ],
      [
       -79.6020481787649,
       43.5161120321091
      ],
      [
       -79.6020482826858,
       43.5161075313132
      ],
      [
       -79.6020493675141,
       43.5160940383792
      ],
      [
       -79.6020458266313,
       43.5160129578782
      ],
      [
       -79.602044397105,
       43.5159409073288
      ],
      [
       -79.6020502952007,
       43.5158194236502
      ],
      [
       -79.6020493852651,
       43.5157248691177
      ],
      [
       -79.6020571868233,
       43.5156214169793
      ],
      [
       -79.6020545812063,
       43.5154998293053
      ],
      [
       -79.6020241784842,
       43.5154769471828
      ],
      [
       -79.6020049559607,
       43.5154722100444
      ],
      [
       -79.6019887800741,
       43.5154359956906
      ],
      [
       -79.6019833230787,
       43.5154044144857
      ],
      [
       -79.6019897153791,
       43.5153954885241
      ],
      [
       -79.6019701355238,
       43.5153727387411
      ],
      [
       -79.6019566362075,
       43.5153545653838
      ],
      [
       -79.6019298454526,
       43.515309217072
      ],
      [
       -79.6019190810385,
       43.515273068888
      ],
      [
       -79.6019095054036,
       43.5152189269721
      ],
      [
       -79.6019048798917,
       43.5151513393926
      ],
      [
       -79.6019016510093,
       43.5150567564883
      ],
      [
       -79.6019056785678,
       43.515016287138
      ],
      [
       -79.6019373281201,
       43.514985159732
      ],
      [
       -79.6019354830159,
       43.514931112357
      ],
      [
       -79.6019274990848,
       43.5149085043784
      ],
      [
       -79.6019417257678,
       43.514895172163
      ],
      [
       -79.6019619290003,
       43.5148909171707
      ],
      [
       -79.6019848670655,
       43.5148686873493
      ],
      [
       -79.6019998211658,
       43.514823849549
      ],
      [
       -79.6020062717053,
       43.5147789077566
      ],
      [
       -79.6020107148455,
       43.514720435212
      ],
      [
       -79.6020091814335,
       43.5146528854442
      ],
      [
       -79.6020274354795,
       43.5145990838579
      ],
      [
       -79.6020317746651,
       43.5145451121073
      ],
      [
       -79.6020262137988,
       43.5145180316976
      ],
      [
       -79.6020318912353,
       43.5144730804472
      ],
      [
       -79.6020272782773,
       43.5143379619985
      ],
      [
       -79.602026218793,
       43.5142163932056
      ],
      [
       -79.6020226779864,
       43.5141353126799
      ],
      [
       -79.6020179028543,
       43.5140407108539
      ],
      [
       -79.6019997326278,
       43.5139234348765
      ],
      [
       -79.6019649257327,
       43.5137564326873
      ],
      [
       -79.601950724771,
       43.5136347031698
      ],
      [
       -79.6019306258799,
       43.5136344573692
      ],
      [
       -79.6018937208475,
       43.5133908943244
      ],
      [
       -79.6018387374948,
       43.5130930853276
      ],
      [
       -79.6017954994561,
       43.5128224323603
      ],
      [
       -79.6017373148036,
       43.512830724838
      ],
      [
       -79.6017366457119,
       43.512826214585
      ],
      [
       -79.6017049517328,
       43.5128258269211
      ],
      [
       -79.6016479949356,
       43.5126135329841
      ],
      [
       -79.6016853078213,
       43.5126049852545
      ],
      [
       -79.6016646571338,
       43.5125281974807
      ],
      [
       -79.6016606556426,
       43.5124336050789
      ],
      [
       -79.601643662254,
       43.512365866174
      ],
      [
       -79.601642233181,
       43.5122938155825
      ],
      [
       -79.6016389008096,
       43.5122037334306
      ],
      [
       -79.6016293843267,
       43.5121135756317
      ],
      [
       -79.6016318788208,
       43.5120055564738
      ],
      [
       -79.6016419994852,
       43.5119021326683
      ],
      [
       -79.60159059107,
       43.5117844500074
      ],
      [
       -79.6015799768025,
       43.5117753160273
      ],
      [
       -79.6015800807425,
       43.5117708152289
      ],
      [
       -79.6015006817347,
       43.5116933087513
      ],
      [
       -79.6014925944165,
       43.5116752015362
      ],
      [
       -79.6015122314785,
       43.5116619355537
      ],
      [
       -79.6015412485797,
       43.5116442822443
      ],
      [
       -79.6015673815107,
       43.5116175895061
      ],
      [
       -79.6015844461997,
       43.5115817816938
      ],
      [
       -79.6015884736791,
       43.5115413123304
      ],
      [
       -79.6015898248776,
       43.5114828019486
      ],
      [
       -79.6015909681963,
       43.5114332931635
      ],
      [
       -79.6015919036367,
       43.5113927859754
      ],
      [
       -79.6015823288196,
       43.5113386440087
      ],
      [
       -79.6015716691977,
       43.5112979949812
      ],
      [
       -79.6015641016047,
       43.5112573837767
      ],
      [
       -79.6015681290705,
       43.5112169144117
      ],
      [
       -79.601574683415,
       43.5111674718163
      ],
      [
       -79.6015812377477,
       43.51111802922
      ],
      [
       -79.6015598600794,
       43.511072747009
      ],
      [
       -79.601536014082,
       43.5110004221761
      ],
      [
       -79.6015012422025,
       43.5109324657483
      ],
      [
       -79.6014686854507,
       43.5108690384789
      ],
      [
       -79.6014285027334,
       43.5108010158334
      ],
      [
       -79.6014124323186,
       43.510760300592
      ],
      [
       -79.6013886905618,
       43.5106834749298
      ],
      [
       -79.6013843190921,
       43.5106384007412
      ],
      [
       -79.6013687685045,
       43.510575181499
      ],
      [
       -79.6013308011154,
       43.5105116879904
      ],
      [
       -79.6012879426352,
       43.5104256242712
      ],
      [
       -79.601272184282,
       43.5103714066135
      ],
      [
       -79.6012397320183,
       43.5103034784812
      ],
      [
       -79.6012219666481,
       43.5102357300456
      ],
      [
       -79.601203428326,
       43.5101679721488
      ],
      [
       -79.6011742761269,
       43.5100910802332
      ],
      [
       -79.6011643899663,
       43.5100504406242
      ],
      [
       -79.6011538347958,
       43.5100052907568
      ],
      [
       -79.6011463715887,
       43.5099601787227
      ],
      [
       -79.6011562259898,
       43.5099017723799
      ],
      [
       -79.6011543816215,
       43.509847724957
      ],
      [
       -79.6011642359938,
       43.509789318612
      ],
      [
       -79.6011823852477,
       43.5097400179056
      ],
      [
       -79.6012035224454,
       43.5096952558276
      ],
      [
       -79.601221002613,
       43.5096414448559
      ],
      [
       -79.6012560534312,
       43.5095968530104
      ],
      [
       -79.6012964111179,
       43.5095568281554
      ],
      [
       -79.601333884725,
       43.5095077638568
      ],
      [
       -79.6013656355626,
       43.509472135745
      ],
      [
       -79.6013835766595,
       43.5094318366001
      ],
      [
       -79.601410332343,
       43.5093781390763
      ],
      [
       -79.6014390950906,
       43.5093379723148
      ],
      [
       -79.6014401798944,
       43.5093244793712
      ],
      [
       -79.6014703846141,
       43.5092888323139
      ],
      [
       -79.6015622911943,
       43.5091593965437
      ],
      [
       -79.601678575305,
       43.5090122505914
      ],
      [
       -79.6017781068305,
       43.5088874099787
      ],
      [
       -79.6018264595602,
       43.5088024619963
      ],
      [
       -79.6018553256598,
       43.5087577943174
      ],
      [
       -79.6018930643918,
       43.5086637123485
      ],
      [
       -79.6019151358038,
       43.5085784429048
      ],
      [
       -79.6019222090382,
       43.5085064962515
      ],
      [
       -79.6019230859097,
       43.508502004903
      ],
      [
       -79.6019413380371,
       43.50844820325
      ],
      [
       -79.601954283259,
       43.5083898346213
      ],
      [
       -79.6019748542224,
       43.5083360613196
      ],
      [
       -79.60199022218,
       43.5082732202412
      ],
      [
       -79.6019998676609,
       43.508223815398
      ],
      [
       -79.6020074020216,
       43.5081653805918
      ],
      [
       -79.6020171513634,
       43.5081114749437
      ],
      [
       -79.6020325192142,
       43.5080486338558
      ],
      [
       -79.6020509788804,
       43.5079858305734
      ],
      [
       -79.602066346661,
       43.5079229894787
      ],
      [
       -79.6020900091991,
       43.5078692539566
      ],
      [
       -79.6021019734064,
       43.5078198774549
      ],
      [
       -79.6021242519569,
       43.5077256063453
      ],
      [
       -79.6021430230709,
       43.5076493006338
      ],
      [
       -79.6021538110188,
       43.5075503869387
      ],
      [
       -79.6021658331959,
       43.5074649945517
      ],
      [
       -79.6021667100322,
       43.5074605032001
      ],
      [
       -79.6021712561793,
       43.507397529764
      ],
      [
       -79.6021744641667,
       43.5073255358184
      ],
      [
       -79.6021975734237,
       43.5071952582573
      ],
      [
       -79.6022204167711,
       43.5071099981712
      ],
      [
       -79.602230639273,
       43.5070020733991
      ],
      [
       -79.602248026014,
       43.5068852320725
      ],
      [
       -79.6022669585756,
       43.506768409641
      ],
      [
       -79.6022673862249,
       43.50668287547
      ],
      [
       -79.6022532196148,
       43.5066601918918
      ],
      [
       -79.602235396035,
       43.5066284594511
      ],
      [
       -79.6021911884834,
       43.5066009064817
      ],
      [
       -79.602175222472,
       43.506555690523
      ],
      [
       -79.6021648167663,
       43.5065375549931
      ],
      [
       -79.602166674286,
       43.5065240714844
      ],
      [
       -79.6021798143273,
       43.5065242321526
      ],
      [
       -79.6021913046059,
       43.5065288747212
      ],
      [
       -79.6022111933934,
       43.5065381220516
      ],
      [
       -79.6022519516729,
       43.5065476245452
      ],
      [
       -79.6022722559544,
       43.50653886865
      ],
      [
       -79.6023068886849,
       43.5065122796393
      ],
      [
       -79.6024329603422,
       43.5063427421397
      ],
      [
       -79.6025455797739,
       43.5061865462769
      ],
      [
       -79.6025712944671,
       43.5061778564651
      ],
      [
       -79.6026223662612,
       43.5061424641565
      ],
      [
       -79.6026844090481,
       43.5061342183676
      ],
      [
       -79.6027358383442,
       43.5061168386744
      ],
      [
       -79.602740579809,
       43.5061123945524
      ],
      [
       -79.6027576882889,
       43.5061081015837
      ],
      [
       -79.6028036608351,
       43.5060591406464
      ],
      [
       -79.602865311177,
       43.5059338360316
      ],
      [
       -79.6029170169257,
       43.5058039077751
      ],
      [
       -79.6029338252489,
       43.5057455862183
      ],
      [
       -79.6029284723207,
       43.5057095042058
      ],
      [
       -79.6029395124097,
       43.5056331038566
      ],
      [
       -79.6029651457067,
       43.5054938527968
      ],
      [
       -79.6029672106388,
       43.5054713676578
      ],
      [
       -79.6029681911971,
       43.5054623754913
      ],
      [
       -79.6029705099881,
       43.5054624038278
      ],
      [
       -79.6029721134275,
       43.505426406825
      ],
      [
       -79.6030182579189,
       43.5052693981013
      ],
      [
       -79.6030384803771,
       43.5051300808959
      ],
      [
       -79.6030711733281,
       43.5049864139922
      ],
      [
       -79.6030727303941,
       43.5049189018928
      ],
      [
       -79.6030881537579,
       43.5048200447043
      ],
      [
       -79.6031134749208,
       43.5046942960033
      ],
      [
       -79.6031522006456,
       43.5045236903282
      ],
      [
       -79.6031854582922,
       43.5043890344275
      ],
      [
       -79.6032070072181,
       43.5043262686631
      ],
      [
       -79.6032351545778,
       43.5042455752117
      ],
      [
       -79.6032477397942,
       43.5041691936919
      ],
      [
       -79.6032504272928,
       43.504119703695
      ],
      [
       -79.6032704302238,
       43.5040569190268
      ],
      [
       -79.6032949203762,
       43.5039671767224
      ],
      [
       -79.603313584951,
       43.5038953715419
      ],
      [
       -79.6033464731907,
       43.5038102339018
      ],
      [
       -79.6033679752667,
       43.5037159529962
      ],
      [
       -79.6033808142124,
       43.5036620849347
      ],
      [
       -79.6034156058466,
       43.5035949788288
      ],
      [
       -79.6034172554337,
       43.5035904969048
      ],
      [
       -79.6034460712817,
       43.5035143136335
      ],
      [
       -79.6034734450146,
       43.5034336106609
      ],
      [
       -79.6034808269472,
       43.5033481613887
      ],
      [
       -79.6034939304736,
       43.5032492757795
      ],
      [
       -79.6035217190722,
       43.5031505695536
      ],
      [
       -79.6035248678887,
       43.5031145914062
      ],
      [
       -79.6035657956578,
       43.5030160456678
      ],
      [
       -79.603598532685,
       43.5029038936347
      ],
      [
       -79.6036173574496,
       43.5027915716572
      ],
      [
       -79.6036238158185,
       43.5026790986246
      ],
      [
       -79.6036443366169,
       43.5025938098161
      ],
      [
       -79.6036606816348,
       43.5025219762294
      ],
      [
       -79.6036618229038,
       43.5024724673227
      ],
      [
       -79.6036519361808,
       43.5024318278703
      ],
      [
       -79.6036470447002,
       43.5024092577389
      ],
      [
       -79.6036498355098,
       43.5023552669025
      ],
      [
       -79.6036696298981,
       43.5023014837518
      ],
      [
       -79.603686332692,
       43.5022476628363
      ],
      [
       -79.6036987093653,
       43.5021802828474
      ],
      [
       -79.6037237634515,
       43.5020995514637
      ],
      [
       -79.603747733351,
       43.5020323130635
      ],
      [
       -79.6038041747212,
       43.5018979400757
      ],
      [
       -79.603828455657,
       43.5018171992224
      ],
      [
       -79.6038647447069,
       43.501718596702
      ],
      [
       -79.6038839265076,
       43.5016242873283
      ],
      [
       -79.603884756363,
       43.5015882808417
      ],
      [
       -79.6038939374103,
       43.5015253638755
      ],
      [
       -79.6039189909441,
       43.5014446324328
      ],
      [
       -79.6039368810491,
       43.5013728176606
      ],
      [
       -79.6039624530825,
       43.5012695821485
      ],
      [
       -79.6039957537828,
       43.5011664410063
      ],
      [
       -79.604020034146,
       43.5010857000948
      ],
      [
       -79.6040531272053,
       43.5009915605531
      ],
      [
       -79.604065710611,
       43.5009151788776
      ],
      [
       -79.6040905093409,
       43.5008119338859
      ],
      [
       -79.604115666006,
       43.5007267015707
      ],
      [
       -79.6041171179655,
       43.5006636902028
      ],
      [
       -79.6041070806019,
       43.5005960364679
      ],
      [
       -79.6041257430758,
       43.5005242310863
      ],
      [
       -79.6041378077333,
       43.5004703534553
      ],
      [
       -79.6041625493504,
       43.5004031243712
      ],
      [
       -79.6041890440508,
       43.5003269125281
      ],
      [
       -79.6042192993013,
       43.5002552486705
      ],
      [
       -79.6042175559731,
       43.5001967003625
      ],
      [
       -79.6042270944855,
       43.5001517960338
      ],
      [
       -79.6042453418689,
       43.5000979938743
      ],
      [
       -79.6042779155161,
       43.5000263583037
      ],
      [
       -79.6042876613459,
       43.4999724523419
      ],
      [
       -79.6042976145475,
       43.4999095447526
      ],
      [
       -79.6043012811591,
       43.4998510624904
      ],
      [
       -79.6043225161206,
       43.4998017988689
      ],
      [
       -79.6043491610521,
       43.499752601289
      ],
      [
       -79.6043839492644,
       43.4996854947986
      ],
      [
       -79.6044052877836,
       43.4996317303452
      ],
      [
       -79.6044346658722,
       43.4995645577926
      ],
      [
       -79.6044650241111,
       43.4994883930378
      ],
      [
       -79.6045000193931,
       43.4994122848778
      ],
      [
       -79.604513063679,
       43.499349414996
      ],
      [
       -79.6045339401319,
       43.4992821386366
      ],
      [
       -79.6045662019586,
       43.4992240054053
      ],
      [
       -79.6046101601494,
       43.4991615128499
      ],
      [
       -79.6046919971265,
       43.4990319514064
      ],
      [
       -79.6047596115263,
       43.4989157225605
      ],
      [
       -79.6048272256621,
       43.4987994936688
      ],
      [
       -79.6049419446532,
       43.4985847938049
      ],
      [
       -79.6049798228791,
       43.4985177248256
      ],
      [
       -79.6050035825969,
       43.4984594877138
      ],
      [
       -79.6050360507874,
       43.4983923526985
      ],
      [
       -79.6050801115038,
       43.4983253591231
      ],
      [
       -79.6051295819953,
       43.4982584315364
      ],
      [
       -79.6052135278726,
       43.4981378995889
      ],
      [
       -79.6052915454863,
       43.498039805655
      ],
      [
       -79.6053242678993,
       43.4979951840563
      ],
      [
       -79.6054476275661,
       43.4978751327572
      ],
      [
       -79.6055317235248,
       43.4977816148814
      ],
      [
       -79.6056234439534,
       43.4976926920187
      ],
      [
       -79.605694042759,
       43.4975810010711
      ],
      [
       -79.6057348036624,
       43.4975229711484
      ],
      [
       -79.6058093140134,
       43.4974428423978
      ],
      [
       -79.6058596115205,
       43.4973399079209
      ],
      [
       -79.6059543185329,
       43.4972555232867
      ],
      [
       -79.6060215142316,
       43.4971572968729
      ],
      [
       -79.6060995292475,
       43.4970592023362
      ],
      [
       -79.6061782132862,
       43.4969656179824
      ],
      [
       -79.6062361824714,
       43.4968987935152
      ],
      [
       -79.6062831804264,
       43.496804822777
      ],
      [
       -79.6063352773744,
       43.4967244204231
      ],
      [
       -79.6063793354064,
       43.4966574262918
      ],
      [
       -79.6064062878108,
       43.4965947257059
      ],
      [
       -79.6064096415277,
       43.4965497457716
      ],
      [
       -79.6038867382874,
       43.4948937118772
      ],
      [
       -79.6036678034327,
       43.4947334651111
      ],
      [
       -79.6036331417396,
       43.4946610084221
      ],
      [
       -79.6035963588718,
       43.494647052889
      ],
      [
       -79.6035646847477,
       43.4945791347533
      ],
      [
       -79.6026772156683,
       43.4930060680016
      ],
      [
       -79.6026581039685,
       43.4929968302359
      ],
      [
       -79.6025904805041,
       43.4928789494817
      ],
      [
       -79.6025774010286,
       43.4928427729327
      ],
      [
       -79.6025954399106,
       43.4927979725901
      ],
      [
       -79.6026207912712,
       43.4927712699626
      ],
      [
       -79.6026690142792,
       43.4927583531384
      ],
      [
       -79.6027252187857,
       43.4927680442664
      ],
      [
       -79.6027609161971,
       43.4927954930683
      ],
      [
       -79.6028533148846,
       43.4929451910957
      ],
      [
       -79.6028443992963,
       43.4929630904725
      ],
      [
       -79.6033578899839,
       43.4938922919524
      ],
      [
       -79.6037040049127,
       43.4945043010486
      ],
      [
       -79.6038176786075,
       43.4947037810167
      ],
      [
       -79.6038565725247,
       43.4947267664252
      ],
      [
       -79.604463828536,
       43.4951438703867
      ],
      [
       -79.6065458162852,
       43.4965108869388
      ],
      [
       -79.6066401965107,
       43.496575066435
      ],
      [
       -79.6066595169649,
       43.4965753019126
      ],
      [
       -79.6066940384899,
       43.4965532122443
      ],
      [
       -79.6067572094259,
       43.4964954550672
      ],
      [
       -79.6068091468264,
       43.4964555692835
      ],
      [
       -79.606843102399,
       43.4964244685089
      ],
      [
       -79.6068673218042,
       43.4963797428331
      ],
      [
       -79.6069100887374,
       43.4963352431682
      ],
      [
       -79.6069587276715,
       43.4963043212847
      ],
      [
       -79.6071014494481,
       43.4962160186625
      ],
      [
       -79.6072019215985,
       43.4961497115445
      ],
      [
       -79.6072899250767,
       43.4960877545216
      ],
      [
       -79.6074042039628,
       43.496026117504
      ],
      [
       -79.6075010670116,
       43.495982276567
      ],
      [
       -79.6076377569806,
       43.4959209122909
      ],
      [
       -79.6077819679262,
       43.4958686436062
      ],
      [
       -79.6079302494919,
       43.495807420141
      ],
      [
       -79.6080157265015,
       43.4957544359546
      ],
      [
       -79.6081098076413,
       43.4956970543784
      ],
      [
       -79.6081843616529,
       43.4956484391568
      ],
      [
       -79.6082470132929,
       43.4956131852347
      ],
      [
       -79.6083213603307,
       43.4955735715682
      ],
      [
       -79.6083588685274,
       43.495556019832
      ],
      [
       -79.6083675761445,
       43.4955471216644
      ],
      [
       -79.6084387284312,
       43.4955119711139
      ],
      [
       -79.6085144633422,
       43.4955128929584
      ],
      [
       -79.6085537730464,
       43.4955178734985
      ],
      [
       -79.6085666006502,
       43.4955315358745
      ],
      [
       -79.6085997279268,
       43.495536441151
      ],
      [
       -79.6086369259511,
       43.4955323917962
      ],
      [
       -79.6087065324581,
       43.4954972222656
      ],
      [
       -79.6088157586103,
       43.4954535306659
      ],
      [
       -79.6088615607608,
       43.4954450838585
      ],
      [
       -79.6089096813121,
       43.4954366652434
      ],
      [
       -79.6089143181384,
       43.4954367216652
      ],
      [
       -79.6089467759232,
       43.4954371166119
      ],
      [
       -79.6090197295238,
       43.4954244980304
      ],
      [
       -79.6091341583125,
       43.4953898735926
      ],
      [
       -79.6092195799928,
       43.4953729044893
      ],
      [
       -79.6093414803233,
       43.4953158603235
      ],
      [
       -79.6094201532153,
       43.4952898048088
      ],
      [
       -79.6095119636811,
       43.4952639090318
      ],
      [
       -79.6096268548504,
       43.4952427959716
      ],
      [
       -79.6097169130054,
       43.495225882884
      ],
      [
       -79.6098544218172,
       43.4951960404825
      ],
      [
       -79.6099758049265,
       43.4951614997631
      ],
      [
       -79.6101013616445,
       43.4951135034068
      ],
      [
       -79.6102512879106,
       43.495047794829
      ],
      [
       -79.6103683963999,
       43.4949636788112
      ],
      [
       -79.6104130652721,
       43.4949372092719
      ],
      [
       -79.6104983324777,
       43.4948932248326
      ],
      [
       -79.6106215194948,
       43.4948136845157
      ],
      [
       -79.6106395002373,
       43.4948048988712
      ],
      [
       -79.6107316190628,
       43.4947654996076
      ],
      [
       -79.6109151867474,
       43.4946821906324
      ],
      [
       -79.6110785581046,
       43.4946031380767
      ],
      [
       -79.6112247212591,
       43.4945328804105
      ],
      [
       -79.6113237944363,
       43.4944935651474
      ],
      [
       -79.6113838152564,
       43.4944717837891
      ],
      [
       -79.6114567672214,
       43.4944591636276
      ],
      [
       -79.6115666069325,
       43.4944559955918
      ],
      [
       -79.6116798471871,
       43.4944393624951
      ],
      [
       -79.6117806195843,
       43.4944270799728
      ],
      [
       -79.6119823194101,
       43.4943619977888
      ],
      [
       -79.6121095215986,
       43.4943095171095
      ],
      [
       -79.6121924683382,
       43.4942655032277
      ],
      [
       -79.6122809275695,
       43.4942170541157
      ],
      [
       -79.6123859244575,
       43.4941552994135
      ],
      [
       -79.6124637704697,
       43.4940977171694
      ],
      [
       -79.61261513423,
       43.4940365250033
      ],
      [
       -79.6127597486952,
       43.4939662465683
      ],
      [
       -79.6129101844646,
       43.4938780302427
      ],
      [
       -79.6130065764676,
       43.4938206726448
      ],
      [
       -79.6131670060258,
       43.493701062634
      ],
      [
       -79.6133006453384,
       43.4936036378623
      ],
      [
       -79.6134070308866,
       43.4935148865491
      ],
      [
       -79.6135541156173,
       43.4934041182985
      ],
      [
       -79.613701096837,
       43.4932978506856
      ],
      [
       -79.6138278823664,
       43.4931958400927
      ],
      [
       -79.6139266416156,
       43.4931024937327
      ],
      [
       -79.6140408039119,
       43.4929778194259
      ],
      [
       -79.6141262194439,
       43.4928933152896
      ],
      [
       -79.6142485203716,
       43.4927507310888
      ],
      [
       -79.6143452686948,
       43.4926438537269
      ],
      [
       -79.6144206878857,
       43.4925232115191
      ],
      [
       -79.6144543267832,
       43.4924380795897
      ],
      [
       -79.6144908508294,
       43.4923619867864
      ],
      [
       -79.6145459716523,
       43.4922501026571
      ],
      [
       -79.6145812586458,
       43.4921604885733
      ],
      [
       -79.6146229838743,
       43.4920259316382
      ],
      [
       -79.6146437939402,
       43.4919271379253
      ],
      [
       -79.6146686735269,
       43.4918193893483
      ],
      [
       -79.6146988594389,
       43.4917162071493
      ],
      [
       -79.6147330119216,
       43.4916085709178
      ],
      [
       -79.6147805069049,
       43.4914920921699
      ],
      [
       -79.6148386145012,
       43.4913847461578
      ],
      [
       -79.614871582267,
       43.4912951038699
      ],
      [
       -79.6148821927216,
       43.491236705301
      ],
      [
       -79.6149101123258,
       43.491165010183
      ],
      [
       -79.6149687337188,
       43.49103515989
      ],
      [
       -79.6150175675384,
       43.4909277014248
      ],
      [
       -79.6150572310733,
       43.4908156297585
      ],
      [
       -79.6150736117804,
       43.4907753094167
      ],
      [
       -79.6150940619179,
       43.4907260341956
      ],
      [
       -79.6151263089222,
       43.4906678977007
      ],
      [
       -79.6151424310769,
       43.4906050637811
      ],
      [
       -79.6151685988691,
       43.4905423515449
      ],
      [
       -79.6151849266485,
       43.4904705159345
      ],
      [
       -79.6152138767542,
       43.4904213436504
      ],
      [
       -79.6152518412085,
       43.4903497701102
      ],
      [
       -79.6152784729773,
       43.4903005697276
      ],
      [
       -79.6152968102446,
       43.4902422646995
      ],
      [
       -79.6153093269298,
       43.4902018975178
      ],
      [
       -79.6153017523779,
       43.4901612869881
      ],
      [
       -79.6152876873951,
       43.490134104106
      ],
      [
       -79.6152553852382,
       43.4900931940626
      ],
      [
       -79.6152132432307,
       43.4900431606461
      ],
      [
       -79.615200053901,
       43.4900114862721
      ],
      [
       -79.6152196280778,
       43.4899667024986
      ],
      [
       -79.6152496091481,
       43.4899400531265
      ],
      [
       -79.615275570838,
       43.4898863425371
      ],
      [
       -79.6153125036023,
       43.4897922460356
      ],
      [
       -79.6153510316804,
       43.489662152141
      ],
      [
       -79.6153999635251,
       43.4894826612677
      ],
      [
       -79.615442096265,
       43.4893301005524
      ],
      [
       -79.6154775827211,
       43.489163953063
      ],
      [
       -79.6155299131141,
       43.4889709970119
      ],
      [
       -79.6155385657425,
       43.4889305830017
      ],
      [
       -79.6155412422147,
       43.4888810924427
      ],
      [
       -79.6155162564674,
       43.4888582794203
      ],
      [
       -79.615486840053,
       43.4888264085581
      ],
      [
       -79.6154448544655,
       43.4888033896421
      ],
      [
       -79.6154449572927,
       43.488798888799
      ],
      [
       -79.6154407821685,
       43.488744813174
      ],
      [
       -79.6154195043707,
       43.4886950325061
      ],
      [
       -79.6153981237769,
       43.4886497526773
      ],
      [
       -79.6153786500467,
       43.488622504293
      ],
      [
       -79.6153570638419,
       43.4885862261429
      ],
      [
       -79.6153216715617,
       43.4885452786824
      ],
      [
       -79.6152830856184,
       43.4885087946167
      ],
      [
       -79.6152221937516,
       43.488467538264
      ],
      [
       -79.615175108029,
       43.4884309512051
      ],
      [
       -79.6151365222462,
       43.4883944670914
      ],
      [
       -79.6150949484966,
       43.48835344468
      ],
      [
       -79.6150204566047,
       43.4882985172026
      ],
      [
       -79.6149596679893,
       43.4882527598713
      ],
      [
       -79.6148925948861,
       43.4882114284554
      ],
      [
       -79.6148261917175,
       43.4881746072059
      ],
      [
       -79.6147705037407,
       43.4881424178403
      ],
      [
       -79.6147184210678,
       43.4880877616898
      ],
      [
       -79.6146440327278,
       43.4880283331315
      ],
      [
       -79.6145495540469,
       43.4879686610575
      ],
      [
       -79.6144913929336,
       43.4879094290507
      ],
      [
       -79.6143860966562,
       43.4878496257398
      ],
      [
       -79.6143167062653,
       43.4878082658985
      ],
      [
       -79.6142276372079,
       43.4877486591256
      ],
      [
       -79.6141271328972,
       43.4877159261953
      ],
      [
       -79.614063821569,
       43.4876791419816
      ],
      [
       -79.6140255457173,
       43.4876291549799
      ],
      [
       -79.6139844878981,
       43.4875656279702
      ],
      [
       -79.6139546090041,
       43.4875202448344
      ],
      [
       -79.6138935131607,
       43.487487989475
      ],
      [
       -79.6138498286394,
       43.4874379368361
      ],
      [
       -79.6137778630027,
       43.4873740349954
      ],
      [
       -79.6137172821522,
       43.4873192753395
      ],
      [
       -79.6136312022532,
       43.4872642064344
      ],
      [
       -79.613545122511,
       43.487209137466
      ],
      [
       -79.6134375613501,
       43.4871132890948
      ],
      [
       -79.6133346885753,
       43.4870490121144
      ],
      [
       -79.6132601998815,
       43.486994083521
      ],
      [
       -79.6131635090766,
       43.4869298813726
      ],
      [
       -79.6130278742563,
       43.4868111816058
      ],
      [
       -79.6130058780837,
       43.4867929063882
      ],
      [
       -79.6129539011565,
       43.4867337486184
      ],
      [
       -79.6128906429477,
       43.4866609476782
      ],
      [
       -79.6128418600289,
       43.4865973265201
      ],
      [
       -79.612797507333,
       43.4865427632766
      ],
      [
       -79.6127395038609,
       43.48651054482
      ],
      [
       -79.6126801096144,
       43.4865053219955
      ],
      [
       -79.612630090707,
       43.4864957108248
      ],
      [
       -79.6125828020158,
       43.4864681244065
      ],
      [
       -79.6125274259093,
       43.486422431458
      ],
      [
       -79.6124807555539,
       43.4863678399626
      ],
      [
       -79.6124233706752,
       43.4863086163134
      ],
      [
       -79.6123650071261,
       43.486258384936
      ],
      [
       -79.6123380147297,
       43.4862220405858
      ],
      [
       -79.6123100435767,
       43.4861946885287
      ],
      [
       -79.6123028319555,
       43.4861720905421
      ],
      [
       -79.6123027806252,
       43.486140575289
      ],
      [
       -79.6123182860758,
       43.4861047467777
      ],
      [
       -79.6102291580989,
       43.4845531608351
      ],
      [
       -79.6095480003677,
       43.4840586525261
      ],
      [
       -79.6095346087406,
       43.4840359791949
      ],
      [
       -79.6095351249846,
       43.4840134750172
      ],
      [
       -79.6095441404735,
       43.483991074211
      ],
      [
       -79.6099192075108,
       43.4835769408013
      ],
      [
       -79.6099418208972,
       43.4835682115744
      ],
      [
       -79.6099728302491,
       43.4835640865186
      ],
      [
       -79.6099982245981,
       43.4835688973684
      ],
      [
       -79.6100259369119,
       43.4835737363947
      ],
      [
       -79.6100511248516,
       43.4835875489065
      ],
      [
       -79.610622155551,
       43.4839636615588
      ],
      [
       -79.6106693382395,
       43.4839957495991
      ],
      [
       -79.6106828334495,
       43.4840139219654
      ],
      [
       -79.6106908168875,
       43.4840365294404
      ],
      [
       -79.6106901979089,
       43.4840635344668
      ],
      [
       -79.6106843766345,
       43.4840814720898
      ],
      [
       -79.6106753615504,
       43.4841038729912
      ],
      [
       -79.6106608346685,
       43.4841307090003
      ],
      [
       -79.6106536217202,
       43.4841756422569
      ],
      [
       -79.6106450697705,
       43.4842115550577
      ],
      [
       -79.610646356086,
       43.4842565916026
      ],
      [
       -79.6106535142063,
       43.4843152057792
      ],
      [
       -79.610660672339,
       43.484373819955
      ],
      [
       -79.6106732391368,
       43.4844324998588
      ],
      [
       -79.6106971896106,
       43.4845003222817
      ],
      [
       -79.6107270646124,
       43.484545706239
      ],
      [
       -79.6107539521517,
       43.4845865517942
      ],
      [
       -79.6107921202617,
       43.4846410406921
      ],
      [
       -79.6108143718785,
       43.4846818298991
      ],
      [
       -79.6108499651953,
       43.4847137770353
      ],
      [
       -79.6108854553984,
       43.4847502249983
      ],
      [
       -79.6109545305076,
       43.4848050893778
      ],
      [
       -79.6123778355189,
       43.4858668588065
      ],
      [
       -79.6124955407544,
       43.4859583292146
      ],
      [
       -79.6125583342807,
       43.4859500871181
      ],
      [
       -79.6125977411978,
       43.4859505653564
      ],
      [
       -79.6126339543514,
       43.4859555069137
      ],
      [
       -79.6126784609993,
       43.4859695532819
      ],
      [
       -79.612729252168,
       43.4859791738028
      ],
      [
       -79.6127788586078,
       43.4860067882861
      ],
      [
       -79.6128347495906,
       43.4860299769123
      ],
      [
       -79.6128872408506,
       43.4860666305321
      ],
      [
       -79.6129540012121,
       43.4861214656104
      ],
      [
       -79.6129950053116,
       43.4861534777204
      ],
      [
       -79.6130637749461,
       43.4862218433812
      ],
      [
       -79.6131223450301,
       43.4862630727283
      ],
      [
       -79.6131693248536,
       43.4863041614475
      ],
      [
       -79.6133577077755,
       43.4864144966737
      ],
      [
       -79.6134022668313,
       43.4864600580246
      ],
      [
       -79.6134546558405,
       43.4865012122319
      ],
      [
       -79.6135069419577,
       43.4865468672569
      ],
      [
       -79.6135624218851,
       43.4865880589003
      ],
      [
       -79.6136456159063,
       43.4866340886866
      ],
      [
       -79.6137232982469,
       43.486684553668
      ],
      [
       -79.6138010836589,
       43.4867305177564
      ],
      [
       -79.6138812902121,
       43.4867720090572
      ],
      [
       -79.6139485669045,
       43.4868043393623
      ],
      [
       -79.6140262497172,
       43.4868548041427
      ],
      [
       -79.6141205203258,
       43.486923478314
      ],
      [
       -79.6141953184687,
       43.4869649038306
      ],
      [
       -79.6142592989332,
       43.4870061981752
      ],
      [
       -79.6142862928307,
       43.4870425420871
      ],
      [
       -79.614338682944,
       43.4870836959001
      ],
      [
       -79.6144384660627,
       43.4871479345323
      ],
      [
       -79.6144884353748,
       43.4871935610263
      ],
      [
       -79.6145269171258,
       43.4872345461931
      ],
      [
       -79.6146217033066,
       43.4872807157495
      ],
      [
       -79.6147441011894,
       43.4873362239794
      ],
      [
       -79.6148191060083,
       43.4873686474117
      ],
      [
       -79.614869178654,
       43.4874097729009
      ],
      [
       -79.6149186843858,
       43.4874418873209
      ],
      [
       -79.6149656663395,
       43.4874829753223
      ],
      [
       -79.6149872519319,
       43.4875192535447
      ],
      [
       -79.6150088375497,
       43.4875555317632
      ],
      [
       -79.615027176784,
       43.4875647581138
      ],
      [
       -79.6150384588156,
       43.4875784010571
      ],
      [
       -79.6150894073384,
       43.4876150349704
      ],
      [
       -79.6151423655077,
       43.4876651994721
      ],
      [
       -79.615193984032,
       43.4877063435436
      ],
      [
       -79.6152361244474,
       43.487756376965
      ],
      [
       -79.6152946974943,
       43.4877976052282
      ],
      [
       -79.6153551245314,
       43.4878253496489
      ],
      [
       -79.6153832006401,
       43.4878482001384
      ],
      [
       -79.6154227645953,
       43.4878756918404
      ],
      [
       -79.6154828833062,
       43.4879169387263
      ],
      [
       -79.6155287318578,
       43.4879400044119
      ],
      [
       -79.6155770013927,
       43.4879585973076
      ],
      [
       -79.6156413950892,
       43.4879818875226
      ],
      [
       -79.6156990400399,
       43.4879960918054
      ],
      [
       -79.6157568906207,
       43.488001294371
      ],
      [
       -79.6158072196879,
       43.4879974016615
      ],
      [
       -79.6158723330653,
       43.4879891858371
      ],
      [
       -79.6159190041359,
       43.4879762446124
      ],
      [
       -79.6159537761567,
       43.4879766655817
      ],
      [
       -79.6160189922755,
       43.4879639488285
      ],
      [
       -79.6161006408561,
       43.4879424267778
      ],
      [
       -79.6161884710675,
       43.4879209794934
      ],
      [
       -79.6162710977686,
       43.4878904649819
      ],
      [
       -79.616325495786,
       43.4878776171145
      ],
      [
       -79.6164250192317,
       43.487851809083
      ],
      [
       -79.6165954756215,
       43.4877998467954
      ],
      [
       -79.6168259439172,
       43.4877260998919
      ],
      [
       -79.6169337075575,
       43.4876778806652
      ],
      [
       -79.617047549984,
       43.4876342369598
      ],
      [
       -79.6172208368223,
       43.4875597975281
      ],
      [
       -79.617292179987,
       43.4875156395282
      ],
      [
       -79.6173145345451,
       43.4874843952706
      ],
      [
       -79.6173295727559,
       43.4874350541639
      ],
      [
       -79.6173335389636,
       43.4874306000429
      ],
      [
       -79.6173367324657,
       43.4874261365766
      ],
      [
       -79.6173595516315,
       43.4874084041975
      ],
      [
       -79.6173832948874,
       43.487350164183
      ],
      [
       -79.6174226435336,
       43.487251594081
      ],
      [
       -79.6174491154605,
       43.4871753786914
      ],
      [
       -79.617467141613,
       43.4871305757877
      ],
      [
       -79.6174763600194,
       43.487099172638
      ],
      [
       -79.6174939754526,
       43.4870723731221
      ],
      [
       -79.6175285902749,
       43.4870457791713
      ],
      [
       -79.6175861266729,
       43.4869969519326
      ],
      [
       -79.6176631857653,
       43.4869393565432
      ],
      [
       -79.617745756248,
       43.4868773256477
      ],
      [
       -79.6178320874058,
       43.4868198422482
      ],
      [
       -79.6179032239751,
       43.4867846855421
      ],
      [
       -79.6179851782149,
       43.4867496595624
      ],
      [
       -79.6180852122443,
       43.4867013457979
      ],
      [
       -79.6181645403287,
       43.4866797942152
      ],
      [
       -79.6182661739181,
       43.4866630142571
      ],
      [
       -79.6183395800008,
       43.4866639014296
      ],
      [
       -79.6183919181027,
       43.48667353813
      ],
      [
       -79.6184140184827,
       43.4866873114825
      ],
      [
       -79.6184906725184,
       43.4867152503504
      ],
      [
       -79.6185445560832,
       43.4867249056565
      ],
      [
       -79.6186165194407,
       43.4867212731275
      ],
      [
       -79.618674676835,
       43.4867129716523
      ],
      [
       -79.6187557552753,
       43.4866824366272
      ],
      [
       -79.6188161759913,
       43.4866426477928
      ],
      [
       -79.6188646437692,
       43.4865847061631
      ],
      [
       -79.6189147594031,
       43.4865222823286
      ],
      [
       -79.6189755900813,
       43.4864644899993
      ],
      [
       -79.619021842037,
       43.4864020194433
      ],
      [
       -79.619018901553,
       43.4863614651089
      ],
      [
       -79.6189877339585,
       43.4863385781615
      ],
      [
       -79.6189748033124,
       43.4863294177798
      ],
      [
       -79.6189689294498,
       43.4863158405521
      ],
      [
       -79.6189281271515,
       43.4862748288386
      ],
      [
       -79.618880835697,
       43.4862472449884
      ],
      [
       -79.6188473501427,
       43.4862243299998
      ],
      [
       -79.618825454962,
       43.4862015550279
      ],
      [
       -79.618812161951,
       43.4861743818873
      ],
      [
       -79.6188096866003,
       43.4861473394376
      ],
      [
       -79.6188410044303,
       43.4861297094329
      ],
      [
       -79.6188860255159,
       43.4861212491467
      ],
      [
       -79.6189366127498,
       43.4861398686277
      ],
      [
       -79.6189808133898,
       43.4861674151186
      ],
      [
       -79.619025219174,
       43.4861859598889
      ],
      [
       -79.6190590124247,
       43.4861953722704
      ],
      [
       -79.6190899200205,
       43.486195745605
      ],
      [
       -79.6191297373829,
       43.486178218186
      ],
      [
       -79.6191696572636,
       43.4861561899007
      ],
      [
       -79.6192044759068,
       43.4861205937168
      ],
      [
       -79.6192875563634,
       43.4860360574006
      ],
      [
       -79.6193168635254,
       43.4860048967091
      ],
      [
       -79.6193121724225,
       43.485973325419
      ],
      [
       -79.6192844032541,
       43.4859369733212
      ],
      [
       -79.6192289199517,
       43.485895784406
      ],
      [
       -79.6191932189348,
       43.4858683406688
      ],
      [
       -79.6191715288275,
       43.4858365640569
      ],
      [
       -79.6191636445312,
       43.4858094562828
      ],
      [
       -79.6191835768894,
       43.4857826844835
      ],
      [
       -79.6192231888796,
       43.4857741587319
      ],
      [
       -79.619273980998,
       43.4857837763569
      ],
      [
       -79.6193182840679,
       43.4858068218648
      ],
      [
       -79.6193539851068,
       43.4858342655634
      ],
      [
       -79.6193905613874,
       43.4858572177296
      ],
      [
       -79.6194245595579,
       43.485857628296
      ],
      [
       -79.6194662845863,
       43.4858581321592
      ],
      [
       -79.6195117154467,
       43.4858316682101
      ],
      [
       -79.6195689415643,
       43.4857963424858
      ],
      [
       -79.6197875875351,
       43.4855963882653
      ],
      [
       -79.6198218930371,
       43.4855832961502
      ],
      [
       -79.6198616072997,
       43.4855702693201
      ],
      [
       -79.6198845275129,
       43.485548035558
      ],
      [
       -79.6199896512033,
       43.4854457564584
      ],
      [
       -79.6200153546161,
       43.4854370625396
      ],
      [
       -79.6200751584322,
       43.4854242781302
      ],
      [
       -79.6201540742994,
       43.4854207285484
      ],
      [
       -79.6201893572303,
       43.4853986439367
      ],
      [
       -79.6202200040566,
       43.4853765033608
      ],
      [
       -79.6203828086977,
       43.4851848782024
      ],
      [
       -79.6205180564888,
       43.4850154307546
      ],
      [
       -79.6205889756576,
       43.484921742545
      ],
      [
       -79.6206669510866,
       43.4848236373324
      ],
      [
       -79.6207298358173,
       43.4847433583711
      ],
      [
       -79.620774539282,
       43.4846808684017
      ],
      [
       -79.6208391272592,
       43.4846276224783
      ],
      [
       -79.6208789430895,
       43.4846100944247
      ],
      [
       -79.620960687886,
       43.4845840679496
      ],
      [
       -79.6210275470949,
       43.4845668660521
      ],
      [
       -79.6211024401382,
       43.4845362547375
      ],
      [
       -79.6211627547822,
       43.484500965456
      ],
      [
       -79.6212152402877,
       43.4844700838132
      ],
      [
       -79.6212963608127,
       43.484403530738
      ],
      [
       -79.6213720724905,
       43.4843369123796
      ],
      [
       -79.6214430456388,
       43.484274738924
      ],
      [
       -79.621511188843,
       43.4842350417628
      ],
      [
       -79.6216043643054,
       43.4841821400969
      ],
      [
       -79.6216786886173,
       43.4841425173596
      ],
      [
       -79.6217349345284,
       43.4841161829042
      ],
      [
       -79.6218367675641,
       43.4840903979755
      ],
      [
       -79.621922272249,
       43.4840689182261
      ],
      [
       -79.6219945392719,
       43.4840517809463
      ],
      [
       -79.6220682492633,
       43.4840391631051
      ],
      [
       -79.6221250629479,
       43.4840218394853
      ],
      [
       -79.6222199874934,
       43.4839599542096
      ],
      [
       -79.6223024469584,
       43.4839024207338
      ],
      [
       -79.6223825882839,
       43.483844859264
      ],
      [
       -79.6225128957084,
       43.4837563875457
      ],
      [
       -79.6226535541387,
       43.4836545341042
      ],
      [
       -79.6228065177901,
       43.4835213140696
      ],
      [
       -79.6230046015188,
       43.4833751310094
      ],
      [
       -79.6231664718151,
       43.4832240093882
      ],
      [
       -79.6232637571658,
       43.4831261349186
      ],
      [
       -79.623341521487,
       43.4830370294874
      ],
      [
       -79.6233896753669,
       43.4829925883947
      ],
      [
       -79.6234958229388,
       43.4829128288088
      ],
      [
       -79.6235587019153,
       43.4828325481881
      ],
      [
       -79.6236460437787,
       43.4827300515739
      ],
      [
       -79.6237222617294,
       43.4826409272595
      ],
      [
       -79.6237697445533,
       43.4825919758306
      ],
      [
       -79.6238030131395,
       43.4825563595587
      ],
      [
       -79.623880367212,
       43.4824852571876
      ],
      [
       -79.6239364957857,
       43.4823958909098
      ],
      [
       -79.6240094626801,
       43.4822797147022
      ],
      [
       -79.6240493654173,
       43.4821901530735
      ],
      [
       -79.624049978405,
       43.482163147886
      ],
      [
       -79.6240024833907,
       43.4821445678763
      ],
      [
       -79.6239887802111,
       43.4821353987577
      ],
      [
       -79.6239474663537,
       43.4821168931211
      ],
      [
       -79.6239252641557,
       43.4821076216976
      ],
      [
       -79.6239257750235,
       43.4820851173755
      ],
      [
       -79.6239425113055,
       43.4820628083497
      ],
      [
       -79.6239741320467,
       43.4820316742844
      ],
      [
       -79.6240119338594,
       43.4820006146043
      ],
      [
       -79.6240431458746,
       43.4819874839775
      ],
      [
       -79.6240772441034,
       43.4819833922669
      ],
      [
       -79.6241048547461,
       43.4819927287516
      ],
      [
       -79.6241161378385,
       43.4820063708255
      ],
      [
       -79.6241010490729,
       43.4820241976106
      ],
      [
       -79.6240674169724,
       43.4820418012211
      ],
      [
       -79.6240469197121,
       43.4820595629061
      ],
      [
       -79.6240462045606,
       43.4820910689587
      ],
      [
       -79.6240573854935,
       43.4821092119028
      ],
      [
       -79.6240877802632,
       43.4821320881821
      ],
      [
       -79.6241572732285,
       43.4821689412695
      ],
      [
       -79.6242069840794,
       43.4821920499746
      ],
      [
       -79.6242375832489,
       43.4822059244853
      ],
      [
       -79.6242713751446,
       43.4822153353133
      ],
      [
       -79.6242827604626,
       43.4822244765063
      ],
      [
       -79.6243057354004,
       43.4822337571589
      ],
      [
       -79.6243441055296,
       43.4822117083969
      ],
      [
       -79.6244197666529,
       43.4821811041322
      ],
      [
       -79.6244353215984,
       43.4821767891971
      ],
      [
       -79.6245095394834,
       43.4821416654132
      ],
      [
       -79.6245550674924,
       43.4821106985105
      ],
      [
       -79.6245604759698,
       43.4821107635798
      ],
      [
       -79.624615479845,
       43.4820709064676
      ],
      [
       -79.6246666204548,
       43.4820310028534
      ],
      [
       -79.6247154430827,
       43.4819910713315
      ],
      [
       -79.6247502560568,
       43.4819554733574
      ],
      [
       -79.6247992827845,
       43.4819065400654
      ],
      [
       -79.6248200282018,
       43.4818437602847
      ],
      [
       -79.6248379451444,
       43.4818034569499
      ],
      [
       -79.6248647694613,
       43.4817452523746
      ],
      [
       -79.6249002969025,
       43.4816781482845
      ],
      [
       -79.6249375295831,
       43.4816380772605
      ],
      [
       -79.6249697621586,
       43.4815799377073
      ],
      [
       -79.6249903030949,
       43.481526159622
      ],
      [
       -79.6250749004152,
       43.4813741058349
      ],
      [
       -79.6275721305211,
       43.4832094512317
      ],
      [
       -79.6277027428541,
       43.4833460819224
      ],
      [
       -79.6343625319978,
       43.4881485236977
      ],
      [
       -79.6429172324486,
       43.4944677773978
      ],
      [
       -79.6454292520984,
       43.4963119098016
      ],
      [
       -79.6637797673439,
       43.5096874526311
      ],
      [
       -79.6816565912067,
       43.5227754397017
      ],
      [
       -79.6816384160338,
       43.5227932383794
      ],
      [
       -79.6769913183582,
       43.5270705410299
      ],
      [
       -79.6757148091827,
       43.5282533101526
      ],
      [
       -79.6753447688448,
       43.5285866777643
      ],
      [
       -79.6729143084197,
       43.5307870104049
      ],
      [
       -79.6725787550241,
       43.5310982589146
      ],
      [
       -79.6702009919899,
       43.5332496218996
      ],
      [
       -79.6676749574385,
       43.5355927949725
      ],
      [
       -79.6673554118151,
       43.5358772020417
      ],
      [
       -79.6662192015134,
       43.5368544036923
      ],
      [
       -79.6570766670029,
       43.5305435297918
      ],
      [
       -79.6523984081745,
       43.5274315764301
      ],
      [
       -79.6517037248561,
       43.526986685046
      ],
      [
       -79.6497821090013,
       43.5256539040869
      ],
      [
       -79.6493084084332,
       43.5253241595205
      ],
      [
       -79.6480780514844,
       43.5244182070571
      ],
      [
       -79.6480194208912,
       43.5243769950887
      ],
      [
       -79.6479638831213,
       43.5243358196691
      ],
      [
       -79.6478215094232,
       43.5242350902886
      ],
      [
       -79.6470155885322,
       43.5249638934288
      ],
      [
       -79.644861238096,
       43.5268832671481
      ],
      [
       -79.6436231118806,
       43.5280166093148
      ],
      [
       -79.6401279753964,
       43.5312165692745
      ],
      [
       -79.6378486711722,
       43.5332378690438
      ],
      [
       -79.6291787679379,
       43.5411794019632
      ],
      [
       -79.6230776348537,
       43.5467741543021
      ],
      [
       -79.62198618454,
       43.5476479052546
      ],
      [
       -79.6210103949965,
       43.5483339550628
      ],
      [
       -79.6196965733077,
       43.5490834458872
      ],
      [
       -79.6183983365704,
       43.5497250607959
      ],
      [
       -79.6174047215316,
       43.5501722557659
      ],
      [
       -79.6169902312545,
       43.5502978010055
      ],
      [
       -79.6156966320105,
       43.5509034247864
      ],
      [
       -79.6147225744577,
       43.5514408739656
      ],
      [
       -79.6137561824054,
       43.5520819546753
      ],
      [
       -79.6135323721927,
       43.5522593219621
      ],
      [
       -79.6128687198416,
       43.5528230298215
      ],
      [
       -79.6120434769848,
       43.5536503921969
      ],
      [
       -79.6117675121504,
       43.5539756899993
      ],
      [
       -79.6111618803946,
       43.5547741983714
      ],
      [
       -79.6097423938609,
       43.5567423419544
      ]
     ]
    ]
   },
   "properties": {
    "OBJECTID_1": 17,
    "OBJECTID": 17,
    "WARDNUM": "2",
    "MUNIC": "Mississauga",
    "Mayor": "Bonnie Crombie",
    "FirstName0": "Karen",
    "LastName0": "Ras",
    "Phone0": "1-905-896-5200",
    "email0": "karen.ras@mississauga.ca",
    "FirstName1": " ",
    "LastName1": " ",
    "Phone1": " ",
    "email1": " ",
    "RC_Name": "Nando Iannicca",
    "Shape_Leng": 29975.7465092,
    "WardName": "Ward 2",
    "Shape__Area": 28525060.609375,
    "Shape__Length": 29975.74650921456
   }
  },
  {
   "type": "Feature",
   "id": 18,
   "geometry": {
    "type": "Polygon",
    "coordinates": [
     [
      [
       -79.5637103416856,
       43.6270528147593
      ],
      [
       -79.5646536180415,
       43.6267405218807
      ],
      [
       -79.5650267881144,
       43.6265876382755
      ],
      [
       -79.5653080340111,
       43.6264561095146
      ],
      [
       -79.5657770261765,
       43.6261828727137
      ],
      [
       -79.5665557550438,
       43.6255893762721
      ],
      [
       -79.5679426576155,
       43.6242426610125
      ],
      [
       -79.568046433317,
       43.6241134036985
      ],
      [
       -79.5699045330912,
       43.6223628860029
      ],
      [
       -79.5733812733632,
       43.6190163389834
      ],
      [
       -79.5761500338675,
       43.6163766828539
      ],
      [
       -79.5763646901407,
       43.616208281092
      ],
      [
       -79.5775822247719,
       43.6150619260714
      ],
      [
       -79.5782271605684,
       43.6144486755807
      ],
      [
       -79.5800690724158,
       43.6127022896365
      ],
      [
       -79.5814592067138,
       43.611422976707
      ],
      [
       -79.5838812051719,
       43.609305558407
      ],
      [
       -79.5848167771867,
       43.6084797746294
      ],
      [
       -79.5865712566352,
       43.6069122789999
      ],
      [
       -79.5882562887163,
       43.6054294361483
      ],
      [
       -79.5893828061928,
       43.604380872548
      ],
      [
       -79.5904620313134,
       43.6033992444262
      ],
      [
       -79.5935380294887,
       43.6005378464256
      ],
      [
       -79.5967207289347,
       43.5976371558432
      ],
      [
       -79.5979833792609,
       43.596482128767
      ],
      [
       -79.6000695808082,
       43.5946033496562
      ],
      [
       -79.6009833589665,
       43.5951997985958
      ],
      [
       -79.6013590363041,
       43.595461010549
      ],
      [
       -79.6018374909334,
       43.5958315266673
      ],
      [
       -79.602735586536,
       43.596571833909
      ],
      [
       -79.603221441802,
       43.5969244266267
      ],
      [
       -79.6065367828605,
       43.5992519111892
      ],
      [
       -79.6093940068823,
       43.6012405781168
      ],
      [
       -79.6116308613361,
       43.6028029532414
      ],
      [
       -79.6127062627515,
       43.6035543390662
      ],
      [
       -79.6136505963956,
       43.604214085034
      ],
      [
       -79.6156741938239,
       43.6056297296933
      ],
      [
       -79.6167368436468,
       43.6063674169173
      ],
      [
       -79.6181618196921,
       43.6073480811274
      ],
      [
       -79.6183674639744,
       43.6074991330821
      ],
      [
       -79.6184571759077,
       43.6075722494589
      ],
      [
       -79.6185480244507,
       43.6076633875023
      ],
      [
       -79.6186130640619,
       43.6077317035605
      ],
      [
       -79.618704946507,
       43.6078453639729
      ],
      [
       -79.6188842729349,
       43.6080636269405
      ],
      [
       -79.6190108982679,
       43.608249738897
      ],
      [
       -79.6192191375929,
       43.6085583906427
      ],
      [
       -79.6193540223723,
       43.6087220919849
      ],
      [
       -79.6194796661758,
       43.6088496655578
      ],
      [
       -79.6196281265195,
       43.6089955225376
      ],
      [
       -79.6197364781385,
       43.6091003769947
      ],
      [
       -79.6199021793678,
       43.6092374378105
      ],
      [
       -79.620129719662,
       43.6093797469381
      ],
      [
       -79.6205922916604,
       43.6097094742247
      ],
      [
       -79.6214831223656,
       43.6103459993239
      ],
      [
       -79.6216370593127,
       43.6104559037314
      ],
      [
       -79.6239584670257,
       43.61210909552
      ],
      [
       -79.6246473567104,
       43.6126036025647
      ],
      [
       -79.6253063670298,
       43.6130842400827
      ],
      [
       -79.6273164756677,
       43.6146750927921
      ],
      [
       -79.6286088364336,
       43.6156450291132
      ],
      [
       -79.6289883986607,
       43.6160187461358
      ],
      [
       -79.6294660023582,
       43.6164071434921
      ],
      [
       -79.6298467423295,
       43.6166953338559
      ],
      [
       -79.630186546715,
       43.6169785303662
      ],
      [
       -79.6309597361745,
       43.6176540890959
      ],
      [
       -79.6322584869695,
       43.6188941799372
      ],
      [
       -79.6325802581128,
       43.6192221733907
      ],
      [
       -79.6343930210201,
       43.6207880293981
      ],
      [
       -79.6359441087893,
       43.6220085824802
      ],
      [
       -79.6359212431302,
       43.6220263175611
      ],
      [
       -79.635176106605,
       43.6227422429535
      ],
      [
       -79.6348876294526,
       43.6229954113796
      ],
      [
       -79.6342992548992,
       43.6234926055713
      ],
      [
       -79.6303107981137,
       43.6270284623383
      ],
      [
       -79.6270068336386,
       43.630050171571
      ],
      [
       -79.6241083597515,
       43.6326714869392
      ],
      [
       -79.6207148500264,
       43.6357189445202
      ],
      [
       -79.6177197742463,
       43.6384064585256
      ],
      [
       -79.6145468169873,
       43.6413033292061
      ],
      [
       -79.6106777620923,
       43.6447003734258
      ],
      [
       -79.6087667148035,
       43.646482417745
      ],
      [
       -79.6087352622296,
       43.6464685289752
      ],
      [
       -79.6087069086211,
       43.6464546779204
      ],
      [
       -79.6085459801753,
       43.6463761853356
      ],
      [
       -79.6085199508637,
       43.6463623625311
      ],
      [
       -79.6084315928898,
       43.6462622434251
      ],
      [
       -79.6083590889276,
       43.6461803251711
      ],
      [
       -79.6082704196973,
       43.64609370806
      ],
      [
       -79.6081988515573,
       43.6459712833621
      ],
      [
       -79.6081899705187,
       43.6459531673311
      ],
      [
       -79.6081193853106,
       43.645821750609
      ],
      [
       -79.6080466272849,
       43.6457173192039
      ],
      [
       -79.6079889482484,
       43.6456310792858
      ],
      [
       -79.6079531695961,
       43.6455361021345
      ],
      [
       -79.6079109382994,
       43.6454185365229
      ],
      [
       -79.6078784295336,
       43.6452155518643
      ],
      [
       -79.6078130609528,
       43.6450932024208
      ],
      [
       -79.6077692707868,
       43.6450431473309
      ],
      [
       -79.6076591198814,
       43.6449472641162
      ],
      [
       -79.6076306734095,
       43.6448703840611
      ],
      [
       -79.6075351386564,
       43.6447791807544
      ],
      [
       -79.6073791192492,
       43.6447232561768
      ],
      [
       -79.6072377157053,
       43.6446720114643
      ],
      [
       -79.6070808181337,
       43.6446205777496
      ],
      [
       -79.6069315064669,
       43.6446097540241
      ],
      [
       -79.6067357585152,
       43.6446298778472
      ],
      [
       -79.6065618528343,
       43.64467727946
      ],
      [
       -79.6063573167468,
       43.6447423152056
      ],
      [
       -79.606176125776,
       43.6448031333103
      ],
      [
       -79.606018025774,
       43.6448372209293
      ],
      [
       -79.6058369964243,
       43.6448575227244
      ],
      [
       -79.6057090641389,
       43.6448604640997
      ],
      [
       -79.6055889831312,
       43.6448589991481
      ],
      [
       -79.6053802847481,
       43.6448024291365
      ],
      [
       -79.6052704505756,
       43.644693041571
      ],
      [
       -79.6051816253064,
       43.6446469378879
      ],
      [
       -79.6050921296219,
       43.6445963239819
      ],
      [
       -79.6050111559197,
       43.6445458140191
      ],
      [
       -79.6049446935252,
       43.6445044850653
      ],
      [
       -79.6048845785657,
       43.6444902453808
      ],
      [
       -79.6047650192606,
       43.6444662760749
      ],
      [
       -79.6045768098603,
       43.6444954921679
      ],
      [
       -79.6044564170144,
       43.6445075281337
      ],
      [
       -79.6043287980962,
       43.6444969658766
      ],
      [
       -79.6041939983738,
       43.6444953197249
      ],
      [
       -79.6040213420668,
       43.6444887090712
      ],
      [
       -79.6038865423805,
       43.6444870625572
      ],
      [
       -79.6037663579506,
       43.6444900963988
      ],
      [
       -79.60357773094,
       43.6445373136287
      ],
      [
       -79.6034632674203,
       43.6445944407034
      ],
      [
       -79.6034245169654,
       43.6446614967801
      ],
      [
       -79.6034007988458,
       43.6447152306161
      ],
      [
       -79.6033622121397,
       43.6447417709312
      ],
      [
       -79.6032718238438,
       43.6447631762324
      ],
      [
       -79.6031214249968,
       43.6447658401554
      ],
      [
       -79.602965201234,
       43.6447189109997
      ],
      [
       -79.6027405943187,
       43.6446801495988
      ],
      [
       -79.6025471848983,
       43.6446327652652
      ],
      [
       -79.6023903959579,
       43.6445768244707
      ],
      [
       -79.6022935129019,
       43.6445441259251
      ],
      [
       -79.6021822235845,
       43.6444977451955
      ],
      [
       -79.6021229443762,
       43.6444474985103
      ],
      [
       -79.6020797857558,
       43.6443704371372
      ],
      [
       -79.60206694523,
       43.6442892446014
      ],
      [
       -79.602031072313,
       43.6441987664055
      ],
      [
       -79.601936426292,
       43.6441030673177
      ],
      [
       -79.6018173910182,
       43.6440565914806
      ],
      [
       -79.6016636424699,
       43.6440367026519
      ],
      [
       -79.6014945480903,
       43.644043637674
      ],
      [
       -79.6013971442178,
       43.6440334418517
      ],
      [
       -79.6012245940949,
       43.6440223263007
      ],
      [
       -79.6010521485023,
       43.6440067097973
      ],
      [
       -79.6007459494407,
       43.643944435908
      ],
      [
       -79.600500282281,
       43.6438784004402
      ],
      [
       -79.6003277328013,
       43.6438672835431
      ],
      [
       -79.6001250745637,
       43.643851295645
      ],
      [
       -79.5998932914381,
       43.6438214446955
      ],
      [
       -79.5998376175218,
       43.6438162607019
      ],
      [
       -79.5998190247015,
       43.6438160329283
      ],
      [
       -79.5997439832788,
       43.643810611622
      ],
      [
       -79.5997061275026,
       43.6438056458595
      ],
      [
       -79.5995263542692,
       43.6437719293915
      ],
      [
       -79.5993175610102,
       43.6437198491153
      ],
      [
       -79.5991456398552,
       43.6436817263045
      ],
      [
       -79.5989604642627,
       43.6435804131583
      ],
      [
       -79.5988425832408,
       43.6434844266831
      ],
      [
       -79.598755229586,
       43.6433753084399
      ],
      [
       -79.5987044337316,
       43.6432936501799
      ],
      [
       -79.5986389188516,
       43.6432118114271
      ],
      [
       -79.5985652386613,
       43.6431478804032
      ],
      [
       -79.5984087088054,
       43.6431144471763
      ],
      [
       -79.5981241457882,
       43.6430884473564
      ],
      [
       -79.597868183719,
       43.643098813476
      ],
      [
       -79.5976203873386,
       43.6430912713275
      ],
      [
       -79.597462915665,
       43.6430983429955
      ],
      [
       -79.5973280147303,
       43.643101189476
      ],
      [
       -79.5971477212739,
       43.6430899727399
      ],
      [
       -79.5969529182993,
       43.6430695736611
      ],
      [
       -79.5967881188243,
       43.6430585465573
      ],
      [
       -79.5966378289516,
       43.6430567013168
      ],
      [
       -79.5964354252647,
       43.6430632198604
      ],
      [
       -79.5962248553745,
       43.6430876456338
      ],
      [
       -79.596020943041,
       43.643125658715
      ],
      [
       -79.5958179099978,
       43.6431591802627
      ],
      [
       -79.595643895569,
       43.6432110658976
      ],
      [
       -79.5954321712321,
       43.6432849977097
      ],
      [
       -79.5952123847682,
       43.6433723359505
      ],
      [
       -79.5950146441851,
       43.6434779526582
      ],
      [
       -79.5947933874654,
       43.6436282996114
      ],
      [
       -79.5945570955373,
       43.6437919671606
      ],
      [
       -79.5943584078044,
       43.6439380888131
      ],
      [
       -79.5941823954243,
       43.6440754850839
      ],
      [
       -79.5940075370939,
       43.6441633735988
      ],
      [
       -79.5937955974468,
       43.6442463036521
      ],
      [
       -79.5936058086279,
       43.644343011792
      ],
      [
       -79.5934312637847,
       43.6444173973652
      ],
      [
       -79.5933141518993,
       43.6444879875793
      ],
      [
       -79.5931792608116,
       43.6445898726242
      ],
      [
       -79.5930428856216,
       43.6446557234767
      ],
      [
       -79.592891331148,
       43.6447078813782
      ],
      [
       -79.5926880809798,
       43.6447503986131
      ],
      [
       -79.5924478156441,
       43.6447519419103
      ],
      [
       -79.5922227954156,
       43.6447311626301
      ],
      [
       -79.5919393844196,
       43.6446556399243
      ],
      [
       -79.5916277586873,
       43.644494231412
      ],
      [
       -79.5914122748912,
       43.6443970345536
      ],
      [
       -79.5912508490592,
       43.6443410213363
      ],
      [
       -79.5911593955963,
       43.6443083802788
      ],
      [
       -79.5911410130955,
       43.6442991497446
      ],
      [
       -79.5908547842475,
       43.6441785699089
      ],
      [
       -79.5905722195761,
       43.6440670384814
      ],
      [
       -79.5903720898804,
       43.6439430171756
      ],
      [
       -79.5901578733911,
       43.6437918099307
      ],
      [
       -79.5899354898696,
       43.6436585094064
      ],
      [
       -79.5896989146836,
       43.6435025234797
      ],
      [
       -79.5895148091002,
       43.6433561885358
      ],
      [
       -79.5893608119726,
       43.6432147268733
      ],
      [
       -79.5892215346325,
       43.6430734466947
      ],
      [
       -79.5891707520485,
       43.6429917843721
      ],
      [
       -79.5890972930194,
       43.6429188460405
      ],
      [
       -79.5890228859821,
       43.6428864136981
      ],
      [
       -79.5888815029015,
       43.6428351465278
      ],
      [
       -79.5887330054773,
       43.6427567795094
      ],
      [
       -79.58854827218,
       43.6426374470727
      ],
      [
       -79.5884236484926,
       43.6425323626449
      ],
      [
       -79.588306418974,
       43.6424093615231
      ],
      [
       -79.5882044358639,
       43.6422640387512
      ],
      [
       -79.588147842823,
       43.642132782505
      ],
      [
       -79.5880983275044,
       43.6419971116898
      ],
      [
       -79.5881005413134,
       43.6419025976306
      ],
      [
       -79.5881255368259,
       43.6417948590792
      ],
      [
       -79.5881718381182,
       43.6417369053958
      ],
      [
       -79.5882263076517,
       43.6416610447004
      ],
      [
       -79.5882573261837,
       43.641593898261
      ],
      [
       -79.5882830959416,
       43.6414861692326
      ],
      [
       -79.5882777735711,
       43.6413825581328
      ],
      [
       -79.5882647045704,
       43.6412788513465
      ],
      [
       -79.5882148048145,
       43.6411926975106
      ],
      [
       -79.5881081440313,
       43.6411148464328
      ],
      [
       -79.5880525424677,
       43.6410736418129
      ],
      [
       -79.5878890843755,
       43.6409725789997
      ],
      [
       -79.5876580571256,
       43.6409111987657
      ],
      [
       -79.5875249537188,
       43.640837522357
      ],
      [
       -79.5873991389586,
       43.6407504299581
      ],
      [
       -79.5873199785324,
       43.6406233963253
      ],
      [
       -79.5873228262886,
       43.6405018782603
      ],
      [
       -79.5873022235044,
       43.6403890742876
      ],
      [
       -79.5872383094955,
       43.6402397191744
      ],
      [
       -79.5872241185247,
       43.6402170338977
      ],
      [
       -79.5871085836517,
       43.6400220208866
      ],
      [
       -79.587050692893,
       43.6399132578778
      ],
      [
       -79.5870079787604,
       43.6398181883838
      ],
      [
       -79.5869738551609,
       43.6396872092914
      ],
      [
       -79.5869633567654,
       43.6395070005627
      ],
      [
       -79.5869367326614,
       43.6393536043021
      ],
      [
       -79.5869010963243,
       43.6392541202916
      ],
      [
       -79.5868441922865,
       43.6391363654178
      ],
      [
       -79.5866757745031,
       43.6389497020203
      ],
      [
       -79.58647186391,
       43.6386905678365
      ],
      [
       -79.5862237297003,
       43.638367858621
      ],
      [
       -79.5859822188217,
       43.6381262663346
      ],
      [
       -79.585875636246,
       43.6380123983155
      ],
      [
       -79.5857486672266,
       43.6378757680677
      ],
      [
       -79.5856511697748,
       43.6377710162016
      ],
      [
       -79.5855355042299,
       43.6376480315123
      ],
      [
       -79.5853529049544,
       43.6374386807496
      ],
      [
       -79.5853096671145,
       43.6373661139799
      ],
      [
       -79.5852734711804,
       43.6372576185576
      ],
      [
       -79.5852393879722,
       43.6371581532239
      ],
      [
       -79.5852418171181,
       43.6370546378653
      ],
      [
       -79.5852736813473,
       43.6369514868528
      ],
      [
       -79.5853154390443,
       43.6367899326076
      ],
      [
       -79.5853775125694,
       43.6366871554734
      ],
      [
       -79.5854710979847,
       43.6365622584262
      ],
      [
       -79.5855796817031,
       43.6363925271509
      ],
      [
       -79.5857434012904,
       43.6361514464053
      ],
      [
       -79.5858149084615,
       43.6359767541349
      ],
      [
       -79.5859563381809,
       43.6356948794816
      ],
      [
       -79.5860049588536,
       43.6355379118315
      ],
      [
       -79.586047030166,
       43.635362855228
      ],
      [
       -79.5860509354412,
       43.6351963304092
      ],
      [
       -79.5860244208335,
       43.6350384332102
      ],
      [
       -79.5859832948582,
       43.6348758532587
      ],
      [
       -79.5859623097389,
       43.6348125659608
      ],
      [
       -79.5859196007393,
       43.6347174960501
      ],
      [
       -79.5858388319838,
       43.6346264571961
      ],
      [
       -79.5856694794307,
       43.6344802984242
      ],
      [
       -79.5855742056014,
       43.634380075934
      ],
      [
       -79.5855386097482,
       43.6343121057649
      ],
      [
       -79.5855476224694,
       43.6342581935751
      ],
      [
       -79.5856332112199,
       43.6341106874906
      ],
      [
       -79.5857190462745,
       43.6339856942729
      ],
      [
       -79.5857813272317,
       43.6338739154789
      ],
      [
       -79.5858360035003,
       43.6337890544224
      ],
      [
       -79.5858461769971,
       43.6336856348118
      ],
      [
       -79.5858478659099,
       43.633613624065
      ],
      [
       -79.5857898777362,
       43.6335093610856
      ],
      [
       -79.5857130891294,
       43.6334138693964
      ],
      [
       -79.5856950274667,
       43.6333911360111
      ],
      [
       -79.5855778208819,
       43.6332681322174
      ],
      [
       -79.5854389972466,
       43.6331088449385
      ],
      [
       -79.5853674551573,
       43.6329548922287
      ],
      [
       -79.5852669027423,
       43.6327825724752
      ],
      [
       -79.585253734814,
       43.6326833659602
      ],
      [
       -79.5851921568229,
       43.6324349949172
      ],
      [
       -79.585135790263,
       43.6322947358325
      ],
      [
       -79.5851171302019,
       43.6321324336044
      ],
      [
       -79.5851275860798,
       43.6319839977378
      ],
      [
       -79.5851013216027,
       43.6318486132371
      ],
      [
       -79.5851112494281,
       43.6317226807235
      ],
      [
       -79.5851125166846,
       43.631668672662
      ],
      [
       -79.58510903078,
       43.6315200641967
      ],
      [
       -79.5851422648828,
       43.63135840435
      ],
      [
       -79.5851828570951,
       43.6312463573462
      ],
      [
       -79.5852617882449,
       43.6310852631119
      ],
      [
       -79.5853559629592,
       43.6309018475912
      ],
      [
       -79.5854812938345,
       43.6306782997591
      ],
      [
       -79.5855754672181,
       43.6304948840271
      ],
      [
       -79.5856548185268,
       43.6303157867775
      ],
      [
       -79.585779408185,
       43.630123743284
      ],
      [
       -79.5858658703026,
       43.6299717457424
      ],
      [
       -79.5858930482473,
       43.6299360661565
      ],
      [
       -79.5859353641378,
       43.629882565929
      ],
      [
       -79.5859670477885,
       43.6298199301858
      ],
      [
       -79.5860199956909,
       43.6297755654223
      ],
      [
       -79.5860514681406,
       43.6297219310029
      ],
      [
       -79.5860605851385,
       43.6296635180397
      ],
      [
       -79.5859967904369,
       43.6295096614813
      ],
      [
       -79.5859020513834,
       43.6293869359032
      ],
      [
       -79.5858079459739,
       43.6292372061988
      ],
      [
       -79.5857059904038,
       43.6290918812577
      ],
      [
       -79.585559114023,
       43.6289460003259
      ],
      [
       -79.5853743231759,
       43.6288311638161
      ],
      [
       -79.5851440839619,
       43.6287382743226
      ],
      [
       -79.5845844011631,
       43.6285872813129
      ],
      [
       -79.5841072755164,
       43.6284508142478
      ],
      [
       -79.5836757416575,
       43.6283194121404
      ],
      [
       -79.5833850964628,
       43.6282257705509
      ],
      [
       -79.5830580166973,
       43.6281001626732
      ],
      [
       -79.5827221357019,
       43.628019464539
      ],
      [
       -79.5825053496831,
       43.6279807603233
      ],
      [
       -79.5821152175602,
       43.6279669172966
      ],
      [
       -79.581931768947,
       43.6279601394216
      ],
      [
       -79.5817954584998,
       43.6279584481413
      ],
      [
       -79.5816963236366,
       43.6279572180171
      ],
      [
       -79.5815577955929,
       43.6279509969534
      ],
      [
       -79.5815151985902,
       43.6279504683065
      ],
      [
       -79.581238989654,
       43.6279020202355
      ],
      [
       -79.5809261020258,
       43.62779909233
      ],
      [
       -79.5806728510127,
       43.627696904149
      ],
      [
       -79.5803176939398,
       43.6274809001245
      ],
      [
       -79.5800010188684,
       43.6272428631832
      ],
      [
       -79.5799284375775,
       43.6271339138543
      ],
      [
       -79.5798961947109,
       43.6270884934288
      ],
      [
       -79.5798850014317,
       43.6270703464263
      ],
      [
       -79.5797817919829,
       43.6269790243754
      ],
      [
       -79.5797565521733,
       43.6269652048024
      ],
      [
       -79.5796189481418,
       43.6268869611579
      ],
      [
       -79.5794471939434,
       43.6268443087678
      ],
      [
       -79.5790885471276,
       43.6267768229443
      ],
      [
       -79.5782682935717,
       43.6265730375146
      ],
      [
       -79.5781264273405,
       43.6265442608584
      ],
      [
       -79.5779475672348,
       43.6264745059208
      ],
      [
       -79.577806019789,
       43.6264322268862
      ],
      [
       -79.5775967752524,
       43.626402611161
      ],
      [
       -79.5772903724758,
       43.6263537777817
      ],
      [
       -79.5769912590027,
       43.6262915283873
      ],
      [
       -79.5767310509488,
       43.6261892448432
      ],
      [
       -79.5764277307422,
       43.626009890046
      ],
      [
       -79.5761469779947,
       43.6258263135955
      ],
      [
       -79.575909976648,
       43.6256928033959
      ],
      [
       -79.575679870652,
       43.6255953944925
      ],
      [
       -79.5753664732296,
       43.6255149549101
      ],
      [
       -79.5751497012571,
       43.6254762369135
      ],
      [
       -79.5750151584078,
       43.62546555562
      ],
      [
       -79.5747439157897,
       43.6255026914366
      ],
      [
       -79.5745176977694,
       43.6255358861732
      ],
      [
       -79.5742903389567,
       43.6256501019175
      ],
      [
       -79.5740768427865,
       43.6258005060122
      ],
      [
       -79.5739617496234,
       43.625884607754
      ],
      [
       -79.5737413586241,
       43.6259989093312
      ],
      [
       -79.5734321934507,
       43.6260670826738
      ],
      [
       -79.5730412247121,
       43.6260892140898
      ],
      [
       -79.5727635405317,
       43.6261037548638
      ],
      [
       -79.5725143271652,
       43.6261591683865
      ],
      [
       -79.572189699176,
       43.6262586591137
      ],
      [
       -79.5719161068856,
       43.6263948024515
      ],
      [
       -79.5717036680855,
       43.6265001954767
      ],
      [
       -79.5714694085324,
       43.6265783034898
      ],
      [
       -79.5713112034398,
       43.6265853300147
      ],
      [
       -79.5711527065116,
       43.6266373724874
      ],
      [
       -79.5709932215639,
       43.6266984063494
      ],
      [
       -79.5707669183882,
       43.6267676084303
      ],
      [
       -79.5705850796738,
       43.6268238602104
      ],
      [
       -79.5704404430549,
       43.626912090881
      ],
      [
       -79.5702659215759,
       43.6269864415957
      ],
      [
       -79.5700777517262,
       43.6270156014814
      ],
      [
       -79.569838198101,
       43.6269900943402
      ],
      [
       -79.5695391169223,
       43.6269593397191
      ],
      [
       -79.569460547577,
       43.6269403484395
      ],
      [
       -79.5692779581859,
       43.6268975451556
      ],
      [
       -79.5690390461273,
       43.6268450324835
      ],
      [
       -79.5688448402608,
       43.626802083071
      ],
      [
       -79.5686949131473,
       43.6267866997182
      ],
      [
       -79.5686051812525,
       43.6267810740069
      ],
      [
       -79.5684541859662,
       43.6268106967722
      ],
      [
       -79.5682796624144,
       43.6268850444251
      ],
      [
       -79.5681646925729,
       43.6269961537291
      ],
      [
       -79.5680276899636,
       43.6270889789528
      ],
      [
       -79.5678599479738,
       43.62720392875
      ],
      [
       -79.567742919654,
       43.6273690355968
      ],
      [
       -79.5676575112718,
       43.6275075266975
      ],
      [
       -79.5676382823794,
       43.6275342976044
      ],
      [
       -79.5675254459153,
       43.6276859508092
      ],
      [
       -79.5674630311593,
       43.6278022200329
      ],
      [
       -79.5674223017596,
       43.6279187610255
      ],
      [
       -79.5673593519744,
       43.6280575333819
      ],
      [
       -79.567282302093,
       43.6281376032136
      ],
      [
       -79.5671682643941,
       43.6281766914919
      ],
      [
       -79.5669041083846,
       43.6282409093747
      ],
      [
       -79.5666408075897,
       43.6282691215316
      ],
      [
       -79.5663856794246,
       43.628279427672
      ],
      [
       -79.5661607308551,
       43.6282585979913
      ],
      [
       -79.5659731973325,
       43.6282607472066
      ],
      [
       -79.5657103242306,
       43.6282709546653
      ],
      [
       -79.5655153669388,
       43.628259504029
      ],
      [
       -79.5653280475546,
       43.6282526509134
      ],
      [
       -79.5651181609502,
       43.6282500161605
      ],
      [
       -79.5648933200939,
       43.6282246833574
      ],
      [
       -79.5646759029726,
       43.6282129492786
      ],
      [
       -79.5644443063365,
       43.6281785267933
      ],
      [
       -79.5641985060486,
       43.6280899016539
      ],
      [
       -79.5639989369811,
       43.6279793469414
      ],
      [
       -79.5638957504478,
       43.6278880108697
      ],
      [
       -79.5638160130744,
       43.6277879653974
      ],
      [
       -79.5638040603568,
       43.6276392498649
      ],
      [
       -79.5638075972697,
       43.627490728965
      ],
      [
       -79.5637960975524,
       43.6273555250575
      ],
      [
       -79.5637536430583,
       43.6272514460328
      ],
      [
       -79.5637438722205,
       43.627206303448
      ],
      [
       -79.5637117834481,
       43.6270573348576
      ],
      [
       -79.5637103416856,
       43.6270528147593
      ]
     ]
    ]
   },
   "properties": {
    "OBJECTID_1": 18,
    "OBJECTID": 18,
    "WARDNUM": "3",
    "MUNIC": "Mississauga",
    "Mayor": "Bonnie Crombie",
    "FirstName0": "Chris",
    "LastName0": "Fonseca",
    "Phone0": "1-905-896-5300",
    "email0": "chris.fonseca@mississauga.ca",
    "FirstName1": " ",
    "LastName1": " ",
    "Phone1": " ",
    "email1": " ",
    "RC_Name": "Nando Iannicca",
    "Shape_Leng": 18158.8958166,
    "WardName": "Ward 3",
    "Shape__Area": 16563681.890625,
    "Shape__Length": 18158.89581663604
   }
  },
  {
   "type": "Feature",
   "id": 19,
   "geometry": {
    "type": "Polygon",
    "coordinates": [
     [
      [
       -79.6000695808082,
       43.5946033496562
      ],
      [
       -79.6006023608231,
       43.5941326607905
      ],
      [
       -79.601051666639,
       43.5937554899727
      ],
      [
       -79.601875118938,
       43.5930362397155
      ],
      [
       -79.6025430448372,
       43.592445640362
      ],
      [
       -79.6031833458348,
       43.5918772095012
      ],
      [
       -79.6033568926275,
       43.5918388120624
      ],
      [
       -79.6037227705295,
       43.5917532418332
      ],
      [
       -79.6042279275686,
       43.5916378571933
      ],
      [
       -79.6047688961562,
       43.5915139034285
      ],
      [
       -79.6048622998374,
       43.5914925334565
      ],
      [
       -79.6067272638414,
       43.5910650800438
      ],
      [
       -79.6085485458243,
       43.5906505704154
      ],
      [
       -79.6088582653399,
       43.5905823081075
      ],
      [
       -79.6101907437926,
       43.5902788744931
      ],
      [
       -79.6111052865463,
       43.5900693920567
      ],
      [
       -79.611334862913,
       43.5900181572327
      ],
      [
       -79.6115372449397,
       43.5899710936298
      ],
      [
       -79.612415967254,
       43.5897701695849
      ],
      [
       -79.6135295713114,
       43.5895225659012
      ],
      [
       -79.6143726765282,
       43.5893211947468
      ],
      [
       -79.6145345991606,
       43.5892826393828
      ],
      [
       -79.6145680879218,
       43.5892740412636
      ],
      [
       -79.6146015766737,
       43.5892654431345
      ],
      [
       -79.6146350654162,
       43.5892568449955
      ],
      [
       -79.6146685541494,
       43.5892482468465
      ],
      [
       -79.6147020428733,
       43.5892396486875
      ],
      [
       -79.6147355315879,
       43.5892310505186
      ],
      [
       -79.6147691235316,
       43.5892179515773
      ],
      [
       -79.6148018382199,
       43.5892093440087
      ],
      [
       -79.6148353269041,
       43.5892007458101
      ],
      [
       -79.614868815579,
       43.5891921476015
      ],
      [
       -79.6149015302398,
       43.5891835400038
      ],
      [
       -79.6149350188961,
       43.5891749417756
      ],
      [
       -79.6149686107665,
       43.5891618427746
      ],
      [
       -79.6150013253973,
       43.5891532351479
      ],
      [
       -79.615034040019,
       43.5891446275118
      ],
      [
       -79.6150675286357,
       43.5891360292441
      ],
      [
       -79.6151003464525,
       43.5891229208256
      ],
      [
       -79.6151330610442,
       43.5891143131607
      ],
      [
       -79.6151665496306,
       43.5891057148635
      ],
      [
       -79.615199264204,
       43.5890971071793
      ],
      [
       -79.6152320819718,
       43.5890839987223
      ],
      [
       -79.6152647965244,
       43.589075391019
      ],
      [
       -79.615297511068,
       43.5890667833063
      ],
      [
       -79.6153303287985,
       43.5890536748204
      ],
      [
       -79.6153630433213,
       43.5890450670886
      ],
      [
       -79.6153958610261,
       43.5890319585835
      ],
      [
       -79.6154278015254,
       43.5890233414571
      ],
      [
       -79.6154605160185,
       43.5890147336969
      ],
      [
       -79.6154933336863,
       43.5890016251633
      ],
      [
       -79.6155260481587,
       43.588993017384
      ],
      [
       -79.6155580917983,
       43.5889798994565
      ],
      [
       -79.6155908062502,
       43.5889712916584
      ],
      [
       -79.6156228498646,
       43.5889581737124
      ],
      [
       -79.6156555642958,
       43.5889495658955
      ],
      [
       -79.615687607885,
       43.5889364479309
      ],
      [
       -79.6157195482938,
       43.5889278307215
      ],
      [
       -79.6157515918579,
       43.5889147127386
      ],
      [
       -79.615784306248,
       43.5889061048842
      ],
      [
       -79.6158163497868,
       43.5888929868828
      ],
      [
       -79.615848290155,
       43.5888843696368
      ],
      [
       -79.6158803336688,
       43.5888712516171
      ],
      [
       -79.6159123771687,
       43.5888581335881
      ],
      [
       -79.6159443175054,
       43.5888495163148
      ],
      [
       -79.6159763609803,
       43.5888363982675
      ],
      [
       -79.6160084044414,
       43.588823280211
      ],
      [
       -79.616039570746,
       43.5888146535391
      ],
      [
       -79.6160716141822,
       43.5888015354645
      ],
      [
       -79.6161036576046,
       43.5887884173806
      ],
      [
       -79.6161348238782,
       43.5887797906823
      ],
      [
       -79.6161668672757,
       43.5887666725803
      ],
      [
       -79.6162286320307,
       43.5887404082387
      ],
      [
       -79.6162910676086,
       43.5887186539982
      ],
      [
       -79.6163528322617,
       43.5886923895879
      ],
      [
       -79.6164144937478,
       43.5886706259094
      ],
      [
       -79.6164762582993,
       43.5886443614308
      ],
      [
       -79.6165386936912,
       43.5886226070521
      ],
      [
       -79.6165684149257,
       43.5886094607311
      ],
      [
       -79.6165981361474,
       43.5885963144022
      ],
      [
       -79.6166278573563,
       43.5885831680653
      ],
      [
       -79.6166575785524,
       43.5885700217205
      ],
      [
       -79.6166872997356,
       43.5885568753678
      ],
      [
       -79.616717020906,
       43.5885437290072
      ],
      [
       -79.6167467420636,
       43.5885305826386
      ],
      [
       -79.6167764632084,
       43.5885174362621
      ],
      [
       -79.6168061843404,
       43.5885042898777
      ],
      [
       -79.6168359054595,
       43.5884911434853
      ],
      [
       -79.6168648525695,
       43.5884779877193
      ],
      [
       -79.6168945736632,
       43.5884648413113
      ],
      [
       -79.616924294744,
       43.5884516948953
      ],
      [
       -79.6169532418162,
       43.5884385391063
      ],
      [
       -79.6169821888759,
       43.5884253833098
      ],
      [
       -79.6170119099186,
       43.5884122368704
      ],
      [
       -79.6170408569531,
       43.5883990810586
      ],
      [
       -79.6170698039751,
       43.5883859252393
      ],
      [
       -79.6170987509846,
       43.5883727694125
      ],
      [
       -79.6171276979816,
       43.5883596135781
      ],
      [
       -79.6171558709713,
       43.5883464483725
      ],
      [
       -79.6171841470042,
       43.5883287823921
      ],
      [
       -79.6172123199675,
       43.5883156171721
      ],
      [
       -79.6172404929185,
       43.588302451945
      ],
      [
       -79.6172686658574,
       43.5882892867108
      ],
      [
       -79.6172968387841,
       43.5882761214694
      ],
      [
       -79.6173250116986,
       43.5882629562209
      ],
      [
       -79.617353184601,
       43.5882497909652
      ],
      [
       -79.6173805834977,
       43.5882366163403
      ],
      [
       -79.6174087563758,
       43.5882234510706
      ],
      [
       -79.6174361552487,
       43.5882102764319
      ],
      [
       -79.6174644311366,
       43.5881926103797
      ],
      [
       -79.6174918299834,
       43.5881794357273
      ],
      [
       -79.6175192288185,
       43.5881662610681
      ],
      [
       -79.617547401634,
       43.5881530957632
      ],
      [
       -79.6175748004451,
       43.5881399210903
      ],
      [
       -79.6176023022678,
       43.588122245642
      ],
      [
       -79.6176297010531,
       43.5881090709556
      ],
      [
       -79.6176570998266,
       43.5880958962623
      ],
      [
       -79.6176844985882,
       43.5880827215624
      ],
      [
       -79.6177112263616,
       43.5880650367268
      ],
      [
       -79.6177386250976,
       43.5880518620134
      ],
      [
       -79.6177660238217,
       43.5880386872933
      ],
      [
       -79.6177927515519,
       43.588021002438
      ],
      [
       -79.6178201502503,
       43.5880078277045
      ],
      [
       -79.6178467749464,
       43.5879946436052
      ],
      [
       -79.6178735026337,
       43.5879769587303
      ],
      [
       -79.6179009012947,
       43.5879637839768
      ],
      [
       -79.617927525954,
       43.5879505998581
      ],
      [
       -79.6179542535983,
       43.5879329149636
      ],
      [
       -79.6179808782324,
       43.5879197308321
      ],
      [
       -79.618007502855,
       43.5879065466942
      ],
      [
       -79.6180342304565,
       43.5878888617803
      ],
      [
       -79.618060081065,
       43.5878756682721
      ],
      [
       -79.6180868086375,
       43.5878579833454
      ],
      [
       -79.61811343321,
       43.587844799182
      ],
      [
       -79.6181393867649,
       43.5878271048854
      ],
      [
       -79.6181660113125,
       43.5878139207094
      ],
      [
       -79.6181919648388,
       43.5877962264003
      ],
      [
       -79.6182178153735,
       43.5877830328552
      ],
      [
       -79.6182437688714,
       43.5877653385339
      ],
      [
       -79.6182703933693,
       43.5877521543328
      ],
      [
       -79.6182963468385,
       43.5877344599991
      ],
      [
       -79.6183221973243,
       43.5877212664296
      ],
      [
       -79.6183473767783,
       43.5877035627281
      ],
      [
       -79.6183732272398,
       43.5876903691466
      ],
      [
       -79.6183991806525,
       43.5876726747886
      ],
      [
       -79.6184251340501,
       43.5876549804245
      ],
      [
       -79.6184502104878,
       43.58764177747
      ],
      [
       -79.6184761638572,
       43.5876240830938
      ],
      [
       -79.6185013432256,
       43.587606379357
      ],
      [
       -79.6185271936123,
       43.5875931857395
      ],
      [
       -79.6185523729529,
       43.5875754819909
      ],
      [
       -79.618578326264,
       43.5875577875905
      ],
      [
       -79.6186034026282,
       43.5875445846012
      ],
      [
       -79.618629355911,
       43.5875268901888
      ],
      [
       -79.6186545351942,
       43.5875091864168
      ],
      [
       -79.6186796115217,
       43.5874959834101
      ],
      [
       -79.6187047907773,
       43.5874782796266
      ],
      [
       -79.6187299700181,
       43.5874605758372
      ],
      [
       -79.6187551492442,
       43.5874428720421
      ],
      [
       -79.6187802255224,
       43.5874296690126
      ],
      [
       -79.6188054047209,
       43.5874119652059
      ],
      [
       -79.6188298099215,
       43.5873942520412
      ],
      [
       -79.6188549890908,
       43.5873765482231
      ],
      [
       -79.6188793942626,
       43.5873588350473
      ],
      [
       -79.6189044704789,
       43.5873456319895
      ],
      [
       -79.6189288756237,
       43.5873279188027
      ],
      [
       -79.6189532807542,
       43.5873102056104
      ],
      [
       -79.6189776858704,
       43.5872924924127
      ],
      [
       -79.6190020909723,
       43.5872747792096
      ],
      [
       -79.6190264960599,
       43.587257066001
      ],
      [
       -79.6190509011331,
       43.5872393527869
      ],
      [
       -79.619075306192,
       43.5872216395673
      ],
      [
       -79.6190996083281,
       43.5872084271145
      ],
      [
       -79.6191232393797,
       43.587190704534
      ],
      [
       -79.6191476443978,
       43.5871729912983
      ],
      [
       -79.6191712754214,
       43.5871552687073
      ],
      [
       -79.619195680411,
       43.5871375554609
      ],
      [
       -79.6192193114067,
       43.5871198328595
      ],
      [
       -79.6192429423884,
       43.5871021102529
      ],
      [
       -79.6192665733563,
       43.5870843876413
      ],
      [
       -79.6192902043103,
       43.5870666650245
      ],
      [
       -79.6193138352504,
       43.5870489424026
      ],
      [
       -79.6193374661766,
       43.5870312197755
      ],
      [
       -79.6193603231106,
       43.5870134877948
      ],
      [
       -79.6193839540093,
       43.5869957651577
      ],
      [
       -79.6194068109162,
       43.5869780331672
      ],
      [
       -79.6194304417874,
       43.58696031052
      ],
      [
       -79.6194532986671,
       43.5869425785197
      ],
      [
       -79.6194762584129,
       43.5869203457415
      ],
      [
       -79.6194998892411,
       43.5869026230792
      ],
      [
       -79.6195227460785,
       43.5868848910643
      ],
      [
       -79.6195456029026,
       43.5868671590446
      ],
      [
       -79.6195676857368,
       43.586849417673
      ],
      [
       -79.6195905425342,
       43.5868316856439
      ],
      [
       -79.6196133993181,
       43.5868139536099
      ],
      [
       -79.6196362560886,
       43.5867962215712
      ],
      [
       -79.6196584417356,
       43.5867739794075
      ],
      [
       -79.6196805245024,
       43.5867562380129
      ],
      [
       -79.6197033812312,
       43.58673850596
      ],
      [
       -79.6198438229189,
       43.5866231493745
      ],
      [
       -79.6211169039904,
       43.5855580299516
      ],
      [
       -79.6221610805501,
       43.5846837238675
      ],
      [
       -79.6222257764056,
       43.5846304794831
      ],
      [
       -79.6223401547991,
       43.5845373157093
      ],
      [
       -79.6223660583966,
       43.5845556359793
      ],
      [
       -79.6244693454624,
       43.5859540812309
      ],
      [
       -79.6254536839647,
       43.5866187147996
      ],
      [
       -79.626739482531,
       43.5875435768974
      ],
      [
       -79.6291059948986,
       43.5892242233949
      ],
      [
       -79.6312547522327,
       43.5908166750009
      ],
      [
       -79.6332989838313,
       43.5922772778104
      ],
      [
       -79.6350452755539,
       43.5936667561937
      ],
      [
       -79.6362164206195,
       43.5927218066626
      ],
      [
       -79.6369068271487,
       43.5921492822265
      ],
      [
       -79.6376088561055,
       43.5916444222844
      ],
      [
       -79.6378392425646,
       43.5914535814182
      ],
      [
       -79.6415916674157,
       43.5882342759237
      ],
      [
       -79.6432664890087,
       43.5867775055524
      ],
      [
       -79.6450042574241,
       43.5852719341607
      ],
      [
       -79.6460012809529,
       43.58437884267
      ],
      [
       -79.6489970567097,
       43.5817580968819
      ],
      [
       -79.6509400332881,
       43.5799937414046
      ],
      [
       -79.6515990978303,
       43.5794252587408
      ],
      [
       -79.6557111857962,
       43.5825170600698
      ],
      [
       -79.6589414263236,
       43.5848285242487
      ],
      [
       -79.6591455512059,
       43.5849794855793
      ],
      [
       -79.6592447679398,
       43.5850436776761
      ],
      [
       -79.660038160166,
       43.5856427457189
      ],
      [
       -79.6602043904726,
       43.5857572447534
      ],
      [
       -79.6604305676967,
       43.58592647033
      ],
      [
       -79.6606516277544,
       43.5860821294363
      ],
      [
       -79.6619242314668,
       43.586997437693
      ],
      [
       -79.6646224447893,
       43.5889513535048
      ],
      [
       -79.6663248635269,
       43.5901822722035
      ],
      [
       -79.6691917311321,
       43.5922956176863
      ],
      [
       -79.6662206582172,
       43.594935185122
      ],
      [
       -79.6636441593038,
       43.5972281306148
      ],
      [
       -79.6607003937605,
       43.5998363569277
      ],
      [
       -79.6577050233041,
       43.6025249360904
      ],
      [
       -79.652922432486,
       43.6067905980734
      ],
      [
       -79.6503957803878,
       43.609025300468
      ],
      [
       -79.6478698839771,
       43.611286966868
      ],
      [
       -79.6462413063766,
       43.6127623537919
      ],
      [
       -79.6422068551351,
       43.61637462305
      ],
      [
       -79.639474571709,
       43.6187957202032
      ],
      [
       -79.6378336634266,
       43.620284344143
      ],
      [
       -79.6373241032146,
       43.6207239675468
      ],
      [
       -79.6369027571572,
       43.6211331267436
      ],
      [
       -79.6368531549457,
       43.6211685511263
      ],
      [
       -79.6365636128073,
       43.6214352171418
      ],
      [
       -79.6364518753988,
       43.6215464339963
      ],
      [
       -79.6361792032412,
       43.6217862883206
      ],
      [
       -79.6359441087893,
       43.6220085824802
      ],
      [
       -79.6343930210201,
       43.6207880293981
      ],
      [
       -79.6325802581128,
       43.6192221733907
      ],
      [
       -79.6322584869695,
       43.6188941799372
      ],
      [
       -79.6309597361745,
       43.6176540890959
      ],
      [
       -79.630186546715,
       43.6169785303662
      ],
      [
       -79.6298467423295,
       43.6166953338559
      ],
      [
       -79.6294660023582,
       43.6164071434921
      ],
      [
       -79.6289883986607,
       43.6160187461358
      ],
      [
       -79.6286088364336,
       43.6156450291132
      ],
      [
       -79.6273164756677,
       43.6146750927921
      ],
      [
       -79.6253063670298,
       43.6130842400827
      ],
      [
       -79.6246473567104,
       43.6126036025647
      ],
      [
       -79.6239584670257,
       43.61210909552
      ],
      [
       -79.6216370593127,
       43.6104559037314
      ],
      [
       -79.6214831223656,
       43.6103459993239
      ],
      [
       -79.6205922916604,
       43.6097094742247
      ],
      [
       -79.620129719662,
       43.6093797469381
      ],
      [
       -79.6199021793678,
       43.6092374378105
      ],
      [
       -79.6197364781385,
       43.6091003769947
      ],
      [
       -79.6196281265195,
       43.6089955225376
      ],
      [
       -79.6194796661758,
       43.6088496655578
      ],
      [
       -79.6193540223723,
       43.6087220919849
      ],
      [
       -79.6192191375929,
       43.6085583906427
      ],
      [
       -79.6190108982679,
       43.608249738897
      ],
      [
       -79.6188842729349,
       43.6080636269405
      ],
      [
       -79.618704946507,
       43.6078453639729
      ],
      [
       -79.6186130640619,
       43.6077317035605
      ],
      [
       -79.6185480244507,
       43.6076633875023
      ],
      [
       -79.6184571759077,
       43.6075722494589
      ],
      [
       -79.6183674639744,
       43.6074991330821
      ],
      [
       -79.6181618196921,
       43.6073480811274
      ],
      [
       -79.6167368436468,
       43.6063674169173
      ],
      [
       -79.6156741938239,
       43.6056297296933
      ],
      [
       -79.6136505963956,
       43.604214085034
      ],
      [
       -79.6127062627515,
       43.6035543390662
      ],
      [
       -79.6116308613361,
       43.6028029532414
      ],
      [
       -79.6093940068823,
       43.6012405781168
      ],
      [
       -79.6065367828605,
       43.5992519111892
      ],
      [
       -79.603221441802,
       43.5969244266267
      ],
      [
       -79.602735586536,
       43.596571833909
      ],
      [
       -79.6018374909334,
       43.5958315266673
      ],
      [
       -79.6013590363041,
       43.595461010549
      ],
      [
       -79.6009833589665,
       43.5951997985958
      ],
      [
       -79.6000695808082,
       43.5946033496562
      ]
     ]
    ]
   },
   "properties": {
    "OBJECTID_1": 19,
    "OBJECTID": 19,
    "WARDNUM": "4",
    "MUNIC": "Mississauga",
    "Mayor": "Bonnie Crombie",
    "FirstName0": "John",
    "LastName0": "Kovac",
    "Phone0": "1-905-896-5400",
    "email0": "john.Kovac@mississauga.ca",
    "FirstName1": " ",
    "LastName1": " ",
    "Phone1": " ",
    "email1": " ",
    "RC_Name": "Nando Iannicca",
    "Shape_Leng": 16184.2110125,
    "WardName": "Ward 4",
    "Shape__Area": 12114732.484375,
    "Shape__Length": 16184.211012545997
   }
  },
  {
   "type": "Feature",
   "id": 20,
   "geometry": {
    "type": "Polygon",
    "coordinates": [
     [
      [
       -79.6715660278897,
       43.7082940651231
      ],
      [
       -79.6715565224039,
       43.7083029584919
      ],
      [
       -79.6714781517514,
       43.7083740783657
      ],
      [
       -79.6714772767711,
       43.7083785701241
      ],
      [
       -79.6711899823921,
       43.7086363419888
      ],
      [
       -79.6695575252598,
       43.7101209937276
      ],
      [
       -79.6615583223773,
       43.717343219228
      ],
      [
       -79.6612511496429,
       43.7176187404958
      ],
      [
       -79.6611321496105,
       43.7175273079926
      ],
      [
       -79.6608922094664,
       43.7177450909334
      ],
      [
       -79.6607140736786,
       43.7179050726812
      ],
      [
       -79.6607117466552,
       43.7179050454108
      ],
      [
       -79.6606617762157,
       43.7179539809332
      ],
      [
       -79.6605272039405,
       43.7180739556217
      ],
      [
       -79.6604013641622,
       43.7181850286663
      ],
      [
       -79.6602849323674,
       43.7182917099364
      ],
      [
       -79.6602112896447,
       43.7183583754359
      ],
      [
       -79.6601400741099,
       43.7184205674223
      ],
      [
       -79.660068758113,
       43.7184872601068
      ],
      [
       -79.659999093642,
       43.7185494701893
      ],
      [
       -79.6599270016509,
       43.7186161536847
      ],
      [
       -79.6598557855144,
       43.7186783454835
      ],
      [
       -79.65978456923,
       43.7187405372353
      ],
      [
       -79.6597132524557,
       43.7188072296843
      ],
      [
       -79.65964203587,
       43.718869421342
      ],
      [
       -79.659573921886,
       43.718931649345
      ],
      [
       -79.6594987262083,
       43.7189982961617
      ],
      [
       -79.6594290877755,
       43.7190244908297
      ],
      [
       -79.6593453865134,
       43.7190550224054
      ],
      [
       -79.6593288963034,
       43.7190638327989
      ],
      [
       -79.6592506978076,
       43.7191259423032
      ],
      [
       -79.6591812325124,
       43.719179150374
      ],
      [
       -79.6590944007202,
       43.7192456604003
      ],
      [
       -79.6589791418264,
       43.7193343463958
      ],
      [
       -79.6588638825922,
       43.7194230322694
      ],
      [
       -79.6587443428761,
       43.7195296754693
      ],
      [
       -79.6586248027343,
       43.7196363185367
      ],
      [
       -79.6585456262012,
       43.7197074199116
      ],
      [
       -79.6584617952925,
       43.719778466594
      ],
      [
       -79.6582623012535,
       43.7199562014089
      ],
      [
       -79.6581863271321,
       43.720022838208
      ],
      [
       -79.658033502207,
       43.720160603277
      ],
      [
       -79.6579622822713,
       43.7202227938305
      ],
      [
       -79.6578902864835,
       43.7202849752273
      ],
      [
       -79.6578182905462,
       43.7203471565762
      ],
      [
       -79.6577469696705,
       43.7204138477271
      ],
      [
       -79.6576749734295,
       43.7204760289804
      ],
      [
       -79.6576029770391,
       43.7205382101858
      ],
      [
       -79.6575308799876,
       43.7206048920819
      ],
      [
       -79.6574588832927,
       43.7206670731913
      ],
      [
       -79.6573868864485,
       43.7207292542526
      ],
      [
       -79.6573147889262,
       43.7207959360042
      ],
      [
       -79.6572427917775,
       43.7208581169696
      ],
      [
       -79.6571707944793,
       43.7209202978869
      ],
      [
       -79.6570986964863,
       43.7209869794939
      ],
      [
       -79.6570274745975,
       43.7210491694309
      ],
      [
       -79.6569554768462,
       43.7211113502048
      ],
      [
       -79.6568833783833,
       43.7211780316677
      ],
      [
       -79.6568113803276,
       43.7212402123455
      ],
      [
       -79.6567393821224,
       43.7213023929753
      ],
      [
       -79.6566672831887,
       43.7213690742938
      ],
      [
       -79.656595284679,
       43.7214312548275
      ],
      [
       -79.6564876744943,
       43.721524530098
      ],
      [
       -79.656406941486,
       43.7215956116645
      ],
      [
       -79.6561994768352,
       43.7217822529376
      ],
      [
       -79.6560134586278,
       43.7219466364523
      ],
      [
       -79.6559572751671,
       43.7219954968092
      ],
      [
       -79.6560307092437,
       43.7220773949501
      ],
      [
       -79.6553809508129,
       43.7226459973875
      ],
      [
       -79.6548759608186,
       43.7230902464233
      ],
      [
       -79.6540170495499,
       43.7238499614389
      ],
      [
       -79.6539458210542,
       43.7239121493398
      ],
      [
       -79.6538737158626,
       43.7239788287854
      ],
      [
       -79.6538017113134,
       43.7240410074536
      ],
      [
       -79.6537297066147,
       43.7241031860738
      ],
      [
       -79.6536781737829,
       43.7241521000734
      ],
      [
       -79.6536583767054,
       43.7241698745138
      ],
      [
       -79.6535879232106,
       43.7242320713176
      ],
      [
       -79.6535173687443,
       43.7242987688037
      ],
      [
       -79.6534469149514,
       43.7243609655153
      ],
      [
       -79.653376360176,
       43.7244276629089
      ],
      [
       -79.6532385548789,
       43.7245520926696
      ],
      [
       -79.6531497537802,
       43.7246365825584
      ],
      [
       -79.6529565347402,
       43.7248098799652
      ],
      [
       -79.6528392001545,
       43.7249210447741
      ],
      [
       -79.6527219660199,
       43.7250277087285
      ],
      [
       -79.6525801782555,
       43.7251565926454
      ],
      [
       -79.6525040903071,
       43.7252277261668
      ],
      [
       -79.6523360957527,
       43.7253833122605
      ],
      [
       -79.6522664152251,
       43.7254455173487
      ],
      [
       -79.6521958578546,
       43.7255122139676
      ],
      [
       -79.6521261770313,
       43.7255744189652
      ],
      [
       -79.6520556193524,
       43.7256411154921
      ],
      [
       -79.6519859382333,
       43.7257033203989
      ],
      [
       -79.651915380246,
       43.7257700168338
      ],
      [
       -79.6518456988312,
       43.7258322216499
      ],
      [
       -79.6517751405355,
       43.7258989179927
      ],
      [
       -79.6517053578581,
       43.7259656234418
      ],
      [
       -79.6516349002208,
       43.7260278189689
      ],
      [
       -79.6515651172366,
       43.726094524327
      ],
      [
       -79.6514946593019,
       43.7261567197624
      ],
      [
       -79.651424876011,
       43.7262234250294
      ],
      [
       -79.6513551935584,
       43.7262856295282
      ],
      [
       -79.6513353950854,
       43.7263034035418
      ],
      [
       -79.6512846341811,
       43.7263523255491
      ],
      [
       -79.6512149514328,
       43.7264145299572
      ],
      [
       -79.6511443917471,
       43.7264812258861
      ],
      [
       -79.6510770360515,
       43.7265434576744
      ],
      [
       -79.6509573672201,
       43.7266545929583
      ],
      [
       -79.6508622524631,
       43.7267435084164
      ],
      [
       -79.650735499709,
       43.7268590617487
      ],
      [
       -79.6505016906584,
       43.7270768948297
      ],
      [
       -79.6504993632897,
       43.7270768673468
      ],
      [
       -79.650324275132,
       43.7272368685707
      ],
      [
       -79.6501696599318,
       43.7273836055974
      ],
      [
       -79.6499914668131,
       43.7275435696268
      ],
      [
       -79.649989038326,
       43.7275480428526
      ],
      [
       -79.6492802364218,
       43.7281834411381
      ],
      [
       -79.6486996309722,
       43.728707803041
      ],
      [
       -79.6485214299831,
       43.7288677646402
      ],
      [
       -79.6483558435232,
       43.729018871329
      ],
      [
       -79.6481958894196,
       43.7291610405726
      ],
      [
       -79.6481016436394,
       43.7292454620528
      ],
      [
       -79.6480066217755,
       43.7293298742723
      ],
      [
       -79.6479114983807,
       43.7294187871221
      ],
      [
       -79.6478164759735,
       43.729503199174
      ],
      [
       -79.6477214532984,
       43.7295876111422
      ],
      [
       -79.6476272061774,
       43.7296720322076
      ],
      [
       -79.6475320816748,
       43.729760944722
      ],
      [
       -79.6474370581895,
       43.7298453564395
      ],
      [
       -79.6473420344361,
       43.7299297680733
      ],
      [
       -79.6472470104148,
       43.7300141796234
      ],
      [
       -79.6471526606309,
       43.730103100986
      ],
      [
       -79.6470576360673,
       43.7301875123691
      ],
      [
       -79.6469626112358,
       43.7302719236686
      ],
      [
       -79.6468675861363,
       43.7303563348843
      ],
      [
       -79.646772459417,
       43.7304452467273
      ],
      [
       -79.646678209607,
       43.7305296669629
      ],
      [
       -79.6465372729961,
       43.7306540514008
      ],
      [
       -79.6463836182763,
       43.730791790753
      ],
      [
       -79.6462488871384,
       43.7309162483299
      ],
      [
       -79.6459962229024,
       43.7311428524702
      ],
      [
       -79.6459162403056,
       43.7312139353714
      ],
      [
       -79.6457260824631,
       43.7313872565831
      ],
      [
       -79.6455668916303,
       43.7315294311206
      ],
      [
       -79.6454242972051,
       43.7316582964214
      ],
      [
       -79.6453292677354,
       43.7317427062813
      ],
      [
       -79.6452350138469,
       43.731827125255
      ],
      [
       -79.6451398823629,
       43.731916035655
      ],
      [
       -79.6450448520829,
       43.7320004452642
      ],
      [
       -79.6449498215348,
       43.7320848547897
      ],
      [
       -79.6448547907188,
       43.7321692642314
      ],
      [
       -79.6447327715137,
       43.7322803649943
      ],
      [
       -79.6447449821716,
       43.7322895136207
      ],
      [
       -79.6446982931024,
       43.7323294771098
      ],
      [
       -79.6446175315218,
       43.7324005498458
      ],
      [
       -79.6445455072314,
       43.7324627223363
      ],
      [
       -79.6444734827915,
       43.7325248947788
      ],
      [
       -79.644401356665,
       43.7325915678782
      ],
      [
       -79.6443285560608,
       43.7326537310208
      ],
      [
       -79.6442565311659,
       43.7327159033186
      ],
      [
       -79.6442422610312,
       43.7327292397542
      ],
      [
       -79.6441844045675,
       43.7327825762728
      ],
      [
       -79.6441123793679,
       43.7328447484744
      ],
      [
       -79.6440395781561,
       43.7329069114223
      ],
      [
       -79.6439643476314,
       43.7329735474061
      ],
      [
       -79.6438923219737,
       43.7330357194611
      ],
      [
       -79.6438194187189,
       43.7331023829641
      ],
      [
       -79.6437473927557,
       43.7331645549225
      ],
      [
       -79.643675366643,
       43.7332267268328
      ],
      [
       -79.6436032387815,
       43.7332933993979
      ],
      [
       -79.6435304364957,
       43.7333555620027
      ],
      [
       -79.643458409928,
       43.7334177337684
      ],
      [
       -79.6433862815946,
       43.7334844061883
      ],
      [
       -79.6433142547222,
       43.7335465778577
      ],
      [
       -79.6432366949714,
       43.7336131857018
      ],
      [
       -79.6431401075679,
       43.73369757521
      ],
      [
       -79.6430387630064,
       43.733786410057
      ],
      [
       -79.6428542231031,
       43.7339507892865
      ],
      [
       -79.6427149239151,
       43.7340706864572
      ],
      [
       -79.6427029807463,
       43.7340840503337
      ],
      [
       -79.6425026163561,
       43.734261746761
      ],
      [
       -79.6423608864007,
       43.7343861165256
      ],
      [
       -79.6422484737535,
       43.7344838229855
      ],
      [
       -79.6421518835525,
       43.7345682116095
      ],
      [
       -79.6420750970701,
       43.7346348278384
      ],
      [
       -79.6420021898432,
       43.7347014901124
      ],
      [
       -79.6419286082976,
       43.734763642418
      ],
      [
       -79.6418549248637,
       43.734830295372
      ],
      [
       -79.6418366725171,
       43.7348480860824
      ],
      [
       -79.6417820171534,
       43.734896957497
      ],
      [
       -79.6417092110276,
       43.7349591188746
      ],
      [
       -79.641636302998,
       43.735025780901
      ],
      [
       -79.6415634965644,
       43.7350879421804
      ],
      [
       -79.6414913641065,
       43.7351546133317
      ],
      [
       -79.641418455596,
       43.7352212752106
      ],
      [
       -79.6413456486984,
       43.7352834363432
      ],
      [
       -79.6412727398687,
       43.7353500981235
      ],
      [
       -79.6411999326632,
       43.7354122591579
      ],
      [
       -79.6411270235142,
       43.7354789208396
      ],
      [
       -79.6410541142026,
       43.735545582472
      ],
      [
       -79.6409813065325,
       43.7356077433589
      ],
      [
       -79.6409083969017,
       43.7356744048927
      ],
      [
       -79.6408354871084,
       43.7357410663772
      ],
      [
       -79.6407626789736,
       43.7358032271166
      ],
      [
       -79.640689768861,
       43.7358698885025
      ],
      [
       -79.6406430742938,
       43.7359098502388
      ],
      [
       -79.6406169604182,
       43.7359320491438
      ],
      [
       -79.640544825888,
       43.735998719661
      ],
      [
       -79.6404719152944,
       43.7360653808994
      ],
      [
       -79.6403991063878,
       43.7361275413937
      ],
      [
       -79.640326971379,
       43.736194211765
      ],
      [
       -79.6402501807803,
       43.7362608266957
      ],
      [
       -79.6401194059731,
       43.73638082207
      ],
      [
       -79.6400481481311,
       43.7364430007936
      ],
      [
       -79.6398295144727,
       43.7366384826588
      ],
      [
       -79.6396481625166,
       43.7367983926489
      ],
      [
       -79.6396457328736,
       43.7368028656329
      ],
      [
       -79.6394667076694,
       43.7369628030265
      ],
      [
       -79.6392899468909,
       43.7370912537578
      ],
      [
       -79.6378318277176,
       43.7360204368616
      ],
      [
       -79.6365737746154,
       43.7350960493263
      ],
      [
       -79.6340519868726,
       43.7332291568572
      ],
      [
       -79.6322109727595,
       43.7348728426783
      ],
      [
       -79.6302923010971,
       43.7353225625274
      ],
      [
       -79.6283200902843,
       43.7319629941615
      ],
      [
       -79.6272837823446,
       43.7302083120811
      ],
      [
       -79.6263595831286,
       43.7286440480041
      ],
      [
       -79.625263329234,
       43.7267670745797
      ],
      [
       -79.6250131227727,
       43.7263408847101
      ],
      [
       -79.6249713270628,
       43.7262683512333
      ],
      [
       -79.624929531452,
       43.7261958177416
      ],
      [
       -79.6245509451308,
       43.7255474883109
      ],
      [
       -79.6244240100507,
       43.7253298686679
      ],
      [
       -79.6241625911206,
       43.7248855342318
      ],
      [
       -79.6224311363482,
       43.7219519374515
      ],
      [
       -79.6223214387259,
       43.7217615346356
      ],
      [
       -79.6220548267164,
       43.7213081287146
      ],
      [
       -79.6215813996329,
       43.7205010783409
      ],
      [
       -79.620576352324,
       43.7187872268452
      ],
      [
       -79.6203876469084,
       43.7184563089562
      ],
      [
       -79.6202406247295,
       43.7182024266072
      ],
      [
       -79.6190504777034,
       43.7161396784327
      ],
      [
       -79.6183414436409,
       43.7149200920694
      ],
      [
       -79.6145098798297,
       43.7083414153713
      ],
      [
       -79.6128864663096,
       43.7055395326385
      ],
      [
       -79.6127134019933,
       43.7052403047765
      ],
      [
       -79.6124500350697,
       43.7047869147628
      ],
      [
       -79.6123187408138,
       43.7045602242432
      ],
      [
       -79.6108350281746,
       43.7019986093115
      ],
      [
       -79.6105650219455,
       43.701531628251
      ],
      [
       -79.6104546223563,
       43.7013412049501
      ],
      [
       -79.6102643705198,
       43.7010147526413
      ],
      [
       -79.6091605282342,
       43.6991060114924
      ],
      [
       -79.609054581737,
       43.6989246448292
      ],
      [
       -79.6088039305803,
       43.6984939104213
      ],
      [
       -79.6087726124437,
       43.6984395059997
      ],
      [
       -79.6086123537635,
       43.6981584352362
      ],
      [
       -79.608509408032,
       43.6979816065085
      ],
      [
       -79.6084437753676,
       43.6978682590702
      ],
      [
       -79.6084132332692,
       43.6978138639944
      ],
      [
       -79.6080597521667,
       43.6972017984364
      ],
      [
       -79.6079620290823,
       43.697034036666
      ],
      [
       -79.6077942322455,
       43.6967438690148
      ],
      [
       -79.6077338216073,
       43.6966395886283
      ],
      [
       -79.6076428704242,
       43.6964809129353
      ],
      [
       -79.6075294916723,
       43.6962859484419
      ],
      [
       -79.6074213329268,
       43.6961000513036
      ],
      [
       -79.6069873621836,
       43.6953474415284
      ],
      [
       -79.6069575979994,
       43.6952930555258
      ],
      [
       -79.60679880238,
       43.6950165018596
      ],
      [
       -79.6066974178819,
       43.6948396904523
      ],
      [
       -79.6065810479786,
       43.6946401865713
      ],
      [
       -79.6064334690867,
       43.6943817768683
      ],
      [
       -79.6062022841934,
       43.6939827873817
      ],
      [
       -79.6055945733042,
       43.6929309253329
      ],
      [
       -79.6055028578318,
       43.6927722385272
      ],
      [
       -79.6050115298221,
       43.6919198784161
      ],
      [
       -79.6045157723628,
       43.6910584581295
      ],
      [
       -79.6040399178599,
       43.6902422980682
      ],
      [
       -79.603003983703,
       43.6884648801753
      ],
      [
       -79.6029458107229,
       43.6883651264252
      ],
      [
       -79.6025855658321,
       43.6877484584858
      ],
      [
       -79.6024811044533,
       43.687571605532
      ],
      [
       -79.6023819659952,
       43.687399319512
      ],
      [
       -79.6018723275431,
       43.6865377174484
      ],
      [
       -79.6018573452955,
       43.6865150244623
      ],
      [
       -79.6017014872923,
       43.6862475031836
      ],
      [
       -79.6008098044211,
       43.6847419456818
      ],
      [
       -79.5973777311676,
       43.6789824083979
      ],
      [
       -79.5972083786965,
       43.6786967073086
      ],
      [
       -79.5964285686957,
       43.6773905727338
      ],
      [
       -79.595025057495,
       43.6750368171157
      ],
      [
       -79.5948804648333,
       43.6747874323763
      ],
      [
       -79.5932661674961,
       43.6720033773627
      ],
      [
       -79.5927065010527,
       43.6710375718909
      ],
      [
       -79.5924062550045,
       43.6705161500901
      ],
      [
       -79.5917474309914,
       43.6693825462309
      ],
      [
       -79.591701273845,
       43.6693009423495
      ],
      [
       -79.5916089599204,
       43.6691377345324
      ],
      [
       -79.5915277454968,
       43.6689971731849
      ],
      [
       -79.5913087325005,
       43.6686163099367
      ],
      [
       -79.591002520701,
       43.6680858068311
      ],
      [
       -79.5909385024289,
       43.6679724687585
      ],
      [
       -79.5909243037881,
       43.6679497839407
      ],
      [
       -79.5907716407117,
       43.667682286439
      ],
      [
       -79.5906591438809,
       43.667487315282
      ],
      [
       -79.5905280100934,
       43.6672606004985
      ],
      [
       -79.5903761254551,
       43.6669931120422
      ],
      [
       -79.5900907866204,
       43.6664988794415
      ],
      [
       -79.5898605882057,
       43.6660998674797
      ],
      [
       -79.5897149464678,
       43.6658639688061
      ],
      [
       -79.5897022987299,
       43.6658413029671
      ],
      [
       -79.588979848451,
       43.6646483718414
      ],
      [
       -79.5889716401486,
       43.6646347646367
      ],
      [
       -79.5889141821335,
       43.6645395141877
      ],
      [
       -79.5984606225183,
       43.6558106311555
      ],
      [
       -79.5986127445275,
       43.6556684336988
      ],
      [
       -79.5991203084735,
       43.6552064519308
      ],
      [
       -79.5992652445111,
       43.6550731694345
      ],
      [
       -79.5994213415813,
       43.6549265176332
      ],
      [
       -79.6004207309188,
       43.6540113556684
      ],
      [
       -79.6007287254153,
       43.653731503102
      ],
      [
       -79.6016314582285,
       43.652905186216
      ],
      [
       -79.6026944788266,
       43.6519502647906
      ],
      [
       -79.6032399005796,
       43.6514572134264
      ],
      [
       -79.6042356577358,
       43.6505599808994
      ],
      [
       -79.6062372587804,
       43.6487611103341
      ],
      [
       -79.6064446187516,
       43.6485745561451
      ],
      [
       -79.6074513347026,
       43.6476684247229
      ],
      [
       -79.6084587949979,
       43.6467622933186
      ],
      [
       -79.6087667148035,
       43.646482417745
      ],
      [
       -79.6106777620923,
       43.6447003734258
      ],
      [
       -79.6145468169873,
       43.6413033292061
      ],
      [
       -79.6177197742463,
       43.6384064585256
      ],
      [
       -79.6207148500264,
       43.6357189445202
      ],
      [
       -79.6241083597515,
       43.6326714869392
      ],
      [
       -79.6270068336386,
       43.630050171571
      ],
      [
       -79.6303107981137,
       43.6270284623383
      ],
      [
       -79.6342992548992,
       43.6234926055713
      ],
      [
       -79.6348876294526,
       43.6229954113796
      ],
      [
       -79.635176106605,
       43.6227422429535
      ],
      [
       -79.6359212431302,
       43.6220263175611
      ],
      [
       -79.6359441087893,
       43.6220085824802
      ],
      [
       -79.6361792032412,
       43.6217862883206
      ],
      [
       -79.6364518753988,
       43.6215464339963
      ],
      [
       -79.6365636128073,
       43.6214352171418
      ],
      [
       -79.6368531549457,
       43.6211685511263
      ],
      [
       -79.6369027571572,
       43.6211331267436
      ],
      [
       -79.6373241032146,
       43.6207239675468
      ],
      [
       -79.6378336634266,
       43.620284344143
      ],
      [
       -79.639474571709,
       43.6187957202032
      ],
      [
       -79.6422068551351,
       43.61637462305
      ],
      [
       -79.6462413063766,
       43.6127623537919
      ],
      [
       -79.6478698839771,
       43.611286966868
      ],
      [
       -79.6503957803878,
       43.609025300468
      ],
      [
       -79.652922432486,
       43.6067905980734
      ],
      [
       -79.6577050233041,
       43.6025249360904
      ],
      [
       -79.6607003937605,
       43.5998363569277
      ],
      [
       -79.6636441593038,
       43.5972281306148
      ],
      [
       -79.6662206582172,
       43.594935185122
      ],
      [
       -79.6691917311321,
       43.5922956176863
      ],
      [
       -79.6711780353242,
       43.593723355104
      ],
      [
       -79.67146252743,
       43.593884232572
      ],
      [
       -79.6752359833913,
       43.595701822039
      ],
      [
       -79.6786597177587,
       43.597375682025
      ],
      [
       -79.6792016971137,
       43.5976610707441
      ],
      [
       -79.6796422695758,
       43.5979452855573
      ],
      [
       -79.6800960788594,
       43.5982971817067
      ],
      [
       -79.6808951605684,
       43.5989366878887
      ],
      [
       -79.6826417605552,
       43.6004064786618
      ],
      [
       -79.6834550063685,
       43.6011091581805
      ],
      [
       -79.6844802691791,
       43.6019268224057
      ],
      [
       -79.6850387776415,
       43.6025230122463
      ],
      [
       -79.6852292579128,
       43.6027728139411
      ],
      [
       -79.6853434956028,
       43.6029677143198
      ],
      [
       -79.6862092349183,
       43.6044993474299
      ],
      [
       -79.6864295103953,
       43.6048395296853
      ],
      [
       -79.6867567119653,
       43.6052484701572
      ],
      [
       -79.6869483827337,
       43.6054442584719
      ],
      [
       -79.6878485421164,
       43.6062154347695
      ],
      [
       -79.6890048661756,
       43.6071741245487
      ],
      [
       -79.6903209222036,
       43.6081256288161
      ],
      [
       -79.6927238922561,
       43.6098864089539
      ],
      [
       -79.695724927544,
       43.6120411364806
      ],
      [
       -79.6984559330584,
       43.6141206781548
      ],
      [
       -79.6989211053681,
       43.6144591222504
      ],
      [
       -79.7001156127067,
       43.6153506032712
      ],
      [
       -79.7025172202147,
       43.617057136511
      ],
      [
       -79.7034045847586,
       43.6177199959616
      ],
      [
       -79.7040671915823,
       43.6181732084252
      ],
      [
       -79.7049773344451,
       43.6187507758369
      ],
      [
       -79.7063126673827,
       43.6195852611015
      ],
      [
       -79.7077287776098,
       43.6204836719521
      ],
      [
       -79.7078171659813,
       43.6205522012013
      ],
      [
       -79.7023760744499,
       43.6226470166561
      ],
      [
       -79.6995609458109,
       43.6237990476075
      ],
      [
       -79.6997350036208,
       43.6239180796758
      ],
      [
       -79.7030654693173,
       43.6263959991549
      ],
      [
       -79.7057923330865,
       43.6284212906671
      ],
      [
       -79.707278847821,
       43.6295140888245
      ],
      [
       -79.7072273468453,
       43.6296035461789
      ],
      [
       -79.7071995621011,
       43.6296347458627
      ],
      [
       -79.7071639353058,
       43.6296703588309
      ],
      [
       -79.7071273409291,
       43.6297149648266
      ],
      [
       -79.7070916175477,
       43.6297550786708
      ],
      [
       -79.7070499871754,
       43.6297816197092
      ],
      [
       -79.7069956718449,
       43.6297855072773
      ],
      [
       -79.7069467783914,
       43.6297894561565
      ],
      [
       -79.7068978849319,
       43.6297934050146
      ],
      [
       -79.7068468608296,
       43.629788325763
      ],
      [
       -79.7068193629233,
       43.62977000669
      ],
      [
       -79.7067694994806,
       43.6297469325687
      ],
      [
       -79.7067092773047,
       43.6297372471932
      ],
      [
       -79.7066426656601,
       43.6297364934697
      ],
      [
       -79.7065617259072,
       43.6297535855352
      ],
      [
       -79.7065072174979,
       43.6297664746695
      ],
      [
       -79.7064299573513,
       43.6297926122657
      ],
      [
       -79.7063658645731,
       43.6298188988372
      ],
      [
       -79.7063280100666,
       43.6298499843383
      ],
      [
       -79.7062856047426,
       43.6298765163261
      ],
      [
       -79.7062581090618,
       43.6298942130761
      ],
      [
       -79.7062164782323,
       43.6299207538045
      ],
      [
       -79.7062235478691,
       43.6299523477676
      ],
      [
       -79.7062502711159,
       43.629970658215
      ],
      [
       -79.7062616984448,
       43.6300158074742
      ],
      [
       -79.7062430145863,
       43.6300561139162
      ],
      [
       -79.7062110666458,
       43.6301007722074
      ],
      [
       -79.7061570447367,
       43.6301631885852
      ],
      [
       -79.7060992464853,
       43.6302210601962
      ],
      [
       -79.7060368973337,
       43.6302743782664
      ],
      [
       -79.7060036897353,
       43.6303055162637
      ],
      [
       -79.7059726126252,
       43.6303456823535
      ],
      [
       -79.7059602215461,
       43.6303815579983
      ],
      [
       -79.7059455067642,
       43.6304174073335
      ],
      [
       -79.7059177209792,
       43.6304486066884
      ],
      [
       -79.7058742507216,
       43.6304886324365
      ],
      [
       -79.7058306819869,
       43.6304971431154
      ],
      [
       -79.7057975689452,
       43.6304877642026
      ],
      [
       -79.7057755895877,
       43.6304650053753
      ],
      [
       -79.7057385053859,
       43.6304240675419
      ],
      [
       -79.7057199141225,
       43.630387841095
      ],
      [
       -79.7057151683897,
       43.6303562734183
      ],
      [
       -79.7057213631188,
       43.6303203276356
      ],
      [
       -79.7057118734247,
       43.630293208231
      ],
      [
       -79.7056836010824,
       43.6302748801169
      ],
      [
       -79.7056483577141,
       43.6302564730547
      ],
      [
       -79.7056055636785,
       43.630264992421
      ],
      [
       -79.7055463106346,
       43.6302823293552
      ],
      [
       -79.7054878321181,
       43.6302996750305
      ],
      [
       -79.7053792019097,
       43.6303434645879
      ],
      [
       -79.7053476396885,
       43.6303701190391
      ],
      [
       -79.7053351516052,
       43.6304104955078
      ],
      [
       -79.7053459970155,
       43.6304466342811
      ],
      [
       -79.7053520018038,
       43.6304917222066
      ],
      [
       -79.7053481305263,
       43.6305276942853
      ],
      [
       -79.7053412576155,
       43.6305591303737
      ],
      [
       -79.7053187967756,
       43.6305948918876
      ],
      [
       -79.7052810378744,
       43.6306214761286
      ],
      [
       -79.7052433755763,
       43.6306435594603
      ],
      [
       -79.7051469443349,
       43.6306964909613
      ],
      [
       -79.7050500283119,
       43.6307359109155
      ],
      [
       -79.7049420749095,
       43.6307842097114
      ],
      [
       -79.7048724618029,
       43.6308149348821
      ],
      [
       -79.7048334434358,
       43.6308279987306
      ],
      [
       -79.7047825153273,
       43.6308184176542
      ],
      [
       -79.7047394295817,
       43.6308044234356
      ],
      [
       -79.7046908252098,
       43.6307948686513
      ],
      [
       -79.7046210174992,
       43.6307985795189
      ],
      [
       -79.7045580841964,
       43.6308068702475
      ],
      [
       -79.7044991204054,
       43.6308107039423
      ],
      [
       -79.7044258266233,
       43.6307963672157
      ],
      [
       -79.7043572769803,
       43.6307775822286
      ],
      [
       -79.7043102218275,
       43.6307680448436
      ],
      [
       -79.7042659748264,
       43.6307720452455
      ],
      [
       -79.704211852738,
       43.6308029456231
      ],
      [
       -79.704176126777,
       43.6308430585163
      ],
      [
       -79.7041319780477,
       43.6309145898394
      ],
      [
       -79.7041145514539,
       43.6309684161513
      ],
      [
       -79.704089960253,
       43.63103116521
      ],
      [
       -79.7040820226554,
       43.6311121110428
      ],
      [
       -79.7040876396541,
       43.6311752025936
      ],
      [
       -79.7041100063001,
       43.6312159740949
      ],
      [
       -79.704150381589,
       43.6312479457822
      ],
      [
       -79.7041924995006,
       43.6312709332305
      ],
      [
       -79.70422938886,
       43.6312848574085
      ],
      [
       -79.7042987136077,
       43.6313036512579
      ],
      [
       -79.7043658113825,
       43.6313179178313
      ],
      [
       -79.7044057024058,
       43.6313363779678
      ],
      [
       -79.7044304897482,
       43.6313726748541
      ],
      [
       -79.704443658498,
       43.6314088400415
      ],
      [
       -79.7044501471698,
       43.6314674394618
      ],
      [
       -79.7044600252454,
       43.6315485872496
      ],
      [
       -79.7044506356029,
       43.6316250146531
      ],
      [
       -79.7044363073851,
       43.6316788761268
      ],
      [
       -79.704422560317,
       43.6317417481656
      ],
      [
       -79.7044121049428,
       43.6317956535337
      ],
      [
       -79.7044058144733,
       43.6319081319785
      ],
      [
       -79.7043755119137,
       43.6320203382376
      ],
      [
       -79.7043376622802,
       43.6323395504576
      ],
      [
       -79.7043301125465,
       43.6324385086448
      ],
      [
       -79.7043398929698,
       43.6324881413969
      ],
      [
       -79.7043630348427,
       43.6325289216283
      ],
      [
       -79.7043958586469,
       43.6325518036442
      ],
      [
       -79.7044283914045,
       43.6325521724048
      ],
      [
       -79.7044741888842,
       43.6325481895167
      ],
      [
       -79.7045445798295,
       43.6325534893315
      ],
      [
       -79.7045923143067,
       43.6325675363073
      ],
      [
       -79.7046444062833,
       43.632595138615
      ],
      [
       -79.7046893336249,
       43.6326316636837
      ],
      [
       -79.7047290322465,
       43.6326591255026
      ],
      [
       -79.7047583711792,
       43.6326999758799
      ],
      [
       -79.7047921643489,
       43.6327498807022
      ],
      [
       -79.7048234404456,
       43.6328087609705
      ],
      [
       -79.7048502623866,
       43.6328585867805
      ],
      [
       -79.7048916083203,
       43.6329175811324
      ],
      [
       -79.7049426374032,
       43.6329946931398
      ],
      [
       -79.7049709120496,
       43.6330490373689
      ],
      [
       -79.7049966696298,
       43.6331123570504
      ],
      [
       -79.7050292053198,
       43.6331847574974
      ],
      [
       -79.7050547696976,
       43.6332570789534
      ],
      [
       -79.7050690051152,
       43.6333157660874
      ],
      [
       -79.7050912765323,
       43.6333610382938
      ],
      [
       -79.7051399810579,
       43.6334021079626
      ],
      [
       -79.7051880076985,
       43.6334386679423
      ],
      [
       -79.7052454262619,
       43.6334708323029
      ],
      [
       -79.7053213386937,
       43.633507708107
      ],
      [
       -79.7053805965072,
       43.6335263872667
      ],
      [
       -79.7054408237746,
       43.633572089308
      ],
      [
       -79.7054765537086,
       43.6336040079031
      ],
      [
       -79.7055019239505,
       43.6336493151242
      ],
      [
       -79.7055319418568,
       43.6336946749756
      ],
      [
       -79.7055578935356,
       43.6337489927458
      ],
      [
       -79.7055977881663,
       43.6338034684103
      ],
      [
       -79.7056401999232,
       43.6338489685882
      ],
      [
       -79.705695102071,
       43.6338901082017
      ],
      [
       -79.7057494229053,
       43.6339222372291
      ],
      [
       -79.7057959977187,
       43.633954278523
      ],
      [
       -79.7058456710149,
       43.6339863548805
      ],
      [
       -79.7059022192444,
       43.6340230110431
      ],
      [
       -79.7059657390265,
       43.6340597461062
      ],
      [
       -79.7060240297972,
       43.6340874179597
      ],
      [
       -79.7060856122324,
       43.6341061230698
      ],
      [
       -79.7061544559384,
       43.6341114043782
      ],
      [
       -79.7062166178927,
       43.6341031040475
      ],
      [
       -79.7063005654757,
       43.6340905482785
      ],
      [
       -79.7063701816967,
       43.6340598222934
      ],
      [
       -79.7064174307449,
       43.6340243411383
      ],
      [
       -79.7064851092247,
       43.6339755851982
      ],
      [
       -79.7065660524761,
       43.633922477337
      ],
      [
       -79.7066241458035,
       43.633887118811
      ],
      [
       -79.7066733322257,
       43.6338696674258
      ],
      [
       -79.7067262951178,
       43.6338567607381
      ],
      [
       -79.7068176987383,
       43.6338577949175
      ],
      [
       -79.706919172255,
       43.6338589429463
      ],
      [
       -79.7070114470081,
       43.6338554848373
      ],
      [
       -79.7071078843113,
       43.6338385677725
      ],
      [
       -79.7071996739225,
       43.6338215980578
      ],
      [
       -79.7074251809498,
       43.6338196464846
      ],
      [
       -79.7074984791488,
       43.633833981335
      ],
      [
       -79.7075446661359,
       43.6338480095773
      ],
      [
       -79.7075774918755,
       43.6338708906983
      ],
      [
       -79.7076100282279,
       43.6339072745037
      ],
      [
       -79.7076323017727,
       43.6339525462369
      ],
      [
       -79.7076554464269,
       43.6339933258262
      ],
      [
       -79.7076561274364,
       43.6340338514233
      ],
      [
       -79.7076499334244,
       43.6340697972977
      ],
      [
       -79.7076412226352,
       43.6341147186918
      ],
      [
       -79.7076656243031,
       43.6341330025485
      ],
      [
       -79.7077070674281,
       43.6341514790761
      ],
      [
       -79.7078136743829,
       43.6341661903162
      ],
      [
       -79.7078778706655,
       43.6341714180458
      ],
      [
       -79.7079395471963,
       43.6341496053245
      ],
      [
       -79.7079788564139,
       43.6341230377464
      ],
      [
       -79.7080013170524,
       43.634087275728
      ],
      [
       -79.7080236812234,
       43.6340560146031
      ],
      [
       -79.7080569863417,
       43.6340203751531
      ],
      [
       -79.7081031704707,
       43.6339983872283
      ],
      [
       -79.7081662995328,
       43.63398109279
      ],
      [
       -79.7082325269945,
       43.6339638333338
      ],
      [
       -79.7083048548687,
       43.6339511447688
      ],
      [
       -79.7083875418621,
       43.6339250672533
      ],
      [
       -79.7084766184612,
       43.6338900578999
      ],
      [
       -79.7085412001212,
       43.6338772816563
      ],
      [
       -79.708625728763,
       43.6338737347204
      ],
      [
       -79.7087172288658,
       43.6338702664815
      ],
      [
       -79.7087774555017,
       43.6338799508476
      ],
      [
       -79.7088567582249,
       43.6339033566367
      ],
      [
       -79.7089253128643,
       43.6339221389767
      ],
      [
       -79.7089984188323,
       43.6339454746714
      ],
      [
       -79.7090723958286,
       43.6339643181682
      ],
      [
       -79.7091424998257,
       43.6339831178767
      ],
      [
       -79.7092021485343,
       43.6340198074243
      ],
      [
       -79.7092372024867,
       43.634047215221
      ],
      [
       -79.7092582171335,
       43.6340789664551
      ],
      [
       -79.709264903413,
       43.6341285638359
      ],
      [
       -79.7092552265052,
       43.6341824784212
      ],
      [
       -79.7092409982535,
       43.6342318396192
      ],
      [
       -79.7091964637116,
       43.6342853605521
      ],
      [
       -79.7091315964122,
       43.6343476558121
      ],
      [
       -79.7090833813377,
       43.6343921311557
      ],
      [
       -79.7090435905923,
       43.6344412036162
      ],
      [
       -79.7090210340632,
       43.6344814667432
      ],
      [
       -79.7090269455678,
       43.6345310553836
      ],
      [
       -79.709040892349,
       43.6345672288138
      ],
      [
       -79.7090736226879,
       43.6345946104142
      ],
      [
       -79.7091109044003,
       43.6346265453964
      ],
      [
       -79.7091395689954,
       43.6346628850357
      ],
      [
       -79.7091611657005,
       43.6347036468345
      ],
      [
       -79.7091635896724,
       43.6347351881269
      ],
      [
       -79.7091395802287,
       43.6347709328787
      ],
      [
       -79.7091171199959,
       43.6348066951219
      ],
      [
       -79.7091212859103,
       43.6348292521118
      ],
      [
       -79.7091433644574,
       43.6348475094144
      ],
      [
       -79.7092081435081,
       43.6348617469547
      ],
      [
       -79.7092472637522,
       43.6348801966899
      ],
      [
       -79.70929868161,
       43.6349032872691
      ],
      [
       -79.7093455481233,
       43.6349218244438
      ],
      [
       -79.7093833157762,
       43.6349672707871
      ],
      [
       -79.7094055910335,
       43.6350125421879
      ],
      [
       -79.7094067588167,
       43.6350665792293
      ],
      [
       -79.7093978564891,
       43.6351205025643
      ],
      [
       -79.7093657154044,
       43.6351741634943
      ],
      [
       -79.7093135303509,
       43.635223096088
      ],
      [
       -79.7092755775312,
       43.635258683413
      ],
      [
       -79.7092397558375,
       43.6353032987671
      ],
      [
       -79.7092153607815,
       43.6353570471274
      ],
      [
       -79.7091900946955,
       43.6354152876328
      ],
      [
       -79.7091719929342,
       43.6354646050669
      ],
      [
       -79.7091404333645,
       43.6355272764725
      ],
      [
       -79.7091027730534,
       43.6355853769791
      ],
      [
       -79.7090746009704,
       43.635634580661
      ],
      [
       -79.7090405209014,
       43.635670211645
      ],
      [
       -79.7089909481644,
       43.6357056676293
      ],
      [
       -79.7089391478513,
       43.6357365964429
      ],
      [
       -79.7088932553987,
       43.6357810979297
      ],
      [
       -79.7088434897137,
       43.6358255556443
      ],
      [
       -79.7088030195562,
       43.6358701183459
      ],
      [
       -79.7087689391922,
       43.6359057492438
      ],
      [
       -79.7087330203378,
       43.635954865323
      ],
      [
       -79.7086933246455,
       43.6359994367338
      ],
      [
       -79.708649173881,
       43.6360349538228
      ],
      [
       -79.7085896267505,
       43.6360657949517
      ],
      [
       -79.7085212659747,
       43.6360740265274
      ],
      [
       -79.7084802102691,
       43.6360735626253
      ],
      [
       -79.708426082171,
       43.6360684490042
      ],
      [
       -79.7083849300507,
       43.6360724859655
      ],
      [
       -79.7083458125636,
       43.636090051866
      ],
      [
       -79.7082878144996,
       43.6361209103425
      ],
      [
       -79.7082148089765,
       43.6361651051396
      ],
      [
       -79.7081574889738,
       43.6362004731997
      ],
      [
       -79.7081070442037,
       43.6362404209273
      ],
      [
       -79.7080676371944,
       43.6362714894201
      ],
      [
       -79.7080334597212,
       43.6363116209847
      ],
      [
       -79.7080115799832,
       43.6363563935352
      ],
      [
       -79.7079866981031,
       43.6363966301587
      ],
      [
       -79.7079564901593,
       43.6364323045833
      ],
      [
       -79.7079187286837,
       43.6364588896381
      ],
      [
       -79.7078875501379,
       43.6364675411515
      ],
      [
       -79.7078511420195,
       43.6364671295626
      ],
      [
       -79.7078130881562,
       43.6364712013431
      ],
      [
       -79.7077757124619,
       43.6364797827649
      ],
      [
       -79.707738725519,
       43.6365063765164
      ],
      [
       -79.7077041589409,
       43.6365284956346
      ],
      [
       -79.7076596184696,
       43.6365459999841
      ],
      [
       -79.7076296996922,
       43.6365681716308
      ],
      [
       -79.7076428714309,
       43.6366043364555
      ],
      [
       -79.7076824775208,
       43.6366362981751
      ],
      [
       -79.7077306047296,
       43.6366683562217
      ],
      [
       -79.7077907375128,
       43.6366825420319
      ],
      [
       -79.7078650068348,
       43.6366878836505
      ],
      [
       -79.7079158439445,
       43.6367019643078
      ],
      [
       -79.7079664881713,
       43.6367250467352
      ],
      [
       -79.7080404682196,
       43.6367438909295
      ],
      [
       -79.7081469833922,
       43.6367631028069
      ],
      [
       -79.7082403296702,
       43.6367821657558
      ],
      [
       -79.7083323195716,
       43.6367922093273
      ],
      [
       -79.7083909997583,
       43.6368018764195
      ],
      [
       -79.7084549096475,
       43.6368206065491
      ],
      [
       -79.7085249203311,
       43.6368439075634
      ],
      [
       -79.7085840860233,
       43.6368670860019
      ],
      [
       -79.7086320176821,
       43.6368721295398
      ],
      [
       -79.7086808203965,
       43.6368726809121
      ],
      [
       -79.7087469545182,
       43.6368599221016
      ],
      [
       -79.7088432998065,
       43.6368475045326
      ],
      [
       -79.7089322877165,
       43.636853011723
      ],
      [
       -79.7090226321864,
       43.6368675381392
      ],
      [
       -79.7091097817466,
       43.6368865303873
      ],
      [
       -79.7091970277254,
       43.6369010216712
      ],
      [
       -79.7092852411063,
       43.6369065198398
      ],
      [
       -79.7093708415156,
       43.636925494395
      ],
      [
       -79.7094075428461,
       43.6369484187434
      ],
      [
       -79.7094478284118,
       43.6369848895093
      ],
      [
       -79.7095415687203,
       43.637057979682
      ],
      [
       -79.7095837930515,
       43.6371124802343
      ],
      [
       -79.7096390901839,
       43.6371716303417
      ],
      [
       -79.7096949694226,
       43.6372397909658
      ],
      [
       -79.7097491068371,
       43.6373169358721
      ],
      [
       -79.7097990780638,
       43.6373715237929
      ],
      [
       -79.7098303572546,
       43.6373943867991
      ],
      [
       -79.7098787751622,
       43.6374129412615
      ],
      [
       -79.7099271930999,
       43.6374314957037
      ],
      [
       -79.7099639912566,
       43.6374499189787
      ],
      [
       -79.7099882023563,
       43.6374772041531
      ],
      [
       -79.7099997300878,
       43.6375178521338
      ],
      [
       -79.7099981849957,
       43.6375538505846
      ],
      [
       -79.7099895716928,
       43.6375942712473
      ],
      [
       -79.709955976755,
       43.6376434139255
      ],
      [
       -79.7099284827087,
       43.6376971274395
      ],
      [
       -79.7099001176418,
       43.637755333101
      ],
      [
       -79.7098682644865,
       43.6377954914398
      ],
      [
       -79.7098696253102,
       43.6378405266591
      ],
      [
       -79.7098995522291,
       43.6378903862964
      ],
      [
       -79.7099460359941,
       43.6379269268417
      ],
      [
       -79.710001623132,
       43.6379725740826
      ],
      [
       -79.7100587596767,
       43.6380182387825
      ],
      [
       -79.7100967223558,
       43.638054683099
      ],
      [
       -79.7101176425085,
       43.6380909350752
      ],
      [
       -79.7101252971208,
       43.6381315393303
      ],
      [
       -79.710125979772,
       43.6381720649053
      ],
      [
       -79.7101349911333,
       43.6382216884416
      ],
      [
       -79.7101672424491,
       43.6382715742371
      ],
      [
       -79.7101896157541,
       43.6383123445831
      ],
      [
       -79.7102004653949,
       43.6383484829008
      ],
      [
       -79.7101979531382,
       43.6383934744064
      ],
      [
       -79.710204154797,
       43.6384295602729
      ],
      [
       -79.7102311761868,
       43.6384703830609
      ],
      [
       -79.7102555803852,
       43.6384886663826
      ],
      [
       -79.7102945107141,
       43.6385161175791
      ],
      [
       -79.7103335373614,
       43.6385390678636
      ],
      [
       -79.7103600730618,
       43.6385663791841
      ],
      [
       -79.7103834182637,
       43.6386341723686
      ],
      [
       -79.7103860399778,
       43.6386927277582
      ],
      [
       -79.7103805298655,
       43.6387691993377
      ],
      [
       -79.7103805431501,
       43.6388772471324
      ],
      [
       -79.7103763897931,
       43.6389627379877
      ],
      [
       -79.7103567473373,
       43.6390840699571
      ],
      [
       -79.7103328418775,
       43.6391873458799
      ],
      [
       -79.7103212348905,
       43.6392952625507
      ],
      [
       -79.710313304299,
       43.6393762087925
      ],
      [
       -79.7102878492768,
       43.6394794672162
      ],
      [
       -79.71026752806,
       43.6395962895158
      ],
      [
       -79.7102597942759,
       43.6397042498776
      ],
      [
       -79.710248471582,
       43.6397626479104
      ],
      [
       -79.7102495438189,
       43.6398211858076
      ],
      [
       -79.7102636894154,
       43.6398843732087
      ],
      [
       -79.7102735720912,
       43.6399295045679
      ],
      [
       -79.7102732875628,
       43.6399790231851
      ],
      [
       -79.7102719351213,
       43.6400060198301
      ],
      [
       -79.7102517012994,
       43.6400463093704
      ],
      [
       -79.7102292396818,
       43.6400820717836
      ],
      [
       -79.7101985453595,
       43.6401042353375
      ],
      [
       -79.7101611677216,
       43.6401128175102
      ],
      [
       -79.7101294054996,
       43.6401124590732
      ],
      [
       -79.7100846661904,
       43.6401029502062
      ],
      [
       -79.7100320837043,
       43.640097854788
      ],
      [
       -79.7099778555369,
       43.640097242756
      ],
      [
       -79.7099328273099,
       43.6401012365213
      ],
      [
       -79.7098797632292,
       43.6401186455184
      ],
      [
       -79.7098398688236,
       43.6401362031466
      ],
      [
       -79.7098045261997,
       43.6401583141255
      ],
      [
       -79.7097774161399,
       43.6401940239772
      ],
      [
       -79.7097492423609,
       43.6402432277666
      ],
      [
       -79.7097268767055,
       43.6402744891787
      ],
      [
       -79.7097300758196,
       43.6403060391807
      ],
      [
       -79.7097494471173,
       43.6403422737269
      ],
      [
       -79.7097703678211,
       43.6403785257599
      ],
      [
       -79.7097735669623,
       43.6404100757604
      ],
      [
       -79.7097526543075,
       43.6404458555624
      ],
      [
       -79.7097090828596,
       43.6404903835389
      ],
      [
       -79.7096427562082,
       43.6405481605592
      ],
      [
       -79.7095890172324,
       43.6405970756869
      ],
      [
       -79.7095545491962,
       43.6406507103467
      ],
      [
       -79.7095302523864,
       43.6407359737192
      ],
      [
       -79.7095105034561,
       43.6407897745481
      ],
      [
       -79.7094804907126,
       43.6408524634537
      ],
      [
       -79.7094355659189,
       43.6409239879432
      ],
      [
       -79.7093819265985,
       43.6410044179794
      ],
      [
       -79.7093602425856,
       43.641076204863
      ],
      [
       -79.7093367200178,
       43.6411614769304
      ],
      [
       -79.709328494934,
       43.6412199098349
      ],
      [
       -79.7093276276297,
       43.6412604178908
      ],
      [
       -79.7093265675887,
       43.6413099277364
      ],
      [
       -79.7093442931764,
       43.6413506457449
      ],
      [
       -79.7093665706499,
       43.6413959171329
      ],
      [
       -79.7093688021863,
       43.6414364601795
      ],
      [
       -79.7093654180553,
       43.6414859437809
      ],
      [
       -79.7093606772364,
       43.641526408096
      ],
      [
       -79.7093806306636,
       43.6415716532371
      ],
      [
       -79.7094100733339,
       43.6416080015562
      ],
      [
       -79.7094453282628,
       43.6416624234269
      ],
      [
       -79.7094711903915,
       43.641721241216
      ],
      [
       -79.7094779739034,
       43.6417663376373
      ],
      [
       -79.7094690705084,
       43.6418202609045
      ],
      [
       -79.7094372148567,
       43.6418604190649
      ],
      [
       -79.7094074905686,
       43.641909605248
      ],
      [
       -79.7094120462786,
       43.6419501745337
      ],
      [
       -79.7094191188566,
       43.6419817682725
      ],
      [
       -79.7094519496768,
       43.6420046488874
      ],
      [
       -79.7095004674907,
       43.6420187026453
      ],
      [
       -79.7095485999143,
       43.6420507599624
      ],
      [
       -79.7095854970898,
       43.6420646824835
      ],
      [
       -79.709626749588,
       43.642056144249
      ],
      [
       -79.7096929855781,
       43.6420388840756
      ],
      [
       -79.7097647408576,
       43.6420171841849
      ],
      [
       -79.7098190670804,
       43.642013295444
      ],
      [
       -79.7098692307457,
       43.6420228656409
      ],
      [
       -79.7099219112171,
       43.6420234602575
      ],
      [
       -79.7099563838732,
       43.642005841414
      ],
      [
       -79.7099956974234,
       43.6419792732307
      ],
      [
       -79.7100414975833,
       43.6419392722929
      ],
      [
       -79.710081099992,
       43.6418992013912
      ],
      [
       -79.7101254469221,
       43.6418546820357
      ],
      [
       -79.7101651455254,
       43.6418101102068
      ],
      [
       -79.7101929345125,
       43.6417789099178
      ],
      [
       -79.7102330225193,
       43.6417523503909
      ],
      [
       -79.7102985795953,
       43.641730580221
      ],
      [
       -79.7103767245483,
       43.641699948077
      ],
      [
       -79.7104453803511,
       43.6416782127854
      ],
      [
       -79.7105047396058,
       43.6416563725702
      ],
      [
       -79.7105601290013,
       43.6416389895215
      ],
      [
       -79.7106106775728,
       43.6416305558031
      ],
      [
       -79.7106656818409,
       43.6416311762911
      ],
      [
       -79.7107259165387,
       43.6416408597179
      ],
      [
       -79.7108015491642,
       43.6416552187749
      ],
      [
       -79.7108989699182,
       43.6416653215369
      ],
      [
       -79.7113102538589,
       43.6417464931514
      ],
      [
       -79.7114464103486,
       43.6417570321796
      ],
      [
       -79.7115144886127,
       43.641762301633
      ],
      [
       -79.7116045473679,
       43.6417543128687
      ],
      [
       -79.7117132953272,
       43.6417420327038
      ],
      [
       -79.7118111011262,
       43.6417341310957
      ],
      [
       -79.71192023902,
       43.6417398630609
      ],
      [
       -79.7120516458073,
       43.6417188339589
      ],
      [
       -79.7121727889723,
       43.6417066930292
      ],
      [
       -79.7122792126144,
       43.6416943861365
      ],
      [
       -79.7123882487634,
       43.6416686026258
      ],
      [
       -79.7124629092345,
       43.6416559377323
      ],
      [
       -79.7125197513744,
       43.6416430720811
      ],
      [
       -79.7125947962864,
       43.6416124034986
      ],
      [
       -79.7126668384098,
       43.6415771990629
      ],
      [
       -79.7127502127242,
       43.6415556281579
      ],
      [
       -79.7128235157837,
       43.641533943774
      ],
      [
       -79.7129077607924,
       43.6415078805758
      ],
      [
       -79.7129769019181,
       43.6414996551765
      ],
      [
       -79.7130451722283,
       43.6414959219136
      ],
      [
       -79.7131114126893,
       43.6415146756728
      ],
      [
       -79.7131829800645,
       43.6415379913499
      ],
      [
       -79.7132662641888,
       43.6415569369033
      ],
      [
       -79.7133442214784,
       43.6415713204483
      ],
      [
       -79.7134418346967,
       43.6415724192424
      ],
      [
       -79.7135688868303,
       43.641573849294
      ],
      [
       -79.7136880958485,
       43.6415796929214
      ],
      [
       -79.7137783525744,
       43.6415987165713
      ],
      [
       -79.7138491456076,
       43.6416220231174
      ],
      [
       -79.713911320869,
       43.6416497346354
      ],
      [
       -79.7139593593693,
       43.6416862910252
      ],
      [
       -79.7140080766186,
       43.6417273570147
      ],
      [
       -79.7140436238505,
       43.6417682748092
      ],
      [
       -79.7140591246513,
       43.6418044650728
      ],
      [
       -79.7140883848552,
       43.6418858299678
      ],
      [
       -79.7140974959825,
       43.6419309523046
      ],
      [
       -79.7140980852743,
       43.6419759787661
      ],
      [
       -79.7140909274255,
       43.6420209180682
      ],
      [
       -79.7140731155916,
       43.6420567335394
      ],
      [
       -79.7140405841518,
       43.6420923833989
      ],
      [
       -79.7139799708727,
       43.6421367212561
      ],
      [
       -79.7139320410414,
       43.6421676958453
      ],
      [
       -79.7138775293077,
       43.6422166042842
      ],
      [
       -79.7138127540909,
       43.6422744011684
      ],
      [
       -79.7137567887677,
       43.6423187912085
      ],
      [
       -79.7136929801334,
       43.6423675949352
      ],
      [
       -79.713635080999,
       43.6424299710828
      ],
      [
       -79.7135830913426,
       43.6425059196596
      ],
      [
       -79.7135442718122,
       43.6425820164461
      ],
      [
       -79.7135236550243,
       43.6426403101701
      ],
      [
       -79.7135151455785,
       43.6427122461131
      ],
      [
       -79.7135181609062,
       43.6427888137551
      ],
      [
       -79.7135187560054,
       43.6428698561376
      ],
      [
       -79.7135020189513,
       43.6429642093822
      ],
      [
       -79.713497184704,
       43.6430091747928
      ],
      [
       -79.7134864470445,
       43.6430765836666
      ],
      [
       -79.7134787122089,
       43.6431485283204
      ],
      [
       -79.7134490866002,
       43.643193214676
      ],
      [
       -79.7134148125699,
       43.6432378486989
      ],
      [
       -79.7133782142982,
       43.6432824565477
      ],
      [
       -79.7133576931683,
       43.6433362493293
      ],
      [
       -79.7133308780737,
       43.6433944732365
      ],
      [
       -79.7132921537069,
       43.6434660690143
      ],
      [
       -79.7132493634157,
       43.6435466229682
      ],
      [
       -79.7132104466801,
       43.6436272205143
      ],
      [
       -79.7131777277219,
       43.6437078878241
      ],
      [
       -79.7131297061278,
       43.6437793788691
      ],
      [
       -79.7130838104658,
       43.6438238819397
      ],
      [
       -79.7130434339967,
       43.6438639451544
      ],
      [
       -79.7130216511841,
       43.6439042177188
      ],
      [
       -79.7130221435561,
       43.6439537450604
      ],
      [
       -79.7130390976503,
       43.6439944537946
      ],
      [
       -79.7130783270232,
       43.6440444172977
      ],
      [
       -79.7131149379688,
       43.6440718413985
      ],
      [
       -79.7131731455918,
       43.6441040106188
      ],
      [
       -79.7132274795722,
       43.6441361361997
      ],
      [
       -79.7132690334172,
       43.6441861258055
      ],
      [
       -79.713291801353,
       43.644244907877
      ],
      [
       -79.7132974289013,
       43.6443079989683
      ],
      [
       -79.7132766190803,
       43.6443752944195
      ],
      [
       -79.7132422542046,
       43.6444604451893
      ],
      [
       -79.7131970427819,
       43.6445454738333
      ],
      [
       -79.7131352672598,
       43.6446078060601
      ],
      [
       -79.7130711673659,
       43.6446701120814
      ],
      [
       -79.713018592464,
       43.6447370498183
      ],
      [
       -79.7129901307842,
       43.6447997570713
      ],
      [
       -79.7129845271256,
       43.6448807296292
      ],
      [
       -79.7129806651664,
       43.6449527178361
      ],
      [
       -79.7129938477471,
       43.6450248979677
      ],
      [
       -79.7130397740589,
       43.6451604745179
      ],
      [
       -79.7130684518507,
       43.6452328291099
      ],
      [
       -79.7130930577718,
       43.645278125964
      ],
      [
       -79.713141873364,
       43.6453146914276
      ],
      [
       -79.7131936919495,
       43.6453557926598
      ],
      [
       -79.7132332105801,
       43.6453922534146
      ],
      [
       -79.7132943324629,
       43.6454694751814
      ],
      [
       -79.7133325960568,
       43.6455284316748
      ],
      [
       -79.7133857723162,
       43.6455785520632
      ],
      [
       -79.7134336214173,
       43.645624110482
      ],
      [
       -79.7134706239397,
       43.6456695467919
      ],
      [
       -79.7134883535551,
       43.6457102641779
      ],
      [
       -79.7134839095028,
       43.6457732418801
      ],
      [
       -79.7134867265221,
       43.6458227953707
      ],
      [
       -79.7135091047707,
       43.6458635650768
      ],
      [
       -79.7135364260524,
       43.6459269003151
      ],
      [
       -79.7135771105255,
       43.6459813819907
      ],
      [
       -79.7136265096166,
       43.6460269577714
      ],
      [
       -79.7136730018361,
       43.6460634968559
      ],
      [
       -79.7137316919355,
       43.6460731613133
      ],
      [
       -79.7138053907591,
       43.6460694886958
      ],
      [
       -79.7138620447233,
       43.6460656242333
      ],
      [
       -79.7139059118261,
       43.6460436079428
      ],
      [
       -79.7139281815048,
       43.646016846643
      ],
      [
       -79.7139485110209,
       43.6459720555877
      ],
      [
       -79.7139812367338,
       43.6459274040055
      ],
      [
       -79.714046502472,
       43.6458831185249
      ],
      [
       -79.714095402062,
       43.64584315086
      ],
      [
       -79.7141295810961,
       43.645803017565
      ],
      [
       -79.7141736399514,
       43.6457719993671
      ],
      [
       -79.7142193443023,
       43.6457364976825
      ],
      [
       -79.7142745444205,
       43.6457281146796
      ],
      [
       -79.7143092166794,
       43.6457375086622
      ],
      [
       -79.7143337210345,
       43.6457512902419
      ],
      [
       -79.7143704295854,
       43.645774213052
      ],
      [
       -79.7144191436139,
       43.6457792629636
      ],
      [
       -79.7144605900216,
       43.6457617212117
      ],
      [
       -79.7145047446746,
       43.6457262019827
      ],
      [
       -79.7145452174538,
       43.6456816373671
      ],
      [
       -79.7145698041605,
       43.6456188861552
      ],
      [
       -79.7145917785697,
       43.6455696115004
      ],
      [
       -79.7146107498924,
       43.6455158010877
      ],
      [
       -79.7146517983523,
       43.6454442310231
      ],
      [
       -79.7146799706886,
       43.6453950260494
      ],
      [
       -79.7147128874988,
       43.64534137244
      ],
      [
       -79.7147565548616,
       43.6452923416889
      ],
      [
       -79.7148200778892,
       43.6452570401254
      ],
      [
       -79.7148886402692,
       43.6452398031099
      ],
      [
       -79.714960404668,
       43.6452541159188
      ],
      [
       -79.7150193820714,
       43.6452502770033
      ],
      [
       -79.7150778725661,
       43.6452329266411
      ],
      [
       -79.7151450772299,
       43.6452066702466
      ],
      [
       -79.7152147979826,
       43.6451714381334
      ],
      [
       -79.7152840317065,
       43.6451226945604
      ],
      [
       -79.7153586885942,
       43.6450740118985
      ],
      [
       -79.7154273391859,
       43.6450162577215
      ],
      [
       -79.7154746876523,
       43.6449762720258
      ],
      [
       -79.7155073157684,
       43.6449361208813
      ],
      [
       -79.7155136022915,
       43.6448956737005
      ],
      [
       -79.7154846413359,
       43.644872838325
      ],
      [
       -79.7154540349785,
       43.6448544864311
      ],
      [
       -79.7154145226835,
       43.6448540423602
      ],
      [
       -79.7153538043281,
       43.6448668658752
      ],
      [
       -79.7153033495793,
       43.6448708007586
      ],
      [
       -79.7152406906828,
       43.6448655944775
      ],
      [
       -79.7151820014947,
       43.6448559308046
      ],
      [
       -79.7151222425578,
       43.6448237451704
      ],
      [
       -79.7150679069349,
       43.644791620474
      ],
      [
       -79.7150080521685,
       43.6447639356837
      ],
      [
       -79.7149500348334,
       43.6447227655769
      ],
      [
       -79.7148852367686,
       43.6446725152384
      ],
      [
       -79.7148542398138,
       43.644636150867
      ],
      [
       -79.7148295368432,
       43.6445953552761
      ],
      [
       -79.7148351449997,
       43.6445503985219
      ],
      [
       -79.71486477028,
       43.6445057118129
      ],
      [
       -79.7149127015287,
       43.6444747368621
      ],
      [
       -79.7149777730846,
       43.6444394526156
      ],
      [
       -79.7150505920146,
       43.6444042554293
      ],
      [
       -79.7151516854356,
       43.644351368115
      ],
      [
       -79.7152622674733,
       43.644289583403
      ],
      [
       -79.7153499021057,
       43.644250050575
      ],
      [
       -79.7154479034194,
       43.6442331440955
      ],
      [
       -79.7156764450742,
       43.6441996965191
      ],
      [
       -79.7158113461752,
       43.6441967102974
      ],
      [
       -79.7158842678638,
       43.6441930276035
      ],
      [
       -79.7159512792522,
       43.6441757725204
      ],
      [
       -79.7160599271819,
       43.6441319732317
      ],
      [
       -79.7161347817387,
       43.6441103041634
      ],
      [
       -79.7162230944302,
       43.6440752802617
      ],
      [
       -79.7163192502818,
       43.6440358423968
      ],
      [
       -79.7164394229537,
       43.6439966741617
      ],
      [
       -79.716563181662,
       43.6439710520128
      ],
      [
       -79.7166432673615,
       43.643958445314
      ],
      [
       -79.7167007897547,
       43.6439500872091
      ],
      [
       -79.7167790384609,
       43.6439509657355
      ],
      [
       -79.7168213616935,
       43.6439649468371
      ],
      [
       -79.7168833408846,
       43.6439656426389
      ],
      [
       -79.7169254642671,
       43.6439526095669
      ],
      [
       -79.716970295073,
       43.6439215989435
      ],
      [
       -79.7170184163926,
       43.6438816212741
      ],
      [
       -79.7170701239463,
       43.6438551897837
      ],
      [
       -79.7171251303835,
       43.6438558071885
      ],
      [
       -79.7171969894946,
       43.6438656176757
      ],
      [
       -79.7172593601961,
       43.6438843255955
      ],
      [
       -79.7173520415443,
       43.6438988716493
      ],
      [
       -79.7174423029503,
       43.6439178924554
      ],
      [
       -79.7175103842588,
       43.6439231583719
      ],
      [
       -79.7175812685989,
       43.643905945788
      ],
      [
       -79.7176262992382,
       43.6439019490407
      ],
      [
       -79.7176686226405,
       43.6439159298307
      ],
      [
       -79.7176777367261,
       43.6439610519032
      ],
      [
       -79.7176551822122,
       43.644001316696
      ],
      [
       -79.7176118054159,
       43.6440368458837
      ],
      [
       -79.7175660085824,
       43.6440768498833
      ],
      [
       -79.7175320243471,
       43.6441079824436
      ],
      [
       -79.7175132476256,
       43.6441527915775
      ],
      [
       -79.7175340785368,
       43.644193543147
      ],
      [
       -79.717573311798,
       43.6442435051532
      ],
      [
       -79.7176078966575,
       43.6442934149916
      ],
      [
       -79.7176338636213,
       43.6443477301124
      ],
      [
       -79.7176489841904,
       43.6444019235372
      ],
      [
       -79.7176885136569,
       43.6444743987336
      ],
      [
       -79.7177239692393,
       43.6445198163224
      ],
      [
       -79.7177760775704,
       43.6445474127905
      ],
      [
       -79.7178249912133,
       43.6445794753788
      ],
      [
       -79.7178734173813,
       43.6445980265333
      ],
      [
       -79.7181410196898,
       43.6446955696472
      ],
      [
       -79.718206394833,
       43.6447188127253
      ],
      [
       -79.718255500271,
       43.6447418733168
      ],
      [
       -79.7183012196172,
       43.6447784018609
      ],
      [
       -79.7183320273311,
       43.6448237671394
      ],
      [
       -79.7183390091931,
       43.6448598612808
      ],
      [
       -79.718337373081,
       43.6449003607665
      ],
      [
       -79.718323053796,
       43.6449542239734
      ],
      [
       -79.7183299399583,
       43.6449948190227
      ],
      [
       -79.7183581364211,
       43.6450536609553
      ],
      [
       -79.7183918519269,
       43.6451080627839
      ],
      [
       -79.7184244964869,
       43.6451399426883
      ],
      [
       -79.7184517177901,
       43.6451717617756
      ],
      [
       -79.7184744819792,
       43.6451945269201
      ],
      [
       -79.7184968634015,
       43.6452352956929
      ],
      [
       -79.7185243810719,
       43.6452896279906
      ],
      [
       -79.7185686563966,
       43.645357654102
      ],
      [
       -79.7186049836001,
       43.6453985792032
      ],
      [
       -79.7186667822282,
       43.6454442918243
      ],
      [
       -79.718746983835,
       43.6454992146692
      ],
      [
       -79.7188358993016,
       43.6455452311701
      ],
      [
       -79.7189557096987,
       43.6455960958569
      ],
      [
       -79.719031932801,
       43.645619460044
      ],
      [
       -79.7190984666654,
       43.6456247076724
      ],
      [
       -79.7191525087023,
       43.6456343172568
      ],
      [
       -79.7192273736929,
       43.6456486621324
      ],
      [
       -79.7194117768459,
       43.6456867441819
      ],
      [
       -79.7195027207452,
       43.6457102729859
      ],
      [
       -79.7195678008483,
       43.6457110020734
      ],
      [
       -79.7196200066743,
       43.6457340968087
      ],
      [
       -79.7196604954733,
       43.6457615622493
      ],
      [
       -79.7196931410587,
       43.6457934418005
      ],
      [
       -79.7197157147379,
       43.6458252085236
      ],
      [
       -79.7197301583658,
       43.6458748920988
      ],
      [
       -79.7197530288375,
       43.6459291720421
      ],
      [
       -79.7197929442172,
       43.6459836428961
      ],
      [
       -79.7198319893017,
       43.6460426059687
      ],
      [
       -79.7198776249925,
       43.6461196507643
      ],
      [
       -79.7199463127013,
       43.6462059576713
      ],
      [
       -79.720011116672,
       43.6462562051996
      ],
      [
       -79.7200964572457,
       43.6463246905836
      ],
      [
       -79.720136851079,
       43.6463566567704
      ],
      [
       -79.7201894399764,
       43.6463617476119
      ],
      [
       -79.7202518039883,
       43.6463444379764
      ],
      [
       -79.7202912115235,
       43.6463133653397
      ],
      [
       -79.7203081506673,
       43.6462820411314
      ],
      [
       -79.7203012630429,
       43.646241446192
      ],
      [
       -79.7203060925363,
       43.646196480459
      ],
      [
       -79.7203104339436,
       43.6461380033191
      ],
      [
       -79.7203137138835,
       43.646093020236
      ],
      [
       -79.7203262910302,
       43.6460481412444
      ],
      [
       -79.7203172702404,
       43.64599851846
      ],
      [
       -79.7203104782008,
       43.6459534226087
      ],
      [
       -79.7202899417638,
       43.6459351847551
      ],
      [
       -79.7202613607457,
       43.6458943469227
      ],
      [
       -79.7202425650101,
       43.6458671245888
      ],
      [
       -79.7202611491443,
       43.6458313168228
      ],
      [
       -79.7203144065322,
       43.6458049012259
      ],
      [
       -79.720363694494,
       43.6457829431445
      ],
      [
       -79.7204320648615,
       43.6457747046149
      ],
      [
       -79.7205127358904,
       43.6457711057241
      ],
      [
       -79.7205762665564,
       43.6457718168923
      ],
      [
       -79.7206511320778,
       43.6457861608412
      ],
      [
       -79.7206973313442,
       43.6458001838903
      ],
      [
       -79.7207471178668,
       43.645827753013
      ],
      [
       -79.7207763784239,
       43.645873100311
      ],
      [
       -79.7207908229399,
       43.6459227837627
      ],
      [
       -79.7208028476519,
       43.6459769421108
      ],
      [
       -79.7208022850491,
       43.6460399635441
      ],
      [
       -79.7207868107852,
       43.6461118220479
      ],
      [
       -79.7207815995442,
       43.6461747914521
      ],
      [
       -79.7207805487287,
       43.6462243014774
      ],
      [
       -79.7207693303611,
       43.6462781996867
      ],
      [
       -79.7207333192847,
       43.6463318204058
      ],
      [
       -79.7207082504884,
       43.6463810616065
      ],
      [
       -79.7207120393108,
       43.6464216218371
      ],
      [
       -79.7207143741259,
       43.6464576638128
      ],
      [
       -79.7207210709821,
       43.6465072605517
      ],
      [
       -79.7207495570631,
       43.6465525991834
      ],
      [
       -79.7207922757223,
       43.646584591158
      ],
      [
       -79.7208537800803,
       43.6466077893958
      ],
      [
       -79.7209249638682,
       43.6466130880002
      ],
      [
       -79.7209373602707,
       43.646613226725
      ],
      [
       -79.7190823471008,
       43.6476594220185
      ],
      [
       -79.717112128526,
       43.6487628196279
      ],
      [
       -79.7165528894751,
       43.649076181705
      ],
      [
       -79.7165395260718,
       43.6490850356015
      ],
      [
       -79.7134715862864,
       43.6507432873041
      ],
      [
       -79.7131521894509,
       43.6508927588993
      ],
      [
       -79.7129125927263,
       43.6510071124413
      ],
      [
       -79.7128890594482,
       43.6510203533599
      ],
      [
       -79.7126557565221,
       43.6511302752591
      ],
      [
       -79.7126526571993,
       43.6511302403507
      ],
      [
       -79.712615080706,
       43.6511478250154
      ],
      [
       -79.7125751796975,
       43.6511653834845
      ],
      [
       -79.7118313931674,
       43.6515171611746
      ],
      [
       -79.7116724657285,
       43.6515919034679
      ],
      [
       -79.711194906225,
       43.6518161202497
      ],
      [
       -79.7107697390762,
       43.652018416131
      ],
      [
       -79.7102679600439,
       43.6522513597719
      ],
      [
       -79.7099915493529,
       43.6523832996297
      ],
      [
       -79.7095883591373,
       43.6525723332041
      ],
      [
       -79.7089575701163,
       43.6529298697358
      ],
      [
       -79.7084860955234,
       43.6531946616225
      ],
      [
       -79.7080138419456,
       43.6534594427415
      ],
      [
       -79.7076474456256,
       43.6536668932213
      ],
      [
       -79.7075628942218,
       43.6537424707125
      ],
      [
       -79.70718526716,
       43.654075847959
      ],
      [
       -79.7068067644342,
       43.6544137159995
      ],
      [
       -79.7064291289524,
       43.6547470906045
      ],
      [
       -79.7061557063826,
       43.654991604242
      ],
      [
       -79.7060538139157,
       43.655080490208
      ],
      [
       -79.7060079011172,
       43.6550529585806
      ],
      [
       -79.7049567063972,
       43.6559999727424
      ],
      [
       -79.7037806230026,
       43.6570581100246
      ],
      [
       -79.7025998486339,
       43.6581161817174
      ],
      [
       -79.7018324683527,
       43.6588007716673
      ],
      [
       -79.7017154514259,
       43.6589074897846
      ],
      [
       -79.7016135457409,
       43.6589963715674
      ],
      [
       -79.70074975631,
       43.6597653962732
      ],
      [
       -79.7006581161037,
       43.6598453899438
      ],
      [
       -79.7005908871271,
       43.6599076531988
      ],
      [
       -79.7005513634488,
       43.6599432195964
      ],
      [
       -79.7005490386278,
       43.6599431931647
      ],
      [
       -79.6998362487688,
       43.6605743664742
      ],
      [
       -79.6988808660904,
       43.6614188682744
      ],
      [
       -79.697685872748,
       43.6624812283123
      ],
      [
       -79.6969838723622,
       43.66311250643
      ],
      [
       -79.6965070143945,
       43.6635482615975
      ],
      [
       -79.6961568760212,
       43.6638594053802
      ],
      [
       -79.6959009071628,
       43.6640815832925
      ],
      [
       -79.6950393938641,
       43.6648460880123
      ],
      [
       -79.6940244810657,
       43.6657483942626
      ],
      [
       -79.6939572385897,
       43.6658106533831
      ],
      [
       -79.6939106343621,
       43.6658506384923
      ],
      [
       -79.692730581084,
       43.6668951085913
      ],
      [
       -79.6924460015047,
       43.6671484651082
      ],
      [
       -79.692162194556,
       43.6674018297439
      ],
      [
       -79.6919172418292,
       43.6676151206975
      ],
      [
       -79.6918784829703,
       43.6676506927907
      ],
      [
       -79.6915938962101,
       43.6679040470628
      ],
      [
       -79.6912239396102,
       43.6682329564114
      ],
      [
       -79.6906974860259,
       43.6686996326566
      ],
      [
       -79.6903664942306,
       43.6693396208249
      ],
      [
       -79.6903180331021,
       43.6694291047273
      ],
      [
       -79.6902977756658,
       43.6694693902389
      ],
      [
       -79.6902961276621,
       43.6694738733145
      ],
      [
       -79.6902944796582,
       43.6694783563901
      ],
      [
       -79.6902847873996,
       43.6694962531654
      ],
      [
       -79.6902831393942,
       43.6695007362407
      ],
      [
       -79.690258035771,
       43.6695499701312
      ],
      [
       -79.690160916903,
       43.6697379394824
      ],
      [
       -79.6896996428012,
       43.6706285421677
      ],
      [
       -79.6869516734141,
       43.675945330378
      ],
      [
       -79.6862101170849,
       43.6773819359743
      ],
      [
       -79.6860190260692,
       43.6777534013805
      ],
      [
       -79.6859858690173,
       43.6778160475291
      ],
      [
       -79.685750273982,
       43.6782725378958
      ],
      [
       -79.6850897172527,
       43.6795479967134
      ],
      [
       -79.6844428022436,
       43.6808010986777
      ],
      [
       -79.6839076619068,
       43.6818348882908
      ],
      [
       -79.6838501612961,
       43.6819467749005
      ],
      [
       -79.6838486108594,
       43.6819467570459
      ],
      [
       -79.6838430859219,
       43.6819511953717
      ],
      [
       -79.68372643515,
       43.6821794514426
      ],
      [
       -79.6837158651753,
       43.6822018394599
      ],
      [
       -79.6836607879365,
       43.6823092519265
      ],
      [
       -79.6836259769485,
       43.6823763802379
      ],
      [
       -79.6836243280739,
       43.6823808631966
      ],
      [
       -79.6835813710329,
       43.6824659054688
      ],
      [
       -79.6829797750879,
       43.6836294814722
      ],
      [
       -79.6829506846763,
       43.6836831696349
      ],
      [
       -79.6828065853257,
       43.683960629817
      ],
      [
       -79.681750717602,
       43.6860013443539
      ],
      [
       -79.68158711305,
       43.6863190954211
      ],
      [
       -79.6811870658988,
       43.687093316664
      ],
      [
       -79.680910179911,
       43.6876258528695
      ],
      [
       -79.6805951725018,
       43.6882344813409
      ],
      [
       -79.6805652036773,
       43.6882926606548
      ],
      [
       -79.6804347554288,
       43.6885477654783
      ],
      [
       -79.6801254614978,
       43.6891429526828
      ],
      [
       -79.6798322600904,
       43.6897113132064
      ],
      [
       -79.679369799856,
       43.6906063591156
      ],
      [
       -79.6792824095176,
       43.6907719211798
      ],
      [
       -79.6790733837528,
       43.6911791823335
      ],
      [
       -79.6788045093922,
       43.6916982997992
      ],
      [
       -79.6787510638544,
       43.6918012266292
      ],
      [
       -79.6785089565057,
       43.6922666294729
      ],
      [
       -79.6784635599883,
       43.6923561433995
      ],
      [
       -79.6784432865807,
       43.6923964264528
      ],
      [
       -79.6783323183079,
       43.6926112364552
      ],
      [
       -79.6783274684673,
       43.692620184254
      ],
      [
       -79.6783121435826,
       43.6926470186824
      ],
      [
       -79.6782894450453,
       43.6926917756026
      ],
      [
       -79.6782691714034,
       43.6927320586198
      ],
      [
       -79.6782148497706,
       43.6928394769891
      ],
      [
       -79.6776042163376,
       43.6940164237404
      ],
      [
       -79.6770899182545,
       43.6947262803341
      ],
      [
       -79.6770883674929,
       43.6947262623836
      ],
      [
       -79.6770571380341,
       43.6947709202935
      ],
      [
       -79.6770380340696,
       43.6947932088547
      ],
      [
       -79.6770601417287,
       43.6949870481973
      ],
      [
       -79.6770842787945,
       43.6951944168408
      ],
      [
       -79.6741254347814,
       43.6989597649628
      ],
      [
       -79.6739778127722,
       43.699147133612
      ],
      [
       -79.6729211502238,
       43.700494453456
      ],
      [
       -79.6728724574285,
       43.7005569151318
      ],
      [
       -79.6725716691396,
       43.7009360864162
      ],
      [
       -79.6727705946269,
       43.7029237499299
      ],
      [
       -79.6728583466164,
       43.7037981440957
      ],
      [
       -79.6728582473102,
       43.7038026448758
      ],
      [
       -79.6728621058417,
       43.7038387051488
      ],
      [
       -79.672871075996,
       43.7039243460446
      ],
      [
       -79.6728723290754,
       43.7039378663953
      ],
      [
       -79.6728863115916,
       43.7040775886906
      ],
      [
       -79.6728839850915,
       43.7040775616747
      ],
      [
       -79.6728927566947,
       43.7041722041259
      ],
      [
       -79.6729087489657,
       43.7043614710122
      ],
      [
       -79.6730244140439,
       43.7056233551277
      ],
      [
       -79.6731232150288,
       43.7067004638998
      ],
      [
       -79.6731381539122,
       43.7068672087911
      ],
      [
       -79.6716348928704,
       43.7082318385612
      ],
      [
       -79.6715660278897,
       43.7082940651231
      ]
     ]
    ]
   },
   "properties": {
    "OBJECTID_1": 20,
    "OBJECTID": 20,
    "WARDNUM": "5",
    "MUNIC": "Mississauga",
    "Mayor": "Bonnie Crombie",
    "FirstName0": "Carolyn",
    "LastName0": "Parrish",
    "Phone0": "1-905-896-5500",
    "email0": "carolyn.parrish@mississauga.ca",
    "FirstName1": " ",
    "LastName1": " ",
    "Phone1": " ",
    "email1": " ",
    "RC_Name": "Nando Iannicca",
    "Shape_Leng": 42726.9917596,
    "WardName": "Ward 5",
    "Shape__Area": 85669626.4375,
    "Shape__Length": 42726.99175957688
   }
  },
  {
   "type": "Feature",
   "id": 21,
   "geometry": {
    "type": "Polygon",
    "coordinates": [
     [
      [
       -79.6691917311321,
       43.5922956176863
      ],
      [
       -79.6663248635269,
       43.5901822722035
      ],
      [
       -79.6646224447893,
       43.5889513535048
      ],
      [
       -79.6619242314668,
       43.586997437693
      ],
      [
       -79.6606516277544,
       43.5860821294363
      ],
      [
       -79.6604305676967,
       43.58592647033
      ],
      [
       -79.6602043904726,
       43.5857572447534
      ],
      [
       -79.660038160166,
       43.5856427457189
      ],
      [
       -79.6592447679398,
       43.5850436776761
      ],
      [
       -79.6591455512059,
       43.5849794855793
      ],
      [
       -79.6589414263236,
       43.5848285242487
      ],
      [
       -79.6557111857962,
       43.5825170600698
      ],
      [
       -79.6515990978303,
       43.5794252587408
      ],
      [
       -79.6510687806912,
       43.5790813499023
      ],
      [
       -79.6505960385003,
       43.5787246122062
      ],
      [
       -79.6501946997482,
       43.5783597116844
      ],
      [
       -79.6498832664291,
       43.5779553534433
      ],
      [
       -79.6495690203063,
       43.5776770178152
      ],
      [
       -79.6458760897259,
       43.5751482113753
      ],
      [
       -79.6358396880336,
       43.5680597359628
      ],
      [
       -79.6329586040107,
       43.5660264146773
      ],
      [
       -79.6343229570912,
       43.5647281293711
      ],
      [
       -79.6361537238834,
       43.5631292548496
      ],
      [
       -79.6392698089207,
       43.5604291527461
      ],
      [
       -79.6423075771548,
       43.5578270788093
      ],
      [
       -79.6427945956626,
       43.5574006663628
      ],
      [
       -79.6447303916449,
       43.5557218621097
      ],
      [
       -79.64524552744,
       43.5552822662519
      ],
      [
       -79.6475682160206,
       43.5532163199443
      ],
      [
       -79.6480002064898,
       43.5528252501863
      ],
      [
       -79.6481477092296,
       43.5526649210645
      ],
      [
       -79.6482709294171,
       43.5525178107432
      ],
      [
       -79.6483714143997,
       43.5523839375983
      ],
      [
       -79.6485480008763,
       43.55213391094
      ],
      [
       -79.6488189115022,
       43.5517139212563
      ],
      [
       -79.6490872886329,
       43.5511993580078
      ],
      [
       -79.6493718659118,
       43.5506174548042
      ],
      [
       -79.6501232710795,
       43.5489830834456
      ],
      [
       -79.650149530042,
       43.5489158628201
      ],
      [
       -79.6503453555544,
       43.5485309989804
      ],
      [
       -79.6504873864542,
       43.5483030713862
      ],
      [
       -79.6506505013392,
       43.5480663883872
      ],
      [
       -79.650850098975,
       43.5477896172972
      ],
      [
       -79.6510875954288,
       43.5475132930617
      ],
      [
       -79.6514191115681,
       43.5471840529483
      ],
      [
       -79.6516546965102,
       43.5469932438729
      ],
      [
       -79.6519593488794,
       43.5467582283152
      ],
      [
       -79.6522112736485,
       43.5465631087119
      ],
      [
       -79.6528111855099,
       43.5460974651139
      ],
      [
       -79.6533289446977,
       43.5457073853936
      ],
      [
       -79.6536116987996,
       43.5455171278879
      ],
      [
       -79.6539326509676,
       43.5453138133208
      ],
      [
       -79.6541377000332,
       43.5452081784304
      ],
      [
       -79.6542081121078,
       43.5451729909979
      ],
      [
       -79.6554168066826,
       43.544570433402
      ],
      [
       -79.6565473336566,
       43.544002960717
      ],
      [
       -79.6578964235989,
       43.5433119855582
      ],
      [
       -79.6580757361453,
       43.5432150454902
      ],
      [
       -79.6581555976753,
       43.5433465424574
      ],
      [
       -79.6582449151483,
       43.5435051626664
      ],
      [
       -79.6583543665918,
       43.5437675662943
      ],
      [
       -79.6583914402167,
       43.5439795978258
      ],
      [
       -79.6583769182887,
       43.5441460032956
      ],
      [
       -79.6583099764697,
       43.5443388058319
      ],
      [
       -79.6582219514465,
       43.5445403649588
      ],
      [
       -79.6581550340222,
       43.5446971512695
      ],
      [
       -79.6580459250175,
       43.5449074668579
      ],
      [
       -79.6579151840131,
       43.5450815119637
      ],
      [
       -79.6577559498466,
       43.5452147039034
      ],
      [
       -79.6576269797081,
       43.5453437489579
      ],
      [
       -79.6573146698302,
       43.5456462205295
      ],
      [
       -79.6571309778341,
       43.5459051817062
      ],
      [
       -79.6568055349953,
       43.5463110447157
      ],
      [
       -79.6564098279712,
       43.5466755624892
      ],
      [
       -79.6560494227668,
       43.5470179836583
      ],
      [
       -79.6556405766807,
       43.5474858913587
      ],
      [
       -79.6554833974807,
       43.547700141103
      ],
      [
       -79.6553156614257,
       43.5479367766816
      ],
      [
       -79.6551943064376,
       43.548209974034
      ],
      [
       -79.6550607200579,
       43.548546056006
      ],
      [
       -79.6550135459151,
       43.5487886115467
      ],
      [
       -79.6550401545122,
       43.5490185290371
      ],
      [
       -79.655097903737,
       43.5492398087949
      ],
      [
       -79.6552190811231,
       43.5494618347046
      ],
      [
       -79.6552790331846,
       43.5495840952371
      ],
      [
       -79.6554948807736,
       43.5497937283181
      ],
      [
       -79.6557222863111,
       43.5499359662028
      ],
      [
       -79.6560114475716,
       43.5501194481388
      ],
      [
       -79.6563941535817,
       43.5503760616259
      ],
      [
       -79.6566620339255,
       43.55057729996
      ],
      [
       -79.65688724592,
       43.5508185547556
      ],
      [
       -79.6570504034746,
       43.5510320678224
      ],
      [
       -79.6572544334728,
       43.5512865791691
      ],
      [
       -79.6573945355206,
       43.5515628495532
      ],
      [
       -79.657537111022,
       43.5517626140279
      ],
      [
       -79.6577022715464,
       43.5518861087497
      ],
      [
       -79.6578986741373,
       43.5519964639007
      ],
      [
       -79.6581382216333,
       43.5520803129071
      ],
      [
       -79.6583882253218,
       43.5521462759476
      ],
      [
       -79.6587852032221,
       43.5522139629664
      ],
      [
       -79.6591223444354,
       43.5522584365152
      ],
      [
       -79.6594046146716,
       43.5523697962654
      ],
      [
       -79.6596537231066,
       43.5524762644456
      ],
      [
       -79.65993048076,
       43.5525920603038
      ],
      [
       -79.6605079794519,
       43.552823931042
      ],
      [
       -79.6608648672446,
       43.5529901860519
      ],
      [
       -79.6611184988296,
       43.5531372224259
      ],
      [
       -79.661337221806,
       43.5532883514854
      ],
      [
       -79.6615822469897,
       43.5534397880844
      ],
      [
       -79.6618614098334,
       43.5535871217312
      ],
      [
       -79.6620524106814,
       43.5536974064956
      ],
      [
       -79.6622074298224,
       43.5538252780307
      ],
      [
       -79.6623137913309,
       43.5539840942814
      ],
      [
       -79.6625104471731,
       43.5543285507503
      ],
      [
       -79.6627611333938,
       43.5547141573264
      ],
      [
       -79.6632696766023,
       43.5554764485332
      ],
      [
       -79.6634321949906,
       43.5556854428502
      ],
      [
       -79.6635703025274,
       43.5558086127248
      ],
      [
       -79.6637149972851,
       43.5559138512619
      ],
      [
       -79.6638825246807,
       43.5560013483206
      ],
      [
       -79.6641145814151,
       43.5560400767887
      ],
      [
       -79.6645403576289,
       43.5560315456217
      ],
      [
       -79.6648876244995,
       43.5560040877688
      ],
      [
       -79.6652974742477,
       43.5559458452901
      ],
      [
       -79.6658227875016,
       43.5558799449283
      ],
      [
       -79.6663589299839,
       43.5558141684908
      ],
      [
       -79.6667760372342,
       43.5557424992438
      ],
      [
       -79.6671120155467,
       43.5556653804877
      ],
      [
       -79.6672834755131,
       43.5556448693776
      ],
      [
       -79.6674095510328,
       43.5556823555181
      ],
      [
       -79.6674762384601,
       43.5557461615157
      ],
      [
       -79.667613501598,
       43.5558378023654
      ],
      [
       -79.6677835141263,
       43.5559883512868
      ],
      [
       -79.6679430740686,
       43.5561567863242
      ],
      [
       -79.6681595056579,
       43.5564834552661
      ],
      [
       -79.6684221383211,
       43.5568556824003
      ],
      [
       -79.6685624418189,
       43.5570554065395
      ],
      [
       -79.6686423052899,
       43.5572589286318
      ],
      [
       -79.6687462889528,
       43.5573861968426
      ],
      [
       -79.6689090679082,
       43.5575141496069
      ],
      [
       -79.6691366143244,
       43.5576878766271
      ],
      [
       -79.6693438497702,
       43.5578703708453
      ],
      [
       -79.6695254578314,
       43.5580570684514
      ],
      [
       -79.6697494987619,
       43.5582847779427
      ],
      [
       -79.669936920795,
       43.5584535343755
      ],
      [
       -79.6701387826885,
       43.5585639319448
      ],
      [
       -79.670400790635,
       43.5586840328357
      ],
      [
       -79.6706199528671,
       43.5588171409857
      ],
      [
       -79.6708315596087,
       43.5589771731106
      ],
      [
       -79.6709858193124,
       43.5591410401659
      ],
      [
       -79.671110285772,
       43.5593225688271
      ],
      [
       -79.671281037097,
       43.5595811700558
      ],
      [
       -79.671441750115,
       43.5598036380256
      ],
      [
       -79.6716070886288,
       43.5600621758406
      ],
      [
       -79.6717662742663,
       43.5602486092652
      ],
      [
       -79.6719914019481,
       43.560462820805
      ],
      [
       -79.6722521022947,
       43.5607134614069
      ],
      [
       -79.6723860915751,
       43.5608140625254
      ],
      [
       -79.6726669442088,
       43.5609929035762
      ],
      [
       -79.6731272386697,
       43.5612818759126
      ],
      [
       -79.6732867616944,
       43.5613827723503
      ],
      [
       -79.6734041285646,
       43.5614651711852
      ],
      [
       -79.6735032075209,
       43.5615698678815
      ],
      [
       -79.6735828298578,
       43.5617148570831
      ],
      [
       -79.6736805433273,
       43.5618465500151
      ],
      [
       -79.6738195582383,
       43.5619652159089
      ],
      [
       -79.6739815201647,
       43.5620256213087
      ],
      [
       -79.6742090635592,
       43.5620597748808
      ],
      [
       -79.6744803279116,
       43.5620764268262
      ],
      [
       -79.6747972550717,
       43.5620575911873
      ],
      [
       -79.6751194160012,
       43.5620118030918
      ],
      [
       -79.6755269766326,
       43.5619534974885
      ],
      [
       -79.6759080644585,
       43.5618318552358
      ],
      [
       -79.676269330972,
       43.5616964760578
      ],
      [
       -79.6766585174013,
       43.5616289495556
      ],
      [
       -79.6769852038867,
       43.5616237269431
      ],
      [
       -79.6773466913925,
       43.5616549223921
      ],
      [
       -79.6777582571961,
       43.5617317163663
      ],
      [
       -79.677972354046,
       43.5617792130302
      ],
      [
       -79.678132575576,
       43.5618485965047
      ],
      [
       -79.6782045984312,
       43.5619169599362
      ],
      [
       -79.6782374455348,
       43.562007380545
      ],
      [
       -79.6781893381093,
       43.5621193752724
      ],
      [
       -79.6781316510701,
       43.5622447653204
      ],
      [
       -79.6781190204455,
       43.5623976886098
      ],
      [
       -79.6781918039247,
       43.5625020771558
      ],
      [
       -79.6783446708134,
       43.5625893834415
      ],
      [
       -79.6786249011131,
       43.5626916679634
      ],
      [
       -79.6789117153446,
       43.5627760197305
      ],
      [
       -79.6791845187517,
       43.5628286946139
      ],
      [
       -79.6795839254803,
       43.5628603211234
      ],
      [
       -79.679936923978,
       43.5628553940101
      ],
      [
       -79.6802838436444,
       43.5628098772714
      ],
      [
       -79.6805665590292,
       43.5627276021041
      ],
      [
       -79.6807708488377,
       43.5626219109794
      ],
      [
       -79.6809555132181,
       43.5624934828305
      ],
      [
       -79.6811791674324,
       43.5623159817768
      ],
      [
       -79.6814054241482,
       43.562161020499
      ],
      [
       -79.6816676499317,
       43.5620244817589
      ],
      [
       -79.6818537483008,
       43.5619365870415
      ],
      [
       -79.6820901350831,
       43.5618492718113
      ],
      [
       -79.6823662729454,
       43.5617489081743
      ],
      [
       -79.6826272196628,
       43.5616708790018
      ],
      [
       -79.6829372121612,
       43.5615438918858
      ],
      [
       -79.6832320027486,
       43.561475255343
      ],
      [
       -79.6834731047965,
       43.5614555221681
      ],
      [
       -79.6836581979195,
       43.5614846659823
      ],
      [
       -79.6838035296111,
       43.5615628741341
      ],
      [
       -79.6839025289617,
       43.5616720629586
      ],
      [
       -79.6840039374714,
       43.561812793715
      ],
      [
       -79.6841762480022,
       43.5622514752088
      ],
      [
       -79.6842159593359,
       43.5623824914801
      ],
      [
       -79.6842694012347,
       43.5625226698556
      ],
      [
       -79.6843917995026,
       43.5626591398023
      ],
      [
       -79.6845091842237,
       43.5627415274411
      ],
      [
       -79.6846681624434,
       43.5627973813256
      ],
      [
       -79.6848559633381,
       43.5628445625156
      ],
      [
       -79.6849834166803,
       43.5628910491856
      ],
      [
       -79.6850868762185,
       43.5629732760356
      ],
      [
       -79.6851445807237,
       43.5630954948647
      ],
      [
       -79.6851785851023,
       43.5632399512613
      ],
      [
       -79.6851606540466,
       43.5633883123201
      ],
      [
       -79.6850956155997,
       43.5635676457883
      ],
      [
       -79.6849930570629,
       43.5637285394412
      ],
      [
       -79.6848024916822,
       43.5638794163968
      ],
      [
       -79.6845402745795,
       43.5639799460755
      ],
      [
       -79.6842935407927,
       43.5640446370505
      ],
      [
       -79.6840969993734,
       43.5641144073358
      ],
      [
       -79.6839059611515,
       43.5642157549129
      ],
      [
       -79.6837135604887,
       43.5643440987117
      ],
      [
       -79.6834552956101,
       43.5644761856674
      ],
      [
       -79.6832063248767,
       43.5645723627912
      ],
      [
       -79.6830151856619,
       43.5646782097426
      ],
      [
       -79.6828471481753,
       43.5648248409088
      ],
      [
       -79.6827969980381,
       43.5649953404895
      ],
      [
       -79.6828790554487,
       43.5651718654897
      ],
      [
       -79.6829910051002,
       43.5653262246385
      ],
      [
       -79.6832069176309,
       43.565504291502
      ],
      [
       -79.6834763271191,
       43.5656424557553
      ],
      [
       -79.6841726087262,
       43.5659025868578
      ],
      [
       -79.6844243444368,
       43.565964010791
      ],
      [
       -79.6847319851538,
       43.5660170733557
      ],
      [
       -79.6852164096724,
       43.5661261930179
      ],
      [
       -79.6856781926873,
       43.5662800706753
      ],
      [
       -79.6860404687473,
       43.5663832803022
      ],
      [
       -79.686249457282,
       43.5664532129179
      ],
      [
       -79.6864403568877,
       43.566536443402
      ],
      [
       -79.6866776813426,
       43.5666202069542
      ],
      [
       -79.6870625867648,
       43.5667506855503
      ],
      [
       -79.687347013431,
       43.5668394907406
      ],
      [
       -79.6876749741048,
       43.5668837746453
      ],
      [
       -79.6879722786845,
       43.5669141996391
      ],
      [
       -79.6881881451539,
       43.5669526933913
      ],
      [
       -79.6883311900036,
       43.5669588369002
      ],
      [
       -79.6884572201571,
       43.5669287687162
      ],
      [
       -79.6885632381047,
       43.5668579524685
      ],
      [
       -79.688645750591,
       43.5668003725845
      ],
      [
       -79.6887595055001,
       43.5667296449095
      ],
      [
       -79.688866679664,
       43.5666768497893
      ],
      [
       -79.6890059674772,
       43.5666064147241
      ],
      [
       -79.6891564705699,
       43.5665541162482
      ],
      [
       -79.6893190603951,
       43.5665154622723
      ],
      [
       -79.6895195631643,
       43.5664772427122
      ],
      [
       -79.6897095192195,
       43.5664614120962
      ],
      [
       -79.6898806127928,
       43.5664588710953
      ],
      [
       -79.6901149511137,
       43.5665020749525
      ],
      [
       -79.6903592443654,
       43.5665859107201
      ],
      [
       -79.6906259641112,
       43.5667420354522
      ],
      [
       -79.6907894848623,
       43.5669104837712
      ],
      [
       -79.6908598707403,
       43.5670553550797
      ],
      [
       -79.6909291845746,
       43.5672497364736
      ],
      [
       -79.6909568137996,
       43.5674391384337
      ],
      [
       -79.69095398666,
       43.5675696651299
      ],
      [
       -79.690919338105,
       43.5677043294468
      ],
      [
       -79.6908415416277,
       43.5679015281135
      ],
      [
       -79.6907702209411,
       43.5681213110718
      ],
      [
       -79.6907212413057,
       43.5683458519032
      ],
      [
       -79.6907279912553,
       43.5684629821577
      ],
      [
       -79.6908074688837,
       43.5686169616687
      ],
      [
       -79.6909676137114,
       43.5687628608429
      ],
      [
       -79.6912066777624,
       43.5689456796879
      ],
      [
       -79.6915208966182,
       43.5691248562944
      ],
      [
       -79.6918784487237,
       43.5693045279304
      ],
      [
       -79.6922449906895,
       43.569533823684
      ],
      [
       -79.6924351293463,
       43.5696530517111
      ],
      [
       -79.6926963540842,
       43.5698136107336
      ],
      [
       -79.6928854337113,
       43.5699103157199
      ],
      [
       -79.6930902767255,
       43.5700297107929
      ],
      [
       -79.6932314754578,
       43.5701573820182
      ],
      [
       -79.6933595108809,
       43.5703569351636
      ],
      [
       -79.6934399613384,
       43.5705379361361
      ],
      [
       -79.6934443121461,
       43.5705514919702
      ],
      [
       -79.6935093845443,
       43.5707278150827
      ],
      [
       -79.6935538474465,
       43.5709624290602
      ],
      [
       -79.6935600099283,
       43.5711785971478
      ],
      [
       -79.6935030079272,
       43.5714165534827
      ],
      [
       -79.6934130190441,
       43.571676642907
      ],
      [
       -79.6933032996444,
       43.5719184985714
      ],
      [
       -79.6931517984272,
       43.5721238601869
      ],
      [
       -79.6929361569122,
       43.5723960187077
      ],
      [
       -79.692849177229,
       43.5725525952831
      ],
      [
       -79.6928144323934,
       43.5726917609969
      ],
      [
       -79.6928119982171,
       43.5728042839907
      ],
      [
       -79.6928622812302,
       43.5729129077856
      ],
      [
       -79.6929432252466,
       43.5730353882484
      ],
      [
       -79.6930448681406,
       43.5731671093794
      ],
      [
       -79.6931765835329,
       43.5733757087772
      ],
      [
       -79.6933190361069,
       43.5735889327876
      ],
      [
       -79.6935430152628,
       43.5739336473602
      ],
      [
       -79.6938071347151,
       43.5743193384491
      ],
      [
       -79.6938532686759,
       43.5743693879571
      ],
      [
       -79.6940107252131,
       43.5745332601649
      ],
      [
       -79.6941689651169,
       43.574625108591
      ],
      [
       -79.6944583742639,
       43.5747004468451
      ],
      [
       -79.6949547820421,
       43.5748321721937
      ],
      [
       -79.6953349240782,
       43.5749355562599
      ],
      [
       -79.6957740675209,
       43.5751026407041
      ],
      [
       -79.6960999427863,
       43.5752459213332
      ],
      [
       -79.69628788555,
       43.5753245995354
      ],
      [
       -79.69652322811,
       43.5753948138778
      ],
      [
       -79.6968158364979,
       43.575465680609
      ],
      [
       -79.6971524583291,
       43.575541550277
      ],
      [
       -79.697476313573,
       43.5755992653563
      ],
      [
       -79.697761668375,
       43.5756835531072
      ],
      [
       -79.6982782063708,
       43.5759235420941
      ],
      [
       -79.698555336999,
       43.5761022768629
      ],
      [
       -79.6987456040273,
       43.5762530099793
      ],
      [
       -79.6989305503304,
       43.5764351964328
      ],
      [
       -79.6990113174635,
       43.5765666745948
      ],
      [
       -79.6990715737384,
       43.5767879598848
      ],
      [
       -79.6991275734136,
       43.5770272048163
      ],
      [
       -79.6992289443619,
       43.5772084396239
      ],
      [
       -79.6993988942951,
       43.5775840419453
      ],
      [
       -79.6995304472999,
       43.5778016361168
      ],
      [
       -79.69971540063,
       43.5779838213417
      ],
      [
       -79.6999019047878,
       43.5780939914245
      ],
      [
       -79.700079415194,
       43.5781185203589
      ],
      [
       -79.7001846642382,
       43.578119717202
      ],
      [
       -79.70042602179,
       43.5780909472326
      ],
      [
       -79.7007215518658,
       43.5780267762713
      ],
      [
       -79.7010791859333,
       43.5779543062038
      ],
      [
       -79.7013852589508,
       43.5778677431737
      ],
      [
       -79.7018176679869,
       43.5777736101007
      ],
      [
       -79.7020981048642,
       43.5777632885247
      ],
      [
       -79.7023455540908,
       43.5777030694504
      ],
      [
       -79.7025057466001,
       43.5775968391387
      ],
      [
       -79.7026107022561,
       43.5774674715315
      ],
      [
       -79.7026594554799,
       43.5773959923726
      ],
      [
       -79.7028152940319,
       43.5773122223584
      ],
      [
       -79.7030251104763,
       43.5772380686482
      ],
      [
       -79.7033192802808,
       43.5772008877018
      ],
      [
       -79.7034967895851,
       43.577225411317
      ],
      [
       -79.703704869266,
       43.577304305706
      ],
      [
       -79.7039327822041,
       43.57743294693
      ],
      [
       -79.7041388358474,
       43.5776063601989
      ],
      [
       -79.704260055969,
       43.5778373378978
      ],
      [
       -79.7043359070303,
       43.578054295132
      ],
      [
       -79.7043765473233,
       43.5782888613417
      ],
      [
       -79.7044538540855,
       43.5785823694904
      ],
      [
       -79.7045752703124,
       43.5788043449845
      ],
      [
       -79.7047827855782,
       43.5790543081276
      ],
      [
       -79.7050070328726,
       43.5792099178241
      ],
      [
       -79.7053179589718,
       43.57936650885
      ],
      [
       -79.7058183017374,
       43.5795342477806
      ],
      [
       -79.7063997211137,
       43.5797839385941
      ],
      [
       -79.7067943361602,
       43.5799729868527
      ],
      [
       -79.7070258430942,
       43.5800791523852
      ],
      [
       -79.7074484229737,
       43.5803000288963
      ],
      [
       -79.7076920225765,
       43.58038381967
      ],
      [
       -79.7079380408988,
       43.5804631352347
      ],
      [
       -79.7081553323741,
       43.580582643879
      ],
      [
       -79.7083312217027,
       43.5807196923938
      ],
      [
       -79.7084526522953,
       43.5809056476457
      ],
      [
       -79.7085313332573,
       43.581172156293
      ],
      [
       -79.7085752757147,
       43.5813617379365
      ],
      [
       -79.7085979372621,
       43.5815690872501
      ],
      [
       -79.708594761953,
       43.5817176182998
      ],
      [
       -79.7085408914452,
       43.5818475684906
      ],
      [
       -79.7084814065504,
       43.5819504430525
      ],
      [
       -79.7084172818449,
       43.5820892813767
      ],
      [
       -79.7084010492425,
       43.5822691790635
      ],
      [
       -79.7083363465369,
       43.5824350229675
      ],
      [
       -79.7082729026194,
       43.5826143871363
      ],
      [
       -79.7082114914085,
       43.5828072803167
      ],
      [
       -79.7082070558679,
       43.582942291001
      ],
      [
       -79.7082495428611,
       43.5830913380245
      ],
      [
       -79.7082995692055,
       43.5831774418502
      ],
      [
       -79.7084329947709,
       43.5833095082769
      ],
      [
       -79.7087408718817,
       43.5836101203176
      ],
      [
       -79.7089845958871,
       43.5837974563208
      ],
      [
       -79.7092796872829,
       43.583935849542
      ],
      [
       -79.7096766459793,
       43.5840168655934
      ],
      [
       -79.7102518110136,
       43.5840908870694
      ],
      [
       -79.7107123283929,
       43.5841320984075
      ],
      [
       -79.7109956015422,
       43.5841352931094
      ],
      [
       -79.7113632317484,
       43.5841034219165
      ],
      [
       -79.7117209919801,
       43.584062434251
      ],
      [
       -79.7120145184728,
       43.5840567379308
      ],
      [
       -79.7122762225398,
       43.5840912006078
      ],
      [
       -79.7124540502515,
       43.5841382240284
      ],
      [
       -79.7126191175082,
       43.5842391277767
      ],
      [
       -79.7128385686135,
       43.5844036720532
      ],
      [
       -79.7132382891508,
       43.5847188121948
      ],
      [
       -79.7133538245943,
       43.5848191572871
      ],
      [
       -79.713568156601,
       43.5850061526605
      ],
      [
       -79.7138354229082,
       43.5852522695778
      ],
      [
       -79.7141017109571,
       43.5854353464993
      ],
      [
       -79.714373116031,
       43.5855599540164
      ],
      [
       -79.7145892737984,
       43.5856614295092
      ],
      [
       -79.7148448101424,
       43.5857678493545
      ],
      [
       -79.7150810932999,
       43.5858695501815
      ],
      [
       -79.7153616945942,
       43.5859987607447
      ],
      [
       -79.7155373206193,
       43.586113284997
      ],
      [
       -79.7156691248377,
       43.5862498267429
      ],
      [
       -79.7157680388063,
       43.5864040069222
      ],
      [
       -79.7159455103329,
       43.5865410614005
      ],
      [
       -79.7161243307336,
       43.5866511186019
      ],
      [
       -79.7163319813226,
       43.586752495237
      ],
      [
       -79.7165528687009,
       43.5867774856957
      ],
      [
       -79.7167577023605,
       43.5868293076552
      ],
      [
       -79.7168992680576,
       43.5869074312334
      ],
      [
       -79.7170335994554,
       43.5870710119085
      ],
      [
       -79.7170945916498,
       43.5872247652919
      ],
      [
       -79.7171116565703,
       43.5873690215981
      ],
      [
       -79.7170927252658,
       43.5874948658112
      ],
      [
       -79.7169990101761,
       43.5876423807832
      ],
      [
       -79.716871715912,
       43.5877670086252
      ],
      [
       -79.716703015491,
       43.5879091795713
      ],
      [
       -79.7165410023348,
       43.5881009476119
      ],
      [
       -79.7164248469562,
       43.5882842263205
      ],
      [
       -79.7163132306854,
       43.5884360417146
      ],
      [
       -79.7160877529654,
       43.5886631125473
      ],
      [
       -79.7158808503279,
       43.5888903915967
      ],
      [
       -79.715685835522,
       43.5890682815757
      ],
      [
       -79.715514128227,
       43.5892059149209
      ],
      [
       -79.7153324533933,
       43.5893389339593
      ],
      [
       -79.7151713975443,
       43.589521706716
      ],
      [
       -79.7151368848163,
       43.5896518774384
      ],
      [
       -79.7151768716774,
       43.5897738815084
      ],
      [
       -79.7152268175264,
       43.5898644833416
      ],
      [
       -79.7152989155683,
       43.5899328240111
      ],
      [
       -79.7154023667267,
       43.5900195250779
      ],
      [
       -79.7155782915338,
       43.5901205464957
      ],
      [
       -79.7158272731119,
       43.5902448985248
      ],
      [
       -79.7162328227597,
       43.5904340368196
      ],
      [
       -79.7166170840365,
       43.5906049265712
      ],
      [
       -79.7169070081484,
       43.5907702541143
      ],
      [
       -79.7171346266349,
       43.5909528897688
      ],
      [
       -79.7173582898439,
       43.5911759987782
      ],
      [
       -79.717466131656,
       43.5913843018126
      ],
      [
       -79.7175213469258,
       43.5916280304724
      ],
      [
       -79.7175071153745,
       43.5919700244058
      ],
      [
       -79.7175259870935,
       43.5923574099344
      ],
      [
       -79.7175447073096,
       43.5925331987713
      ],
      [
       -79.7175289389322,
       43.5925465279201
      ],
      [
       -79.7174862782422,
       43.5925865674634
      ],
      [
       -79.7169322579336,
       43.5930800743088
      ],
      [
       -79.7162665063684,
       43.5937298943474
      ],
      [
       -79.7158927977186,
       43.5940813562902
      ],
      [
       -79.7148365521008,
       43.5950329176845
      ],
      [
       -79.7120010262746,
       43.5975761561218
      ],
      [
       -79.7089137747182,
       43.6003280745039
      ],
      [
       -79.7054976049565,
       43.6033823201178
      ],
      [
       -79.7010825751638,
       43.6073120108639
      ],
      [
       -79.6989594413729,
       43.6091606993612
      ],
      [
       -79.695724927544,
       43.6120411364806
      ],
      [
       -79.6927238922561,
       43.6098864089539
      ],
      [
       -79.6903209222036,
       43.6081256288161
      ],
      [
       -79.6890048661756,
       43.6071741245487
      ],
      [
       -79.6878485421164,
       43.6062154347695
      ],
      [
       -79.6869483827337,
       43.6054442584719
      ],
      [
       -79.6867567119653,
       43.6052484701572
      ],
      [
       -79.6864295103953,
       43.6048395296853
      ],
      [
       -79.6862092349183,
       43.6044993474299
      ],
      [
       -79.6853434956028,
       43.6029677143198
      ],
      [
       -79.6852292579128,
       43.6027728139411
      ],
      [
       -79.6850387776415,
       43.6025230122463
      ],
      [
       -79.6844802691791,
       43.6019268224057
      ],
      [
       -79.6834550063685,
       43.6011091581805
      ],
      [
       -79.6826417605552,
       43.6004064786618
      ],
      [
       -79.6808951605684,
       43.5989366878887
      ],
      [
       -79.6800960788594,
       43.5982971817067
      ],
      [
       -79.6796422695758,
       43.5979452855573
      ],
      [
       -79.6792016971137,
       43.5976610707441
      ],
      [
       -79.6786597177587,
       43.597375682025
      ],
      [
       -79.6752359833913,
       43.595701822039
      ],
      [
       -79.67146252743,
       43.593884232572
      ],
      [
       -79.6711780353242,
       43.593723355104
      ],
      [
       -79.6691917311321,
       43.5922956176863
      ]
     ]
    ]
   },
   "properties": {
    "OBJECTID_1": 21,
    "OBJECTID": 21,
    "WARDNUM": "6",
    "MUNIC": "Mississauga",
    "Mayor": "Bonnie Crombie",
    "FirstName0": "Ron",
    "LastName0": "Starr",
    "Phone0": "1-905-896-5600",
    "email0": "ron.starr@mississauga.ca\r\n",
    "FirstName1": " ",
    "LastName1": " ",
    "Phone1": " ",
    "email1": " ",
    "RC_Name": "Nando Iannicca",
    "Shape_Leng": 22995.1790517,
    "WardName": "Ward 6",
    "Shape__Area": 20799095.625,
    "Shape__Length": 22995.179051732383
   }
  },
  {
   "type": "Feature",
   "id": 22,
   "geometry": {
    "type": "Polygon",
    "coordinates": [
     [
      [
       -79.6000695808082,
       43.5946033496562
      ],
      [
       -79.5987923194782,
       43.5938223577684
      ],
      [
       -79.5970186937042,
       43.5926120712695
      ],
      [
       -79.594186635756,
       43.5906414106502
      ],
      [
       -79.5917266977291,
       43.5889228753683
      ],
      [
       -79.5902547329867,
       43.58786926788
      ],
      [
       -79.588752424623,
       43.5868242707056
      ],
      [
       -79.5872570285882,
       43.5857838411127
      ],
      [
       -79.5867972174953,
       43.585517040358
      ],
      [
       -79.5860597711637,
       43.5851387554069
      ],
      [
       -79.585306186846,
       43.5847557639387
      ],
      [
       -79.5850353758619,
       43.584617351483
      ],
      [
       -79.5844907673889,
       43.5843359856432
      ],
      [
       -79.5837349869241,
       43.5839484545767
      ],
      [
       -79.5834585195635,
       43.5837874582177
      ],
      [
       -79.5833921380801,
       43.5837461174196
      ],
      [
       -79.5833451047904,
       43.5837050163806
      ],
      [
       -79.5832114278213,
       43.5835953111966
      ],
      [
       -79.5830765551001,
       43.5835035990909
      ],
      [
       -79.5833897835605,
       43.5832193525165
      ],
      [
       -79.5855092739281,
       43.5812737174553
      ],
      [
       -79.5860057090978,
       43.58083415997
      ],
      [
       -79.5963514177276,
       43.5713183420161
      ],
      [
       -79.5975748049362,
       43.570230361968
      ],
      [
       -79.5987086889032,
       43.5691952957064
      ],
      [
       -79.5998006147349,
       43.5682992668677
      ],
      [
       -79.5999886207852,
       43.5681349946492
      ],
      [
       -79.60007318229,
       43.5680594958336
      ],
      [
       -79.6022672694325,
       43.565853339461
      ],
      [
       -79.603966814275,
       43.5642443734322
      ],
      [
       -79.6047993240382,
       43.5634486740968
      ],
      [
       -79.605295341495,
       43.5628469528689
      ],
      [
       -79.608599392152,
       43.5583266578275
      ],
      [
       -79.6097423938609,
       43.5567423419544
      ],
      [
       -79.6098323861785,
       43.5567659466062
      ],
      [
       -79.610149764231,
       43.5567608018446
      ],
      [
       -79.6103714782309,
       43.5567094729134
      ],
      [
       -79.6106233121748,
       43.556626995385
      ],
      [
       -79.6109363123643,
       43.5565092442903
      ],
      [
       -79.6112485377667,
       43.5563914829214
      ],
      [
       -79.6116589568,
       43.5562433990723
      ],
      [
       -79.6117558110592,
       43.5562040570229
      ],
      [
       -79.6123608139497,
       43.5559052643151
      ],
      [
       -79.6128591591779,
       43.5556682026916
      ],
      [
       -79.6133979315774,
       43.5554901557755
      ],
      [
       -79.6137133437372,
       43.5554354548345
      ],
      [
       -79.6139444873615,
       43.5554112455366
      ],
      [
       -79.6142693876524,
       43.555415184608
      ],
      [
       -79.6146736051727,
       43.5554696064523
      ],
      [
       -79.6150112442256,
       43.5554917059495
      ],
      [
       -79.6152341355573,
       43.5554223736701
      ],
      [
       -79.6153715722069,
       43.5553339977297
      ],
      [
       -79.6154982815314,
       43.5552409896569
      ],
      [
       -79.6156726934321,
       43.5551260489459
      ],
      [
       -79.6158276117206,
       43.5550513902734
      ],
      [
       -79.6159946500307,
       43.5550218985234
      ],
      [
       -79.6161206385614,
       43.5550279258879
      ],
      [
       -79.6162100634101,
       43.5550425145751
      ],
      [
       -79.6163605497909,
       43.5550938586231
      ],
      [
       -79.6165409996733,
       43.555154569192
      ],
      [
       -79.616780344245,
       43.5552114901095
      ],
      [
       -79.6171562495737,
       43.5552520544608
      ],
      [
       -79.6175657774388,
       43.5552435017705
      ],
      [
       -79.6178079547538,
       43.5552104140123
      ],
      [
       -79.6180121734187,
       43.5551453525613
      ],
      [
       -79.6180278505648,
       43.5551365380146
      ],
      [
       -79.6181783303627,
       43.555052818413
      ],
      [
       -79.6183167412143,
       43.5549554466155
      ],
      [
       -79.6185498352289,
       43.5548457128193
      ],
      [
       -79.6187398192505,
       43.5547939841526
      ],
      [
       -79.6190548121208,
       43.5547572715414
      ],
      [
       -79.619485736618,
       43.5547264602487
      ],
      [
       -79.6198432747951,
       43.5546902592678
      ],
      [
       -79.6204103458437,
       43.5546610882012
      ],
      [
       -79.6211891526184,
       43.5545084113412
      ],
      [
       -79.6214153330016,
       43.5544301025708
      ],
      [
       -79.6216558945492,
       43.5542979422756
      ],
      [
       -79.6218742270151,
       43.5541565093987
      ],
      [
       -79.6222393203793,
       43.5539583185388
      ],
      [
       -79.6224597190925,
       43.553861929842
      ],
      [
       -79.6227875291862,
       43.5537038062834
      ],
      [
       -79.6230145709365,
       43.5535534720541
      ],
      [
       -79.6233376803838,
       43.5533637759938
      ],
      [
       -79.6233863576938,
       43.5533328479223
      ],
      [
       -79.6237041064215,
       43.553174600547
      ],
      [
       -79.6240514072367,
       43.5530437202483
      ],
      [
       -79.6243700398558,
       43.5529485102296
      ],
      [
       -79.6246963615107,
       43.5528894081608
      ],
      [
       -79.6251452664929,
       43.5528497877356
      ],
      [
       -79.6255169639007,
       43.5527687188501
      ],
      [
       -79.6259490412044,
       43.5526523582158
      ],
      [
       -79.6263200517106,
       43.5524992457838
      ],
      [
       -79.6269156646079,
       43.5522002628431
      ],
      [
       -79.6273476623715,
       43.5519848510108
      ],
      [
       -79.6278049793006,
       43.5517787455526
      ],
      [
       -79.628046290053,
       43.5516465807066
      ],
      [
       -79.6282842858551,
       43.5514558490097
      ],
      [
       -79.6284635944312,
       43.5512599106391
      ],
      [
       -79.6286037154174,
       43.5510860120695
      ],
      [
       -79.628740988601,
       43.5508670587259
      ],
      [
       -79.6288570696894,
       43.550661357147
      ],
      [
       -79.6289458137056,
       43.5504328173461
      ],
      [
       -79.6290427265694,
       43.5500828202484
      ],
      [
       -79.6290436711711,
       43.549938766165
      ],
      [
       -79.629060171381,
       43.5497228659281
      ],
      [
       -79.6290913514244,
       43.5494396110646
      ],
      [
       -79.6291692470305,
       43.549143410267
      ],
      [
       -79.6292806654668,
       43.5488701216035
      ],
      [
       -79.6294066941054,
       43.5486690407167
      ],
      [
       -79.629538561366,
       43.5485175521793
      ],
      [
       -79.6297527235195,
       43.5483535438372
      ],
      [
       -79.6300394479854,
       43.5482309231339
      ],
      [
       -79.6302599753932,
       43.5481615330723
      ],
      [
       -79.6305230621073,
       43.5481601831427
      ],
      [
       -79.6307265487568,
       43.5481941350777
      ],
      [
       -79.6310489674628,
       43.5483060457623
      ],
      [
       -79.6313182808772,
       43.5484398299376
      ],
      [
       -79.6316806374744,
       43.5486332538329
      ],
      [
       -79.6321058120701,
       43.5488544405636
      ],
      [
       -79.6324374781282,
       43.549002474344
      ],
      [
       -79.6326357171948,
       43.5490633723717
      ],
      [
       -79.6329478238932,
       43.549152644118
      ],
      [
       -79.6333127944179,
       43.5492650572756
      ],
      [
       -79.6337838776226,
       43.5493382191289
      ],
      [
       -79.6341407886973,
       43.5493965087774
      ],
      [
       -79.6344527131634,
       43.5493912312893
      ],
      [
       -79.6347564339007,
       43.5493723488365
      ],
      [
       -79.6352069556886,
       43.5493282060809
      ],
      [
       -79.6354820563867,
       43.5493089799955
      ],
      [
       -79.6357223106049,
       43.5493253537347
      ],
      [
       -79.635909928187,
       43.5493771152296
      ],
      [
       -79.6361174156031,
       43.5494741339415
      ],
      [
       -79.6366363084072,
       43.5496919199001
      ],
      [
       -79.6370729466914,
       43.5498862125962
      ],
      [
       -79.6375303075301,
       43.5500537383425
      ],
      [
       -79.6379350720226,
       43.5502206355674
      ],
      [
       -79.6384243546644,
       43.5503795339965
      ],
      [
       -79.6387585407767,
       43.5504510446794
      ],
      [
       -79.6392070057596,
       43.5505329189282
      ],
      [
       -79.6396249362367,
       43.5505964198658
      ],
      [
       -79.6401478638928,
       43.5506701724542
      ],
      [
       -79.6406918149665,
       43.5507036542431
      ],
      [
       -79.6409335579916,
       43.5506885204207
      ],
      [
       -79.6411235106392,
       43.5506367540862
      ],
      [
       -79.6413245299505,
       43.5505400985211
      ],
      [
       -79.6414309418673,
       43.5504873387068
      ],
      [
       -79.6416545638175,
       43.5503144164143
      ],
      [
       -79.6418792612424,
       43.5501280003192
      ],
      [
       -79.642115427794,
       43.549878691377
      ],
      [
       -79.6423635329553,
       43.5495800012209
      ],
      [
       -79.6424618411353,
       43.5494055889524
      ],
      [
       -79.6424966205218,
       43.5492349242295
      ],
      [
       -79.6424894949124,
       43.5491042802742
      ],
      [
       -79.6424306144641,
       43.5489009889501
      ],
      [
       -79.6422999352271,
       43.5486563264344
      ],
      [
       -79.6421373068083,
       43.5484563047227
      ],
      [
       -79.6418892923801,
       43.548268774504
      ],
      [
       -79.6415593251292,
       43.5480442535077
      ],
      [
       -79.6412282834854,
       43.5478332249236
      ],
      [
       -79.6410015273665,
       43.5476639536374
      ],
      [
       -79.6407444760348,
       43.5474312930113
      ],
      [
       -79.6405922146963,
       43.5472178862
      ],
      [
       -79.6405452838102,
       43.5469652134326
      ],
      [
       -79.6405595521159,
       43.5468123134983
      ],
      [
       -79.6406655300871,
       43.5466064795727
      ],
      [
       -79.640793598658,
       43.5464504307323
      ],
      [
       -79.6409487378082,
       43.546294703585
      ],
      [
       -79.6411336366959,
       43.5461573381795
      ],
      [
       -79.6414223453561,
       43.5460482185562
      ],
      [
       -79.641677991897,
       43.546033248361
      ],
      [
       -79.6420012986662,
       43.5460370895862
      ],
      [
       -79.642684464344,
       43.546139746322
      ],
      [
       -79.6430065600266,
       43.5461975949039
      ],
      [
       -79.6431477666446,
       43.5462487935902
      ],
      [
       -79.6432816751959,
       43.5463494280164
      ],
      [
       -79.6433964494273,
       43.5464408311144
      ],
      [
       -79.6435668127643,
       43.5465373957754
      ],
      [
       -79.6437480391827,
       43.5465980726809
      ],
      [
       -79.6439272483083,
       43.5466452192238
      ],
      [
       -79.6441967856518,
       43.5466664245651
      ],
      [
       -79.6445444771967,
       43.5466525396179
      ],
      [
       -79.644818857346,
       43.5466647968188
      ],
      [
       -79.6451068244513,
       43.5467267369306
      ],
      [
       -79.6455820403037,
       43.54682240939
      ],
      [
       -79.6459098918798,
       43.5468307954579
      ],
      [
       -79.6464234418112,
       43.5467693468108
      ],
      [
       -79.646965307127,
       43.5467217371491
      ],
      [
       -79.6471454892217,
       43.5466563389549
      ],
      [
       -79.6472738803028,
       43.54655431123
      ],
      [
       -79.6473048139492,
       43.5464511301633
      ],
      [
       -79.6473588137907,
       43.546285193344
      ],
      [
       -79.6474602965846,
       43.5461063121697
      ],
      [
       -79.6475550878577,
       43.5459498619766
      ],
      [
       -79.6477174715405,
       43.5457807051648
      ],
      [
       -79.6478894376531,
       43.5455981553109
      ],
      [
       -79.6480732749893,
       43.5454382558339
      ],
      [
       -79.6483438629662,
       43.5451353162515
      ],
      [
       -79.6485015631718,
       43.5448985721716
      ],
      [
       -79.6485531684188,
       43.5447010920786
      ],
      [
       -79.6485566881707,
       43.5445435619382
      ],
      [
       -79.6485084183585,
       43.544349403113
      ],
      [
       -79.6483867726891,
       43.5441498746589
      ],
      [
       -79.6482956629472,
       43.5439687153485
      ],
      [
       -79.6482168281044,
       43.5437922031651
      ],
      [
       -79.6481162683291,
       43.5435839196487
      ],
      [
       -79.6479974108978,
       43.5432943827133
      ],
      [
       -79.6479607765681,
       43.5430643448245
      ],
      [
       -79.6479965423847,
       43.542848669377
      ],
      [
       -79.6480757513457,
       43.5425929892316
      ],
      [
       -79.6482408018633,
       43.5422347769346
      ],
      [
       -79.6485940060622,
       43.5416266739344
      ],
      [
       -79.6487970480049,
       43.5412644078391
      ],
      [
       -79.6489184170087,
       43.540991217151
      ],
      [
       -79.6490803336862,
       43.5406689829196
      ],
      [
       -79.6492415145176,
       43.5404142705436
      ],
      [
       -79.649539312725,
       43.5401386616793
      ],
      [
       -79.6497995839153,
       43.5398806170018
      ],
      [
       -79.650000844844,
       43.5396668953898
      ],
      [
       -79.6502516411008,
       43.5395212891142
      ],
      [
       -79.6503983120848,
       43.5395005105399
      ],
      [
       -79.6504824097411,
       43.5395105074763
      ],
      [
       -79.6506387032547,
       43.5395438668384
      ],
      [
       -79.6508258021865,
       43.5396181080514
      ],
      [
       -79.6510329800225,
       43.539728602332
      ],
      [
       -79.651260738975,
       43.5398528452254
      ],
      [
       -79.6515914723874,
       43.5400773475381
      ],
      [
       -79.6518689445758,
       43.5402967187282
      ],
      [
       -79.6520736194601,
       43.5405197329348
      ],
      [
       -79.6522553659566,
       43.5407649867161
      ],
      [
       -79.6523461534837,
       43.5409956617608
      ],
      [
       -79.6524640249808,
       43.5413302032114
      ],
      [
       -79.6525986405881,
       43.5416424316211
      ],
      [
       -79.6526985396696,
       43.5418462014364
      ],
      [
       -79.6528344173886,
       43.5420323869541
      ],
      [
       -79.6529725443566,
       43.5421870844437
      ],
      [
       -79.6531106284508,
       43.5422742504748
      ],
      [
       -79.653251662677,
       43.5422984223631
      ],
      [
       -79.653441221931,
       43.5423321697905
      ],
      [
       -79.6536608445305,
       43.5423707730318
      ],
      [
       -79.6539612034258,
       43.5423968203852
      ],
      [
       -79.6542390609667,
       43.542391087689
      ],
      [
       -79.6546212298746,
       43.5423910840711
      ],
      [
       -79.654965847176,
       43.5424446619725
      ],
      [
       -79.6552688004769,
       43.5424932466772
      ],
      [
       -79.6556762393367,
       43.5425745737324
      ],
      [
       -79.6559973826248,
       43.5426053622079
      ],
      [
       -79.6563457959992,
       43.5426274662136
      ],
      [
       -79.6567728988715,
       43.5426594979145
      ],
      [
       -79.6571825613563,
       43.5427453477811
      ],
      [
       -79.6574104701182,
       43.5428290616757
      ],
      [
       -79.6576231107611,
       43.5429035917204
      ],
      [
       -79.6577507748218,
       43.5429726215744
      ],
      [
       -79.6578867471545,
       43.5430507529339
      ],
      [
       -79.6579737196656,
       43.5431057986326
      ],
      [
       -79.6580757361453,
       43.5432150454902
      ],
      [
       -79.6578964235989,
       43.5433119855582
      ],
      [
       -79.6565473336566,
       43.544002960717
      ],
      [
       -79.6554168066826,
       43.544570433402
      ],
      [
       -79.6542081121078,
       43.5451729909979
      ],
      [
       -79.6541377000332,
       43.5452081784304
      ],
      [
       -79.6539326509676,
       43.5453138133208
      ],
      [
       -79.6536116987996,
       43.5455171278879
      ],
      [
       -79.6533289446977,
       43.5457073853936
      ],
      [
       -79.6528111855099,
       43.5460974651139
      ],
      [
       -79.6522112736485,
       43.5465631087119
      ],
      [
       -79.6519593488794,
       43.5467582283152
      ],
      [
       -79.6516546965102,
       43.5469932438729
      ],
      [
       -79.6514191115681,
       43.5471840529483
      ],
      [
       -79.6510875954288,
       43.5475132930617
      ],
      [
       -79.650850098975,
       43.5477896172972
      ],
      [
       -79.6506505013392,
       43.5480663883872
      ],
      [
       -79.6504873864542,
       43.5483030713862
      ],
      [
       -79.6503453555544,
       43.5485309989804
      ],
      [
       -79.650149530042,
       43.5489158628201
      ],
      [
       -79.6501232710795,
       43.5489830834456
      ],
      [
       -79.6493718659118,
       43.5506174548042
      ],
      [
       -79.6490872886329,
       43.5511993580078
      ],
      [
       -79.6488189115022,
       43.5517139212563
      ],
      [
       -79.6485480008763,
       43.55213391094
      ],
      [
       -79.6483714143997,
       43.5523839375983
      ],
      [
       -79.6482709294171,
       43.5525178107432
      ],
      [
       -79.6481477092296,
       43.5526649210645
      ],
      [
       -79.6480002064898,
       43.5528252501863
      ],
      [
       -79.6475682160206,
       43.5532163199443
      ],
      [
       -79.64524552744,
       43.5552822662519
      ],
      [
       -79.6447303916449,
       43.5557218621097
      ],
      [
       -79.6427945956626,
       43.5574006663628
      ],
      [
       -79.6423075771548,
       43.5578270788093
      ],
      [
       -79.6392698089207,
       43.5604291527461
      ],
      [
       -79.6361537238834,
       43.5631292548496
      ],
      [
       -79.6343229570912,
       43.5647281293711
      ],
      [
       -79.6329586040107,
       43.5660264146773
      ],
      [
       -79.6358396880336,
       43.5680597359628
      ],
      [
       -79.6458760897259,
       43.5751482113753
      ],
      [
       -79.6495690203063,
       43.5776770178152
      ],
      [
       -79.6498832664291,
       43.5779553534433
      ],
      [
       -79.6501946997482,
       43.5783597116844
      ],
      [
       -79.6505960385003,
       43.5787246122062
      ],
      [
       -79.6510687806912,
       43.5790813499023
      ],
      [
       -79.6515990978303,
       43.5794252587408
      ],
      [
       -79.6509400332881,
       43.5799937414046
      ],
      [
       -79.6489970567097,
       43.5817580968819
      ],
      [
       -79.6460012809529,
       43.58437884267
      ],
      [
       -79.6450042574241,
       43.5852719341607
      ],
      [
       -79.6432664890087,
       43.5867775055524
      ],
      [
       -79.6415916674157,
       43.5882342759237
      ],
      [
       -79.6378392425646,
       43.5914535814182
      ],
      [
       -79.6376088561055,
       43.5916444222844
      ],
      [
       -79.6369068271487,
       43.5921492822265
      ],
      [
       -79.6362164206195,
       43.5927218066626
      ],
      [
       -79.6350452755539,
       43.5936667561937
      ],
      [
       -79.6332989838313,
       43.5922772778104
      ],
      [
       -79.6312547522327,
       43.5908166750009
      ],
      [
       -79.6291059948986,
       43.5892242233949
      ],
      [
       -79.626739482531,
       43.5875435768974
      ],
      [
       -79.6254536839647,
       43.5866187147996
      ],
      [
       -79.6244693454624,
       43.5859540812309
      ],
      [
       -79.6223660583966,
       43.5845556359793
      ],
      [
       -79.6223401547991,
       43.5845373157093
      ],
      [
       -79.6222257764056,
       43.5846304794831
      ],
      [
       -79.6221610805501,
       43.5846837238675
      ],
      [
       -79.6211169039904,
       43.5855580299516
      ],
      [
       -79.6198438229189,
       43.5866231493745
      ],
      [
       -79.6197033812312,
       43.58673850596
      ],
      [
       -79.6196805245024,
       43.5867562380129
      ],
      [
       -79.6196584417356,
       43.5867739794075
      ],
      [
       -79.6196362560886,
       43.5867962215712
      ],
      [
       -79.6196133993181,
       43.5868139536099
      ],
      [
       -79.6195905425342,
       43.5868316856439
      ],
      [
       -79.6195676857368,
       43.586849417673
      ],
      [
       -79.6195456029026,
       43.5868671590446
      ],
      [
       -79.6195227460785,
       43.5868848910643
      ],
      [
       -79.6194998892411,
       43.5869026230792
      ],
      [
       -79.6194762584129,
       43.5869203457415
      ],
      [
       -79.6194532986671,
       43.5869425785197
      ],
      [
       -79.6194304417874,
       43.58696031052
      ],
      [
       -79.6194068109162,
       43.5869780331672
      ],
      [
       -79.6193839540093,
       43.5869957651577
      ],
      [
       -79.6193603231106,
       43.5870134877948
      ],
      [
       -79.6193374661766,
       43.5870312197755
      ],
      [
       -79.6193138352504,
       43.5870489424026
      ],
      [
       -79.6192902043103,
       43.5870666650245
      ],
      [
       -79.6192665733563,
       43.5870843876413
      ],
      [
       -79.6192429423884,
       43.5871021102529
      ],
      [
       -79.6192193114067,
       43.5871198328595
      ],
      [
       -79.619195680411,
       43.5871375554609
      ],
      [
       -79.6191712754214,
       43.5871552687073
      ],
      [
       -79.6191476443978,
       43.5871729912983
      ],
      [
       -79.6191232393797,
       43.587190704534
      ],
      [
       -79.6190996083281,
       43.5872084271145
      ],
      [
       -79.619075306192,
       43.5872216395673
      ],
      [
       -79.6190509011331,
       43.5872393527869
      ],
      [
       -79.6190264960599,
       43.587257066001
      ],
      [
       -79.6190020909723,
       43.5872747792096
      ],
      [
       -79.6189776858704,
       43.5872924924127
      ],
      [
       -79.6189532807542,
       43.5873102056104
      ],
      [
       -79.6189288756237,
       43.5873279188027
      ],
      [
       -79.6189044704789,
       43.5873456319895
      ],
      [
       -79.6188793942626,
       43.5873588350473
      ],
      [
       -79.6188549890908,
       43.5873765482231
      ],
      [
       -79.6188298099215,
       43.5873942520412
      ],
      [
       -79.6188054047209,
       43.5874119652059
      ],
      [
       -79.6187802255224,
       43.5874296690126
      ],
      [
       -79.6187551492442,
       43.5874428720421
      ],
      [
       -79.6187299700181,
       43.5874605758372
      ],
      [
       -79.6187047907773,
       43.5874782796266
      ],
      [
       -79.6186796115217,
       43.5874959834101
      ],
      [
       -79.6186545351942,
       43.5875091864168
      ],
      [
       -79.618629355911,
       43.5875268901888
      ],
      [
       -79.6186034026282,
       43.5875445846012
      ],
      [
       -79.618578326264,
       43.5875577875905
      ],
      [
       -79.6185523729529,
       43.5875754819909
      ],
      [
       -79.6185271936123,
       43.5875931857395
      ],
      [
       -79.6185013432256,
       43.587606379357
      ],
      [
       -79.6184761638572,
       43.5876240830938
      ],
      [
       -79.6184502104878,
       43.58764177747
      ],
      [
       -79.6184251340501,
       43.5876549804245
      ],
      [
       -79.6183991806525,
       43.5876726747886
      ],
      [
       -79.6183732272398,
       43.5876903691466
      ],
      [
       -79.6183473767783,
       43.5877035627281
      ],
      [
       -79.6183221973243,
       43.5877212664296
      ],
      [
       -79.6182963468385,
       43.5877344599991
      ],
      [
       -79.6182703933693,
       43.5877521543328
      ],
      [
       -79.6182437688714,
       43.5877653385339
      ],
      [
       -79.6182178153735,
       43.5877830328552
      ],
      [
       -79.6181919648388,
       43.5877962264003
      ],
      [
       -79.6181660113125,
       43.5878139207094
      ],
      [
       -79.6181393867649,
       43.5878271048854
      ],
      [
       -79.61811343321,
       43.587844799182
      ],
      [
       -79.6180868086375,
       43.5878579833454
      ],
      [
       -79.618060081065,
       43.5878756682721
      ],
      [
       -79.6180342304565,
       43.5878888617803
      ],
      [
       -79.618007502855,
       43.5879065466942
      ],
      [
       -79.6179808782324,
       43.5879197308321
      ],
      [
       -79.6179542535983,
       43.5879329149636
      ],
      [
       -79.617927525954,
       43.5879505998581
      ],
      [
       -79.6179009012947,
       43.5879637839768
      ],
      [
       -79.6178735026337,
       43.5879769587303
      ],
      [
       -79.6178467749464,
       43.5879946436052
      ],
      [
       -79.6178201502503,
       43.5880078277045
      ],
      [
       -79.6177927515519,
       43.588021002438
      ],
      [
       -79.6177660238217,
       43.5880386872933
      ],
      [
       -79.6177386250976,
       43.5880518620134
      ],
      [
       -79.6177112263616,
       43.5880650367268
      ],
      [
       -79.6176844985882,
       43.5880827215624
      ],
      [
       -79.6176570998266,
       43.5880958962623
      ],
      [
       -79.6176297010531,
       43.5881090709556
      ],
      [
       -79.6176023022678,
       43.588122245642
      ],
      [
       -79.6175748004451,
       43.5881399210903
      ],
      [
       -79.617547401634,
       43.5881530957632
      ],
      [
       -79.6175192288185,
       43.5881662610681
      ],
      [
       -79.6174918299834,
       43.5881794357273
      ],
      [
       -79.6174644311366,
       43.5881926103797
      ],
      [
       -79.6174361552487,
       43.5882102764319
      ],
      [
       -79.6174087563758,
       43.5882234510706
      ],
      [
       -79.6173805834977,
       43.5882366163403
      ],
      [
       -79.617353184601,
       43.5882497909652
      ],
      [
       -79.6173250116986,
       43.5882629562209
      ],
      [
       -79.6172968387841,
       43.5882761214694
      ],
      [
       -79.6172686658574,
       43.5882892867108
      ],
      [
       -79.6172404929185,
       43.588302451945
      ],
      [
       -79.6172123199675,
       43.5883156171721
      ],
      [
       -79.6171841470042,
       43.5883287823921
      ],
      [
       -79.6171558709713,
       43.5883464483725
      ],
      [
       -79.6171276979816,
       43.5883596135781
      ],
      [
       -79.6170987509846,
       43.5883727694125
      ],
      [
       -79.6170698039751,
       43.5883859252393
      ],
      [
       -79.6170408569531,
       43.5883990810586
      ],
      [
       -79.6170119099186,
       43.5884122368704
      ],
      [
       -79.6169821888759,
       43.5884253833098
      ],
      [
       -79.6169532418162,
       43.5884385391063
      ],
      [
       -79.616924294744,
       43.5884516948953
      ],
      [
       -79.6168945736632,
       43.5884648413113
      ],
      [
       -79.6168648525695,
       43.5884779877193
      ],
      [
       -79.6168359054595,
       43.5884911434853
      ],
      [
       -79.6168061843404,
       43.5885042898777
      ],
      [
       -79.6167764632084,
       43.5885174362621
      ],
      [
       -79.6167467420636,
       43.5885305826386
      ],
      [
       -79.616717020906,
       43.5885437290072
      ],
      [
       -79.6166872997356,
       43.5885568753678
      ],
      [
       -79.6166575785524,
       43.5885700217205
      ],
      [
       -79.6166278573563,
       43.5885831680653
      ],
      [
       -79.6165981361474,
       43.5885963144022
      ],
      [
       -79.6165684149257,
       43.5886094607311
      ],
      [
       -79.6165386936912,
       43.5886226070521
      ],
      [
       -79.6164762582993,
       43.5886443614308
      ],
      [
       -79.6164144937478,
       43.5886706259094
      ],
      [
       -79.6163528322617,
       43.5886923895879
      ],
      [
       -79.6162910676086,
       43.5887186539982
      ],
      [
       -79.6162286320307,
       43.5887404082387
      ],
      [
       -79.6161668672757,
       43.5887666725803
      ],
      [
       -79.6161348238782,
       43.5887797906823
      ],
      [
       -79.6161036576046,
       43.5887884173806
      ],
      [
       -79.6160716141822,
       43.5888015354645
      ],
      [
       -79.616039570746,
       43.5888146535391
      ],
      [
       -79.6160084044414,
       43.588823280211
      ],
      [
       -79.6159763609803,
       43.5888363982675
      ],
      [
       -79.6159443175054,
       43.5888495163148
      ],
      [
       -79.6159123771687,
       43.5888581335881
      ],
      [
       -79.6158803336688,
       43.5888712516171
      ],
      [
       -79.615848290155,
       43.5888843696368
      ],
      [
       -79.6158163497868,
       43.5888929868828
      ],
      [
       -79.615784306248,
       43.5889061048842
      ],
      [
       -79.6157515918579,
       43.5889147127386
      ],
      [
       -79.6157195482938,
       43.5889278307215
      ],
      [
       -79.615687607885,
       43.5889364479309
      ],
      [
       -79.6156555642958,
       43.5889495658955
      ],
      [
       -79.6156228498646,
       43.5889581737124
      ],
      [
       -79.6155908062502,
       43.5889712916584
      ],
      [
       -79.6155580917983,
       43.5889798994565
      ],
      [
       -79.6155260481587,
       43.588993017384
      ],
      [
       -79.6154933336863,
       43.5890016251633
      ],
      [
       -79.6154605160185,
       43.5890147336969
      ],
      [
       -79.6154278015254,
       43.5890233414571
      ],
      [
       -79.6153958610261,
       43.5890319585835
      ],
      [
       -79.6153630433213,
       43.5890450670886
      ],
      [
       -79.6153303287985,
       43.5890536748204
      ],
      [
       -79.615297511068,
       43.5890667833063
      ],
      [
       -79.6152647965244,
       43.589075391019
      ],
      [
       -79.6152320819718,
       43.5890839987223
      ],
      [
       -79.615199264204,
       43.5890971071793
      ],
      [
       -79.6151665496306,
       43.5891057148635
      ],
      [
       -79.6151330610442,
       43.5891143131607
      ],
      [
       -79.6151003464525,
       43.5891229208256
      ],
      [
       -79.6150675286357,
       43.5891360292441
      ],
      [
       -79.615034040019,
       43.5891446275118
      ],
      [
       -79.6150013253973,
       43.5891532351479
      ],
      [
       -79.6149686107665,
       43.5891618427746
      ],
      [
       -79.6149350188961,
       43.5891749417756
      ],
      [
       -79.6149015302398,
       43.5891835400038
      ],
      [
       -79.614868815579,
       43.5891921476015
      ],
      [
       -79.6148353269041,
       43.5892007458101
      ],
      [
       -79.6148018382199,
       43.5892093440087
      ],
      [
       -79.6147691235316,
       43.5892179515773
      ],
      [
       -79.6147355315879,
       43.5892310505186
      ],
      [
       -79.6147020428733,
       43.5892396486875
      ],
      [
       -79.6146685541494,
       43.5892482468465
      ],
      [
       -79.6146350654162,
       43.5892568449955
      ],
      [
       -79.6146015766737,
       43.5892654431345
      ],
      [
       -79.6145680879218,
       43.5892740412636
      ],
      [
       -79.6145345991606,
       43.5892826393828
      ],
      [
       -79.6143726765282,
       43.5893211947468
      ],
      [
       -79.6135295713114,
       43.5895225659012
      ],
      [
       -79.612415967254,
       43.5897701695849
      ],
      [
       -79.6115372449397,
       43.5899710936298
      ],
      [
       -79.611334862913,
       43.5900181572327
      ],
      [
       -79.6111052865463,
       43.5900693920567
      ],
      [
       -79.6101907437926,
       43.5902788744931
      ],
      [
       -79.6088582653399,
       43.5905823081075
      ],
      [
       -79.6085485458243,
       43.5906505704154
      ],
      [
       -79.6067272638414,
       43.5910650800438
      ],
      [
       -79.6048622998374,
       43.5914925334565
      ],
      [
       -79.6047688961562,
       43.5915139034285
      ],
      [
       -79.6042279275686,
       43.5916378571933
      ],
      [
       -79.6037227705295,
       43.5917532418332
      ],
      [
       -79.6033568926275,
       43.5918388120624
      ],
      [
       -79.6031833458348,
       43.5918772095012
      ],
      [
       -79.6025430448372,
       43.592445640362
      ],
      [
       -79.601875118938,
       43.5930362397155
      ],
      [
       -79.601051666639,
       43.5937554899727
      ],
      [
       -79.6006023608231,
       43.5941326607905
      ],
      [
       -79.6000695808082,
       43.5946033496562
      ]
     ]
    ]
   },
   "properties": {
    "OBJECTID_1": 22,
    "OBJECTID": 22,
    "WARDNUM": "7",
    "MUNIC": "Mississauga",
    "Mayor": "Bonnie Crombie",
    "FirstName0": "Dipika",
    "LastName0": "Damerla",
    "Phone0": "1-905-896-5700",
    "email0": "dipika.Damerla@mississauga.ca\r\n",
    "FirstName1": " ",
    "LastName1": " ",
    "Phone1": " ",
    "email1": " ",
    "RC_Name": "Nando Iannicca",
    "Shape_Leng": 22522.9554648,
    "WardName": "Ward 7",
    "Shape__Area": 16178792.359375,
    "Shape__Length": 22522.95546481543
   }
  },
  {
   "type": "Feature",
   "id": 23,
   "geometry": {
    "type": "Polygon",
    "coordinates": [
     [
      [
       -79.6934443121461,
       43.5705514919702
      ],
      [
       -79.6934399613384,
       43.5705379361361
      ],
      [
       -79.6933595108809,
       43.5703569351636
      ],
      [
       -79.6932314754578,
       43.5701573820182
      ],
      [
       -79.6930902767255,
       43.5700297107929
      ],
      [
       -79.6928854337113,
       43.5699103157199
      ],
      [
       -79.6926963540842,
       43.5698136107336
      ],
      [
       -79.6924351293463,
       43.5696530517111
      ],
      [
       -79.6922449906895,
       43.569533823684
      ],
      [
       -79.6918784487237,
       43.5693045279304
      ],
      [
       -79.6915208966182,
       43.5691248562944
      ],
      [
       -79.6912066777624,
       43.5689456796879
      ],
      [
       -79.6909676137114,
       43.5687628608429
      ],
      [
       -79.6908074688837,
       43.5686169616687
      ],
      [
       -79.6907279912553,
       43.5684629821577
      ],
      [
       -79.6907212413057,
       43.5683458519032
      ],
      [
       -79.6907702209411,
       43.5681213110718
      ],
      [
       -79.6908415416277,
       43.5679015281135
      ],
      [
       -79.690919338105,
       43.5677043294468
      ],
      [
       -79.69095398666,
       43.5675696651299
      ],
      [
       -79.6909568137996,
       43.5674391384337
      ],
      [
       -79.6909291845746,
       43.5672497364736
      ],
      [
       -79.6908598707403,
       43.5670553550797
      ],
      [
       -79.6907894848623,
       43.5669104837712
      ],
      [
       -79.6906259641112,
       43.5667420354522
      ],
      [
       -79.6903592443654,
       43.5665859107201
      ],
      [
       -79.6901149511137,
       43.5665020749525
      ],
      [
       -79.6898806127928,
       43.5664588710953
      ],
      [
       -79.6897095192195,
       43.5664614120962
      ],
      [
       -79.6895195631643,
       43.5664772427122
      ],
      [
       -79.6893190603951,
       43.5665154622723
      ],
      [
       -79.6891564705699,
       43.5665541162482
      ],
      [
       -79.6890059674772,
       43.5666064147241
      ],
      [
       -79.688866679664,
       43.5666768497893
      ],
      [
       -79.6887595055001,
       43.5667296449095
      ],
      [
       -79.688645750591,
       43.5668003725845
      ],
      [
       -79.6885632381047,
       43.5668579524685
      ],
      [
       -79.6884572201571,
       43.5669287687162
      ],
      [
       -79.6883311900036,
       43.5669588369002
      ],
      [
       -79.6881881451539,
       43.5669526933913
      ],
      [
       -79.6879722786845,
       43.5669141996391
      ],
      [
       -79.6876749741048,
       43.5668837746453
      ],
      [
       -79.687347013431,
       43.5668394907406
      ],
      [
       -79.6870625867648,
       43.5667506855503
      ],
      [
       -79.6866776813426,
       43.5666202069542
      ],
      [
       -79.6864403568877,
       43.566536443402
      ],
      [
       -79.686249457282,
       43.5664532129179
      ],
      [
       -79.6860404687473,
       43.5663832803022
      ],
      [
       -79.6856781926873,
       43.5662800706753
      ],
      [
       -79.6852164096724,
       43.5661261930179
      ],
      [
       -79.6847319851538,
       43.5660170733557
      ],
      [
       -79.6844243444368,
       43.565964010791
      ],
      [
       -79.6841726087262,
       43.5659025868578
      ],
      [
       -79.6834763271191,
       43.5656424557553
      ],
      [
       -79.6832069176309,
       43.565504291502
      ],
      [
       -79.6829910051002,
       43.5653262246385
      ],
      [
       -79.6828790554487,
       43.5651718654897
      ],
      [
       -79.6827969980381,
       43.5649953404895
      ],
      [
       -79.6828471481753,
       43.5648248409088
      ],
      [
       -79.6830151856619,
       43.5646782097426
      ],
      [
       -79.6832063248767,
       43.5645723627912
      ],
      [
       -79.6834552956101,
       43.5644761856674
      ],
      [
       -79.6837135604887,
       43.5643440987117
      ],
      [
       -79.6839059611515,
       43.5642157549129
      ],
      [
       -79.6840969993734,
       43.5641144073358
      ],
      [
       -79.6842935407927,
       43.5640446370505
      ],
      [
       -79.6845402745795,
       43.5639799460755
      ],
      [
       -79.6848024916822,
       43.5638794163968
      ],
      [
       -79.6849930570629,
       43.5637285394412
      ],
      [
       -79.6850956155997,
       43.5635676457883
      ],
      [
       -79.6851606540466,
       43.5633883123201
      ],
      [
       -79.6851785851023,
       43.5632399512613
      ],
      [
       -79.6851445807237,
       43.5630954948647
      ],
      [
       -79.6850868762185,
       43.5629732760356
      ],
      [
       -79.6849834166803,
       43.5628910491856
      ],
      [
       -79.6848559633381,
       43.5628445625156
      ],
      [
       -79.6846681624434,
       43.5627973813256
      ],
      [
       -79.6845091842237,
       43.5627415274411
      ],
      [
       -79.6843917995026,
       43.5626591398023
      ],
      [
       -79.6842694012347,
       43.5625226698556
      ],
      [
       -79.6842159593359,
       43.5623824914801
      ],
      [
       -79.6841762480022,
       43.5622514752088
      ],
      [
       -79.6840039374714,
       43.561812793715
      ],
      [
       -79.6839025289617,
       43.5616720629586
      ],
      [
       -79.6838035296111,
       43.5615628741341
      ],
      [
       -79.6836581979195,
       43.5614846659823
      ],
      [
       -79.6834731047965,
       43.5614555221681
      ],
      [
       -79.6832320027486,
       43.561475255343
      ],
      [
       -79.6829372121612,
       43.5615438918858
      ],
      [
       -79.6826272196628,
       43.5616708790018
      ],
      [
       -79.6823662729454,
       43.5617489081743
      ],
      [
       -79.6820901350831,
       43.5618492718113
      ],
      [
       -79.6818537483008,
       43.5619365870415
      ],
      [
       -79.6816676499317,
       43.5620244817589
      ],
      [
       -79.6814054241482,
       43.562161020499
      ],
      [
       -79.6811791674324,
       43.5623159817768
      ],
      [
       -79.6809555132181,
       43.5624934828305
      ],
      [
       -79.6807708488377,
       43.5626219109794
      ],
      [
       -79.6805665590292,
       43.5627276021041
      ],
      [
       -79.6802838436444,
       43.5628098772714
      ],
      [
       -79.679936923978,
       43.5628553940101
      ],
      [
       -79.6795839254803,
       43.5628603211234
      ],
      [
       -79.6791845187517,
       43.5628286946139
      ],
      [
       -79.6789117153446,
       43.5627760197305
      ],
      [
       -79.6786249011131,
       43.5626916679634
      ],
      [
       -79.6783446708134,
       43.5625893834415
      ],
      [
       -79.6781918039247,
       43.5625020771558
      ],
      [
       -79.6781190204455,
       43.5623976886098
      ],
      [
       -79.6781316510701,
       43.5622447653204
      ],
      [
       -79.6781893381093,
       43.5621193752724
      ],
      [
       -79.6782374455348,
       43.562007380545
      ],
      [
       -79.6782045984312,
       43.5619169599362
      ],
      [
       -79.678132575576,
       43.5618485965047
      ],
      [
       -79.677972354046,
       43.5617792130302
      ],
      [
       -79.6777582571961,
       43.5617317163663
      ],
      [
       -79.6773466913925,
       43.5616549223921
      ],
      [
       -79.6769852038867,
       43.5616237269431
      ],
      [
       -79.6766585174013,
       43.5616289495556
      ],
      [
       -79.676269330972,
       43.5616964760578
      ],
      [
       -79.6759080644585,
       43.5618318552358
      ],
      [
       -79.6755269766326,
       43.5619534974885
      ],
      [
       -79.6751194160012,
       43.5620118030918
      ],
      [
       -79.6747972550717,
       43.5620575911873
      ],
      [
       -79.6744803279116,
       43.5620764268262
      ],
      [
       -79.6742090635592,
       43.5620597748808
      ],
      [
       -79.6739815201647,
       43.5620256213087
      ],
      [
       -79.6738195582383,
       43.5619652159089
      ],
      [
       -79.6736805433273,
       43.5618465500151
      ],
      [
       -79.6735828298578,
       43.5617148570831
      ],
      [
       -79.6735032075209,
       43.5615698678815
      ],
      [
       -79.6734041285646,
       43.5614651711852
      ],
      [
       -79.6732867616944,
       43.5613827723503
      ],
      [
       -79.6731272386697,
       43.5612818759126
      ],
      [
       -79.6726669442088,
       43.5609929035762
      ],
      [
       -79.6723860915751,
       43.5608140625254
      ],
      [
       -79.6722521022947,
       43.5607134614069
      ],
      [
       -79.6719914019481,
       43.560462820805
      ],
      [
       -79.6717662742663,
       43.5602486092652
      ],
      [
       -79.6716070886288,
       43.5600621758406
      ],
      [
       -79.671441750115,
       43.5598036380256
      ],
      [
       -79.671281037097,
       43.5595811700558
      ],
      [
       -79.671110285772,
       43.5593225688271
      ],
      [
       -79.6709858193124,
       43.5591410401659
      ],
      [
       -79.6708315596087,
       43.5589771731106
      ],
      [
       -79.6706199528671,
       43.5588171409857
      ],
      [
       -79.670400790635,
       43.5586840328357
      ],
      [
       -79.6701387826885,
       43.5585639319448
      ],
      [
       -79.669936920795,
       43.5584535343755
      ],
      [
       -79.6697494987619,
       43.5582847779427
      ],
      [
       -79.6695254578314,
       43.5580570684514
      ],
      [
       -79.6693438497702,
       43.5578703708453
      ],
      [
       -79.6691366143244,
       43.5576878766271
      ],
      [
       -79.6689090679082,
       43.5575141496069
      ],
      [
       -79.6687462889528,
       43.5573861968426
      ],
      [
       -79.6686423052899,
       43.5572589286318
      ],
      [
       -79.6685624418189,
       43.5570554065395
      ],
      [
       -79.6684221383211,
       43.5568556824003
      ],
      [
       -79.6681595056579,
       43.5564834552661
      ],
      [
       -79.6679430740686,
       43.5561567863242
      ],
      [
       -79.6677835141263,
       43.5559883512868
      ],
      [
       -79.667613501598,
       43.5558378023654
      ],
      [
       -79.6674762384601,
       43.5557461615157
      ],
      [
       -79.6674095510328,
       43.5556823555181
      ],
      [
       -79.6672834755131,
       43.5556448693776
      ],
      [
       -79.6671120155467,
       43.5556653804877
      ],
      [
       -79.6667760372342,
       43.5557424992438
      ],
      [
       -79.6663589299839,
       43.5558141684908
      ],
      [
       -79.6658227875016,
       43.5558799449283
      ],
      [
       -79.6652974742477,
       43.5559458452901
      ],
      [
       -79.6648876244995,
       43.5560040877688
      ],
      [
       -79.6645403576289,
       43.5560315456217
      ],
      [
       -79.6641145814151,
       43.5560400767887
      ],
      [
       -79.6638825246807,
       43.5560013483206
      ],
      [
       -79.6637149972851,
       43.5559138512619
      ],
      [
       -79.6635703025274,
       43.5558086127248
      ],
      [
       -79.6634321949906,
       43.5556854428502
      ],
      [
       -79.6632696766023,
       43.5554764485332
      ],
      [
       -79.6627611333938,
       43.5547141573264
      ],
      [
       -79.6625104471731,
       43.5543285507503
      ],
      [
       -79.6623137913309,
       43.5539840942814
      ],
      [
       -79.6622074298224,
       43.5538252780307
      ],
      [
       -79.6620524106814,
       43.5536974064956
      ],
      [
       -79.6618614098334,
       43.5535871217312
      ],
      [
       -79.6615822469897,
       43.5534397880844
      ],
      [
       -79.661337221806,
       43.5532883514854
      ],
      [
       -79.6611184988296,
       43.5531372224259
      ],
      [
       -79.6608648672446,
       43.5529901860519
      ],
      [
       -79.6605079794519,
       43.552823931042
      ],
      [
       -79.65993048076,
       43.5525920603038
      ],
      [
       -79.6596537231066,
       43.5524762644456
      ],
      [
       -79.6594046146716,
       43.5523697962654
      ],
      [
       -79.6591223444354,
       43.5522584365152
      ],
      [
       -79.6587852032221,
       43.5522139629664
      ],
      [
       -79.6583882253218,
       43.5521462759476
      ],
      [
       -79.6581382216333,
       43.5520803129071
      ],
      [
       -79.6578986741373,
       43.5519964639007
      ],
      [
       -79.6577022715464,
       43.5518861087497
      ],
      [
       -79.657537111022,
       43.5517626140279
      ],
      [
       -79.6573945355206,
       43.5515628495532
      ],
      [
       -79.6572544334728,
       43.5512865791691
      ],
      [
       -79.6570504034746,
       43.5510320678224
      ],
      [
       -79.65688724592,
       43.5508185547556
      ],
      [
       -79.6566620339255,
       43.55057729996
      ],
      [
       -79.6563941535817,
       43.5503760616259
      ],
      [
       -79.6560114475716,
       43.5501194481388
      ],
      [
       -79.6557222863111,
       43.5499359662028
      ],
      [
       -79.6554948807736,
       43.5497937283181
      ],
      [
       -79.6552790331846,
       43.5495840952371
      ],
      [
       -79.6552190811231,
       43.5494618347046
      ],
      [
       -79.655097903737,
       43.5492398087949
      ],
      [
       -79.6550401545122,
       43.5490185290371
      ],
      [
       -79.6550135459151,
       43.5487886115467
      ],
      [
       -79.6550607200579,
       43.548546056006
      ],
      [
       -79.6551943064376,
       43.548209974034
      ],
      [
       -79.6553156614257,
       43.5479367766816
      ],
      [
       -79.6554833974807,
       43.547700141103
      ],
      [
       -79.6556405766807,
       43.5474858913587
      ],
      [
       -79.6560494227668,
       43.5470179836583
      ],
      [
       -79.6564098279712,
       43.5466755624892
      ],
      [
       -79.6568055349953,
       43.5463110447157
      ],
      [
       -79.6571309778341,
       43.5459051817062
      ],
      [
       -79.6573146698302,
       43.5456462205295
      ],
      [
       -79.6576269797081,
       43.5453437489579
      ],
      [
       -79.6577559498466,
       43.5452147039034
      ],
      [
       -79.6579151840131,
       43.5450815119637
      ],
      [
       -79.6580459250175,
       43.5449074668579
      ],
      [
       -79.6581550340222,
       43.5446971512695
      ],
      [
       -79.6582219514465,
       43.5445403649588
      ],
      [
       -79.6583099764697,
       43.5443388058319
      ],
      [
       -79.6583769182887,
       43.5441460032956
      ],
      [
       -79.6583914402167,
       43.5439795978258
      ],
      [
       -79.6583543665918,
       43.5437675662943
      ],
      [
       -79.6582449151483,
       43.5435051626664
      ],
      [
       -79.6581555976753,
       43.5433465424574
      ],
      [
       -79.6580757361453,
       43.5432150454902
      ],
      [
       -79.6579737196656,
       43.5431057986326
      ],
      [
       -79.6578867471545,
       43.5430507529339
      ],
      [
       -79.6577507748218,
       43.5429726215744
      ],
      [
       -79.6576231107611,
       43.5429035917204
      ],
      [
       -79.6574104701182,
       43.5428290616757
      ],
      [
       -79.6571825613563,
       43.5427453477811
      ],
      [
       -79.6567728988715,
       43.5426594979145
      ],
      [
       -79.6563457959992,
       43.5426274662136
      ],
      [
       -79.6559973826248,
       43.5426053622079
      ],
      [
       -79.6556762393367,
       43.5425745737324
      ],
      [
       -79.6552688004769,
       43.5424932466772
      ],
      [
       -79.654965847176,
       43.5424446619725
      ],
      [
       -79.6546212298746,
       43.5423910840711
      ],
      [
       -79.6542390609667,
       43.542391087689
      ],
      [
       -79.6539612034258,
       43.5423968203852
      ],
      [
       -79.6536608445305,
       43.5423707730318
      ],
      [
       -79.653441221931,
       43.5423321697905
      ],
      [
       -79.653251662677,
       43.5422984223631
      ],
      [
       -79.6531106284508,
       43.5422742504748
      ],
      [
       -79.6529725443566,
       43.5421870844437
      ],
      [
       -79.6528344173886,
       43.5420323869541
      ],
      [
       -79.6526985396696,
       43.5418462014364
      ],
      [
       -79.6525986405881,
       43.5416424316211
      ],
      [
       -79.6524640249808,
       43.5413302032114
      ],
      [
       -79.6523461534837,
       43.5409956617608
      ],
      [
       -79.6522553659566,
       43.5407649867161
      ],
      [
       -79.6520736194601,
       43.5405197329348
      ],
      [
       -79.6518689445758,
       43.5402967187282
      ],
      [
       -79.6515914723874,
       43.5400773475381
      ],
      [
       -79.651260738975,
       43.5398528452254
      ],
      [
       -79.6510329800225,
       43.539728602332
      ],
      [
       -79.6508258021865,
       43.5396181080514
      ],
      [
       -79.6506387032547,
       43.5395438668384
      ],
      [
       -79.6504824097411,
       43.5395105074763
      ],
      [
       -79.6503983120848,
       43.5395005105399
      ],
      [
       -79.6502516411008,
       43.5395212891142
      ],
      [
       -79.650000844844,
       43.5396668953898
      ],
      [
       -79.6497995839153,
       43.5398806170018
      ],
      [
       -79.649539312725,
       43.5401386616793
      ],
      [
       -79.6492415145176,
       43.5404142705436
      ],
      [
       -79.6490803336862,
       43.5406689829196
      ],
      [
       -79.6489184170087,
       43.540991217151
      ],
      [
       -79.6487970480049,
       43.5412644078391
      ],
      [
       -79.6485940060622,
       43.5416266739344
      ],
      [
       -79.6482408018633,
       43.5422347769346
      ],
      [
       -79.6480757513457,
       43.5425929892316
      ],
      [
       -79.6479965423847,
       43.542848669377
      ],
      [
       -79.6479607765681,
       43.5430643448245
      ],
      [
       -79.6479974108978,
       43.5432943827133
      ],
      [
       -79.6481162683291,
       43.5435839196487
      ],
      [
       -79.6482168281044,
       43.5437922031651
      ],
      [
       -79.6482956629472,
       43.5439687153485
      ],
      [
       -79.6483867726891,
       43.5441498746589
      ],
      [
       -79.6485084183585,
       43.544349403113
      ],
      [
       -79.6485566881707,
       43.5445435619382
      ],
      [
       -79.6485531684188,
       43.5447010920786
      ],
      [
       -79.6485015631718,
       43.5448985721716
      ],
      [
       -79.6483438629662,
       43.5451353162515
      ],
      [
       -79.6480732749893,
       43.5454382558339
      ],
      [
       -79.6478894376531,
       43.5455981553109
      ],
      [
       -79.6477174715405,
       43.5457807051648
      ],
      [
       -79.6475550878577,
       43.5459498619766
      ],
      [
       -79.6474602965846,
       43.5461063121697
      ],
      [
       -79.6473588137907,
       43.546285193344
      ],
      [
       -79.6473048139492,
       43.5464511301633
      ],
      [
       -79.6472738803028,
       43.54655431123
      ],
      [
       -79.6471454892217,
       43.5466563389549
      ],
      [
       -79.646965307127,
       43.5467217371491
      ],
      [
       -79.6464234418112,
       43.5467693468108
      ],
      [
       -79.6459098918798,
       43.5468307954579
      ],
      [
       -79.6455820403037,
       43.54682240939
      ],
      [
       -79.6451068244513,
       43.5467267369306
      ],
      [
       -79.644818857346,
       43.5466647968188
      ],
      [
       -79.6445444771967,
       43.5466525396179
      ],
      [
       -79.6441967856518,
       43.5466664245651
      ],
      [
       -79.6439272483083,
       43.5466452192238
      ],
      [
       -79.6437480391827,
       43.5465980726809
      ],
      [
       -79.6435668127643,
       43.5465373957754
      ],
      [
       -79.6433964494273,
       43.5464408311144
      ],
      [
       -79.6432816751959,
       43.5463494280164
      ],
      [
       -79.6431477666446,
       43.5462487935902
      ],
      [
       -79.6430065600266,
       43.5461975949039
      ],
      [
       -79.642684464344,
       43.546139746322
      ],
      [
       -79.6420012986662,
       43.5460370895862
      ],
      [
       -79.641677991897,
       43.546033248361
      ],
      [
       -79.6414223453561,
       43.5460482185562
      ],
      [
       -79.6411336366959,
       43.5461573381795
      ],
      [
       -79.6409487378082,
       43.546294703585
      ],
      [
       -79.640793598658,
       43.5464504307323
      ],
      [
       -79.6406655300871,
       43.5466064795727
      ],
      [
       -79.6405595521159,
       43.5468123134983
      ],
      [
       -79.6405452838102,
       43.5469652134326
      ],
      [
       -79.6405922146963,
       43.5472178862
      ],
      [
       -79.6407444760348,
       43.5474312930113
      ],
      [
       -79.6410015273665,
       43.5476639536374
      ],
      [
       -79.6412282834854,
       43.5478332249236
      ],
      [
       -79.6415593251292,
       43.5480442535077
      ],
      [
       -79.6418892923801,
       43.548268774504
      ],
      [
       -79.6421373068083,
       43.5484563047227
      ],
      [
       -79.6422999352271,
       43.5486563264344
      ],
      [
       -79.6424306144641,
       43.5489009889501
      ],
      [
       -79.6424894949124,
       43.5491042802742
      ],
      [
       -79.6424966205218,
       43.5492349242295
      ],
      [
       -79.6424618411353,
       43.5494055889524
      ],
      [
       -79.6423635329553,
       43.5495800012209
      ],
      [
       -79.642115427794,
       43.549878691377
      ],
      [
       -79.6418792612424,
       43.5501280003192
      ],
      [
       -79.6416545638175,
       43.5503144164143
      ],
      [
       -79.6414309418673,
       43.5504873387068
      ],
      [
       -79.6413245299505,
       43.5505400985211
      ],
      [
       -79.6411235106392,
       43.5506367540862
      ],
      [
       -79.6409335579916,
       43.5506885204207
      ],
      [
       -79.6406918149665,
       43.5507036542431
      ],
      [
       -79.6401478638928,
       43.5506701724542
      ],
      [
       -79.6396249362367,
       43.5505964198658
      ],
      [
       -79.6392070057596,
       43.5505329189282
      ],
      [
       -79.6387585407767,
       43.5504510446794
      ],
      [
       -79.6384243546644,
       43.5503795339965
      ],
      [
       -79.6379350720226,
       43.5502206355674
      ],
      [
       -79.6375303075301,
       43.5500537383425
      ],
      [
       -79.6370729466914,
       43.5498862125962
      ],
      [
       -79.6366363084072,
       43.5496919199001
      ],
      [
       -79.6361174156031,
       43.5494741339415
      ],
      [
       -79.635909928187,
       43.5493771152296
      ],
      [
       -79.6357223106049,
       43.5493253537347
      ],
      [
       -79.6354820563867,
       43.5493089799955
      ],
      [
       -79.6352069556886,
       43.5493282060809
      ],
      [
       -79.6347564339007,
       43.5493723488365
      ],
      [
       -79.6344527131634,
       43.5493912312893
      ],
      [
       -79.6341407886973,
       43.5493965087774
      ],
      [
       -79.6337838776226,
       43.5493382191289
      ],
      [
       -79.6333127944179,
       43.5492650572756
      ],
      [
       -79.6329478238932,
       43.549152644118
      ],
      [
       -79.6326357171948,
       43.5490633723717
      ],
      [
       -79.6324374781282,
       43.549002474344
      ],
      [
       -79.6321058120701,
       43.5488544405636
      ],
      [
       -79.6316806374744,
       43.5486332538329
      ],
      [
       -79.6313182808772,
       43.5484398299376
      ],
      [
       -79.6310489674628,
       43.5483060457623
      ],
      [
       -79.6307265487568,
       43.5481941350777
      ],
      [
       -79.6305230621073,
       43.5481601831427
      ],
      [
       -79.6302599753932,
       43.5481615330723
      ],
      [
       -79.6300394479854,
       43.5482309231339
      ],
      [
       -79.6297527235195,
       43.5483535438372
      ],
      [
       -79.629538561366,
       43.5485175521793
      ],
      [
       -79.6294066941054,
       43.5486690407167
      ],
      [
       -79.6292806654668,
       43.5488701216035
      ],
      [
       -79.6291692470305,
       43.549143410267
      ],
      [
       -79.6290913514244,
       43.5494396110646
      ],
      [
       -79.629060171381,
       43.5497228659281
      ],
      [
       -79.6290436711711,
       43.549938766165
      ],
      [
       -79.6290427265694,
       43.5500828202484
      ],
      [
       -79.6289458137056,
       43.5504328173461
      ],
      [
       -79.6288570696894,
       43.550661357147
      ],
      [
       -79.628740988601,
       43.5508670587259
      ],
      [
       -79.6286037154174,
       43.5510860120695
      ],
      [
       -79.6284635944312,
       43.5512599106391
      ],
      [
       -79.6282842858551,
       43.5514558490097
      ],
      [
       -79.628046290053,
       43.5516465807066
      ],
      [
       -79.6278049793006,
       43.5517787455526
      ],
      [
       -79.6273476623715,
       43.5519848510108
      ],
      [
       -79.6269156646079,
       43.5522002628431
      ],
      [
       -79.6263200517106,
       43.5524992457838
      ],
      [
       -79.6259490412044,
       43.5526523582158
      ],
      [
       -79.6255169639007,
       43.5527687188501
      ],
      [
       -79.6251452664929,
       43.5528497877356
      ],
      [
       -79.6246963615107,
       43.5528894081608
      ],
      [
       -79.6243700398558,
       43.5529485102296
      ],
      [
       -79.6240514072367,
       43.5530437202483
      ],
      [
       -79.6237041064215,
       43.553174600547
      ],
      [
       -79.6233863576938,
       43.5533328479223
      ],
      [
       -79.6233376803838,
       43.5533637759938
      ],
      [
       -79.6230145709365,
       43.5535534720541
      ],
      [
       -79.6227875291862,
       43.5537038062834
      ],
      [
       -79.6224597190925,
       43.553861929842
      ],
      [
       -79.6222393203793,
       43.5539583185388
      ],
      [
       -79.6218742270151,
       43.5541565093987
      ],
      [
       -79.6216558945492,
       43.5542979422756
      ],
      [
       -79.6214153330016,
       43.5544301025708
      ],
      [
       -79.6211891526184,
       43.5545084113412
      ],
      [
       -79.6204103458437,
       43.5546610882012
      ],
      [
       -79.6198432747951,
       43.5546902592678
      ],
      [
       -79.619485736618,
       43.5547264602487
      ],
      [
       -79.6190548121208,
       43.5547572715414
      ],
      [
       -79.6187398192505,
       43.5547939841526
      ],
      [
       -79.6185498352289,
       43.5548457128193
      ],
      [
       -79.6183167412143,
       43.5549554466155
      ],
      [
       -79.6181783303627,
       43.555052818413
      ],
      [
       -79.6180278505648,
       43.5551365380146
      ],
      [
       -79.6180121734187,
       43.5551453525613
      ],
      [
       -79.6178079547538,
       43.5552104140123
      ],
      [
       -79.6175657774388,
       43.5552435017705
      ],
      [
       -79.6171562495737,
       43.5552520544608
      ],
      [
       -79.616780344245,
       43.5552114901095
      ],
      [
       -79.6165409996733,
       43.555154569192
      ],
      [
       -79.6163605497909,
       43.5550938586231
      ],
      [
       -79.6162100634101,
       43.5550425145751
      ],
      [
       -79.6161206385614,
       43.5550279258879
      ],
      [
       -79.6159946500307,
       43.5550218985234
      ],
      [
       -79.6158276117206,
       43.5550513902734
      ],
      [
       -79.6156726934321,
       43.5551260489459
      ],
      [
       -79.6154982815314,
       43.5552409896569
      ],
      [
       -79.6153715722069,
       43.5553339977297
      ],
      [
       -79.6152341355573,
       43.5554223736701
      ],
      [
       -79.6150112442256,
       43.5554917059495
      ],
      [
       -79.6146736051727,
       43.5554696064523
      ],
      [
       -79.6142693876524,
       43.555415184608
      ],
      [
       -79.6139444873615,
       43.5554112455366
      ],
      [
       -79.6137133437372,
       43.5554354548345
      ],
      [
       -79.6133979315774,
       43.5554901557755
      ],
      [
       -79.6128591591779,
       43.5556682026916
      ],
      [
       -79.6123608139497,
       43.5559052643151
      ],
      [
       -79.6117558110592,
       43.5562040570229
      ],
      [
       -79.6116589568,
       43.5562433990723
      ],
      [
       -79.6112485377667,
       43.5563914829214
      ],
      [
       -79.6109363123643,
       43.5565092442903
      ],
      [
       -79.6106233121748,
       43.556626995385
      ],
      [
       -79.6103714782309,
       43.5567094729134
      ],
      [
       -79.610149764231,
       43.5567608018446
      ],
      [
       -79.6098323861785,
       43.5567659466062
      ],
      [
       -79.6097423938609,
       43.5567423419544
      ],
      [
       -79.6111618803946,
       43.5547741983714
      ],
      [
       -79.6117675121504,
       43.5539756899993
      ],
      [
       -79.6120434769848,
       43.5536503921969
      ],
      [
       -79.6128687198416,
       43.5528230298215
      ],
      [
       -79.6135323721927,
       43.5522593219621
      ],
      [
       -79.6137561824054,
       43.5520819546753
      ],
      [
       -79.6147225744577,
       43.5514408739656
      ],
      [
       -79.6156966320105,
       43.5509034247864
      ],
      [
       -79.6169902312545,
       43.5502978010055
      ],
      [
       -79.6174047215316,
       43.5501722557659
      ],
      [
       -79.6183983365704,
       43.5497250607959
      ],
      [
       -79.6196965733077,
       43.5490834458872
      ],
      [
       -79.6210103949965,
       43.5483339550628
      ],
      [
       -79.62198618454,
       43.5476479052546
      ],
      [
       -79.6230776348537,
       43.5467741543021
      ],
      [
       -79.6291787679379,
       43.5411794019632
      ],
      [
       -79.6378486711722,
       43.5332378690438
      ],
      [
       -79.6401279753964,
       43.5312165692745
      ],
      [
       -79.6436231118806,
       43.5280166093148
      ],
      [
       -79.644861238096,
       43.5268832671481
      ],
      [
       -79.6470155885322,
       43.5249638934288
      ],
      [
       -79.6478215094232,
       43.5242350902886
      ],
      [
       -79.6479638831213,
       43.5243358196691
      ],
      [
       -79.6480194208912,
       43.5243769950887
      ],
      [
       -79.6480780514844,
       43.5244182070571
      ],
      [
       -79.6493084084332,
       43.5253241595205
      ],
      [
       -79.6497821090013,
       43.5256539040869
      ],
      [
       -79.6517037248561,
       43.526986685046
      ],
      [
       -79.6523984081745,
       43.5274315764301
      ],
      [
       -79.6570766670029,
       43.5305435297918
      ],
      [
       -79.6662192015134,
       43.5368544036923
      ],
      [
       -79.6673554118151,
       43.5358772020417
      ],
      [
       -79.6676749574385,
       43.5355927949725
      ],
      [
       -79.6702009919899,
       43.5332496218996
      ],
      [
       -79.6725787550241,
       43.5310982589146
      ],
      [
       -79.6729143084197,
       43.5307870104049
      ],
      [
       -79.6753447688448,
       43.5285866777643
      ],
      [
       -79.6757148091827,
       43.5282533101526
      ],
      [
       -79.6769913183582,
       43.5270705410299
      ],
      [
       -79.6816384160338,
       43.5227932383794
      ],
      [
       -79.6816565912067,
       43.5227754397017
      ],
      [
       -79.6972479569729,
       43.5083539445414
      ],
      [
       -79.6976158956761,
       43.508574236706
      ],
      [
       -79.698669286721,
       43.5093515861994
      ],
      [
       -79.7010067094656,
       43.5110799558226
      ],
      [
       -79.7022291988193,
       43.5119807497176
      ],
      [
       -79.7077656930278,
       43.5160683238248
      ],
      [
       -79.7102193272841,
       43.5178833567386
      ],
      [
       -79.710733229806,
       43.5182628257981
      ],
      [
       -79.7114314587419,
       43.518774930511
      ],
      [
       -79.7147609712618,
       43.5212345269985
      ],
      [
       -79.7155678451473,
       43.5219144043765
      ],
      [
       -79.7275566514559,
       43.5304043190742
      ],
      [
       -79.7275744370802,
       43.5304045170386
      ],
      [
       -79.7275860364005,
       43.5304046461444
      ],
      [
       -79.7275983143723,
       43.5304092848707
      ],
      [
       -79.7276106869817,
       43.5304094225809
      ],
      [
       -79.7276230595911,
       43.5304095602897
      ],
      [
       -79.7276354322007,
       43.5304096979972
      ],
      [
       -79.7276477101774,
       43.5304143367183
      ],
      [
       -79.7276600827881,
       43.5304144744231
      ],
      [
       -79.7276724553988,
       43.5304146121266
      ],
      [
       -79.7276848280097,
       43.5304147498288
      ],
      [
       -79.727702519009,
       43.5304194487883
      ],
      [
       -79.727714891621,
       43.5304195864872
      ],
      [
       -79.7277272642331,
       43.5304197241848
      ],
      [
       -79.7277396368452,
       43.530419861881
      ],
      [
       -79.7277519148322,
       43.530424500591
      ],
      [
       -79.7277642874455,
       43.5304246382846
      ],
      [
       -79.7277766600588,
       43.5304247759769
      ],
      [
       -79.7277881647614,
       43.5304294060773
      ],
      [
       -79.7278005373758,
       43.530429543767
      ],
      [
       -79.7278190962976,
       43.530429750299
      ],
      [
       -79.7278313742929,
       43.5304343890005
      ],
      [
       -79.7278437469085,
       43.5304345266855
      ],
      [
       -79.7278553462357,
       43.530434655764
      ],
      [
       -79.7278676242349,
       43.5304392944617
      ],
      [
       -79.7278799968518,
       43.5304394321428
      ],
      [
       -79.7278923694686,
       43.5304395698226
      ],
      [
       -79.7279046474717,
       43.5304442085164
      ],
      [
       -79.7279162468011,
       43.5304443375887
      ],
      [
       -79.7279348057283,
       43.530444544102
      ],
      [
       -79.7279470837357,
       43.5304491827913
      ],
      [
       -79.7279594563549,
       43.5304493204638
      ],
      [
       -79.7279710556855,
       43.5304494495306
      ],
      [
       -79.728003439205,
       43.5304543119268
      ],
      [
       -79.7280335028634,
       43.530459148502
      ],
      [
       -79.7280697528381,
       43.5304640538994
      ],
      [
       -79.728099816507,
       43.5304688904573
      ],
      [
       -79.7281298801808,
       43.5304737270073
      ],
      [
       -79.7281599438597,
       43.5304785635494
      ],
      [
       -79.72819068624,
       43.5304879097025
      ],
      [
       -79.7282261629564,
       43.5304928064478
      ],
      [
       -79.728256226653,
       43.5304976429648
      ],
      [
       -79.7282924766704,
       43.5305025482921
      ],
      [
       -79.7283224457945,
       43.5305118858079
      ],
      [
       -79.7283525095088,
       43.5305167222998
      ],
      [
       -79.7283817999383,
       43.5305215501821
      ],
      [
       -79.7284118636625,
       43.5305263866586
      ],
      [
       -79.7284472458471,
       43.5305357843519
      ],
      [
       -79.728477309584,
       43.5305406208112
      ],
      [
       -79.7285103719171,
       43.5305499926822
      ],
      [
       -79.7285396623762,
       43.5305548205245
      ],
      [
       -79.7285696315656,
       43.5305641579761
      ],
      [
       -79.7285989220366,
       43.5305689858033
      ],
      [
       -79.7286282125125,
       43.5305738136231
      ],
      [
       -79.7286574084348,
       43.530583142452
      ],
      [
       -79.7286866989226,
       43.5305879702569
      ],
      [
       -79.7287220811876,
       43.530597367866
      ],
      [
       -79.7287574634639,
       43.5306067654643
      ],
      [
       -79.7287866594227,
       43.5306160942606
      ],
      [
       -79.7288151766463,
       43.530620913434
      ],
      [
       -79.7288443726211,
       43.5306302422157
      ],
      [
       -79.7288735686051,
       43.53063957099
      ],
      [
       -79.7289081776389,
       43.5306489599438
      ],
      [
       -79.7289366003505,
       43.5306582801042
      ],
      [
       -79.7289658908983,
       43.5306631078382
      ],
      [
       -79.7290058184709,
       43.5306770579638
      ],
      [
       -79.7290396542555,
       43.5306864382808
      ],
      [
       -79.7290742633429,
       43.5306958271849
      ],
      [
       -79.7291080046238,
       43.5307097084992
      ],
      [
       -79.729141840443,
       43.5307190887864
      ],
      [
       -79.7291817680942,
       43.5307330388513
      ],
      [
       -79.7292156039384,
       43.5307424191169
      ],
      [
       -79.7292547583294,
       43.5307563605606
      ],
      [
       -79.7292884996863,
       43.5307702418224
      ],
      [
       -79.7305018053719,
       43.5311889080216
      ],
      [
       -79.7305716090663,
       43.5312166955709
      ],
      [
       -79.7306421861252,
       43.5312444916647
      ],
      [
       -79.7307119899496,
       43.5312722791297
      ],
      [
       -79.7307824727365,
       43.5313045761579
      ],
      [
       -79.7320307492925,
       43.5318271619241
      ],
      [
       -79.7326629779628,
       43.5321087986806
      ],
      [
       -79.7332880642937,
       43.532399356927
      ],
      [
       -79.733906008453,
       43.5326988367813
      ],
      [
       -79.733971081397,
       43.5327310719244
      ],
      [
       -79.7340330611304,
       43.5327632727761
      ],
      [
       -79.734094361771,
       43.5327909640071
      ],
      [
       -79.7341555683114,
       43.5328231562302
      ],
      [
       -79.7342214148451,
       43.5328553997964
      ],
      [
       -79.734282621519,
       43.5328875919527
      ],
      [
       -79.7343439224016,
       43.5329152830523
      ],
      [
       -79.734405129202,
       43.5329474751443
      ],
      [
       -79.734465562745,
       43.5329796586433
      ],
      [
       -79.734526769676,
       43.5330118506714
      ],
      [
       -79.7345872974741,
       43.5330395330823
      ],
      [
       -79.7346530503558,
       43.5330762774293
      ],
      [
       -79.7347135782771,
       43.5331039597746
      ],
      [
       -79.7347740121422,
       43.5331361431135
      ],
      [
       -79.7348397652434,
       43.5331728873553
      ],
      [
       -79.734900293348,
       43.5332005696034
      ],
      [
       -79.7350173889971,
       43.5332603922449
      ],
      [
       -79.7348303462398,
       43.5334384050485
      ],
      [
       -79.7331634152628,
       43.5349911658256
      ],
      [
       -79.7313063936486,
       43.5366408377236
      ],
      [
       -79.7294097673594,
       43.5383665737433
      ],
      [
       -79.7280454006868,
       43.5396074764529
      ],
      [
       -79.7260532019774,
       43.5414176313812
      ],
      [
       -79.7238084413461,
       43.5434590386606
      ],
      [
       -79.7211644397983,
       43.5458606019458
      ],
      [
       -79.7202880531344,
       43.5466566625014
      ],
      [
       -79.718831867579,
       43.5479774620933
      ],
      [
       -79.7175355929771,
       43.549124456793
      ],
      [
       -79.7146724967396,
       43.5516539682923
      ],
      [
       -79.712124264503,
       43.5539933663263
      ],
      [
       -79.709351602169,
       43.5564697361392
      ],
      [
       -79.7067347857896,
       43.5588487556402
      ],
      [
       -79.7030085396345,
       43.5622866178447
      ],
      [
       -79.6995275360625,
       43.5654210076694
      ],
      [
       -79.6959504172764,
       43.5685451888574
      ],
      [
       -79.6955237428341,
       43.568950005896
      ],
      [
       -79.6953059065706,
       43.5691456094006
      ],
      [
       -79.6950940684378,
       43.5693142687375
      ],
      [
       -79.6946464014415,
       43.5696513122578
      ],
      [
       -79.6944199550699,
       43.5698153014727
      ],
      [
       -79.6935883484622,
       43.5704405873292
      ],
      [
       -79.6934443121461,
       43.5705514919702
      ]
     ]
    ]
   },
   "properties": {
    "OBJECTID_1": 23,
    "OBJECTID": 23,
    "WARDNUM": "8",
    "MUNIC": "Mississauga",
    "Mayor": "Bonnie Crombie",
    "FirstName0": "Matt",
    "LastName0": "Mahoney",
    "Phone0": "1-905-896-5800",
    "email0": "matt.mahoney@mississauga.ca",
    "FirstName1": " ",
    "LastName1": " ",
    "Phone1": " ",
    "email1": " ",
    "RC_Name": "Nando Iannicca",
    "Shape_Leng": 31949.3291319,
    "WardName": "Ward 8",
    "Shape__Area": 27554725.53125,
    "Shape__Length": 31949.32913192374
   }
  },
  {
   "type": "Feature",
   "id": 24,
   "geometry": {
    "type": "Polygon",
    "coordinates": [
     [
      [
       -79.7899219828984,
       43.6018176259375
      ],
      [
       -79.7898364198545,
       43.6018752463766
      ],
      [
       -79.789681048462,
       43.6019771478178
      ],
      [
       -79.7896465314422,
       43.6019992924345
      ],
      [
       -79.7896441185267,
       43.6020037689048
      ],
      [
       -79.7877244677224,
       43.6032349876223
      ],
      [
       -79.787438073428,
       43.6034210347022
      ],
      [
       -79.7859012393814,
       43.6044041696874
      ],
      [
       -79.7839774741687,
       43.6056397831063
      ],
      [
       -79.7839492377976,
       43.6056574907824
      ],
      [
       -79.7839036954497,
       43.6056885203851
      ],
      [
       -79.7838919000491,
       43.605697398927
      ],
      [
       -79.7833897453558,
       43.6060207025745
      ],
      [
       -79.7833309490787,
       43.6060560928946
      ],
      [
       -79.7831606632837,
       43.6061668306572
      ],
      [
       -79.7831143458725,
       43.6061978516909
      ],
      [
       -79.7820771313132,
       43.6068621073129
      ],
      [
       -79.78167388026,
       43.6071189268766
      ],
      [
       -79.7807150637514,
       43.6077344834126
      ],
      [
       -79.7796730596595,
       43.6084031679068
      ],
      [
       -79.7793536401597,
       43.6086113519953
      ],
      [
       -79.7793489943329,
       43.6086113023834
      ],
      [
       -79.7780644165733,
       43.6094394538873
      ],
      [
       -79.7768255022814,
       43.6098088741669
      ],
      [
       -79.7765629143055,
       43.6098871001571
      ],
      [
       -79.7764997381213,
       43.6099089340135
      ],
      [
       -79.7762504040337,
       43.6099827991367
      ],
      [
       -79.7760893043651,
       43.609868523981
      ],
      [
       -79.7758148194327,
       43.6101131953254
      ],
      [
       -79.7651868519836,
       43.6133123574934
      ],
      [
       -79.7650941503817,
       43.6133383680693
      ],
      [
       -79.7610298004866,
       43.614563952286
      ],
      [
       -79.7599816350308,
       43.6155160157303
      ],
      [
       -79.7599414012275,
       43.6155515953053
      ],
      [
       -79.7597512579991,
       43.6157206085852
      ],
      [
       -79.759696807321,
       43.6157695398324
      ],
      [
       -79.7596739457093,
       43.6157512837333
      ],
      [
       -79.7579018422059,
       43.6143544264707
      ],
      [
       -79.75513966148,
       43.6123344898943
      ],
      [
       -79.7521319054204,
       43.6100641948148
      ],
      [
       -79.7505201939133,
       43.608867061519
      ],
      [
       -79.7491312788063,
       43.6078344160877
      ],
      [
       -79.7489199739768,
       43.6076790351248
      ],
      [
       -79.747602292224,
       43.6065751183972
      ],
      [
       -79.7467226448825,
       43.6059351952558
      ],
      [
       -79.7464664194724,
       43.6057433010842
      ],
      [
       -79.7462582258391,
       43.6055879492801
      ],
      [
       -79.7460850879214,
       43.6054599937364
      ],
      [
       -79.7459064374501,
       43.6053364794615
      ],
      [
       -79.7456752062145,
       43.6051718698029
      ],
      [
       -79.7447346218466,
       43.6045222585211
      ],
      [
       -79.7440840521372,
       43.6040784169573
      ],
      [
       -79.7432842039051,
       43.6035518942824
      ],
      [
       -79.7425679856311,
       43.6030262859899
      ],
      [
       -79.7421863842736,
       43.6027204525003
      ],
      [
       -79.7417673430512,
       43.6024277116538
      ],
      [
       -79.7408707392339,
       43.6017155242584
      ],
      [
       -79.7400866059493,
       43.6008469989367
      ],
      [
       -79.7396917124689,
       43.6002888975942
      ],
      [
       -79.7394012686527,
       43.5997724649438
      ],
      [
       -79.7391156018675,
       43.5989904651759
      ],
      [
       -79.7389966791219,
       43.5985299474906
      ],
      [
       -79.7388811928054,
       43.5978308605862
      ],
      [
       -79.7388634893348,
       43.5970473139976
      ],
      [
       -79.7388862113907,
       43.5967009092067
      ],
      [
       -79.7389447812657,
       43.5962693615038
      ],
      [
       -79.7390560628543,
       43.5957978770452
      ],
      [
       -79.7392142871534,
       43.5951918496049
      ],
      [
       -79.7399527907981,
       43.5933451600228
      ],
      [
       -79.7403706777691,
       43.5922422682507
      ],
      [
       -79.7404182742692,
       43.5920762178906
      ],
      [
       -79.7411390618351,
       43.5901843041291
      ],
      [
       -79.7423208937171,
       43.5872304784973
      ],
      [
       -79.7424497907615,
       43.5866916533758
      ],
      [
       -79.742467211248,
       43.5864127193312
      ],
      [
       -79.7424260882752,
       43.5861196351338
      ],
      [
       -79.7423091588189,
       43.5857491823928
      ],
      [
       -79.7422187128225,
       43.5854825675677
      ],
      [
       -79.7420693503448,
       43.5852198063475
      ],
      [
       -79.7418878805361,
       43.5849746996591
      ],
      [
       -79.7416080681847,
       43.584656477636
      ],
      [
       -79.7412114812595,
       43.5843324670056
      ],
      [
       -79.735944485274,
       43.580429611138
      ],
      [
       -79.7333295425151,
       43.5785098113543
      ],
      [
       -79.7314203216224,
       43.5771245233126
      ],
      [
       -79.7310404090366,
       43.5768591885805
      ],
      [
       -79.7307525143755,
       43.576635392643
      ],
      [
       -79.7305525774899,
       43.5764620951772
      ],
      [
       -79.7302995109019,
       43.5762386848584
      ],
      [
       -79.7300878398122,
       43.5759977257211
      ],
      [
       -79.7288836715697,
       43.5744401439773
      ],
      [
       -79.7286454958442,
       43.5741718751672
      ],
      [
       -79.7284247578634,
       43.5739578242541
      ],
      [
       -79.7274653688468,
       43.5732403285062
      ],
      [
       -79.723361516286,
       43.5702367315662
      ],
      [
       -79.7227001738659,
       43.569851172522
      ],
      [
       -79.7225027241549,
       43.569745419194
      ],
      [
       -79.7199961715065,
       43.5685963718881
      ],
      [
       -79.7197480320759,
       43.5684360217117
      ],
      [
       -79.7188688281827,
       43.5677418615745
      ],
      [
       -79.7107928362373,
       43.5618209226159
      ],
      [
       -79.7078097524123,
       43.559603749486
      ],
      [
       -79.7074916571255,
       43.5593525408454
      ],
      [
       -79.7067347857896,
       43.5588487556402
      ],
      [
       -79.709351602169,
       43.5564697361392
      ],
      [
       -79.712124264503,
       43.5539933663263
      ],
      [
       -79.7146724967396,
       43.5516539682923
      ],
      [
       -79.7175355929771,
       43.549124456793
      ],
      [
       -79.7201722801202,
       43.5510673789757
      ],
      [
       -79.7227882371107,
       43.5529739918809
      ],
      [
       -79.7259127630778,
       43.5552463778439
      ],
      [
       -79.7278882293766,
       43.5567180381147
      ],
      [
       -79.7306858556544,
       43.5587300376325
      ],
      [
       -79.7336056844883,
       43.5608648773079
      ],
      [
       -79.7367043425601,
       43.5631546877967
      ],
      [
       -79.738843255938,
       43.5647180044172
      ],
      [
       -79.7408340476989,
       43.5661896083942
      ],
      [
       -79.7428062475513,
       43.5676294586814
      ],
      [
       -79.7442174767315,
       43.5686939461454
      ],
      [
       -79.7449275541985,
       43.5680804628621
      ],
      [
       -79.7468430669681,
       43.5664762406572
      ],
      [
       -79.7493133102362,
       43.5643513171978
      ],
      [
       -79.7497334900699,
       43.5646530485102
      ],
      [
       -79.7501297813402,
       43.5649500150337
      ],
      [
       -79.7505179375394,
       43.5652288830774
      ],
      [
       -79.7509175174464,
       43.5655168787078
      ],
      [
       -79.7513133254111,
       43.5658003296855
      ],
      [
       -79.7517052683322,
       43.5660837370769
      ],
      [
       -79.752099350333,
       43.566376170553
      ],
      [
       -79.7524882056383,
       43.5666595415345
      ],
      [
       -79.7529035890497,
       43.5669702128536
      ],
      [
       -79.7533440468425,
       43.5673036663214
      ],
      [
       -79.7537168503815,
       43.5675778539501
      ],
      [
       -79.7540523918713,
       43.5678201199258
      ],
      [
       -79.7544381705102,
       43.5681034506911
      ],
      [
       -79.75483401193,
       43.5683868897556
      ],
      [
       -79.7552352735632,
       43.5686703864616
      ],
      [
       -79.7556366316392,
       43.5689493807578
      ],
      [
       -79.7560348056047,
       43.5692328410272
      ],
      [
       -79.7565528024316,
       43.5695986400969
      ],
      [
       -79.7569447019815,
       43.5698865309653
      ],
      [
       -79.75733979304,
       43.5701699531334
      ],
      [
       -79.7577562768932,
       43.5704671125288
      ],
      [
       -79.758181091805,
       43.5707733649816
      ],
      [
       -79.7586181996417,
       43.5710842513816
      ],
      [
       -79.7590530829426,
       43.5713906099096
      ],
      [
       -79.7594839167308,
       43.5717059269065
      ],
      [
       -79.7599255886333,
       43.5720213598421
      ],
      [
       -79.7603473301357,
       43.5723275708469
      ],
      [
       -79.7607791358065,
       43.5726338893878
      ],
      [
       -79.761206892099,
       43.5729491664818
      ],
      [
       -79.7616339712515,
       43.5732599325886
      ],
      [
       -79.7627064236582,
       43.5740323902483
      ],
      [
       -79.7637235163386,
       43.5747502146176
      ],
      [
       -79.7641607735411,
       43.5750565792544
      ],
      [
       -79.7645972613068,
       43.5753629338919
      ],
      [
       -79.7650322057455,
       43.5756692701783
      ],
      [
       -79.7654716139576,
       43.5759846570806
      ],
      [
       -79.7658935031783,
       43.5762863470368
      ],
      [
       -79.7663252733775,
       43.5765971461371
      ],
      [
       -79.7667539524421,
       43.5769079102464
      ],
      [
       -79.7671903749027,
       43.5772187562469
      ],
      [
       -79.76762215844,
       43.5775295505579
      ],
      [
       -79.7680523986071,
       43.5778403265933
      ],
      [
       -79.7685130491566,
       43.5781784408321
      ],
      [
       -79.769608436176,
       43.5789735905367
      ],
      [
       -79.7735784548474,
       43.5818480328828
      ],
      [
       -79.7763518653776,
       43.583849645248
      ],
      [
       -79.7793770635259,
       43.5860429640562
      ],
      [
       -79.7849151871112,
       43.590063753275
      ],
      [
       -79.7871661472411,
       43.5917083884047
      ],
      [
       -79.7872054845189,
       43.5916772915809
      ],
      [
       -79.7872473248111,
       43.5916372172442
      ],
      [
       -79.7883141753307,
       43.5906760929351
      ],
      [
       -79.7893384704035,
       43.5897505240031
      ],
      [
       -79.7904802314566,
       43.5887181399742
      ],
      [
       -79.7925239226449,
       43.5868714034427
      ],
      [
       -79.793528378131,
       43.5859635947753
      ],
      [
       -79.7946085451612,
       43.5849845429747
      ],
      [
       -79.7956183556735,
       43.5840767720461
      ],
      [
       -79.7966377821961,
       43.5831510851125
      ],
      [
       -79.7976514907928,
       43.5822388348692
      ],
      [
       -79.7976609576287,
       43.5822299303724
      ],
      [
       -79.7976964134456,
       43.5821987890488
      ],
      [
       -79.7977390141268,
       43.5821587187893
      ],
      [
       -79.7987118168957,
       43.5812775429715
      ],
      [
       -79.7997791640829,
       43.5803118127235
      ],
      [
       -79.8007329752584,
       43.5794484281053
      ],
      [
       -79.8008180792817,
       43.5793727862766
      ],
      [
       -79.8009134229178,
       43.5792882477179
      ],
      [
       -79.8022257615789,
       43.5802519360451
      ],
      [
       -79.8035175126271,
       43.5812018875969
      ],
      [
       -79.8048246056395,
       43.5821609889213
      ],
      [
       -79.8074379644469,
       43.5840881418335
      ],
      [
       -79.8078773025798,
       43.5844213729614
      ],
      [
       -79.808137063153,
       43.5846356772692
      ],
      [
       -79.808363124405,
       43.5848316215494
      ],
      [
       -79.8086003533671,
       43.5850501919436
      ],
      [
       -79.8088380029936,
       43.5852867743585
      ],
      [
       -79.8090543122675,
       43.5855456441083
      ],
      [
       -79.8093306817002,
       43.5858996817509
      ],
      [
       -79.8095639750039,
       43.5862397640194
      ],
      [
       -79.8097467170871,
       43.5865523072459
      ],
      [
       -79.8099117469325,
       43.586860163732
      ],
      [
       -79.8100262480995,
       43.5870999634833
      ],
      [
       -79.8101048136385,
       43.5873168788885
      ],
      [
       -79.8101855891829,
       43.5875788375588
      ],
      [
       -79.8102606571199,
       43.5878947611419
      ],
      [
       -79.8103265019336,
       43.588246604926
      ],
      [
       -79.8082017563646,
       43.5901063210188
      ],
      [
       -79.8064477698719,
       43.5916907429427
      ],
      [
       -79.805345131829,
       43.5926741728155
      ],
      [
       -79.8038773532465,
       43.5939914236538
      ],
      [
       -79.8030571253913,
       43.5947076641803
      ],
      [
       -79.8022916330727,
       43.5953569418484
      ],
      [
       -79.8017737030944,
       43.5957431901152
      ],
      [
       -79.8013197237148,
       43.5960670782768
      ],
      [
       -79.8008652334925,
       43.5963774531782
      ],
      [
       -79.8002851154206,
       43.5967360300734
      ],
      [
       -79.799759302477,
       43.5970501539698
      ],
      [
       -79.7994156862127,
       43.5972356304898
      ],
      [
       -79.799007869905,
       43.5974564476532
      ],
      [
       -79.7984838931633,
       43.597716560637
      ],
      [
       -79.7980045774896,
       43.5979501286985
      ],
      [
       -79.7975258856681,
       43.5981521871362
      ],
      [
       -79.7970471009872,
       43.598358744604
      ],
      [
       -79.7965140306957,
       43.5985692305475
      ],
      [
       -79.7959367385188,
       43.5987837502124
      ],
      [
       -79.7953957733075,
       43.5989626335971
      ],
      [
       -79.7949265692514,
       43.5991152588317
      ],
      [
       -79.7940713871717,
       43.5993628552665
      ],
      [
       -79.7933956120009,
       43.5995448088718
      ],
      [
       -79.7926038837235,
       43.59971652971
      ],
      [
       -79.7918846016666,
       43.599866500651
      ],
      [
       -79.7910577927977,
       43.6000108278588
      ],
      [
       -79.7902401276723,
       43.6001237317003
      ],
      [
       -79.7894507820942,
       43.6002144194959
      ],
      [
       -79.7879303691655,
       43.6003468744624
      ],
      [
       -79.7899219828984,
       43.6018176259375
      ]
     ]
    ]
   },
   "properties": {
    "OBJECTID_1": 24,
    "OBJECTID": 24,
    "WARDNUM": "9",
    "MUNIC": "Mississauga",
    "Mayor": "Bonnie Crombie",
    "FirstName0": "Pat",
    "LastName0": "Saito",
    "Phone0": "1-905-896-5900",
    "email0": "pat.saito@mississauga.ca",
    "FirstName1": " ",
    "LastName1": " ",
    "Phone1": " ",
    "email1": " ",
    "RC_Name": "Nando Iannicca",
    "Shape_Leng": 26159.3362007,
    "WardName": "Ward 9",
    "Shape__Area": 21078880.6875,
    "Shape__Length": 26159.3362006883
   }
  },
  {
   "type": "Feature",
   "id": 25,
   "geometry": {
    "type": "Polygon",
    "coordinates": [
     [
      [
       -79.7175355929771,
       43.549124456793
      ],
      [
       -79.718831867579,
       43.5479774620933
      ],
      [
       -79.7202880531344,
       43.5466566625014
      ],
      [
       -79.7211644397983,
       43.5458606019458
      ],
      [
       -79.7238084413461,
       43.5434590386606
      ],
      [
       -79.7260532019774,
       43.5414176313812
      ],
      [
       -79.7280454006868,
       43.5396074764529
      ],
      [
       -79.7294097673594,
       43.5383665737433
      ],
      [
       -79.7313063936486,
       43.5366408377236
      ],
      [
       -79.7331634152628,
       43.5349911658256
      ],
      [
       -79.7348303462398,
       43.5334384050485
      ],
      [
       -79.7350173889971,
       43.5332603922449
      ],
      [
       -79.7351780000541,
       43.5333477086301
      ],
      [
       -79.7353422387916,
       43.5331874512512
      ],
      [
       -79.7410539741056,
       43.5361903443057
      ],
      [
       -79.7422184057235,
       43.5368109406335
      ],
      [
       -79.7427231272922,
       43.5370911186543
      ],
      [
       -79.7432949762289,
       43.537417053038
      ],
      [
       -79.7437588118837,
       43.5376922749347
      ],
      [
       -79.7443064167716,
       43.538031444009
      ],
      [
       -79.7448989111124,
       43.5384071198104
      ],
      [
       -79.7454391949494,
       43.5387642113073
      ],
      [
       -79.7461867729889,
       43.5392721420743
      ],
      [
       -79.7469238430707,
       43.5398024630562
      ],
      [
       -79.748623325499,
       43.5410411380234
      ],
      [
       -79.7541465287623,
       43.5450767843126
      ],
      [
       -79.7550109666963,
       43.5457029840506
      ],
      [
       -79.7556816389379,
       43.5461965085538
      ],
      [
       -79.7561758640762,
       43.5465800599857
      ],
      [
       -79.7565799319157,
       43.546908603957
      ],
      [
       -79.7569434705504,
       43.5472141954956
      ],
      [
       -79.7574480201229,
       43.5476608824566
      ],
      [
       -79.7579835521079,
       43.5481439202464
      ],
      [
       -79.7589056148326,
       43.5489823130517
      ],
      [
       -79.7601695238113,
       43.5501305462189
      ],
      [
       -79.7604825988247,
       43.5504085667202
      ],
      [
       -79.7609509001618,
       43.5508143264948
      ],
      [
       -79.761680761349,
       43.5514075022385
      ],
      [
       -79.7621953084732,
       43.5518227619209
      ],
      [
       -79.7632108854795,
       43.5525585848819
      ],
      [
       -79.7636228218618,
       43.5528466703544
      ],
      [
       -79.7641344088696,
       43.5531808522434
      ],
      [
       -79.764523881802,
       43.5534326751598
      ],
      [
       -79.7650861685246,
       43.5537854089143
      ],
      [
       -79.7655730697108,
       43.5540787991692
      ],
      [
       -79.7660004611031,
       43.5543310264832
      ],
      [
       -79.7671676762997,
       43.5549964180147
      ],
      [
       -79.7680893355208,
       43.5555240900381
      ],
      [
       -79.7687584633493,
       43.5559139733868
      ],
      [
       -79.7693567921992,
       43.5562850824376
      ],
      [
       -79.7698465541829,
       43.5565919913641
      ],
      [
       -79.7712885101937,
       43.5576024527713
      ],
      [
       -79.7727144015975,
       43.5586442377574
      ],
      [
       -79.7741631873597,
       43.5597042585358
      ],
      [
       -79.7756386472878,
       43.560787056762
      ],
      [
       -79.7770663272352,
       43.5618243041738
      ],
      [
       -79.7781385075652,
       43.5626101217133
      ],
      [
       -79.7795608573721,
       43.5636472807715
      ],
      [
       -79.780915209969,
       43.5646431784512
      ],
      [
       -79.7833550768335,
       43.5664249702553
      ],
      [
       -79.7843787136741,
       43.5671696937589
      ],
      [
       -79.7852102366171,
       43.5678088195895
      ],
      [
       -79.7857479367924,
       43.5682422266554
      ],
      [
       -79.7863387256286,
       43.568730219357
      ],
      [
       -79.7867747011764,
       43.5691040149135
      ],
      [
       -79.7877505522767,
       43.5699202335116
      ],
      [
       -79.7884815001634,
       43.5705222523735
      ],
      [
       -79.7892626711537,
       43.5711293005048
      ],
      [
       -79.7897973719357,
       43.5715221381906
      ],
      [
       -79.7901115948291,
       43.5717550685384
      ],
      [
       -79.7912105581224,
       43.5724960255696
      ],
      [
       -79.7920783995101,
       43.5730679544355
      ],
      [
       -79.7931429818724,
       43.5737500029346
      ],
      [
       -79.7940239255671,
       43.5743265573151
      ],
      [
       -79.7951466149834,
       43.575085734749
      ],
      [
       -79.7956879390062,
       43.5754606063434
      ],
      [
       -79.796670033877,
       43.5761687649843
      ],
      [
       -79.7974137401228,
       43.5767213381382
      ],
      [
       -79.7991669375173,
       43.5780093437145
      ],
      [
       -79.8009134229178,
       43.5792882477179
      ],
      [
       -79.8008180792817,
       43.5793727862766
      ],
      [
       -79.8007329752584,
       43.5794484281053
      ],
      [
       -79.7997791640829,
       43.5803118127235
      ],
      [
       -79.7987118168957,
       43.5812775429715
      ],
      [
       -79.7977390141268,
       43.5821587187893
      ],
      [
       -79.7976964134456,
       43.5821987890488
      ],
      [
       -79.7976609576287,
       43.5822299303724
      ],
      [
       -79.7976514907928,
       43.5822388348692
      ],
      [
       -79.7966377821961,
       43.5831510851125
      ],
      [
       -79.7956183556735,
       43.5840767720461
      ],
      [
       -79.7946085451612,
       43.5849845429747
      ],
      [
       -79.793528378131,
       43.5859635947753
      ],
      [
       -79.7925239226449,
       43.5868714034427
      ],
      [
       -79.7904802314566,
       43.5887181399742
      ],
      [
       -79.7893384704035,
       43.5897505240031
      ],
      [
       -79.7883141753307,
       43.5906760929351
      ],
      [
       -79.7872473248111,
       43.5916372172442
      ],
      [
       -79.7872054845189,
       43.5916772915809
      ],
      [
       -79.7871661472411,
       43.5917083884047
      ],
      [
       -79.7849151871112,
       43.590063753275
      ],
      [
       -79.7793770635259,
       43.5860429640562
      ],
      [
       -79.7763518653776,
       43.583849645248
      ],
      [
       -79.7735784548474,
       43.5818480328828
      ],
      [
       -79.769608436176,
       43.5789735905367
      ],
      [
       -79.7685130491566,
       43.5781784408321
      ],
      [
       -79.7680523986071,
       43.5778403265933
      ],
      [
       -79.76762215844,
       43.5775295505579
      ],
      [
       -79.7671903749027,
       43.5772187562469
      ],
      [
       -79.7667539524421,
       43.5769079102464
      ],
      [
       -79.7663252733775,
       43.5765971461371
      ],
      [
       -79.7658935031783,
       43.5762863470368
      ],
      [
       -79.7654716139576,
       43.5759846570806
      ],
      [
       -79.7650322057455,
       43.5756692701783
      ],
      [
       -79.7645972613068,
       43.5753629338919
      ],
      [
       -79.7641607735411,
       43.5750565792544
      ],
      [
       -79.7637235163386,
       43.5747502146176
      ],
      [
       -79.7627064236582,
       43.5740323902483
      ],
      [
       -79.7616339712515,
       43.5732599325886
      ],
      [
       -79.761206892099,
       43.5729491664818
      ],
      [
       -79.7607791358065,
       43.5726338893878
      ],
      [
       -79.7603473301357,
       43.5723275708469
      ],
      [
       -79.7599255886333,
       43.5720213598421
      ],
      [
       -79.7594839167308,
       43.5717059269065
      ],
      [
       -79.7590530829426,
       43.5713906099096
      ],
      [
       -79.7586181996417,
       43.5710842513816
      ],
      [
       -79.758181091805,
       43.5707733649816
      ],
      [
       -79.7577562768932,
       43.5704671125288
      ],
      [
       -79.75733979304,
       43.5701699531334
      ],
      [
       -79.7569447019815,
       43.5698865309653
      ],
      [
       -79.7565528024316,
       43.5695986400969
      ],
      [
       -79.7560348056047,
       43.5692328410272
      ],
      [
       -79.7556366316392,
       43.5689493807578
      ],
      [
       -79.7552352735632,
       43.5686703864616
      ],
      [
       -79.75483401193,
       43.5683868897556
      ],
      [
       -79.7544381705102,
       43.5681034506911
      ],
      [
       -79.7540523918713,
       43.5678201199258
      ],
      [
       -79.7537168503815,
       43.5675778539501
      ],
      [
       -79.7533440468425,
       43.5673036663214
      ],
      [
       -79.7529035890497,
       43.5669702128536
      ],
      [
       -79.7524882056383,
       43.5666595415345
      ],
      [
       -79.752099350333,
       43.566376170553
      ],
      [
       -79.7517052683322,
       43.5660837370769
      ],
      [
       -79.7513133254111,
       43.5658003296855
      ],
      [
       -79.7509175174464,
       43.5655168787078
      ],
      [
       -79.7505179375394,
       43.5652288830774
      ],
      [
       -79.7501297813402,
       43.5649500150337
      ],
      [
       -79.7497334900699,
       43.5646530485102
      ],
      [
       -79.7493133102362,
       43.5643513171978
      ],
      [
       -79.7468430669681,
       43.5664762406572
      ],
      [
       -79.7449275541985,
       43.5680804628621
      ],
      [
       -79.7442174767315,
       43.5686939461454
      ],
      [
       -79.7428062475513,
       43.5676294586814
      ],
      [
       -79.7408340476989,
       43.5661896083942
      ],
      [
       -79.738843255938,
       43.5647180044172
      ],
      [
       -79.7367043425601,
       43.5631546877967
      ],
      [
       -79.7336056844883,
       43.5608648773079
      ],
      [
       -79.7306858556544,
       43.5587300376325
      ],
      [
       -79.7278882293766,
       43.5567180381147
      ],
      [
       -79.7259127630778,
       43.5552463778439
      ],
      [
       -79.7227882371107,
       43.5529739918809
      ],
      [
       -79.7201722801202,
       43.5510673789757
      ],
      [
       -79.7175355929771,
       43.549124456793
      ]
     ]
    ]
   },
   "properties": {
    "OBJECTID_1": 25,
    "OBJECTID": 25,
    "WARDNUM": "10",
    "MUNIC": "Mississauga",
    "Mayor": "Bonnie Crombie",
    "FirstName0": "Sue",
    "LastName0": "McFadden",
    "Phone0": "1-905-896-5010",
    "email0": "sue.mcfadden@mississauga.ca",
    "FirstName1": " ",
    "LastName1": " ",
    "Phone1": " ",
    "email1": " ",
    "RC_Name": "Nando Iannicca",
    "Shape_Leng": 19457.1555737,
    "WardName": "Ward 10",
    "Shape__Area": 14924742.25,
    "Shape__Length": 19457.155573678578
   }
  },
  {
   "type": "Feature",
   "id": 26,
   "geometry": {
    "type": "Polygon",
    "coordinates": [
     [
      [
       -79.7203144065322,
       43.6458049012259
      ],
      [
       -79.7202611491443,
       43.6458313168228
      ],
      [
       -79.7202425650101,
       43.6458671245888
      ],
      [
       -79.7202613607457,
       43.6458943469227
      ],
      [
       -79.7202899417638,
       43.6459351847551
      ],
      [
       -79.7203104782008,
       43.6459534226087
      ],
      [
       -79.7203172702404,
       43.64599851846
      ],
      [
       -79.7203262910302,
       43.6460481412444
      ],
      [
       -79.7203137138835,
       43.646093020236
      ],
      [
       -79.7203104339436,
       43.6461380033191
      ],
      [
       -79.7203060925363,
       43.646196480459
      ],
      [
       -79.7203012630429,
       43.646241446192
      ],
      [
       -79.7203081506673,
       43.6462820411314
      ],
      [
       -79.7202912115235,
       43.6463133653397
      ],
      [
       -79.7202518039883,
       43.6463444379764
      ],
      [
       -79.7201894399764,
       43.6463617476119
      ],
      [
       -79.720136851079,
       43.6463566567704
      ],
      [
       -79.7200964572457,
       43.6463246905836
      ],
      [
       -79.720011116672,
       43.6462562051996
      ],
      [
       -79.7199463127013,
       43.6462059576713
      ],
      [
       -79.7198776249925,
       43.6461196507643
      ],
      [
       -79.7198319893017,
       43.6460426059687
      ],
      [
       -79.7197929442172,
       43.6459836428961
      ],
      [
       -79.7197530288375,
       43.6459291720421
      ],
      [
       -79.7197301583658,
       43.6458748920988
      ],
      [
       -79.7197157147379,
       43.6458252085236
      ],
      [
       -79.7196931410587,
       43.6457934418005
      ],
      [
       -79.7196604954733,
       43.6457615622493
      ],
      [
       -79.7196200066743,
       43.6457340968087
      ],
      [
       -79.7195678008483,
       43.6457110020734
      ],
      [
       -79.7195027207452,
       43.6457102729859
      ],
      [
       -79.7194117768459,
       43.6456867441819
      ],
      [
       -79.7192273736929,
       43.6456486621324
      ],
      [
       -79.7191525087023,
       43.6456343172568
      ],
      [
       -79.7190984666654,
       43.6456247076724
      ],
      [
       -79.719031932801,
       43.645619460044
      ],
      [
       -79.7189557096987,
       43.6455960958569
      ],
      [
       -79.7188358993016,
       43.6455452311701
      ],
      [
       -79.718746983835,
       43.6454992146692
      ],
      [
       -79.7186667822282,
       43.6454442918243
      ],
      [
       -79.7186049836001,
       43.6453985792032
      ],
      [
       -79.7185686563966,
       43.645357654102
      ],
      [
       -79.7185243810719,
       43.6452896279906
      ],
      [
       -79.7184968634015,
       43.6452352956929
      ],
      [
       -79.7184744819792,
       43.6451945269201
      ],
      [
       -79.7184517177901,
       43.6451717617756
      ],
      [
       -79.7184244964869,
       43.6451399426883
      ],
      [
       -79.7183918519269,
       43.6451080627839
      ],
      [
       -79.7183581364211,
       43.6450536609553
      ],
      [
       -79.7183299399583,
       43.6449948190227
      ],
      [
       -79.718323053796,
       43.6449542239734
      ],
      [
       -79.718337373081,
       43.6449003607665
      ],
      [
       -79.7183390091931,
       43.6448598612808
      ],
      [
       -79.7183320273311,
       43.6448237671394
      ],
      [
       -79.7183012196172,
       43.6447784018609
      ],
      [
       -79.718255500271,
       43.6447418733168
      ],
      [
       -79.718206394833,
       43.6447188127253
      ],
      [
       -79.7181410196898,
       43.6446955696472
      ],
      [
       -79.7178734173813,
       43.6445980265333
      ],
      [
       -79.7178249912133,
       43.6445794753788
      ],
      [
       -79.7177760775704,
       43.6445474127905
      ],
      [
       -79.7177239692393,
       43.6445198163224
      ],
      [
       -79.7176885136569,
       43.6444743987336
      ],
      [
       -79.7176489841904,
       43.6444019235372
      ],
      [
       -79.7176338636213,
       43.6443477301124
      ],
      [
       -79.7176078966575,
       43.6442934149916
      ],
      [
       -79.717573311798,
       43.6442435051532
      ],
      [
       -79.7175340785368,
       43.644193543147
      ],
      [
       -79.7175132476256,
       43.6441527915775
      ],
      [
       -79.7175320243471,
       43.6441079824436
      ],
      [
       -79.7175660085824,
       43.6440768498833
      ],
      [
       -79.7176118054159,
       43.6440368458837
      ],
      [
       -79.7176551822122,
       43.644001316696
      ],
      [
       -79.7176777367261,
       43.6439610519032
      ],
      [
       -79.7176686226405,
       43.6439159298307
      ],
      [
       -79.7176262992382,
       43.6439019490407
      ],
      [
       -79.7175812685989,
       43.643905945788
      ],
      [
       -79.7175103842588,
       43.6439231583719
      ],
      [
       -79.7174423029503,
       43.6439178924554
      ],
      [
       -79.7173520415443,
       43.6438988716493
      ],
      [
       -79.7172593601961,
       43.6438843255955
      ],
      [
       -79.7171969894946,
       43.6438656176757
      ],
      [
       -79.7171251303835,
       43.6438558071885
      ],
      [
       -79.7170701239463,
       43.6438551897837
      ],
      [
       -79.7170184163926,
       43.6438816212741
      ],
      [
       -79.716970295073,
       43.6439215989435
      ],
      [
       -79.7169254642671,
       43.6439526095669
      ],
      [
       -79.7168833408846,
       43.6439656426389
      ],
      [
       -79.7168213616935,
       43.6439649468371
      ],
      [
       -79.7167790384609,
       43.6439509657355
      ],
      [
       -79.7167007897547,
       43.6439500872091
      ],
      [
       -79.7166432673615,
       43.643958445314
      ],
      [
       -79.716563181662,
       43.6439710520128
      ],
      [
       -79.7164394229537,
       43.6439966741617
      ],
      [
       -79.7163192502818,
       43.6440358423968
      ],
      [
       -79.7162230944302,
       43.6440752802617
      ],
      [
       -79.7161347817387,
       43.6441103041634
      ],
      [
       -79.7160599271819,
       43.6441319732317
      ],
      [
       -79.7159512792522,
       43.6441757725204
      ],
      [
       -79.7158842678638,
       43.6441930276035
      ],
      [
       -79.7158113461752,
       43.6441967102974
      ],
      [
       -79.7156764450742,
       43.6441996965191
      ],
      [
       -79.7154479034194,
       43.6442331440955
      ],
      [
       -79.7153499021057,
       43.644250050575
      ],
      [
       -79.7152622674733,
       43.644289583403
      ],
      [
       -79.7151516854356,
       43.644351368115
      ],
      [
       -79.7150505920146,
       43.6444042554293
      ],
      [
       -79.7149777730846,
       43.6444394526156
      ],
      [
       -79.7149127015287,
       43.6444747368621
      ],
      [
       -79.71486477028,
       43.6445057118129
      ],
      [
       -79.7148351449997,
       43.6445503985219
      ],
      [
       -79.7148295368432,
       43.6445953552761
      ],
      [
       -79.7148542398138,
       43.644636150867
      ],
      [
       -79.7148852367686,
       43.6446725152384
      ],
      [
       -79.7149500348334,
       43.6447227655769
      ],
      [
       -79.7150080521685,
       43.6447639356837
      ],
      [
       -79.7150679069349,
       43.644791620474
      ],
      [
       -79.7151222425578,
       43.6448237451704
      ],
      [
       -79.7151820014947,
       43.6448559308046
      ],
      [
       -79.7152406906828,
       43.6448655944775
      ],
      [
       -79.7153033495793,
       43.6448708007586
      ],
      [
       -79.7153538043281,
       43.6448668658752
      ],
      [
       -79.7154145226835,
       43.6448540423602
      ],
      [
       -79.7154540349785,
       43.6448544864311
      ],
      [
       -79.7154846413359,
       43.644872838325
      ],
      [
       -79.7155136022915,
       43.6448956737005
      ],
      [
       -79.7155073157684,
       43.6449361208813
      ],
      [
       -79.7154746876523,
       43.6449762720258
      ],
      [
       -79.7154273391859,
       43.6450162577215
      ],
      [
       -79.7153586885942,
       43.6450740118985
      ],
      [
       -79.7152840317065,
       43.6451226945604
      ],
      [
       -79.7152147979826,
       43.6451714381334
      ],
      [
       -79.7151450772299,
       43.6452066702466
      ],
      [
       -79.7150778725661,
       43.6452329266411
      ],
      [
       -79.7150193820714,
       43.6452502770033
      ],
      [
       -79.714960404668,
       43.6452541159188
      ],
      [
       -79.7148886402692,
       43.6452398031099
      ],
      [
       -79.7148200778892,
       43.6452570401254
      ],
      [
       -79.7147565548616,
       43.6452923416889
      ],
      [
       -79.7147128874988,
       43.64534137244
      ],
      [
       -79.7146799706886,
       43.6453950260494
      ],
      [
       -79.7146517983523,
       43.6454442310231
      ],
      [
       -79.7146107498924,
       43.6455158010877
      ],
      [
       -79.7145917785697,
       43.6455696115004
      ],
      [
       -79.7145698041605,
       43.6456188861552
      ],
      [
       -79.7145452174538,
       43.6456816373671
      ],
      [
       -79.7145047446746,
       43.6457262019827
      ],
      [
       -79.7144605900216,
       43.6457617212117
      ],
      [
       -79.7144191436139,
       43.6457792629636
      ],
      [
       -79.7143704295854,
       43.645774213052
      ],
      [
       -79.7143337210345,
       43.6457512902419
      ],
      [
       -79.7143092166794,
       43.6457375086622
      ],
      [
       -79.7142745444205,
       43.6457281146796
      ],
      [
       -79.7142193443023,
       43.6457364976825
      ],
      [
       -79.7141736399514,
       43.6457719993671
      ],
      [
       -79.7141295810961,
       43.645803017565
      ],
      [
       -79.714095402062,
       43.64584315086
      ],
      [
       -79.714046502472,
       43.6458831185249
      ],
      [
       -79.7139812367338,
       43.6459274040055
      ],
      [
       -79.7139485110209,
       43.6459720555877
      ],
      [
       -79.7139281815048,
       43.646016846643
      ],
      [
       -79.7139059118261,
       43.6460436079428
      ],
      [
       -79.7138620447233,
       43.6460656242333
      ],
      [
       -79.7138053907591,
       43.6460694886958
      ],
      [
       -79.7137316919355,
       43.6460731613133
      ],
      [
       -79.7136730018361,
       43.6460634968559
      ],
      [
       -79.7136265096166,
       43.6460269577714
      ],
      [
       -79.7135771105255,
       43.6459813819907
      ],
      [
       -79.7135364260524,
       43.6459269003151
      ],
      [
       -79.7135091047707,
       43.6458635650768
      ],
      [
       -79.7134867265221,
       43.6458227953707
      ],
      [
       -79.7134839095028,
       43.6457732418801
      ],
      [
       -79.7134883535551,
       43.6457102641779
      ],
      [
       -79.7134706239397,
       43.6456695467919
      ],
      [
       -79.7134336214173,
       43.645624110482
      ],
      [
       -79.7133857723162,
       43.6455785520632
      ],
      [
       -79.7133325960568,
       43.6455284316748
      ],
      [
       -79.7132943324629,
       43.6454694751814
      ],
      [
       -79.7132332105801,
       43.6453922534146
      ],
      [
       -79.7131936919495,
       43.6453557926598
      ],
      [
       -79.713141873364,
       43.6453146914276
      ],
      [
       -79.7130930577718,
       43.645278125964
      ],
      [
       -79.7130684518507,
       43.6452328291099
      ],
      [
       -79.7130397740589,
       43.6451604745179
      ],
      [
       -79.7129938477471,
       43.6450248979677
      ],
      [
       -79.7129806651664,
       43.6449527178361
      ],
      [
       -79.7129845271256,
       43.6448807296292
      ],
      [
       -79.7129901307842,
       43.6447997570713
      ],
      [
       -79.713018592464,
       43.6447370498183
      ],
      [
       -79.7130711673659,
       43.6446701120814
      ],
      [
       -79.7131352672598,
       43.6446078060601
      ],
      [
       -79.7131970427819,
       43.6445454738333
      ],
      [
       -79.7132422542046,
       43.6444604451893
      ],
      [
       -79.7132766190803,
       43.6443752944195
      ],
      [
       -79.7132974289013,
       43.6443079989683
      ],
      [
       -79.713291801353,
       43.644244907877
      ],
      [
       -79.7132690334172,
       43.6441861258055
      ],
      [
       -79.7132274795722,
       43.6441361361997
      ],
      [
       -79.7131731455918,
       43.6441040106188
      ],
      [
       -79.7131149379688,
       43.6440718413985
      ],
      [
       -79.7130783270232,
       43.6440444172977
      ],
      [
       -79.7130390976503,
       43.6439944537946
      ],
      [
       -79.7130221435561,
       43.6439537450604
      ],
      [
       -79.7130216511841,
       43.6439042177188
      ],
      [
       -79.7130434339967,
       43.6438639451544
      ],
      [
       -79.7130838104658,
       43.6438238819397
      ],
      [
       -79.7131297061278,
       43.6437793788691
      ],
      [
       -79.7131777277219,
       43.6437078878241
      ],
      [
       -79.7132104466801,
       43.6436272205143
      ],
      [
       -79.7132493634157,
       43.6435466229682
      ],
      [
       -79.7132921537069,
       43.6434660690143
      ],
      [
       -79.7133308780737,
       43.6433944732365
      ],
      [
       -79.7133576931683,
       43.6433362493293
      ],
      [
       -79.7133782142982,
       43.6432824565477
      ],
      [
       -79.7134148125699,
       43.6432378486989
      ],
      [
       -79.7134490866002,
       43.643193214676
      ],
      [
       -79.7134787122089,
       43.6431485283204
      ],
      [
       -79.7134864470445,
       43.6430765836666
      ],
      [
       -79.713497184704,
       43.6430091747928
      ],
      [
       -79.7135020189513,
       43.6429642093822
      ],
      [
       -79.7135187560054,
       43.6428698561376
      ],
      [
       -79.7135181609062,
       43.6427888137551
      ],
      [
       -79.7135151455785,
       43.6427122461131
      ],
      [
       -79.7135236550243,
       43.6426403101701
      ],
      [
       -79.7135442718122,
       43.6425820164461
      ],
      [
       -79.7135830913426,
       43.6425059196596
      ],
      [
       -79.713635080999,
       43.6424299710828
      ],
      [
       -79.7136929801334,
       43.6423675949352
      ],
      [
       -79.7137567887677,
       43.6423187912085
      ],
      [
       -79.7138127540909,
       43.6422744011684
      ],
      [
       -79.7138775293077,
       43.6422166042842
      ],
      [
       -79.7139320410414,
       43.6421676958453
      ],
      [
       -79.7139799708727,
       43.6421367212561
      ],
      [
       -79.7140405841518,
       43.6420923833989
      ],
      [
       -79.7140731155916,
       43.6420567335394
      ],
      [
       -79.7140909274255,
       43.6420209180682
      ],
      [
       -79.7140980852743,
       43.6419759787661
      ],
      [
       -79.7140974959825,
       43.6419309523046
      ],
      [
       -79.7140883848552,
       43.6418858299678
      ],
      [
       -79.7140591246513,
       43.6418044650728
      ],
      [
       -79.7140436238505,
       43.6417682748092
      ],
      [
       -79.7140080766186,
       43.6417273570147
      ],
      [
       -79.7139593593693,
       43.6416862910252
      ],
      [
       -79.713911320869,
       43.6416497346354
      ],
      [
       -79.7138491456076,
       43.6416220231174
      ],
      [
       -79.7137783525744,
       43.6415987165713
      ],
      [
       -79.7136880958485,
       43.6415796929214
      ],
      [
       -79.7135688868303,
       43.641573849294
      ],
      [
       -79.7134418346967,
       43.6415724192424
      ],
      [
       -79.7133442214784,
       43.6415713204483
      ],
      [
       -79.7132662641888,
       43.6415569369033
      ],
      [
       -79.7131829800645,
       43.6415379913499
      ],
      [
       -79.7131114126893,
       43.6415146756728
      ],
      [
       -79.7130451722283,
       43.6414959219136
      ],
      [
       -79.7129769019181,
       43.6414996551765
      ],
      [
       -79.7129077607924,
       43.6415078805758
      ],
      [
       -79.7128235157837,
       43.641533943774
      ],
      [
       -79.7127502127242,
       43.6415556281579
      ],
      [
       -79.7126668384098,
       43.6415771990629
      ],
      [
       -79.7125947962864,
       43.6416124034986
      ],
      [
       -79.7125197513744,
       43.6416430720811
      ],
      [
       -79.7124629092345,
       43.6416559377323
      ],
      [
       -79.7123882487634,
       43.6416686026258
      ],
      [
       -79.7122792126144,
       43.6416943861365
      ],
      [
       -79.7121727889723,
       43.6417066930292
      ],
      [
       -79.7120516458073,
       43.6417188339589
      ],
      [
       -79.71192023902,
       43.6417398630609
      ],
      [
       -79.7118111011262,
       43.6417341310957
      ],
      [
       -79.7117132953272,
       43.6417420327038
      ],
      [
       -79.7116045473679,
       43.6417543128687
      ],
      [
       -79.7115144886127,
       43.641762301633
      ],
      [
       -79.7114464103486,
       43.6417570321796
      ],
      [
       -79.7113102538589,
       43.6417464931514
      ],
      [
       -79.7108989699182,
       43.6416653215369
      ],
      [
       -79.7108015491642,
       43.6416552187749
      ],
      [
       -79.7107259165387,
       43.6416408597179
      ],
      [
       -79.7106656818409,
       43.6416311762911
      ],
      [
       -79.7106106775728,
       43.6416305558031
      ],
      [
       -79.7105601290013,
       43.6416389895215
      ],
      [
       -79.7105047396058,
       43.6416563725702
      ],
      [
       -79.7104453803511,
       43.6416782127854
      ],
      [
       -79.7103767245483,
       43.641699948077
      ],
      [
       -79.7102985795953,
       43.641730580221
      ],
      [
       -79.7102330225193,
       43.6417523503909
      ],
      [
       -79.7101929345125,
       43.6417789099178
      ],
      [
       -79.7101651455254,
       43.6418101102068
      ],
      [
       -79.7101254469221,
       43.6418546820357
      ],
      [
       -79.710081099992,
       43.6418992013912
      ],
      [
       -79.7100414975833,
       43.6419392722929
      ],
      [
       -79.7099956974234,
       43.6419792732307
      ],
      [
       -79.7099563838732,
       43.642005841414
      ],
      [
       -79.7099219112171,
       43.6420234602575
      ],
      [
       -79.7098692307457,
       43.6420228656409
      ],
      [
       -79.7098190670804,
       43.642013295444
      ],
      [
       -79.7097647408576,
       43.6420171841849
      ],
      [
       -79.7096929855781,
       43.6420388840756
      ],
      [
       -79.709626749588,
       43.642056144249
      ],
      [
       -79.7095854970898,
       43.6420646824835
      ],
      [
       -79.7095485999143,
       43.6420507599624
      ],
      [
       -79.7095004674907,
       43.6420187026453
      ],
      [
       -79.7094519496768,
       43.6420046488874
      ],
      [
       -79.7094191188566,
       43.6419817682725
      ],
      [
       -79.7094120462786,
       43.6419501745337
      ],
      [
       -79.7094074905686,
       43.641909605248
      ],
      [
       -79.7094372148567,
       43.6418604190649
      ],
      [
       -79.7094690705084,
       43.6418202609045
      ],
      [
       -79.7094779739034,
       43.6417663376373
      ],
      [
       -79.7094711903915,
       43.641721241216
      ],
      [
       -79.7094453282628,
       43.6416624234269
      ],
      [
       -79.7094100733339,
       43.6416080015562
      ],
      [
       -79.7093806306636,
       43.6415716532371
      ],
      [
       -79.7093606772364,
       43.641526408096
      ],
      [
       -79.7093654180553,
       43.6414859437809
      ],
      [
       -79.7093688021863,
       43.6414364601795
      ],
      [
       -79.7093665706499,
       43.6413959171329
      ],
      [
       -79.7093442931764,
       43.6413506457449
      ],
      [
       -79.7093265675887,
       43.6413099277364
      ],
      [
       -79.7093276276297,
       43.6412604178908
      ],
      [
       -79.709328494934,
       43.6412199098349
      ],
      [
       -79.7093367200178,
       43.6411614769304
      ],
      [
       -79.7093602425856,
       43.641076204863
      ],
      [
       -79.7093819265985,
       43.6410044179794
      ],
      [
       -79.7094355659189,
       43.6409239879432
      ],
      [
       -79.7094804907126,
       43.6408524634537
      ],
      [
       -79.7095105034561,
       43.6407897745481
      ],
      [
       -79.7095302523864,
       43.6407359737192
      ],
      [
       -79.7095545491962,
       43.6406507103467
      ],
      [
       -79.7095890172324,
       43.6405970756869
      ],
      [
       -79.7096427562082,
       43.6405481605592
      ],
      [
       -79.7097090828596,
       43.6404903835389
      ],
      [
       -79.7097526543075,
       43.6404458555624
      ],
      [
       -79.7097735669623,
       43.6404100757604
      ],
      [
       -79.7097703678211,
       43.6403785257599
      ],
      [
       -79.7097494471173,
       43.6403422737269
      ],
      [
       -79.7097300758196,
       43.6403060391807
      ],
      [
       -79.7097268767055,
       43.6402744891787
      ],
      [
       -79.7097492423609,
       43.6402432277666
      ],
      [
       -79.7097774161399,
       43.6401940239772
      ],
      [
       -79.7098045261997,
       43.6401583141255
      ],
      [
       -79.7098398688236,
       43.6401362031466
      ],
      [
       -79.7098797632292,
       43.6401186455184
      ],
      [
       -79.7099328273099,
       43.6401012365213
      ],
      [
       -79.7099778555369,
       43.640097242756
      ],
      [
       -79.7100320837043,
       43.640097854788
      ],
      [
       -79.7100846661904,
       43.6401029502062
      ],
      [
       -79.7101294054996,
       43.6401124590732
      ],
      [
       -79.7101611677216,
       43.6401128175102
      ],
      [
       -79.7101985453595,
       43.6401042353375
      ],
      [
       -79.7102292396818,
       43.6400820717836
      ],
      [
       -79.7102517012994,
       43.6400463093704
      ],
      [
       -79.7102719351213,
       43.6400060198301
      ],
      [
       -79.7102732875628,
       43.6399790231851
      ],
      [
       -79.7102735720912,
       43.6399295045679
      ],
      [
       -79.7102636894154,
       43.6398843732087
      ],
      [
       -79.7102495438189,
       43.6398211858076
      ],
      [
       -79.710248471582,
       43.6397626479104
      ],
      [
       -79.7102597942759,
       43.6397042498776
      ],
      [
       -79.71026752806,
       43.6395962895158
      ],
      [
       -79.7102878492768,
       43.6394794672162
      ],
      [
       -79.710313304299,
       43.6393762087925
      ],
      [
       -79.7103212348905,
       43.6392952625507
      ],
      [
       -79.7103328418775,
       43.6391873458799
      ],
      [
       -79.7103567473373,
       43.6390840699571
      ],
      [
       -79.7103763897931,
       43.6389627379877
      ],
      [
       -79.7103805431501,
       43.6388772471324
      ],
      [
       -79.7103805298655,
       43.6387691993377
      ],
      [
       -79.7103860399778,
       43.6386927277582
      ],
      [
       -79.7103834182637,
       43.6386341723686
      ],
      [
       -79.7103600730618,
       43.6385663791841
      ],
      [
       -79.7103335373614,
       43.6385390678636
      ],
      [
       -79.7102945107141,
       43.6385161175791
      ],
      [
       -79.7102555803852,
       43.6384886663826
      ],
      [
       -79.7102311761868,
       43.6384703830609
      ],
      [
       -79.710204154797,
       43.6384295602729
      ],
      [
       -79.7101979531382,
       43.6383934744064
      ],
      [
       -79.7102004653949,
       43.6383484829008
      ],
      [
       -79.7101896157541,
       43.6383123445831
      ],
      [
       -79.7101672424491,
       43.6382715742371
      ],
      [
       -79.7101349911333,
       43.6382216884416
      ],
      [
       -79.710125979772,
       43.6381720649053
      ],
      [
       -79.7101252971208,
       43.6381315393303
      ],
      [
       -79.7101176425085,
       43.6380909350752
      ],
      [
       -79.7100967223558,
       43.638054683099
      ],
      [
       -79.7100587596767,
       43.6380182387825
      ],
      [
       -79.710001623132,
       43.6379725740826
      ],
      [
       -79.7099460359941,
       43.6379269268417
      ],
      [
       -79.7098995522291,
       43.6378903862964
      ],
      [
       -79.7098696253102,
       43.6378405266591
      ],
      [
       -79.7098682644865,
       43.6377954914398
      ],
      [
       -79.7099001176418,
       43.637755333101
      ],
      [
       -79.7099284827087,
       43.6376971274395
      ],
      [
       -79.709955976755,
       43.6376434139255
      ],
      [
       -79.7099895716928,
       43.6375942712473
      ],
      [
       -79.7099981849957,
       43.6375538505846
      ],
      [
       -79.7099997300878,
       43.6375178521338
      ],
      [
       -79.7099882023563,
       43.6374772041531
      ],
      [
       -79.7099639912566,
       43.6374499189787
      ],
      [
       -79.7099271930999,
       43.6374314957037
      ],
      [
       -79.7098787751622,
       43.6374129412615
      ],
      [
       -79.7098303572546,
       43.6373943867991
      ],
      [
       -79.7097990780638,
       43.6373715237929
      ],
      [
       -79.7097491068371,
       43.6373169358721
      ],
      [
       -79.7096949694226,
       43.6372397909658
      ],
      [
       -79.7096390901839,
       43.6371716303417
      ],
      [
       -79.7095837930515,
       43.6371124802343
      ],
      [
       -79.7095415687203,
       43.637057979682
      ],
      [
       -79.7094478284118,
       43.6369848895093
      ],
      [
       -79.7094075428461,
       43.6369484187434
      ],
      [
       -79.7093708415156,
       43.636925494395
      ],
      [
       -79.7092852411063,
       43.6369065198398
      ],
      [
       -79.7091970277254,
       43.6369010216712
      ],
      [
       -79.7091097817466,
       43.6368865303873
      ],
      [
       -79.7090226321864,
       43.6368675381392
      ],
      [
       -79.7089322877165,
       43.636853011723
      ],
      [
       -79.7088432998065,
       43.6368475045326
      ],
      [
       -79.7087469545182,
       43.6368599221016
      ],
      [
       -79.7086808203965,
       43.6368726809121
      ],
      [
       -79.7086320176821,
       43.6368721295398
      ],
      [
       -79.7085840860233,
       43.6368670860019
      ],
      [
       -79.7085249203311,
       43.6368439075634
      ],
      [
       -79.7084549096475,
       43.6368206065491
      ],
      [
       -79.7083909997583,
       43.6368018764195
      ],
      [
       -79.7083323195716,
       43.6367922093273
      ],
      [
       -79.7082403296702,
       43.6367821657558
      ],
      [
       -79.7081469833922,
       43.6367631028069
      ],
      [
       -79.7080404682196,
       43.6367438909295
      ],
      [
       -79.7079664881713,
       43.6367250467352
      ],
      [
       -79.7079158439445,
       43.6367019643078
      ],
      [
       -79.7078650068348,
       43.6366878836505
      ],
      [
       -79.7077907375128,
       43.6366825420319
      ],
      [
       -79.7077306047296,
       43.6366683562217
      ],
      [
       -79.7076824775208,
       43.6366362981751
      ],
      [
       -79.7076428714309,
       43.6366043364555
      ],
      [
       -79.7076296996922,
       43.6365681716308
      ],
      [
       -79.7076596184696,
       43.6365459999841
      ],
      [
       -79.7077041589409,
       43.6365284956346
      ],
      [
       -79.707738725519,
       43.6365063765164
      ],
      [
       -79.7077757124619,
       43.6364797827649
      ],
      [
       -79.7078130881562,
       43.6364712013431
      ],
      [
       -79.7078511420195,
       43.6364671295626
      ],
      [
       -79.7078875501379,
       43.6364675411515
      ],
      [
       -79.7079187286837,
       43.6364588896381
      ],
      [
       -79.7079564901593,
       43.6364323045833
      ],
      [
       -79.7079866981031,
       43.6363966301587
      ],
      [
       -79.7080115799832,
       43.6363563935352
      ],
      [
       -79.7080334597212,
       43.6363116209847
      ],
      [
       -79.7080676371944,
       43.6362714894201
      ],
      [
       -79.7081070442037,
       43.6362404209273
      ],
      [
       -79.7081574889738,
       43.6362004731997
      ],
      [
       -79.7082148089765,
       43.6361651051396
      ],
      [
       -79.7082878144996,
       43.6361209103425
      ],
      [
       -79.7083458125636,
       43.636090051866
      ],
      [
       -79.7083849300507,
       43.6360724859655
      ],
      [
       -79.708426082171,
       43.6360684490042
      ],
      [
       -79.7084802102691,
       43.6360735626253
      ],
      [
       -79.7085212659747,
       43.6360740265274
      ],
      [
       -79.7085896267505,
       43.6360657949517
      ],
      [
       -79.708649173881,
       43.6360349538228
      ],
      [
       -79.7086933246455,
       43.6359994367338
      ],
      [
       -79.7087330203378,
       43.635954865323
      ],
      [
       -79.7087689391922,
       43.6359057492438
      ],
      [
       -79.7088030195562,
       43.6358701183459
      ],
      [
       -79.7088434897137,
       43.6358255556443
      ],
      [
       -79.7088932553987,
       43.6357810979297
      ],
      [
       -79.7089391478513,
       43.6357365964429
      ],
      [
       -79.7089909481644,
       43.6357056676293
      ],
      [
       -79.7090405209014,
       43.635670211645
      ],
      [
       -79.7090746009704,
       43.635634580661
      ],
      [
       -79.7091027730534,
       43.6355853769791
      ],
      [
       -79.7091404333645,
       43.6355272764725
      ],
      [
       -79.7091719929342,
       43.6354646050669
      ],
      [
       -79.7091900946955,
       43.6354152876328
      ],
      [
       -79.7092153607815,
       43.6353570471274
      ],
      [
       -79.7092397558375,
       43.6353032987671
      ],
      [
       -79.7092755775312,
       43.635258683413
      ],
      [
       -79.7093135303509,
       43.635223096088
      ],
      [
       -79.7093657154044,
       43.6351741634943
      ],
      [
       -79.7093978564891,
       43.6351205025643
      ],
      [
       -79.7094067588167,
       43.6350665792293
      ],
      [
       -79.7094055910335,
       43.6350125421879
      ],
      [
       -79.7093833157762,
       43.6349672707871
      ],
      [
       -79.7093455481233,
       43.6349218244438
      ],
      [
       -79.70929868161,
       43.6349032872691
      ],
      [
       -79.7092472637522,
       43.6348801966899
      ],
      [
       -79.7092081435081,
       43.6348617469547
      ],
      [
       -79.7091433644574,
       43.6348475094144
      ],
      [
       -79.7091212859103,
       43.6348292521118
      ],
      [
       -79.7091171199959,
       43.6348066951219
      ],
      [
       -79.7091395802287,
       43.6347709328787
      ],
      [
       -79.7091635896724,
       43.6347351881269
      ],
      [
       -79.7091611657005,
       43.6347036468345
      ],
      [
       -79.7091395689954,
       43.6346628850357
      ],
      [
       -79.7091109044003,
       43.6346265453964
      ],
      [
       -79.7090736226879,
       43.6345946104142
      ],
      [
       -79.709040892349,
       43.6345672288138
      ],
      [
       -79.7090269455678,
       43.6345310553836
      ],
      [
       -79.7090210340632,
       43.6344814667432
      ],
      [
       -79.7090435905923,
       43.6344412036162
      ],
      [
       -79.7090833813377,
       43.6343921311557
      ],
      [
       -79.7091315964122,
       43.6343476558121
      ],
      [
       -79.7091964637116,
       43.6342853605521
      ],
      [
       -79.7092409982535,
       43.6342318396192
      ],
      [
       -79.7092552265052,
       43.6341824784212
      ],
      [
       -79.709264903413,
       43.6341285638359
      ],
      [
       -79.7092582171335,
       43.6340789664551
      ],
      [
       -79.7092372024867,
       43.634047215221
      ],
      [
       -79.7092021485343,
       43.6340198074243
      ],
      [
       -79.7091424998257,
       43.6339831178767
      ],
      [
       -79.7090723958286,
       43.6339643181682
      ],
      [
       -79.7089984188323,
       43.6339454746714
      ],
      [
       -79.7089253128643,
       43.6339221389767
      ],
      [
       -79.7088567582249,
       43.6339033566367
      ],
      [
       -79.7087774555017,
       43.6338799508476
      ],
      [
       -79.7087172288658,
       43.6338702664815
      ],
      [
       -79.708625728763,
       43.6338737347204
      ],
      [
       -79.7085412001212,
       43.6338772816563
      ],
      [
       -79.7084766184612,
       43.6338900578999
      ],
      [
       -79.7083875418621,
       43.6339250672533
      ],
      [
       -79.7083048548687,
       43.6339511447688
      ],
      [
       -79.7082325269945,
       43.6339638333338
      ],
      [
       -79.7081662995328,
       43.63398109279
      ],
      [
       -79.7081031704707,
       43.6339983872283
      ],
      [
       -79.7080569863417,
       43.6340203751531
      ],
      [
       -79.7080236812234,
       43.6340560146031
      ],
      [
       -79.7080013170524,
       43.634087275728
      ],
      [
       -79.7079788564139,
       43.6341230377464
      ],
      [
       -79.7079395471963,
       43.6341496053245
      ],
      [
       -79.7078778706655,
       43.6341714180458
      ],
      [
       -79.7078136743829,
       43.6341661903162
      ],
      [
       -79.7077070674281,
       43.6341514790761
      ],
      [
       -79.7076656243031,
       43.6341330025485
      ],
      [
       -79.7076412226352,
       43.6341147186918
      ],
      [
       -79.7076499334244,
       43.6340697972977
      ],
      [
       -79.7076561274364,
       43.6340338514233
      ],
      [
       -79.7076554464269,
       43.6339933258262
      ],
      [
       -79.7076323017727,
       43.6339525462369
      ],
      [
       -79.7076100282279,
       43.6339072745037
      ],
      [
       -79.7075774918755,
       43.6338708906983
      ],
      [
       -79.7075446661359,
       43.6338480095773
      ],
      [
       -79.7074984791488,
       43.633833981335
      ],
      [
       -79.7074251809498,
       43.6338196464846
      ],
      [
       -79.7071996739225,
       43.6338215980578
      ],
      [
       -79.7071078843113,
       43.6338385677725
      ],
      [
       -79.7070114470081,
       43.6338554848373
      ],
      [
       -79.706919172255,
       43.6338589429463
      ],
      [
       -79.7068176987383,
       43.6338577949175
      ],
      [
       -79.7067262951178,
       43.6338567607381
      ],
      [
       -79.7066733322257,
       43.6338696674258
      ],
      [
       -79.7066241458035,
       43.633887118811
      ],
      [
       -79.7065660524761,
       43.633922477337
      ],
      [
       -79.7064851092247,
       43.6339755851982
      ],
      [
       -79.7064174307449,
       43.6340243411383
      ],
      [
       -79.7063701816967,
       43.6340598222934
      ],
      [
       -79.7063005654757,
       43.6340905482785
      ],
      [
       -79.7062166178927,
       43.6341031040475
      ],
      [
       -79.7061544559384,
       43.6341114043782
      ],
      [
       -79.7060856122324,
       43.6341061230698
      ],
      [
       -79.7060240297972,
       43.6340874179597
      ],
      [
       -79.7059657390265,
       43.6340597461062
      ],
      [
       -79.7059022192444,
       43.6340230110431
      ],
      [
       -79.7058456710149,
       43.6339863548805
      ],
      [
       -79.7057959977187,
       43.633954278523
      ],
      [
       -79.7057494229053,
       43.6339222372291
      ],
      [
       -79.705695102071,
       43.6338901082017
      ],
      [
       -79.7056401999232,
       43.6338489685882
      ],
      [
       -79.7055977881663,
       43.6338034684103
      ],
      [
       -79.7055578935356,
       43.6337489927458
      ],
      [
       -79.7055319418568,
       43.6336946749756
      ],
      [
       -79.7055019239505,
       43.6336493151242
      ],
      [
       -79.7054765537086,
       43.6336040079031
      ],
      [
       -79.7054408237746,
       43.633572089308
      ],
      [
       -79.7053805965072,
       43.6335263872667
      ],
      [
       -79.7053213386937,
       43.633507708107
      ],
      [
       -79.7052454262619,
       43.6334708323029
      ],
      [
       -79.7051880076985,
       43.6334386679423
      ],
      [
       -79.7051399810579,
       43.6334021079626
      ],
      [
       -79.7050912765323,
       43.6333610382938
      ],
      [
       -79.7050690051152,
       43.6333157660874
      ],
      [
       -79.7050547696976,
       43.6332570789534
      ],
      [
       -79.7050292053198,
       43.6331847574974
      ],
      [
       -79.7049966696298,
       43.6331123570504
      ],
      [
       -79.7049709120496,
       43.6330490373689
      ],
      [
       -79.7049426374032,
       43.6329946931398
      ],
      [
       -79.7048916083203,
       43.6329175811324
      ],
      [
       -79.7048502623866,
       43.6328585867805
      ],
      [
       -79.7048234404456,
       43.6328087609705
      ],
      [
       -79.7047921643489,
       43.6327498807022
      ],
      [
       -79.7047583711792,
       43.6326999758799
      ],
      [
       -79.7047290322465,
       43.6326591255026
      ],
      [
       -79.7046893336249,
       43.6326316636837
      ],
      [
       -79.7046444062833,
       43.632595138615
      ],
      [
       -79.7045923143067,
       43.6325675363073
      ],
      [
       -79.7045445798295,
       43.6325534893315
      ],
      [
       -79.7044741888842,
       43.6325481895167
      ],
      [
       -79.7044283914045,
       43.6325521724048
      ],
      [
       -79.7043958586469,
       43.6325518036442
      ],
      [
       -79.7043630348427,
       43.6325289216283
      ],
      [
       -79.7043398929698,
       43.6324881413969
      ],
      [
       -79.7043301125465,
       43.6324385086448
      ],
      [
       -79.7043376622802,
       43.6323395504576
      ],
      [
       -79.7043755119137,
       43.6320203382376
      ],
      [
       -79.7044058144733,
       43.6319081319785
      ],
      [
       -79.7044121049428,
       43.6317956535337
      ],
      [
       -79.704422560317,
       43.6317417481656
      ],
      [
       -79.7044363073851,
       43.6316788761268
      ],
      [
       -79.7044506356029,
       43.6316250146531
      ],
      [
       -79.7044600252454,
       43.6315485872496
      ],
      [
       -79.7044501471698,
       43.6314674394618
      ],
      [
       -79.704443658498,
       43.6314088400415
      ],
      [
       -79.7044304897482,
       43.6313726748541
      ],
      [
       -79.7044057024058,
       43.6313363779678
      ],
      [
       -79.7043658113825,
       43.6313179178313
      ],
      [
       -79.7042987136077,
       43.6313036512579
      ],
      [
       -79.70422938886,
       43.6312848574085
      ],
      [
       -79.7041924995006,
       43.6312709332305
      ],
      [
       -79.704150381589,
       43.6312479457822
      ],
      [
       -79.7041100063001,
       43.6312159740949
      ],
      [
       -79.7040876396541,
       43.6311752025936
      ],
      [
       -79.7040820226554,
       43.6311121110428
      ],
      [
       -79.704089960253,
       43.63103116521
      ],
      [
       -79.7041145514539,
       43.6309684161513
      ],
      [
       -79.7041319780477,
       43.6309145898394
      ],
      [
       -79.704176126777,
       43.6308430585163
      ],
      [
       -79.704211852738,
       43.6308029456231
      ],
      [
       -79.7042659748264,
       43.6307720452455
      ],
      [
       -79.7043102218275,
       43.6307680448436
      ],
      [
       -79.7043572769803,
       43.6307775822286
      ],
      [
       -79.7044258266233,
       43.6307963672157
      ],
      [
       -79.7044991204054,
       43.6308107039423
      ],
      [
       -79.7045580841964,
       43.6308068702475
      ],
      [
       -79.7046210174992,
       43.6307985795189
      ],
      [
       -79.7046908252098,
       43.6307948686513
      ],
      [
       -79.7047394295817,
       43.6308044234356
      ],
      [
       -79.7047825153273,
       43.6308184176542
      ],
      [
       -79.7048334434358,
       43.6308279987306
      ],
      [
       -79.7048724618029,
       43.6308149348821
      ],
      [
       -79.7049420749095,
       43.6307842097114
      ],
      [
       -79.7050500283119,
       43.6307359109155
      ],
      [
       -79.7051469443349,
       43.6306964909613
      ],
      [
       -79.7052433755763,
       43.6306435594603
      ],
      [
       -79.7052810378744,
       43.6306214761286
      ],
      [
       -79.7053187967756,
       43.6305948918876
      ],
      [
       -79.7053412576155,
       43.6305591303737
      ],
      [
       -79.7053481305263,
       43.6305276942853
      ],
      [
       -79.7053520018038,
       43.6304917222066
      ],
      [
       -79.7053459970155,
       43.6304466342811
      ],
      [
       -79.7053351516052,
       43.6304104955078
      ],
      [
       -79.7053476396885,
       43.6303701190391
      ],
      [
       -79.7053792019097,
       43.6303434645879
      ],
      [
       -79.7054878321181,
       43.6302996750305
      ],
      [
       -79.7055463106346,
       43.6302823293552
      ],
      [
       -79.7056055636785,
       43.630264992421
      ],
      [
       -79.7056483577141,
       43.6302564730547
      ],
      [
       -79.7056836010824,
       43.6302748801169
      ],
      [
       -79.7057118734247,
       43.630293208231
      ],
      [
       -79.7057213631188,
       43.6303203276356
      ],
      [
       -79.7057151683897,
       43.6303562734183
      ],
      [
       -79.7057199141225,
       43.630387841095
      ],
      [
       -79.7057385053859,
       43.6304240675419
      ],
      [
       -79.7057755895877,
       43.6304650053753
      ],
      [
       -79.7057975689452,
       43.6304877642026
      ],
      [
       -79.7058306819869,
       43.6304971431154
      ],
      [
       -79.7058742507216,
       43.6304886324365
      ],
      [
       -79.7059177209792,
       43.6304486066884
      ],
      [
       -79.7059455067642,
       43.6304174073335
      ],
      [
       -79.7059602215461,
       43.6303815579983
      ],
      [
       -79.7059726126252,
       43.6303456823535
      ],
      [
       -79.7060036897353,
       43.6303055162637
      ],
      [
       -79.7060368973337,
       43.6302743782664
      ],
      [
       -79.7060992464853,
       43.6302210601962
      ],
      [
       -79.7061570447367,
       43.6301631885852
      ],
      [
       -79.7062110666458,
       43.6301007722074
      ],
      [
       -79.7062430145863,
       43.6300561139162
      ],
      [
       -79.7062616984448,
       43.6300158074742
      ],
      [
       -79.7062502711159,
       43.629970658215
      ],
      [
       -79.7062235478691,
       43.6299523477676
      ],
      [
       -79.7062164782323,
       43.6299207538045
      ],
      [
       -79.7062581090618,
       43.6298942130761
      ],
      [
       -79.7062856047426,
       43.6298765163261
      ],
      [
       -79.7063280100666,
       43.6298499843383
      ],
      [
       -79.7063658645731,
       43.6298188988372
      ],
      [
       -79.7064299573513,
       43.6297926122657
      ],
      [
       -79.7065072174979,
       43.6297664746695
      ],
      [
       -79.7065617259072,
       43.6297535855352
      ],
      [
       -79.7066426656601,
       43.6297364934697
      ],
      [
       -79.7067092773047,
       43.6297372471932
      ],
      [
       -79.7067694994806,
       43.6297469325687
      ],
      [
       -79.7068193629233,
       43.62977000669
      ],
      [
       -79.7068468608296,
       43.629788325763
      ],
      [
       -79.7068978849319,
       43.6297934050146
      ],
      [
       -79.7069467783914,
       43.6297894561565
      ],
      [
       -79.7069956718449,
       43.6297855072773
      ],
      [
       -79.7070499871754,
       43.6297816197092
      ],
      [
       -79.7070916175477,
       43.6297550786708
      ],
      [
       -79.7071273409291,
       43.6297149648266
      ],
      [
       -79.7071639353058,
       43.6296703588309
      ],
      [
       -79.7071995621011,
       43.6296347458627
      ],
      [
       -79.7072273468453,
       43.6296035461789
      ],
      [
       -79.707278847821,
       43.6295140888245
      ],
      [
       -79.7057923330865,
       43.6284212906671
      ],
      [
       -79.7030654693173,
       43.6263959991549
      ],
      [
       -79.6997350036208,
       43.6239180796758
      ],
      [
       -79.6995609458109,
       43.6237990476075
      ],
      [
       -79.7023760744499,
       43.6226470166561
      ],
      [
       -79.7078171659813,
       43.6205522012013
      ],
      [
       -79.7077287776098,
       43.6204836719521
      ],
      [
       -79.7063126673827,
       43.6195852611015
      ],
      [
       -79.7049773344451,
       43.6187507758369
      ],
      [
       -79.7040671915823,
       43.6181732084252
      ],
      [
       -79.7034045847586,
       43.6177199959616
      ],
      [
       -79.7025172202147,
       43.617057136511
      ],
      [
       -79.7001156127067,
       43.6153506032712
      ],
      [
       -79.6989211053681,
       43.6144591222504
      ],
      [
       -79.6984559330584,
       43.6141206781548
      ],
      [
       -79.695724927544,
       43.6120411364806
      ],
      [
       -79.6989594413729,
       43.6091606993612
      ],
      [
       -79.7010825751638,
       43.6073120108639
      ],
      [
       -79.7054976049565,
       43.6033823201178
      ],
      [
       -79.7089137747182,
       43.6003280745039
      ],
      [
       -79.7120010262746,
       43.5975761561218
      ],
      [
       -79.7148365521008,
       43.5950329176845
      ],
      [
       -79.7158927977186,
       43.5940813562902
      ],
      [
       -79.7162665063684,
       43.5937298943474
      ],
      [
       -79.7169322579336,
       43.5930800743088
      ],
      [
       -79.7174862782422,
       43.5925865674634
      ],
      [
       -79.7175289389322,
       43.5925465279201
      ],
      [
       -79.7175447073096,
       43.5925331987713
      ],
      [
       -79.7175259870935,
       43.5923574099344
      ],
      [
       -79.7175071153745,
       43.5919700244058
      ],
      [
       -79.7175213469258,
       43.5916280304724
      ],
      [
       -79.717466131656,
       43.5913843018126
      ],
      [
       -79.7173582898439,
       43.5911759987782
      ],
      [
       -79.7171346266349,
       43.5909528897688
      ],
      [
       -79.7169070081484,
       43.5907702541143
      ],
      [
       -79.7166170840365,
       43.5906049265712
      ],
      [
       -79.7162328227597,
       43.5904340368196
      ],
      [
       -79.7158272731119,
       43.5902448985248
      ],
      [
       -79.7155782915338,
       43.5901205464957
      ],
      [
       -79.7154023667267,
       43.5900195250779
      ],
      [
       -79.7152989155683,
       43.5899328240111
      ],
      [
       -79.7152268175264,
       43.5898644833416
      ],
      [
       -79.7151768716774,
       43.5897738815084
      ],
      [
       -79.7151368848163,
       43.5896518774384
      ],
      [
       -79.7151713975443,
       43.589521706716
      ],
      [
       -79.7153324533933,
       43.5893389339593
      ],
      [
       -79.715514128227,
       43.5892059149209
      ],
      [
       -79.715685835522,
       43.5890682815757
      ],
      [
       -79.7158808503279,
       43.5888903915967
      ],
      [
       -79.7160877529654,
       43.5886631125473
      ],
      [
       -79.7163132306854,
       43.5884360417146
      ],
      [
       -79.7164248469562,
       43.5882842263205
      ],
      [
       -79.7165410023348,
       43.5881009476119
      ],
      [
       -79.716703015491,
       43.5879091795713
      ],
      [
       -79.716871715912,
       43.5877670086252
      ],
      [
       -79.7169990101761,
       43.5876423807832
      ],
      [
       -79.7170927252658,
       43.5874948658112
      ],
      [
       -79.7171116565703,
       43.5873690215981
      ],
      [
       -79.7170945916498,
       43.5872247652919
      ],
      [
       -79.7170335994554,
       43.5870710119085
      ],
      [
       -79.7168992680576,
       43.5869074312334
      ],
      [
       -79.7167577023605,
       43.5868293076552
      ],
      [
       -79.7165528687009,
       43.5867774856957
      ],
      [
       -79.7163319813226,
       43.586752495237
      ],
      [
       -79.7161243307336,
       43.5866511186019
      ],
      [
       -79.7159455103329,
       43.5865410614005
      ],
      [
       -79.7157680388063,
       43.5864040069222
      ],
      [
       -79.7156691248377,
       43.5862498267429
      ],
      [
       -79.7155373206193,
       43.586113284997
      ],
      [
       -79.7153616945942,
       43.5859987607447
      ],
      [
       -79.7150810932999,
       43.5858695501815
      ],
      [
       -79.7148448101424,
       43.5857678493545
      ],
      [
       -79.7145892737984,
       43.5856614295092
      ],
      [
       -79.714373116031,
       43.5855599540164
      ],
      [
       -79.7141017109571,
       43.5854353464993
      ],
      [
       -79.7138354229082,
       43.5852522695778
      ],
      [
       -79.713568156601,
       43.5850061526605
      ],
      [
       -79.7133538245943,
       43.5848191572871
      ],
      [
       -79.7132382891508,
       43.5847188121948
      ],
      [
       -79.7128385686135,
       43.5844036720532
      ],
      [
       -79.7126191175082,
       43.5842391277767
      ],
      [
       -79.7124540502515,
       43.5841382240284
      ],
      [
       -79.7122762225398,
       43.5840912006078
      ],
      [
       -79.7120145184728,
       43.5840567379308
      ],
      [
       -79.7117209919801,
       43.584062434251
      ],
      [
       -79.7113632317484,
       43.5841034219165
      ],
      [
       -79.7109956015422,
       43.5841352931094
      ],
      [
       -79.7107123283929,
       43.5841320984075
      ],
      [
       -79.7102518110136,
       43.5840908870694
      ],
      [
       -79.7096766459793,
       43.5840168655934
      ],
      [
       -79.7092796872829,
       43.583935849542
      ],
      [
       -79.7089845958871,
       43.5837974563208
      ],
      [
       -79.7087408718817,
       43.5836101203176
      ],
      [
       -79.7084329947709,
       43.5833095082769
      ],
      [
       -79.7082995692055,
       43.5831774418502
      ],
      [
       -79.7082495428611,
       43.5830913380245
      ],
      [
       -79.7082070558679,
       43.582942291001
      ],
      [
       -79.7082114914085,
       43.5828072803167
      ],
      [
       -79.7082729026194,
       43.5826143871363
      ],
      [
       -79.7083363465369,
       43.5824350229675
      ],
      [
       -79.7084010492425,
       43.5822691790635
      ],
      [
       -79.7084172818449,
       43.5820892813767
      ],
      [
       -79.7084814065504,
       43.5819504430525
      ],
      [
       -79.7085408914452,
       43.5818475684906
      ],
      [
       -79.708594761953,
       43.5817176182998
      ],
      [
       -79.7085979372621,
       43.5815690872501
      ],
      [
       -79.7085752757147,
       43.5813617379365
      ],
      [
       -79.7085313332573,
       43.581172156293
      ],
      [
       -79.7084526522953,
       43.5809056476457
      ],
      [
       -79.7083312217027,
       43.5807196923938
      ],
      [
       -79.7081553323741,
       43.580582643879
      ],
      [
       -79.7079380408988,
       43.5804631352347
      ],
      [
       -79.7076920225765,
       43.58038381967
      ],
      [
       -79.7074484229737,
       43.5803000288963
      ],
      [
       -79.7070258430942,
       43.5800791523852
      ],
      [
       -79.7067943361602,
       43.5799729868527
      ],
      [
       -79.7063997211137,
       43.5797839385941
      ],
      [
       -79.7058183017374,
       43.5795342477806
      ],
      [
       -79.7053179589718,
       43.57936650885
      ],
      [
       -79.7050070328726,
       43.5792099178241
      ],
      [
       -79.7047827855782,
       43.5790543081276
      ],
      [
       -79.7045752703124,
       43.5788043449845
      ],
      [
       -79.7044538540855,
       43.5785823694904
      ],
      [
       -79.7043765473233,
       43.5782888613417
      ],
      [
       -79.7043359070303,
       43.578054295132
      ],
      [
       -79.704260055969,
       43.5778373378978
      ],
      [
       -79.7041388358474,
       43.5776063601989
      ],
      [
       -79.7039327822041,
       43.57743294693
      ],
      [
       -79.703704869266,
       43.577304305706
      ],
      [
       -79.7034967895851,
       43.577225411317
      ],
      [
       -79.7033192802808,
       43.5772008877018
      ],
      [
       -79.7030251104763,
       43.5772380686482
      ],
      [
       -79.7028152940319,
       43.5773122223584
      ],
      [
       -79.7026594554799,
       43.5773959923726
      ],
      [
       -79.7026107022561,
       43.5774674715315
      ],
      [
       -79.7025057466001,
       43.5775968391387
      ],
      [
       -79.7023455540908,
       43.5777030694504
      ],
      [
       -79.7020981048642,
       43.5777632885247
      ],
      [
       -79.7018176679869,
       43.5777736101007
      ],
      [
       -79.7013852589508,
       43.5778677431737
      ],
      [
       -79.7010791859333,
       43.5779543062038
      ],
      [
       -79.7007215518658,
       43.5780267762713
      ],
      [
       -79.70042602179,
       43.5780909472326
      ],
      [
       -79.7001846642382,
       43.578119717202
      ],
      [
       -79.700079415194,
       43.5781185203589
      ],
      [
       -79.6999019047878,
       43.5780939914245
      ],
      [
       -79.69971540063,
       43.5779838213417
      ],
      [
       -79.6995304472999,
       43.5778016361168
      ],
      [
       -79.6993988942951,
       43.5775840419453
      ],
      [
       -79.6992289443619,
       43.5772084396239
      ],
      [
       -79.6991275734136,
       43.5770272048163
      ],
      [
       -79.6990715737384,
       43.5767879598848
      ],
      [
       -79.6990113174635,
       43.5765666745948
      ],
      [
       -79.6989305503304,
       43.5764351964328
      ],
      [
       -79.6987456040273,
       43.5762530099793
      ],
      [
       -79.698555336999,
       43.5761022768629
      ],
      [
       -79.6982782063708,
       43.5759235420941
      ],
      [
       -79.697761668375,
       43.5756835531072
      ],
      [
       -79.697476313573,
       43.5755992653563
      ],
      [
       -79.6971524583291,
       43.575541550277
      ],
      [
       -79.6968158364979,
       43.575465680609
      ],
      [
       -79.69652322811,
       43.5753948138778
      ],
      [
       -79.69628788555,
       43.5753245995354
      ],
      [
       -79.6960999427863,
       43.5752459213332
      ],
      [
       -79.6957740675209,
       43.5751026407041
      ],
      [
       -79.6953349240782,
       43.5749355562599
      ],
      [
       -79.6949547820421,
       43.5748321721937
      ],
      [
       -79.6944583742639,
       43.5747004468451
      ],
      [
       -79.6941689651169,
       43.574625108591
      ],
      [
       -79.6940107252131,
       43.5745332601649
      ],
      [
       -79.6938532686759,
       43.5743693879571
      ],
      [
       -79.6938071347151,
       43.5743193384491
      ],
      [
       -79.6935430152628,
       43.5739336473602
      ],
      [
       -79.6933190361069,
       43.5735889327876
      ],
      [
       -79.6931765835329,
       43.5733757087772
      ],
      [
       -79.6930448681406,
       43.5731671093794
      ],
      [
       -79.6929432252466,
       43.5730353882484
      ],
      [
       -79.6928622812302,
       43.5729129077856
      ],
      [
       -79.6928119982171,
       43.5728042839907
      ],
      [
       -79.6928144323934,
       43.5726917609969
      ],
      [
       -79.692849177229,
       43.5725525952831
      ],
      [
       -79.6929361569122,
       43.5723960187077
      ],
      [
       -79.6931517984272,
       43.5721238601869
      ],
      [
       -79.6933032996444,
       43.5719184985714
      ],
      [
       -79.6934130190441,
       43.571676642907
      ],
      [
       -79.6935030079272,
       43.5714165534827
      ],
      [
       -79.6935600099283,
       43.5711785971478
      ],
      [
       -79.6935538474465,
       43.5709624290602
      ],
      [
       -79.6935093845443,
       43.5707278150827
      ],
      [
       -79.6934443121461,
       43.5705514919702
      ],
      [
       -79.6935883484622,
       43.5704405873292
      ],
      [
       -79.6944199550699,
       43.5698153014727
      ],
      [
       -79.6946464014415,
       43.5696513122578
      ],
      [
       -79.6950940684378,
       43.5693142687375
      ],
      [
       -79.6953059065706,
       43.5691456094006
      ],
      [
       -79.6955237428341,
       43.568950005896
      ],
      [
       -79.6959504172764,
       43.5685451888574
      ],
      [
       -79.6995275360625,
       43.5654210076694
      ],
      [
       -79.7030085396345,
       43.5622866178447
      ],
      [
       -79.7067347857896,
       43.5588487556402
      ],
      [
       -79.7074916571255,
       43.5593525408454
      ],
      [
       -79.7078097524123,
       43.559603749486
      ],
      [
       -79.7107928362373,
       43.5618209226159
      ],
      [
       -79.7188688281827,
       43.5677418615745
      ],
      [
       -79.7197480320759,
       43.5684360217117
      ],
      [
       -79.7199961715065,
       43.5685963718881
      ],
      [
       -79.7225027241549,
       43.569745419194
      ],
      [
       -79.7227001738659,
       43.569851172522
      ],
      [
       -79.723361516286,
       43.5702367315662
      ],
      [
       -79.7274653688468,
       43.5732403285062
      ],
      [
       -79.7284247578634,
       43.5739578242541
      ],
      [
       -79.7286454958442,
       43.5741718751672
      ],
      [
       -79.7288836715697,
       43.5744401439773
      ],
      [
       -79.7300878398122,
       43.5759977257211
      ],
      [
       -79.7302995109019,
       43.5762386848584
      ],
      [
       -79.7305525774899,
       43.5764620951772
      ],
      [
       -79.7307525143755,
       43.576635392643
      ],
      [
       -79.7310404090366,
       43.5768591885805
      ],
      [
       -79.7314203216224,
       43.5771245233126
      ],
      [
       -79.7333295425151,
       43.5785098113543
      ],
      [
       -79.735944485274,
       43.580429611138
      ],
      [
       -79.7412114812595,
       43.5843324670056
      ],
      [
       -79.7416080681847,
       43.584656477636
      ],
      [
       -79.7418878805361,
       43.5849746996591
      ],
      [
       -79.7420693503448,
       43.5852198063475
      ],
      [
       -79.7422187128225,
       43.5854825675677
      ],
      [
       -79.7423091588189,
       43.5857491823928
      ],
      [
       -79.7424260882752,
       43.5861196351338
      ],
      [
       -79.742467211248,
       43.5864127193312
      ],
      [
       -79.7424497907615,
       43.5866916533758
      ],
      [
       -79.7423208937171,
       43.5872304784973
      ],
      [
       -79.7411390618351,
       43.5901843041291
      ],
      [
       -79.7404182742692,
       43.5920762178906
      ],
      [
       -79.7403706777691,
       43.5922422682507
      ],
      [
       -79.7399527907981,
       43.5933451600228
      ],
      [
       -79.7392142871534,
       43.5951918496049
      ],
      [
       -79.7390560628543,
       43.5957978770452
      ],
      [
       -79.7389447812657,
       43.5962693615038
      ],
      [
       -79.7388862113907,
       43.5967009092067
      ],
      [
       -79.7388634893348,
       43.5970473139976
      ],
      [
       -79.7388811928054,
       43.5978308605862
      ],
      [
       -79.7389966791219,
       43.5985299474906
      ],
      [
       -79.7391156018675,
       43.5989904651759
      ],
      [
       -79.7394012686527,
       43.5997724649438
      ],
      [
       -79.7396917124689,
       43.6002888975942
      ],
      [
       -79.7400866059493,
       43.6008469989367
      ],
      [
       -79.7408707392339,
       43.6017155242584
      ],
      [
       -79.7417673430512,
       43.6024277116538
      ],
      [
       -79.7421863842736,
       43.6027204525003
      ],
      [
       -79.7425679856311,
       43.6030262859899
      ],
      [
       -79.7432842039051,
       43.6035518942824
      ],
      [
       -79.7440840521372,
       43.6040784169573
      ],
      [
       -79.7447346218466,
       43.6045222585211
      ],
      [
       -79.7456752062145,
       43.6051718698029
      ],
      [
       -79.7459064374501,
       43.6053364794615
      ],
      [
       -79.7460850879214,
       43.6054599937364
      ],
      [
       -79.7462582258391,
       43.6055879492801
      ],
      [
       -79.7464664194724,
       43.6057433010842
      ],
      [
       -79.7467226448825,
       43.6059351952558
      ],
      [
       -79.747602292224,
       43.6065751183972
      ],
      [
       -79.7489199739768,
       43.6076790351248
      ],
      [
       -79.7491312788063,
       43.6078344160877
      ],
      [
       -79.7505201939133,
       43.608867061519
      ],
      [
       -79.7521319054204,
       43.6100641948148
      ],
      [
       -79.75513966148,
       43.6123344898943
      ],
      [
       -79.7579018422059,
       43.6143544264707
      ],
      [
       -79.7596739457093,
       43.6157512837333
      ],
      [
       -79.759696807321,
       43.6157695398324
      ],
      [
       -79.7595839412065,
       43.615871861229
      ],
      [
       -79.7594426412885,
       43.6160008859584
      ],
      [
       -79.7594173979656,
       43.6160231220186
      ],
      [
       -79.75940008366,
       43.6160364401182
      ],
      [
       -79.758181723167,
       43.6171262015878
      ],
      [
       -79.7560203448078,
       43.6190565695209
      ],
      [
       -79.7552074495298,
       43.6197860483569
      ],
      [
       -79.7548333970642,
       43.6201196244465
      ],
      [
       -79.7548310737293,
       43.6201195991371
      ],
      [
       -79.7545950545566,
       43.6203331239412
      ],
      [
       -79.7545927312136,
       43.6203330986268
      ],
      [
       -79.7545903149502,
       43.6203375743029
      ],
      [
       -79.7545437862206,
       43.6203775853563
      ],
      [
       -79.7545849559777,
       43.620409547959
      ],
      [
       -79.7545352364665,
       43.6204540262452
      ],
      [
       -79.754491805408,
       43.6204940710293
      ],
      [
       -79.7542826726026,
       43.620680876122
      ],
      [
       -79.754211577674,
       43.6207476313179
      ],
      [
       -79.7541405755429,
       43.6208098854777
      ],
      [
       -79.7540694803037,
       43.62087664058
      ],
      [
       -79.753998477873,
       43.6209388946465
      ],
      [
       -79.7539274752953,
       43.6210011486665
      ],
      [
       -79.7538563795931,
       43.6210679036285
      ],
      [
       -79.7537861511735,
       43.6211301659989
      ],
      [
       -79.7537347885717,
       43.6211791280181
      ],
      [
       -79.7536937728222,
       43.6212146968253
      ],
      [
       -79.7536519825649,
       43.6212502571723
      ],
      [
       -79.7531657058211,
       43.621690652003
      ],
      [
       -79.7531245963516,
       43.6217307215814
      ],
      [
       -79.7531009902527,
       43.6217484720776
      ],
      [
       -79.7529336399431,
       43.6218997144271
      ],
      [
       -79.7529020098922,
       43.6219308833428
      ],
      [
       -79.7528807270528,
       43.6219486591406
      ],
      [
       -79.7526525315398,
       43.6221577632107
      ],
      [
       -79.7524544160214,
       43.6223356811174
      ],
      [
       -79.7522815480274,
       43.622491364272
      ],
      [
       -79.7522128652643,
       43.6225536425291
      ],
      [
       -79.751997336144,
       43.6227493775344
      ],
      [
       -79.7518174023216,
       43.6229094848259
      ],
      [
       -79.7517060583455,
       43.62301181491
      ],
      [
       -79.7516303109034,
       43.6230785176574
      ],
      [
       -79.75155524462,
       43.6231497297939
      ],
      [
       -79.7514274492524,
       43.6232608839139
      ],
      [
       -79.7514187435921,
       43.6232697928188
      ],
      [
       -79.7512671540736,
       43.6234076988405
      ],
      [
       -79.7510966033846,
       43.6235634054836
      ],
      [
       -79.7510003450633,
       43.6236478916955
      ],
      [
       -79.7508400478084,
       43.6237947059885
      ],
      [
       -79.7507058673647,
       43.6239147935062
      ],
      [
       -79.750634857862,
       43.6239770453656
      ],
      [
       -79.7505637549793,
       43.624043798159
      ],
      [
       -79.750492745177,
       43.6241060499251
      ],
      [
       -79.7504705931205,
       43.6241283177636
      ],
      [
       -79.7504216419837,
       43.624172802625
      ],
      [
       -79.7503506318818,
       43.6242350542978
      ],
      [
       -79.7502795283779,
       43.6243018069041
      ],
      [
       -79.7502085179764,
       43.6243640584836
      ],
      [
       -79.7501374141619,
       43.6244308109962
      ],
      [
       -79.7500664034608,
       43.6244930624825
      ],
      [
       -79.7499953926126,
       43.6245553139222
      ],
      [
       -79.7499242883349,
       43.6246220662945
      ],
      [
       -79.7498532771872,
       43.6246843176409
      ],
      [
       -79.7497821725989,
       43.6247510699195
      ],
      [
       -79.7497111611515,
       43.6248133211727
      ],
      [
       -79.7496400562526,
       43.6248800733577
      ],
      [
       -79.7495690445056,
       43.6249423245176
      ],
      [
       -79.7494980326116,
       43.6250045756309
      ],
      [
       -79.7494466632015,
       43.6250535356086
      ],
      [
       -79.7494277017564,
       43.6250713361494
      ],
      [
       -79.7494229613934,
       43.6250757862841
      ],
      [
       -79.7493504001748,
       43.6251380203527
      ],
      [
       -79.7493441107851,
       43.6251424535351
      ],
      [
       -79.7493266982976,
       43.625160271007
      ],
      [
       -79.749263617651,
       43.6252136047565
      ],
      [
       -79.7492501709985,
       43.6252269636134
      ],
      [
       -79.7491798396075,
       43.6252937239704
      ],
      [
       -79.7491096014058,
       43.6253559833043
      ],
      [
       -79.7490384951961,
       43.6254227350931
      ],
      [
       -79.7489682566971,
       43.6254849943352
      ],
      [
       -79.7488979246906,
       43.6255517545083
      ],
      [
       -79.7488269113814,
       43.6256140051811
      ],
      [
       -79.7487566724397,
       43.6256762642858
      ],
      [
       -79.748686339974,
       43.625743024321
      ],
      [
       -79.7486153262197,
       43.625805274855
      ],
      [
       -79.7485449934458,
       43.625872034798
      ],
      [
       -79.7484747539104,
       43.6259342937196
      ],
      [
       -79.7484036463106,
       43.62600104509
      ],
      [
       -79.748333406478,
       43.6260633039197
      ],
      [
       -79.7482622985684,
       43.626130055197
      ],
      [
       -79.7481920584385,
       43.6261923139349
      ],
      [
       -79.7481217247409,
       43.6262590736019
      ],
      [
       -79.748050709792,
       43.6263213237651
      ],
      [
       -79.7479496087592,
       43.6264147583112
      ],
      [
       -79.7478122251418,
       43.6265393092754
      ],
      [
       -79.7476147619137,
       43.6267217277711
      ],
      [
       -79.747347055576,
       43.6269664040945
      ],
      [
       -79.7471440743024,
       43.6271532632842
      ],
      [
       -79.7470825386955,
       43.6272066127424
      ],
      [
       -79.7468685252443,
       43.6274023544971
      ],
      [
       -79.7468148280294,
       43.6274512877465
      ],
      [
       -79.7459587588807,
       43.6282342500984
      ],
      [
       -79.743946218805,
       43.6300849821179
      ],
      [
       -79.743225223944,
       43.6307028340349
      ],
      [
       -79.743112114108,
       43.63081414015
      ],
      [
       -79.743001327593,
       43.6309254717009
      ],
      [
       -79.7415149421843,
       43.6323182397077
      ],
      [
       -79.7391283988364,
       43.6343673563686
      ],
      [
       -79.7385435742248,
       43.6348786324628
      ],
      [
       -79.738472444997,
       43.6349453772897
      ],
      [
       -79.7383932867669,
       43.6350255394214
      ],
      [
       -79.7378082610501,
       43.6355458134415
      ],
      [
       -79.7377813580116,
       43.6355725282928
      ],
      [
       -79.7371619544787,
       43.6361059252709
      ],
      [
       -79.7370972818342,
       43.6361232186754
      ],
      [
       -79.7369729282249,
       43.6362524023118
      ],
      [
       -79.7369454587633,
       43.6363061226396
      ],
      [
       -79.7354591579388,
       43.6376447873803
      ],
      [
       -79.7330530544853,
       43.6397565862523
      ],
      [
       -79.733069813911,
       43.6397702779806
      ],
      [
       -79.7330643910749,
       43.6397702178718
      ],
      [
       -79.7330611977208,
       43.6397746844617
      ],
      [
       -79.7329412510191,
       43.639840884652
      ],
      [
       -79.7328777441529,
       43.6398761965201
      ],
      [
       -79.7327381458791,
       43.6399556845944
      ],
      [
       -79.7326165544532,
       43.6400263681917
      ],
      [
       -79.7325679556546,
       43.6400528412185
      ],
      [
       -79.7325161634025,
       43.6400837807977
      ],
      [
       -79.7324989308512,
       43.6400925936731
      ],
      [
       -79.7324118986842,
       43.6401411503552
      ],
      [
       -79.7323428736777,
       43.6401809027125
      ],
      [
       -79.7322738485804,
       43.6402206550267
      ],
      [
       -79.7322056927455,
       43.6402559149547
      ],
      [
       -79.7321366674727,
       43.6402956671834
      ],
      [
       -79.7320676421092,
       43.640335419369
      ],
      [
       -79.7319217494443,
       43.6404193385983
      ],
      [
       -79.7318386845261,
       43.6404634368686
      ],
      [
       -79.7317712081753,
       43.6405032060601
      ],
      [
       -79.7317046011307,
       43.6405384828718
      ],
      [
       -79.7316371246082,
       43.6405782519815
      ],
      [
       -79.7315704226983,
       43.6406180296473
      ],
      [
       -79.7315030407087,
       43.6406532977406
      ],
      [
       -79.7314355639257,
       43.6406930667273
      ],
      [
       -79.7313689564768,
       43.6407283433372
      ],
      [
       -79.7312850213027,
       43.6407769335281
      ],
      [
       -79.7312787289496,
       43.6407813656683
      ],
      [
       -79.7312018606977,
       43.640825532255
      ],
      [
       -79.731135252967,
       43.6408608087244
      ],
      [
       -79.7310677757109,
       43.6409005774868
      ],
      [
       -79.7310340844224,
       43.6409182113858
      ],
      [
       -79.7310003931144,
       43.6409358452746
      ],
      [
       -79.7309336903917,
       43.6409756225563
      ],
      [
       -79.7308662128751,
       43.6410153911957
      ],
      [
       -79.7307996047402,
       43.6410506674634
      ],
      [
       -79.7307321270518,
       43.641090436021
      ],
      [
       -79.7306905937145,
       43.641112484718
      ],
      [
       -79.7306490603471,
       43.6411345333996
      ],
      [
       -79.7305651240318,
       43.6411831230443
      ],
      [
       -79.7304976460416,
       43.6412228914588
      ],
      [
       -79.7304310374638,
       43.641258167505
      ],
      [
       -79.7303635593018,
       43.6412979358378
      ],
      [
       -79.7302961758533,
       43.6413332031974
      ],
      [
       -79.7302294722297,
       43.6413729800543
      ],
      [
       -79.7301619938072,
       43.6414127482641
      ],
      [
       -79.7300953848251,
       43.6414480241085
      ],
      [
       -79.7300083487819,
       43.6414965789013
      ],
      [
       -79.7283026510975,
       43.6424590464279
      ],
      [
       -79.7281896663987,
       43.6425253190484
      ],
      [
       -79.7268541497243,
       43.6432757879838
      ],
      [
       -79.7267866669617,
       43.6433155541341
      ],
      [
       -79.7267192791863,
       43.6433508193192
      ],
      [
       -79.7266525709869,
       43.6433905940183
      ],
      [
       -79.7264902037963,
       43.6434833266813
      ],
      [
       -79.7264423742819,
       43.6435098056525
      ],
      [
       -79.7263937699884,
       43.6435362759701
      ],
      [
       -79.7261946088422,
       43.6436466061457
      ],
      [
       -79.7261459092109,
       43.6436775772775
      ],
      [
       -79.7209373602707,
       43.646613226725
      ],
      [
       -79.7209249638682,
       43.6466130880002
      ],
      [
       -79.7208537800803,
       43.6466077893958
      ],
      [
       -79.7207922757223,
       43.646584591158
      ],
      [
       -79.7207495570631,
       43.6465525991834
      ],
      [
       -79.7207210709821,
       43.6465072605517
      ],
      [
       -79.7207143741259,
       43.6464576638128
      ],
      [
       -79.7207120393108,
       43.6464216218371
      ],
      [
       -79.7207082504884,
       43.6463810616065
      ],
      [
       -79.7207333192847,
       43.6463318204058
      ],
      [
       -79.7207693303611,
       43.6462781996867
      ],
      [
       -79.7207805487287,
       43.6462243014774
      ],
      [
       -79.7207815995442,
       43.6461747914521
      ],
      [
       -79.7207868107852,
       43.6461118220479
      ],
      [
       -79.7208022850491,
       43.6460399635441
      ],
      [
       -79.7208028476519,
       43.6459769421108
      ],
      [
       -79.7207908229399,
       43.6459227837627
      ],
      [
       -79.7207763784239,
       43.645873100311
      ],
      [
       -79.7207471178668,
       43.645827753013
      ],
      [
       -79.7206973313442,
       43.6458001838903
      ],
      [
       -79.7206511320778,
       43.6457861608412
      ],
      [
       -79.7205762665564,
       43.6457718168923
      ],
      [
       -79.7205127358904,
       43.6457711057241
      ],
      [
       -79.7204320648615,
       43.6457747046149
      ],
      [
       -79.720363694494,
       43.6457829431445
      ],
      [
       -79.7203144065322,
       43.6458049012259
      ]
     ]
    ]
   },
   "properties": {
    "OBJECTID_1": 26,
    "OBJECTID": 26,
    "WARDNUM": "11",
    "MUNIC": "Mississauga",
    "Mayor": "Bonnie Crombie",
    "FirstName0": "George",
    "LastName0": "Carlson",
    "Phone0": "1-905-896-5011",
    "email0": "george.carlson@mississauga.ca",
    "FirstName1": " ",
    "LastName1": " ",
    "Phone1": " ",
    "email1": " ",
    "RC_Name": "Nando Iannicca",
    "Shape_Leng": 28681.8539896,
    "WardName": "Ward 11",
    "Shape__Area": 25383977.78125,
    "Shape__Length": 28681.85398963675
   }
  }
 ]
}