{
 "type": "FeatureCollection",
 "name": "Bnd_MunicipalBoundary",
 "source": "https://services6.arcgis.com/ONZht79c8QWuX759/arcgis/rest/services/Bnd_HDABoundaries/FeatureServer/0",
 "features": [
  {
   "type": "Feature",
   "id": 1,
   "geometry": {
    "type": "Polygon",
    "coordinates": [
     [
      [
       -79.6341463697115,
       43.7420824755184
      ],
      [
       -79.6307110388455,
       43.7366644646717
      ],
      [
       -79.6304772714081,
       43.7364051790977
      ],
      [
       -79.63049298133,
       43.7362613018917
      ],
      [
       -79.6304631715884,
       43.7359368785856
      ],
      [
       -79.6304039868217,
       43.7358100871222
      ],
      [
       -79.630273578294,
       43.7355384007971
      ],
      [
       -79.6303128657169,
       43.7354487795386
      ],
      [
       -79.6305327141358,
       43.7354042100183
      ],
      [
       -79.6328273639048,
       43.7349676428015
      ],
      [
       -79.6338220145568,
       43.7342870329527
      ],
      [
       -79.6345089953159,
       43.73375244675
      ],
      [
       -79.6347556577659,
       43.7339262762769
      ],
      [
       -79.6351221834948,
       43.734191801037
      ],
      [
       -79.6355375855431,
       43.7344938838311
      ],
      [
       -79.637698480945,
       43.7361224001869
      ],
      [
       -79.6384050847248,
       43.7367249981246
      ],
      [
       -79.6393796016652,
       43.7373425209274
      ],
      [
       -79.6395098736613,
       43.7372194447354
      ],
      [
       -79.6426783986008,
       43.7343900339721
      ],
      [
       -79.6428306684269,
       43.7342540921259
      ],
      [
       -79.6429840112923,
       43.7341171768967
      ],
      [
       -79.6461337967488,
       43.7313047773956
      ],
      [
       -79.6462809375958,
       43.7311734079688
      ],
      [
       -79.6462865516246,
       43.7311682639587
      ],
      [
       -79.646436968375,
       43.7310307294991
      ],
      [
       -79.6477011616609,
       43.7298748370029
      ],
      [
       -79.6488144191042,
       43.7288569148493
      ],
      [
       -79.6491175412669,
       43.7285825259731
      ],
      [
       -79.6502268072857,
       43.7275881929539
      ],
      [
       -79.6503792986248,
       43.7274515132592
      ],
      [
       -79.6504078172607,
       43.7274259550428
      ],
      [
       -79.6505316539658,
       43.7273149424982
      ],
      [
       -79.6508179668807,
       43.7270582933608
      ],
      [
       -79.6528496602396,
       43.7252171159093
      ],
      [
       -79.6529998231209,
       43.7250810282664
      ],
      [
       -79.6531524496992,
       43.7249427284041
      ],
      [
       -79.6564960404726,
       43.7219122589352
      ],
      [
       -79.6566438554298,
       43.7217782700149
      ],
      [
       -79.6567989018775,
       43.7216377012537
      ],
      [
       -79.6571141850864,
       43.7213519213727
      ],
      [
       -79.6585339022697,
       43.7200321930664
      ],
      [
       -79.658535507718,
       43.7200306794578
      ],
      [
       -79.6586811876099,
       43.7198952635906
      ],
      [
       -79.6588320327762,
       43.7197550487786
      ],
      [
       -79.6588336382096,
       43.7197535351655
      ],
      [
       -79.6596875099644,
       43.718959758088
      ],
      [
       -79.6609030265893,
       43.7179023896746
      ],
      [
       -79.661072656263,
       43.7177548170153
      ],
      [
       -79.6610961152466,
       43.717734404624
      ],
      [
       -79.6611999821951,
       43.7176441396926
      ],
      [
       -79.6612130371879,
       43.7176328028227
      ],
      [
       -79.6613474277183,
       43.7175160332556
      ],
      [
       -79.6615466943559,
       43.7173428804581
      ],
      [
       -79.6622060314776,
       43.7167020157528
      ],
      [
       -79.6637417402323,
       43.7153703201153
      ],
      [
       -79.6713381011145,
       43.7085524112801
      ],
      [
       -79.671490580303,
       43.7084154163994
      ],
      [
       -79.6715979919388,
       43.7083182032517
      ],
      [
       -79.6716422229687,
       43.7082791742152
      ],
      [
       -79.6717933038619,
       43.7081434403177
      ],
      [
       -79.6723783973466,
       43.7075941908918
      ],
      [
       -79.6732519349212,
       43.7067741503569
      ],
      [
       -79.6737211227214,
       43.7063875104287
      ],
      [
       -79.6738817716539,
       43.7062551189397
      ],
      [
       -79.673698176962,
       43.7042790118085
      ],
      [
       -79.673676157275,
       43.7040419284749
      ],
      [
       -79.6736150744285,
       43.7033844406142
      ],
      [
       -79.6734062837388,
       43.701136983552
      ],
      [
       -79.6741576717148,
       43.7001013114391
      ],
      [
       -79.6751011597857,
       43.6988007937925
      ],
      [
       -79.6776084061999,
       43.6953444330181
      ],
      [
       -79.6778568095312,
       43.6950003577384
      ],
      [
       -79.6791379359392,
       43.6929283001237
      ],
      [
       -79.6798934390694,
       43.6913954290163
      ],
      [
       -79.6814357268641,
       43.688265902997
      ],
      [
       -79.6816137619616,
       43.6879045922216
      ],
      [
       -79.6836543858209,
       43.6838910984813
      ],
      [
       -79.6842657201882,
       43.6826885523488
      ],
      [
       -79.6843538626841,
       43.682531210038
      ],
      [
       -79.6855263839513,
       43.6804375966016
      ],
      [
       -79.6867673544602,
       43.6782216482088
      ],
      [
       -79.6869193250868,
       43.6778543097177
      ],
      [
       -79.6902305811283,
       43.6696244879951
      ],
      [
       -79.6908264835534,
       43.6687035891229
      ],
      [
       -79.6932873619624,
       43.6668644920115
      ],
      [
       -79.694657565104,
       43.6658404416675
      ],
      [
       -79.6948579871511,
       43.665690665887
      ],
      [
       -79.6952137315469,
       43.66542477371
      ],
      [
       -79.6954943171445,
       43.6651713051917
      ],
      [
       -79.6959631264364,
       43.6647478528673
      ],
      [
       -79.6959814259516,
       43.6647312954391
      ],
      [
       -79.6960328587713,
       43.6646848430186
      ],
      [
       -79.696239663872,
       43.664498035109
      ],
      [
       -79.6969105887172,
       43.6639165008085
      ],
      [
       -79.7011754888298,
       43.6602192586681
      ],
      [
       -79.7027669780925,
       43.6589221593534
      ],
      [
       -79.707321199279,
       43.6552098828623
      ],
      [
       -79.7085042730329,
       43.6542454260315
      ],
      [
       -79.7104349861744,
       43.6532839832177
      ],
      [
       -79.7129772151022,
       43.6522565756733
      ],
      [
       -79.7138850991476,
       43.6517833667946
      ],
      [
       -79.7140013536952,
       43.6517301082397
      ],
      [
       -79.7177887763122,
       43.6494508792334
      ],
      [
       -79.7232426546607,
       43.6463662595729
      ],
      [
       -79.7262751627692,
       43.6446826519112
      ],
      [
       -79.728368568087,
       43.645126310652
      ],
      [
       -79.7308742977048,
       43.6446080677723
      ],
      [
       -79.7323978878696,
       43.643828164575
      ],
      [
       -79.7330265067293,
       43.6434884699949
      ],
      [
       -79.733638405293,
       43.6431350744239
      ],
      [
       -79.7344739940705,
       43.6426085796055
      ],
      [
       -79.7354130876061,
       43.6419481570751
      ],
      [
       -79.7357553837537,
       43.641687975197
      ],
      [
       -79.7366284073266,
       43.6410242924211
      ],
      [
       -79.7367312530076,
       43.6409432318961
      ],
      [
       -79.7373483929616,
       43.6404568774047
      ],
      [
       -79.7390878823263,
       43.6390894583102
      ],
      [
       -79.7397052281235,
       43.6386210768066
      ],
      [
       -79.7407758108457,
       43.6366665022164
      ],
      [
       -79.7458883561503,
       43.6287069949039
      ],
      [
       -79.746842968417,
       43.6274861112797
      ],
      [
       -79.7476744588478,
       43.6267516898498
      ],
      [
       -79.7476863913075,
       43.6267327285142
      ],
      [
       -79.7490441083486,
       43.6254830026527
      ],
      [
       -79.7535089938087,
       43.6214350051954
      ],
      [
       -79.7552489978839,
       43.6206139311684
      ],
      [
       -79.756692814582,
       43.6194803899288
      ],
      [
       -79.7565769072457,
       43.6193994283399
      ],
      [
       -79.7564237602122,
       43.6193261885018
      ],
      [
       -79.7597258031525,
       43.6157968556963
      ],
      [
       -79.7609300277086,
       43.6146930922552
      ],
      [
       -79.7705669473127,
       43.6118405969595
      ],
      [
       -79.7723207603922,
       43.611321339686
      ],
      [
       -79.7751780521846,
       43.6104752895032
      ],
      [
       -79.7765244016435,
       43.6100402840042
      ],
      [
       -79.7781519050616,
       43.6095751838861
      ],
      [
       -79.788139404054,
       43.6036583596982
      ],
      [
       -79.7900167302654,
       43.6024593905591
      ],
      [
       -79.7901119995486,
       43.6023985421339
      ],
      [
       -79.7903602599478,
       43.6022399954861
      ],
      [
       -79.790397116463,
       43.6022683520547
      ],
      [
       -79.7904697600383,
       43.6022691162467
      ],
      [
       -79.790521007735,
       43.6022696531053
      ],
      [
       -79.790594205461,
       43.6023244536191
      ],
      [
       -79.7906920166019,
       43.6023884690016
      ],
      [
       -79.7911679104732,
       43.6027536606602
      ],
      [
       -79.7911717296616,
       43.6027561114303
      ],
      [
       -79.7912536173902,
       43.6028086488613
      ],
      [
       -79.7913688813189,
       43.602924919469
      ],
      [
       -79.7921150296394,
       43.6036776501887
      ],
      [
       -79.7922832937316,
       43.6038489147094
      ],
      [
       -79.7923771421611,
       43.6039444279109
      ],
      [
       -79.7925611024527,
       43.6041316356153
      ],
      [
       -79.7925622724589,
       43.6041327959889
      ],
      [
       -79.7928788266683,
       43.6043865974317
      ],
      [
       -79.7928806227881,
       43.6043880489415
      ],
      [
       -79.7931267876424,
       43.6045611144758
      ],
      [
       -79.7932122220449,
       43.6046211486826
      ],
      [
       -79.7939084282153,
       43.6051236475533
      ],
      [
       -79.7953286990414,
       43.6059760528897
      ],
      [
       -79.7955905009813,
       43.60613447345
      ],
      [
       -79.7963619995455,
       43.6066012950608
      ],
      [
       -79.7964796035311,
       43.6066724622859
      ],
      [
       -79.7977706984684,
       43.6076271611101
      ],
      [
       -79.8056765956709,
       43.613422965514
      ],
      [
       -79.8113321313128,
       43.6175966648422
      ],
      [
       -79.8128349103039,
       43.6186928502862
      ],
      [
       -79.8159992298236,
       43.6210216610005
      ],
      [
       -79.8176367342118,
       43.6222091644084
      ],
      [
       -79.8197996106792,
       43.6237891640683
      ],
      [
       -79.8221947328563,
       43.6255426640311
      ],
      [
       -79.8246238244637,
       43.6273191699385
      ],
      [
       -79.8327013873582,
       43.6332919476663
      ],
      [
       -79.8339747473345,
       43.6342066256749
      ],
      [
       -79.8391905853936,
       43.6380787322497
      ],
      [
       -79.8425546848664,
       43.6405845824618
      ],
      [
       -79.8444922202738,
       43.6420109160277
      ],
      [
       -79.8462677223926,
       43.6432976445191
      ],
      [
       -79.8465728484869,
       43.6434674525928
      ],
      [
       -79.8518969229106,
       43.6475018505198
      ],
      [
       -79.8522792419234,
       43.647887666866
      ],
      [
       -79.8526629488763,
       43.648144813671
      ],
      [
       -79.8541767087149,
       43.6491591620393
      ],
      [
       -79.854458877043,
       43.6493482205111
      ],
      [
       -79.8545740308836,
       43.6494253726224
      ],
      [
       -79.8547210330154,
       43.6496218727224
      ],
      [
       -79.858351152625,
       43.6523024617907
      ],
      [
       -79.8594400465963,
       43.6531440599781
      ],
      [
       -79.8594931348655,
       43.6531701609985
      ],
      [
       -79.8595538344735,
       43.6531856619269
      ],
      [
       -79.8596571221829,
       43.6531986605303
      ],
      [
       -79.8597445301548,
       43.6533248696483
      ],
      [
       -79.8598426474291,
       43.6534083671322
      ],
      [
       -79.8663279348786,
       43.6582375577088
      ],
      [
       -79.8747696467967,
       43.6644858321579
      ],
      [
       -79.8748168402371,
       43.6645207684055
      ],
      [
       -79.8780332381571,
       43.6669014680663
      ],
      [
       -79.8789142572645,
       43.6675493540359
      ],
      [
       -79.882768738379,
       43.6703873706179
      ],
      [
       -79.8886181611956,
       43.6747122769485
      ],
      [
       -79.8888744434013,
       43.6748991595322
      ],
      [
       -79.8881178312411,
       43.6756077601976
      ],
      [
       -79.885228046376,
       43.6782537641769
      ],
      [
       -79.8845107367208,
       43.6788050594468
      ],
      [
       -79.8840581495886,
       43.679124767009
      ],
      [
       -79.8833040368129,
       43.6796485727077
      ],
      [
       -79.8827895392292,
       43.6799677639332
      ],
      [
       -79.8817340561132,
       43.680686759856
      ],
      [
       -79.8807143459385,
       43.6814780628805
      ],
      [
       -79.8790738550204,
       43.6829656596684
      ],
      [
       -79.8771059392405,
       43.6847021756319
      ],
      [
       -79.8766258546458,
       43.6851655731036
      ],
      [
       -79.8758432366294,
       43.6858782716219
      ],
      [
       -79.8738866536843,
       43.687668777865
      ],
      [
       -79.8730640389634,
       43.6885250599126
      ],
      [
       -79.872212152153,
       43.689624074553
      ],
      [
       -79.8705729587332,
       43.6916788621946
      ],
      [
       -79.8672653571583,
       43.6946803625621
      ],
      [
       -79.8641344341855,
       43.6975125713831
      ],
      [
       -79.8632757296082,
       43.6982963778487
      ],
      [
       -79.8624522483199,
       43.6991885625553
      ],
      [
       -79.8618171583301,
       43.6999565663985
      ],
      [
       -79.8609560284899,
       43.700866367496
      ],
      [
       -79.8598325264117,
       43.7018636567528
      ],
      [
       -79.8569030570852,
       43.7045085694049
      ],
      [
       -79.8566250236677,
       43.7047668814117
      ],
      [
       -79.8561708224588,
       43.7051584800721
      ],
      [
       -79.8549205520373,
       43.7062894755381
      ],
      [
       -79.8532914442723,
       43.7077587684948
      ],
      [
       -79.8529758535294,
       43.7080347807322
      ],
      [
       -79.8524205512477,
       43.7085153766958
      ],
      [
       -79.8521680217257,
       43.7087379730986
      ],
      [
       -79.8497194287896,
       43.7108652812958
      ],
      [
       -79.846359548434,
       43.7138926690715
      ],
      [
       -79.8461324286365,
       43.7140884607213
      ],
      [
       -79.8417869544764,
       43.7179972648037
      ],
      [
       -79.840674033776,
       43.7190573740375
      ],
      [
       -79.8392075221672,
       43.7204290753351
      ],
      [
       -79.8353419497015,
       43.7238742710496
      ],
      [
       -79.8328236162518,
       43.7262238801376
      ],
      [
       -79.83195312313,
       43.7270360755196
      ],
      [
       -79.8308769342568,
       43.7281055656756
      ],
      [
       -79.8302429748578,
       43.7287969098007
      ],
      [
       -79.8300017420604,
       43.7290599875078
      ],
      [
       -79.8299247782151,
       43.7291398812996
      ],
      [
       -79.8301058248904,
       43.7292650470019
      ],
      [
       -79.8303874123183,
       43.7294596715819
      ],
      [
       -79.8364820202443,
       43.7336723370483
      ],
      [
       -79.8353195901895,
       43.7342377243132
      ],
      [
       -79.8327895657676,
       43.736405860786
      ],
      [
       -79.8320646683362,
       43.7370650166487
      ],
      [
       -79.8308800485352,
       43.7382323741019
      ],
      [
       -79.8291035822024,
       43.7393255445734
      ],
      [
       -79.8277598763302,
       43.7403004901459
      ],
      [
       -79.8254940501486,
       43.7424659839653
      ],
      [
       -79.8244093234653,
       43.7418992999226
      ],
      [
       -79.823813745929,
       43.7415881625712
      ],
      [
       -79.8196730079647,
       43.7387356478975
      ],
      [
       -79.8196322353175,
       43.7387739207821
      ],
      [
       -79.8196294176523,
       43.7387765721226
      ],
      [
       -79.8192622456975,
       43.7391328895082
      ],
      [
       -79.8175538209789,
       43.7407538672954
      ],
      [
       -79.8144383293994,
       43.7436568707412
      ],
      [
       -79.81427712506,
       43.7438082787142
      ],
      [
       -79.8120919577747,
       43.7457643877852
      ],
      [
       -79.8112047160908,
       43.7465585732561
      ],
      [
       -79.8102937359292,
       43.7474044737527
      ],
      [
       -79.8084717294178,
       43.7490961863078
      ],
      [
       -79.807691226623,
       43.7496192731392
      ],
      [
       -79.8069870204124,
       43.7500530867849
      ],
      [
       -79.8063706157093,
       43.7504338874672
      ],
      [
       -79.8050000230924,
       43.751274891469
      ],
      [
       -79.8046598243042,
       43.7515143727478
      ],
      [
       -79.8035333393286,
       43.7525740881284
      ],
      [
       -79.803239341888,
       43.7528411763946
      ],
      [
       -79.802872925904,
       43.7531479891563
      ],
      [
       -79.8009062190705,
       43.7548807898615
      ],
      [
       -79.8005392121124,
       43.7552084929529
      ],
      [
       -79.7994682128838,
       43.7561644722006
      ],
      [
       -79.7989831049369,
       43.7565815347983
      ],
      [
       -79.7988755602721,
       43.7566740261121
      ],
      [
       -79.7987476516285,
       43.7567839687401
      ],
      [
       -79.7987194073504,
       43.7568082513422
      ],
      [
       -79.7982732148669,
       43.7571918737213
      ],
      [
       -79.7971559368321,
       43.7581525835602
      ],
      [
       -79.7971359170834,
       43.7581717958509
      ],
      [
       -79.7962591228696,
       43.7589775826898
      ],
      [
       -79.7948128684866,
       43.7603068118624
      ],
      [
       -79.792439811482,
       43.7624876802772
      ],
      [
       -79.7918838240723,
       43.7629859841893
      ],
      [
       -79.7875952997044,
       43.7669136286772
      ],
      [
       -79.7827571234889,
       43.7713436921207
      ],
      [
       -79.7818451334231,
       43.7721983013825
      ],
      [
       -79.7805524046564,
       43.7733369079446
      ],
      [
       -79.7793906258107,
       43.7743600878693
      ],
      [
       -79.7781354262274,
       43.7755891898127
      ],
      [
       -79.7775743266488,
       43.7762944819128
      ],
      [
       -79.7769730310729,
       43.7771433788365
      ],
      [
       -79.7756056141727,
       43.7789924817042
      ],
      [
       -79.7752621116743,
       43.7793849774683
      ],
      [
       -79.7739201323963,
       43.7805951023642
      ],
      [
       -79.7726809274517,
       43.7816933690989
      ],
      [
       -79.7718824082161,
       43.7824009965376
      ],
      [
       -79.7602043154984,
       43.7912427026556
      ],
      [
       -79.7596253163047,
       43.7915964901825
      ],
      [
       -79.7590861130196,
       43.7918247975891
      ],
      [
       -79.7585461178796,
       43.7920889926773
      ],
      [
       -79.7580911298681,
       43.7924532016062
      ],
      [
       -79.7563163985181,
       43.7940134238833
      ],
      [
       -79.7545158059032,
       43.7955962813623
      ],
      [
       -79.7518117545004,
       43.7979733609558
      ],
      [
       -79.7517816450008,
       43.7979998118874
      ],
      [
       -79.7517743054606,
       43.7980062837365
      ],
      [
       -79.7517479260015,
       43.7980294683301
      ],
      [
       -79.7516223570013,
       43.7981352951191
      ],
      [
       -79.7516214045594,
       43.7981360833457
      ],
      [
       -79.7488862269625,
       43.8005372011447
      ],
      [
       -79.7431139527694,
       43.8056566893016
      ],
      [
       -79.7426288174018,
       43.8060868848817
      ],
      [
       -79.7380175062195,
       43.8101686839737
      ],
      [
       -79.734391473728,
       43.8133825390072
      ],
      [
       -79.7310973551913,
       43.8163017134423
      ],
      [
       -79.7273607051699,
       43.8196124963071
      ],
      [
       -79.7238239925657,
       43.8227694050844
      ],
      [
       -79.7222396056969,
       43.8241742020914
      ],
      [
       -79.7165987087099,
       43.8291620905363
      ],
      [
       -79.7163832225349,
       43.8293486898559
      ],
      [
       -79.7138596953445,
       43.831607299109
      ],
      [
       -79.7113352926484,
       43.8339018113892
      ],
      [
       -79.7058692053548,
       43.8387740152645
      ],
      [
       -79.7057548954136,
       43.8388807907182
      ],
      [
       -79.7056533166189,
       43.8389787011969
      ],
      [
       -79.7054380168751,
       43.8391563112504
      ],
      [
       -79.6982450034735,
       43.8455932954889
      ],
      [
       -79.6980159856,
       43.8458247074533
      ],
      [
       -79.6978690423857,
       43.8459790006753
      ],
      [
       -79.6978378004776,
       43.84601181592
      ],
      [
       -79.6976834952252,
       43.8462351163625
      ],
      [
       -79.6975402822417,
       43.8465216388496
      ],
      [
       -79.697435280668,
       43.8467725596088
      ],
      [
       -79.6973287367148,
       43.8470864693588
      ],
      [
       -79.6972346730451,
       43.8473636531171
      ],
      [
       -79.6960936950411,
       43.8475873574255
      ],
      [
       -79.6952189202148,
       43.8477267243446
      ],
      [
       -79.6932453981857,
       43.844383714012
      ],
      [
       -79.6897795955169,
       43.8384736076818
      ],
      [
       -79.6890894227464,
       43.8373090679134
      ],
      [
       -79.6889038819265,
       43.8369960019257
      ],
      [
       -79.6887205093711,
       43.8366788107132
      ],
      [
       -79.6886453071973,
       43.8365487918419
      ],
      [
       -79.6786714095357,
       43.819312003048
      ],
      [
       -79.6769674791433,
       43.8165101070544
      ],
      [
       -79.6750611860213,
       43.8133097005877
      ],
      [
       -79.6744446794472,
       43.8122709007963
      ],
      [
       -79.6717185911125,
       43.8076076070502
      ],
      [
       -79.6717170999656,
       43.8076049921463
      ],
      [
       -79.670210970851,
       43.8049519043744
      ],
      [
       -79.6691292721329,
       43.8030446025464
      ],
      [
       -79.6685493981362,
       43.8019613980216
      ],
      [
       -79.6666453809776,
       43.7986977889494
      ],
      [
       -79.6665375853653,
       43.7985164872368
      ],
      [
       -79.6660248742479,
       43.7976399068703
      ],
      [
       -79.6658429852651,
       43.7973289078939
      ],
      [
       -79.6655560034857,
       43.7968212969428
      ],
      [
       -79.6630656722514,
       43.792551500039
      ],
      [
       -79.6628422487066,
       43.7921656230693
      ],
      [
       -79.6628263874288,
       43.7921382056766
      ],
      [
       -79.6606117689563,
       43.7883360028609
      ],
      [
       -79.6586727859475,
       43.7850088985232
      ],
      [
       -79.6585995729824,
       43.7848819840278
      ],
      [
       -79.6580859324065,
       43.783972865369
      ],
      [
       -79.6558754782109,
       43.78005998875
      ],
      [
       -79.6550160911844,
       43.7785276876857
      ],
      [
       -79.652602045096,
       43.774290861834
      ],
      [
       -79.6522893861599,
       43.7737420855457
      ],
      [
       -79.6496114919137,
       43.7690555974349
      ],
      [
       -79.6492290952921,
       43.7683847867459
      ],
      [
       -79.6485528700959,
       43.7671669994804
      ],
      [
       -79.6484731871029,
       43.7670318991585
      ],
      [
       -79.6479052840383,
       43.7659290875905
      ],
      [
       -79.6477736622366,
       43.7657023882153
      ],
      [
       -79.6475810674658,
       43.7654299851617
      ],
      [
       -79.647412390886,
       43.7651939934062
      ],
      [
       -79.6469806701995,
       43.7645045789488
      ],
      [
       -79.6468318405518,
       43.7642728171651
      ],
      [
       -79.6463805776877,
       43.7635701008671
      ],
      [
       -79.6454231880364,
       43.7619560008827
      ],
      [
       -79.6449566715926,
       43.7611582026194
      ],
      [
       -79.6447658704743,
       43.7608047909281
      ],
      [
       -79.6445740789483,
       43.7604963851374
      ],
      [
       -79.6442751643957,
       43.7599795997021
      ],
      [
       -79.6441317843084,
       43.7597258000291
      ],
      [
       -79.6440006882613,
       43.7594811028886
      ],
      [
       -79.6438094810578,
       43.7591457012566
      ],
      [
       -79.6436541624062,
       43.7588737877264
      ],
      [
       -79.64323815909,
       43.758040495368
      ],
      [
       -79.6429456816277,
       43.7572446888825
      ],
      [
       -79.6423600886523,
       43.7556710805661
      ],
      [
       -79.642211086009,
       43.7552724810934
      ],
      [
       -79.6412778775236,
       43.7526239984091
      ],
      [
       -79.6410269581469,
       43.7520131996146
      ],
      [
       -79.6407805610245,
       43.7515483739207
      ],
      [
       -79.6407291745168,
       43.751451400555
      ],
      [
       -79.6405837575725,
       43.7512408693078
      ],
      [
       -79.6405787578164,
       43.7512335869913
      ],
      [
       -79.6405028881082,
       43.7511245858284
      ],
      [
       -79.6404990207088,
       43.7511197921212
      ],
      [
       -79.6402626851228,
       43.7508291021125
      ],
      [
       -79.6402616570694,
       43.750827932893
      ],
      [
       -79.6401183602813,
       43.7506681662255
      ],
      [
       -79.6401157772133,
       43.750665293891
      ],
      [
       -79.6400320135809,
       43.7505736045988
      ],
      [
       -79.6399709966988,
       43.7505068527447
      ],
      [
       -79.6398953903936,
       43.7504240940511
      ],
      [
       -79.6393058801943,
       43.7498542979111
      ],
      [
       -79.638352079129,
       43.7489706028365
      ],
      [
       -79.6378426827425,
       43.7484852916899
      ],
      [
       -79.6376064691309,
       43.7483025809418
      ],
      [
       -79.6375953237528,
       43.7482957105293
      ],
      [
       -79.6369912197908,
       43.7468822158356
      ],
      [
       -79.6369792297354,
       43.7467692525612
      ],
      [
       -79.6366940353642,
       43.7461625926435
      ],
      [
       -79.634695716435,
       43.7430551461404
      ],
      [
       -79.6341463697115,
       43.7420824755184
      ]
     ]
    ]
   },
   "properties": {
    "OBJECTID": 1,
    "CSDNAME": "Brampton",
    "Shape__Area": 268131623.90698242,
    "Shape__Length": 72177.64096821875
   }
  },
  {
   "type": "Feature",
   "id": 2,
   "geometry": {
    "type": "Polygon",
    "coordinates": [
     [
      [
       -79.7324377284875,
       43.9133969277537
      ],
      [
       -79.7299785267533,
       43.9089758164096
      ],
      [
       -79.7298347021726,
       43.9087131069677
      ],
      [
       -79.7287203137817,
       43.9066569127977
      ],
      [
       -79.7276936214848,
       43.9051599097348
      ],
      [
       -79.7276574103303,
       43.9051055129737
      ],
      [
       -79.7270697965098,
       43.9040455191775
      ],
      [
       -79.7269992211995,
       43.9038556154977
      ],
      [
       -79.7268438255594,
       43.9035478111147
      ],
      [
       -79.7260659078836,
       43.9020715158663
      ],
      [
       -79.7254540211356,
       43.9009843138318
      ],
      [
       -79.7237091893114,
       43.8978509087418
      ],
      [
       -79.7224322095499,
       43.8955574167962
      ],
      [
       -79.722324632227,
       43.8953491034724
      ],
      [
       -79.7222524032463,
       43.8952312194167
      ],
      [
       -79.7216054077587,
       43.8940445167325
      ],
      [
       -79.7215455280769,
       43.893935809081
      ],
      [
       -79.721198008821,
       43.89330171837
      ],
      [
       -79.7211383097941,
       43.8931839981206
      ],
      [
       -79.7207550200428,
       43.8924774174649
      ],
      [
       -79.7198897398867,
       43.8909194966816
      ],
      [
       -79.7187171149841,
       43.8888081076111
      ],
      [
       -79.7185975219084,
       43.8885816999496
      ],
      [
       -79.7183100138356,
       43.8880562026693
      ],
      [
       -79.7178677972469,
       43.8871959021938
      ],
      [
       -79.717446105931,
       43.8865429049778
      ],
      [
       -79.7173496001402,
       43.8863978135916
      ],
      [
       -79.717112000697,
       43.8860746134455
      ],
      [
       -79.7173668719118,
       43.8856135994267
      ],
      [
       -79.714500416073,
       43.8803761580035
      ],
      [
       -79.7136641860981,
       43.8795138988684
      ],
      [
       -79.713332547173,
       43.8790250755233
      ],
      [
       -79.7132298134956,
       43.8788424985619
      ],
      [
       -79.7131215005735,
       43.8786702002131
      ],
      [
       -79.7129776184693,
       43.8784165046289
      ],
      [
       -79.7126899902382,
       43.8779000171709
      ],
      [
       -79.7122820257167,
       43.8771931122597
      ],
      [
       -79.7121803008564,
       43.8769987194284
      ],
      [
       -79.7118078968219,
       43.876287009434
      ],
      [
       -79.7115162642506,
       43.8757693194472
      ],
      [
       -79.7088540046434,
       43.8710860089616
      ],
      [
       -79.7078363075504,
       43.869346214122
      ],
      [
       -79.7062616103022,
       43.8666538961668
      ],
      [
       -79.7046336994932,
       43.8636732951427
      ],
      [
       -79.7033841054825,
       43.861615108075
      ],
      [
       -79.6989070165866,
       43.8540552141772
      ],
      [
       -79.6976348021511,
       43.8519069130408
      ],
      [
       -79.6976346982539,
       43.8519067704993
      ],
      [
       -79.6975137844841,
       43.8517524040744
      ],
      [
       -79.6974850631527,
       43.8517201425358
      ],
      [
       -79.6973438107708,
       43.8515614141071
      ],
      [
       -79.6971975862608,
       43.8514157111117
      ],
      [
       -79.697025997183,
       43.8512967107314
      ],
      [
       -79.6968424056592,
       43.851159515487
      ],
      [
       -79.696645317491,
       43.8510671977494
      ],
      [
       -79.696645133089,
       43.8510670957055
      ],
      [
       -79.6963870862775,
       43.8509292160896
      ],
      [
       -79.6960179883084,
       43.8507360116073
      ],
      [
       -79.6957108042309,
       43.8505614173348
      ],
      [
       -79.6954650084953,
       43.8504235107038
      ],
      [
       -79.6951705929688,
       43.8502310957647
      ],
      [
       -79.6949505963607,
       43.8500484985904
      ],
      [
       -79.6948429988437,
       43.8498491992085
      ],
      [
       -79.694822397269,
       43.8496509096702
      ],
      [
       -79.694851397647,
       43.8494621084166
      ],
      [
       -79.6949172137374,
       43.8493008178404
      ],
      [
       -79.6950701075345,
       43.849131512656
      ],
      [
       -79.6952599171341,
       43.8489896028388
      ],
      [
       -79.6954991155482,
       43.8488573052343
      ],
      [
       -79.6957927073419,
       43.848698611622
      ],
      [
       -79.6952189202148,
       43.8477267243446
      ],
      [
       -79.6960936950411,
       43.8475873574255
      ],
      [
       -79.6972346730451,
       43.8473636531171
      ],
      [
       -79.6973287367148,
       43.8470864693588
      ],
      [
       -79.697435280668,
       43.8467725596088
      ],
      [
       -79.6975402822417,
       43.8465216388496
      ],
      [
       -79.6976834952252,
       43.8462351163625
      ],
      [
       -79.6978378004776,
       43.84601181592
      ],
      [
       -79.6978690423857,
       43.8459790006753
      ],
      [
       -79.6980159856,
       43.8458247074533
      ],
      [
       -79.6982450034735,
       43.8455932954889
      ],
      [
       -79.7054380168751,
       43.8391563112504
      ],
      [
       -79.7056533166189,
       43.8389787011969
      ],
      [
       -79.7057548954136,
       43.8388807907182
      ],
      [
       -79.7058692053548,
       43.8387740152645
      ],
      [
       -79.7113352926484,
       43.8339018113892
      ],
      [
       -79.7138596953445,
       43.831607299109
      ],
      [
       -79.7163832225349,
       43.8293486898559
      ],
      [
       -79.7165987087099,
       43.8291620905363
      ],
      [
       -79.7222396056969,
       43.8241742020914
      ],
      [
       -79.7238239925657,
       43.8227694050844
      ],
      [
       -79.7273607051699,
       43.8196124963071
      ],
      [
       -79.7310973551913,
       43.8163017134423
      ],
      [
       -79.734391473728,
       43.8133825390072
      ],
      [
       -79.7380175062195,
       43.8101686839737
      ],
      [
       -79.7426288174018,
       43.8060868848817
      ],
      [
       -79.7431139527694,
       43.8056566893016
      ],
      [
       -79.7488862269625,
       43.8005372011447
      ],
      [
       -79.7516214045594,
       43.7981360833457
      ],
      [
       -79.7516223570013,
       43.7981352951191
      ],
      [
       -79.7517479260015,
       43.7980294683301
      ],
      [
       -79.7517743054606,
       43.7980062837365
      ],
      [
       -79.7517816450008,
       43.7979998118874
      ],
      [
       -79.7518117545004,
       43.7979733609558
      ],
      [
       -79.7545158059032,
       43.7955962813623
      ],
      [
       -79.7563163985181,
       43.7940134238833
      ],
      [
       -79.7580911298681,
       43.7924532016062
      ],
      [
       -79.7585461178796,
       43.7920889926773
      ],
      [
       -79.7590861130196,
       43.7918247975891
      ],
      [
       -79.7596253163047,
       43.7915964901825
      ],
      [
       -79.7602043154984,
       43.7912427026556
      ],
      [
       -79.7718824082161,
       43.7824009965376
      ],
      [
       -79.7726809274517,
       43.7816933690989
      ],
      [
       -79.7739201323963,
       43.7805951023642
      ],
      [
       -79.7752621116743,
       43.7793849774683
      ],
      [
       -79.7756056141727,
       43.7789924817042
      ],
      [
       -79.7769730310729,
       43.7771433788365
      ],
      [
       -79.7775743266488,
       43.7762944819128
      ],
      [
       -79.7781354262274,
       43.7755891898127
      ],
      [
       -79.7793906258107,
       43.7743600878693
      ],
      [
       -79.7805524046564,
       43.7733369079446
      ],
      [
       -79.7818451334231,
       43.7721983013825
      ],
      [
       -79.7827571234889,
       43.7713436921207
      ],
      [
       -79.7875952997044,
       43.7669136286772
      ],
      [
       -79.7918838240723,
       43.7629859841893
      ],
      [
       -79.792439811482,
       43.7624876802772
      ],
      [
       -79.7948128684866,
       43.7603068118624
      ],
      [
       -79.7962591228696,
       43.7589775826898
      ],
      [
       -79.7971359170834,
       43.7581717958509
      ],
      [
       -79.7971559368321,
       43.7581525835602
      ],
      [
       -79.7982732148669,
       43.7571918737213
      ],
      [
       -79.7987194073504,
       43.7568082513422
      ],
      [
       -79.7987476516285,
       43.7567839687401
      ],
      [
       -79.7988755602721,
       43.7566740261121
      ],
      [
       -79.7989831049369,
       43.7565815347983
      ],
      [
       -79.7994682128838,
       43.7561644722006
      ],
      [
       -79.8005392121124,
       43.7552084929529
      ],
      [
       -79.8009062190705,
       43.7548807898615
      ],
      [
       -79.802872925904,
       43.7531479891563
      ],
      [
       -79.803239341888,
       43.7528411763946
      ],
      [
       -79.8035333393286,
       43.7525740881284
      ],
      [
       -79.8046598243042,
       43.7515143727478
      ],
      [
       -79.8050000230924,
       43.751274891469
      ],
      [
       -79.8063706157093,
       43.7504338874672
      ],
      [
       -79.8069870204124,
       43.7500530867849
      ],
      [
       -79.807691226623,
       43.7496192731392
      ],
      [
       -79.8084717294178,
       43.7490961863078
      ],
      [
       -79.8102937359292,
       43.7474044737527
      ],
      [
       -79.8112047160908,
       43.7465585732561
      ],
      [
       -79.8120919577747,
       43.7457643877852
      ],
      [
       -79.81427712506,
       43.7438082787142
      ],
      [
       -79.8144383293994,
       43.7436568707412
      ],
      [
       -79.8175538209789,
       43.7407538672954
      ],
      [
       -79.8192622456975,
       43.7391328895082
      ],
      [
       -79.8196294176523,
       43.7387765721226
      ],
      [
       -79.8196322353175,
       43.7387739207821
      ],
      [
       -79.8196730079647,
       43.7387356478975
      ],
      [
       -79.823813745929,
       43.7415881625712
      ],
      [
       -79.8244093234653,
       43.7418992999226
      ],
      [
       -79.8254940501486,
       43.7424659839653
      ],
      [
       -79.8277598763302,
       43.7403004901459
      ],
      [
       -79.8291035822024,
       43.7393255445734
      ],
      [
       -79.8308800485352,
       43.7382323741019
      ],
      [
       -79.8320646683362,
       43.7370650166487
      ],
      [
       -79.8327895657676,
       43.736405860786
      ],
      [
       -79.8353195901895,
       43.7342377243132
      ],
      [
       -79.8364820202443,
       43.7336723370483
      ],
      [
       -79.8303874123183,
       43.7294596715819
      ],
      [
       -79.8301058248904,
       43.7292650470019
      ],
      [
       -79.8299247782151,
       43.7291398812996
      ],
      [
       -79.8300017420604,
       43.7290599875078
      ],
      [
       -79.8302429748578,
       43.7287969098007
      ],
      [
       -79.8308769342568,
       43.7281055656756
      ],
      [
       -79.83195312313,
       43.7270360755196
      ],
      [
       -79.8328236162518,
       43.7262238801376
      ],
      [
       -79.8353419497015,
       43.7238742710496
      ],
      [
       -79.8392075221672,
       43.7204290753351
      ],
      [
       -79.840674033776,
       43.7190573740375
      ],
      [
       -79.8417869544764,
       43.7179972648037
      ],
      [
       -79.8461324286365,
       43.7140884607213
      ],
      [
       -79.846359548434,
       43.7138926690715
      ],
      [
       -79.8497194287896,
       43.7108652812958
      ],
      [
       -79.8521680217257,
       43.7087379730986
      ],
      [
       -79.8524205512477,
       43.7085153766958
      ],
      [
       -79.8529758535294,
       43.7080347807322
      ],
      [
       -79.8532914442723,
       43.7077587684948
      ],
      [
       -79.8549205520373,
       43.7062894755381
      ],
      [
       -79.8561708224588,
       43.7051584800721
      ],
      [
       -79.8566250236677,
       43.7047668814117
      ],
      [
       -79.8569030570852,
       43.7045085694049
      ],
      [
       -79.8598325264117,
       43.7018636567528
      ],
      [
       -79.8609560284899,
       43.700866367496
      ],
      [
       -79.8618171583301,
       43.6999565663985
      ],
      [
       -79.8624522483199,
       43.6991885625553
      ],
      [
       -79.8632757296082,
       43.6982963778487
      ],
      [
       -79.8641344341855,
       43.6975125713831
      ],
      [
       -79.8672653571583,
       43.6946803625621
      ],
      [
       -79.8705729587332,
       43.6916788621946
      ],
      [
       -79.872212152153,
       43.689624074553
      ],
      [
       -79.8730640389634,
       43.6885250599126
      ],
      [
       -79.8738866536843,
       43.687668777865
      ],
      [
       -79.8758432366294,
       43.6858782716219
      ],
      [
       -79.8766258546458,
       43.6851655731036
      ],
      [
       -79.8771059392405,
       43.6847021756319
      ],
      [
       -79.8790738550204,
       43.6829656596684
      ],
      [
       -79.8807143459385,
       43.6814780628805
      ],
      [
       -79.8817340561132,
       43.680686759856
      ],
      [
       -79.8827895392292,
       43.6799677639332
      ],
      [
       -79.8833040368129,
       43.6796485727077
      ],
      [
       -79.8840581495886,
       43.679124767009
      ],
      [
       -79.8845107367208,
       43.6788050594468
      ],
      [
       -79.885228046376,
       43.6782537641769
      ],
      [
       -79.8881178312411,
       43.6756077601976
      ],
      [
       -79.8888744434013,
       43.6748991595322
      ],
      [
       -79.893575036399,
       43.6783708681431
      ],
      [
       -79.893602080707,
       43.6783910187394
      ],
      [
       -79.8936362564707,
       43.6784164750516
      ],
      [
       -79.8936633942615,
       43.6784365364988
      ],
      [
       -79.8969288411645,
       43.6808523577848
      ],
      [
       -79.9048608413482,
       43.686754157168
      ],
      [
       -79.9084231576365,
       43.6894174658569
      ],
      [
       -79.9101250451566,
       43.6906761766114
      ],
      [
       -79.913639270724,
       43.6932847744204
      ],
      [
       -79.9156077556178,
       43.694725858271
      ],
      [
       -79.9166638495037,
       43.6955284701579
      ],
      [
       -79.91970117275,
       43.6977721669373
      ],
      [
       -79.9230443705165,
       43.7002707753153
      ],
      [
       -79.9254328449725,
       43.702031065718
      ],
      [
       -79.9300386572978,
       43.7054416702576
      ],
      [
       -79.9335297756006,
       43.7080494629981
      ],
      [
       -79.9351710675411,
       43.7092892731016
      ],
      [
       -79.9363266915501,
       43.7101584880079
      ],
      [
       -79.9363346761982,
       43.710164470675
      ],
      [
       -79.936681981932,
       43.7104229295295
      ],
      [
       -79.9366899799523,
       43.7104288618741
      ],
      [
       -79.9372411664309,
       43.7108482658589
      ],
      [
       -79.9374193537407,
       43.7109915638072
      ],
      [
       -79.9378162836917,
       43.7112539596401
      ],
      [
       -79.9395279757984,
       43.7125222585617
      ],
      [
       -79.9396419098626,
       43.7125699702335
      ],
      [
       -79.9410146646184,
       43.7136654808997
      ],
      [
       -79.9412723660219,
       43.7138298610049
      ],
      [
       -79.9414437722658,
       43.713966566486
      ],
      [
       -79.9416151699244,
       43.7141031689835
      ],
      [
       -79.9419462639714,
       43.7143313804765
      ],
      [
       -79.9421670716679,
       43.7144864626312
      ],
      [
       -79.9424979682532,
       43.7147236691757
      ],
      [
       -79.9428655828584,
       43.7149971642168
      ],
      [
       -79.9430946710297,
       43.7151568600166
      ],
      [
       -79.9431502143547,
       43.7151983737527
      ],
      [
       -79.9433661277398,
       43.7153599370365
      ],
      [
       -79.9434381459129,
       43.715413789707
      ],
      [
       -79.9435821103902,
       43.715521509553
      ],
      [
       -79.9436541301914,
       43.7155753621013
      ],
      [
       -79.9437261088153,
       43.7156292340318
      ],
      [
       -79.9437981008495,
       43.7156830565191
      ],
      [
       -79.9438700809566,
       43.7157369292723
      ],
      [
       -79.9440860395305,
       43.715898470893
      ],
      [
       -79.9441580602342,
       43.7159523231294
      ],
      [
       -79.9443020272896,
       43.7160600420846
      ],
      [
       -79.944446001509,
       43.7161677357122
      ],
      [
       -79.9445899695957,
       43.7162754543112
      ],
      [
       -79.9446619857949,
       43.7163293313966
      ],
      [
       -79.9447339795045,
       43.7163831533049
      ],
      [
       -79.9448059613034,
       43.7164370245788
      ],
      [
       -79.944854255617,
       43.7164731177413
      ],
      [
       -79.9448855312335,
       43.7164965158563
      ],
      [
       -79.9449557386982,
       43.716549222659
      ],
      [
       -79.9451714360882,
       43.716710981296
      ],
      [
       -79.945315199752,
       43.7168188240417
      ],
      [
       -79.9453871012052,
       43.7168727347226
      ],
      [
       -79.9454589973803,
       43.71692667052
      ],
      [
       -79.9455309003167,
       43.7169805820237
      ],
      [
       -79.9456027955085,
       43.7170345177208
      ],
      [
       -79.9456746987184,
       43.7170884282354
      ],
      [
       -79.9458184641867,
       43.7171962703593
      ],
      [
       -79.9458903611354,
       43.7172502058902
      ],
      [
       -79.9460341608263,
       43.7173580516577
      ],
      [
       -79.9462498664994,
       43.7175198083182
      ],
      [
       -79.9463217708536,
       43.7175737193331
      ],
      [
       -79.9463936352712,
       43.7176276497428
      ],
      [
       -79.9465374379922,
       43.7177354957999
      ],
      [
       -79.9466093428778,
       43.7177894057369
      ],
      [
       -79.9474002408909,
       43.7183825357726
      ],
      [
       -79.9474721072419,
       43.7184364655161
      ],
      [
       -79.9475428476408,
       43.718498344281
      ],
      [
       -79.9476158268067,
       43.7185442464117
      ],
      [
       -79.9477596351676,
       43.7186520900694
      ],
      [
       -79.9478315368385,
       43.7187060244121
      ],
      [
       -79.9481910311199,
       43.718975616978
      ],
      [
       -79.9482629402115,
       43.7190295259044
      ],
      [
       -79.9484786537086,
       43.7191913036051
      ],
      [
       -79.9485505298811,
       43.7192452075442
      ],
      [
       -79.9491976286425,
       43.7197304779628
      ],
      [
       -79.949269526261,
       43.7197844356663
      ],
      [
       -79.9493414372706,
       43.7198383448263
      ],
      [
       -79.949413308343,
       43.7198922733822
      ],
      [
       -79.9494852208673,
       43.7199461815645
      ],
      [
       -79.9495571256327,
       43.7200001148407
      ],
      [
       -79.9496290371579,
       43.7200540238229
      ],
      [
       -79.9497009087459,
       43.720107952201
      ],
      [
       -79.9497728217859,
       43.7201618602056
      ],
      [
       -79.9498447283083,
       43.7202157933154
      ],
      [
       -79.9499166403492,
       43.7202697021199
      ],
      [
       -79.949988553776,
       43.720323609991
      ],
      [
       -79.9500604260085,
       43.7203775381471
      ],
      [
       -79.950204245619,
       43.7204853788056
      ],
      [
       -79.9502761595458,
       43.7205392873992
      ],
      [
       -79.9505637673783,
       43.7207549640964
      ],
      [
       -79.9506180935982,
       43.7208473043219
      ],
      [
       -79.9507072277628,
       43.7208547531475
      ],
      [
       -79.9507765350483,
       43.7209145908596
      ],
      [
       -79.9511360631958,
       43.7211841734928
      ],
      [
       -79.9512079387112,
       43.7212381018515
      ],
      [
       -79.9512798478231,
       43.7212920331741
      ],
      [
       -79.9514236730326,
       43.7213998732367
      ],
      [
       -79.9514955837569,
       43.7214538053375
      ],
      [
       -79.9516394097559,
       43.7215616442331
      ],
      [
       -79.9517112928198,
       43.7216155471309
      ],
      [
       -79.9520708330718,
       43.7218851269093
      ],
      [
       -79.9521427102789,
       43.7219390537902
      ],
      [
       -79.9523584587419,
       43.7221007992148
      ],
      [
       -79.9524303364647,
       43.7221547259179
      ],
      [
       -79.9525022543988,
       43.7222086322351
      ],
      [
       -79.9525741336208,
       43.7222625588608
      ],
      [
       -79.9527179647136,
       43.7223703973346
      ],
      [
       -79.9527898777591,
       43.7224243286353
      ],
      [
       -79.9529337108827,
       43.7225321659533
      ],
      [
       -79.9529654217499,
       43.7225559529928
      ],
      [
       -79.9529803775169,
       43.7225671098533
      ],
      [
       -79.9530373204663,
       43.7226098056714
      ],
      [
       -79.9531811544772,
       43.7227176426835
      ],
      [
       -79.9532530349163,
       43.7227715688897
      ],
      [
       -79.9533249555512,
       43.7228254756099
      ],
      [
       -79.9533922715062,
       43.7228759618616
      ],
      [
       -79.9534693617835,
       43.7229328790076
      ],
      [
       -79.9535418820281,
       43.7229863823044
      ],
      [
       -79.9536143677389,
       43.7230398798363
      ],
      [
       -79.9536868882416,
       43.7230933830427
      ],
      [
       -79.9537593754518,
       43.7231468804956
      ],
      [
       -79.9540781706751,
       43.7233755220324
      ],
      [
       -79.9544460742506,
       43.7236393633091
      ],
      [
       -79.9569925305179,
       43.7255260550403
      ],
      [
       -79.9585146920079,
       43.7267070940954
      ],
      [
       -79.9598314794141,
       43.7276952607742
      ],
      [
       -79.960585373804,
       43.7282108762408
      ],
      [
       -79.9618883787313,
       43.7291500773846
      ],
      [
       -79.963699784881,
       43.7305350848639
      ],
      [
       -79.9663222696818,
       43.7324631680968
      ],
      [
       -79.9690382864419,
       43.7344595732998
      ],
      [
       -79.9731918678624,
       43.7375221754131
      ],
      [
       -79.9756682792835,
       43.739399272619
      ],
      [
       -79.9776427914567,
       43.7408665725532
      ],
      [
       -79.9796412773267,
       43.7423790848959
      ],
      [
       -79.9815547961549,
       43.7437916760459
      ],
      [
       -79.9845100715252,
       43.7460239676365
      ],
      [
       -79.9883738997871,
       43.74890336405
      ],
      [
       -79.9898580720522,
       43.7500149697175
      ],
      [
       -79.9903605995072,
       43.7503975680774
      ],
      [
       -79.9921024784357,
       43.7517005689199
      ],
      [
       -79.9943594915619,
       43.7534041639325
      ],
      [
       -79.9957215848889,
       43.7543975803177
      ],
      [
       -79.9957338866765,
       43.7544066778486
      ],
      [
       -79.9976475015198,
       43.7558550773564
      ],
      [
       -79.9985060732712,
       43.7565108794806
      ],
      [
       -79.999143772872,
       43.7570026702243
      ],
      [
       -79.9999289959933,
       43.7575947851504
      ],
      [
       -80.0000025794019,
       43.7576494628271
      ],
      [
       -80.0009357768682,
       43.7583148844073
      ],
      [
       -80.0023956737246,
       43.7594171728079
      ],
      [
       -80.0037567856481,
       43.7604914797893
      ],
      [
       -80.0053275780503,
       43.7616576815186
      ],
      [
       -80.0063825947245,
       43.7624681823581
      ],
      [
       -80.006775179233,
       43.762768660815
      ],
      [
       -80.009830706286,
       43.7650641691175
      ],
      [
       -80.0115858955741,
       43.7663668821597
      ],
      [
       -80.0136352874967,
       43.7679152692198
      ],
      [
       -80.0156116032675,
       43.7693818834004
      ],
      [
       -80.0221544937263,
       43.7742550737046
      ],
      [
       -80.0223386800541,
       43.7743917840881
      ],
      [
       -80.0230506801697,
       43.7749290795501
      ],
      [
       -80.0282804876319,
       43.778854264051
      ],
      [
       -80.0304904911322,
       43.7805117735281
      ],
      [
       -80.0307361086231,
       43.7806938861413
      ],
      [
       -80.0308708027341,
       43.7808210897552
      ],
      [
       -80.0309433986331,
       43.7809387736706
      ],
      [
       -80.030990703568,
       43.7810922772085
      ],
      [
       -80.0310018943035,
       43.7811643637827
      ],
      [
       -80.0310343908196,
       43.7814617728264
      ],
      [
       -80.0320408934796,
       43.7814702769627
      ],
      [
       -80.032039988431,
       43.7815936834842
      ],
      [
       -80.0320785111239,
       43.7816659699288
      ],
      [
       -80.0321895063285,
       43.781765983261
      ],
      [
       -80.0400642968176,
       43.7877028811959
      ],
      [
       -80.0420073867523,
       43.7891372866508
      ],
      [
       -80.0431271986888,
       43.7899641870432
      ],
      [
       -80.0431762980497,
       43.7900005826777
      ],
      [
       -80.0458539979695,
       43.7920038844839
      ],
      [
       -80.0478317226422,
       43.7934789818324
      ],
      [
       -80.0488265157725,
       43.7942345762861
      ],
      [
       -80.0511850084652,
       43.7960098760094
      ],
      [
       -80.052352509659,
       43.7968569884949
      ],
      [
       -80.0545514020543,
       43.7985138742501
      ],
      [
       -80.0563697235036,
       43.7998793701049
      ],
      [
       -80.0581267092529,
       43.8011904869065
      ],
      [
       -80.0582004111942,
       43.8012450737351
      ],
      [
       -80.0592817940871,
       43.8020463889089
      ],
      [
       -80.0595639153735,
       43.8022917920084
      ],
      [
       -80.0598222274969,
       43.8024649791653
      ],
      [
       -80.0603017999462,
       43.8028020675933
      ],
      [
       -80.0636941245315,
       43.8052878935692
      ],
      [
       -80.0656481263556,
       43.8067444770436
      ],
      [
       -80.0673074993148,
       43.8079645733551
      ],
      [
       -80.0692743149848,
       43.8094121698857
      ],
      [
       -80.0710819233368,
       43.8107054779001
      ],
      [
       -80.0734056051009,
       43.8123989711339
      ],
      [
       -80.0740940151151,
       43.8129087845979
      ],
      [
       -80.0741032089964,
       43.8129156830347
      ],
      [
       -80.0765892368344,
       43.8147837827123
      ],
      [
       -80.0782610345918,
       43.8160307906287
      ],
      [
       -80.0802649053912,
       43.8175234788635
      ],
      [
       -80.0819371335847,
       43.8187614916581
      ],
      [
       -80.0841135117189,
       43.8203725687602
      ],
      [
       -80.086548419135,
       43.822156888717
      ],
      [
       -80.0867449325721,
       43.8223204762896
      ],
      [
       -80.0878519118675,
       43.8231216890686
      ],
      [
       -80.0903730121745,
       43.8249874746721
      ],
      [
       -80.0922793207798,
       43.826389280401
      ],
      [
       -80.0950835197328,
       43.8284642765568
      ],
      [
       -80.096498313906,
       43.8294929739886
      ],
      [
       -80.1007543095785,
       43.8326417905562
      ],
      [
       -80.1043707297012,
       43.8353352825561
      ],
      [
       -80.1075329164586,
       43.8376469742254
      ],
      [
       -80.1100801286859,
       43.8395125764443
      ],
      [
       -80.1123564297137,
       43.8411959925735
      ],
      [
       -80.1133527418818,
       43.8419600798452
      ],
      [
       -80.1142756182247,
       43.8426424810203
      ],
      [
       -80.1143863312863,
       43.8427243905203
      ],
      [
       -80.1158753229253,
       43.8438253786308
      ],
      [
       -80.1187920299117,
       43.8459727833543
      ],
      [
       -80.1198999239447,
       43.8467736810372
      ],
      [
       -80.124392332308,
       43.8500854759439
      ],
      [
       -80.1273834438065,
       43.8522962725544
      ],
      [
       -80.1294147454339,
       43.8537793869943
      ],
      [
       -80.1311259500479,
       43.8550438825644
      ],
      [
       -80.1337359290549,
       43.8569634747306
      ],
      [
       -80.1343513458844,
       43.8574273789396
      ],
      [
       -80.1347573596398,
       43.8577455804454
      ],
      [
       -80.1359148618844,
       43.8585916768587
      ],
      [
       -80.1396943550219,
       43.8614112805191
      ],
      [
       -80.1398790344398,
       43.8615477737724
      ],
      [
       -80.1429537490256,
       43.8637802865063
      ],
      [
       -80.1437097361994,
       43.8643372972362
      ],
      [
       -80.1440424563216,
       43.864601793556
      ],
      [
       -80.1441134597595,
       43.8647033854319
      ],
      [
       -80.1441165466824,
       43.8647470863229
      ],
      [
       -80.1441220324823,
       43.864823172523
      ],
      [
       -80.1440585474223,
       43.8649200745557
      ],
      [
       -80.1438589358889,
       43.8651206732005
      ],
      [
       -80.1415569550867,
       43.8671909987563
      ],
      [
       -80.1384849516945,
       43.8699758008408
      ],
      [
       -80.1375304340633,
       43.8708128967531
      ],
      [
       -80.1369883390281,
       43.8712949888486
      ],
      [
       -80.1365471442432,
       43.8716787841857
      ],
      [
       -80.1346088312262,
       43.8734768819449
      ],
      [
       -80.1340874339476,
       43.8739380878016
      ],
      [
       -80.129609046659,
       43.8780547997112
      ],
      [
       -80.1286130516145,
       43.8789790950699
      ],
      [
       -80.1278436584005,
       43.8796848827205
      ],
      [
       -80.1264786288237,
       43.880960180293
      ],
      [
       -80.1259022323035,
       43.8815018858489
      ],
      [
       -80.1250913444042,
       43.8822609800757
      ],
      [
       -80.1241956466049,
       43.883073491696
      ],
      [
       -80.1238584977897,
       43.8833810875282
      ],
      [
       -80.121142126019,
       43.8858591993837
      ],
      [
       -80.1180631490698,
       43.8886715987902
      ],
      [
       -80.1174348402928,
       43.8892691887317
      ],
      [
       -80.1173543624364,
       43.8893391214749
      ],
      [
       -80.1168895218051,
       43.8897429970242
      ],
      [
       -80.1142011396326,
       43.8922071843368
      ],
      [
       -80.1132169327945,
       43.8930909008328
      ],
      [
       -80.1110708304616,
       43.8950729805675
      ],
      [
       -80.1093063208053,
       43.8966717925628
      ],
      [
       -80.108899749318,
       43.8970548964603
      ],
      [
       -80.1075869483885,
       43.8982512050819
      ],
      [
       -80.1068230509234,
       43.8989598023107
      ],
      [
       -80.1041705511732,
       43.9013913995989
      ],
      [
       -80.1035720263905,
       43.9019381974204
      ],
      [
       -80.1032702377109,
       43.9022203844515
      ],
      [
       -80.1031805464366,
       43.9023042857807
      ],
      [
       -80.1028396348986,
       43.9026168057166
      ],
      [
       -80.1026377372316,
       43.9027951928281
      ],
      [
       -80.1025493409008,
       43.9028755861072
      ],
      [
       -80.1024861257401,
       43.9029380816294
      ],
      [
       -80.1024358401568,
       43.902973708333
      ],
      [
       -80.1023795021634,
       43.9029975953679
      ],
      [
       -80.1005812138353,
       43.9046020110904
      ],
      [
       -80.1004751371713,
       43.9047409833628
      ],
      [
       -80.1001841377844,
       43.9050448836147
      ],
      [
       -80.09921994082,
       43.9059703072184
      ],
      [
       -80.0971317071361,
       43.9079094201893
      ],
      [
       -80.095205339551,
       43.9062740050589
      ],
      [
       -80.0951344218322,
       43.9062235616609
      ],
      [
       -80.0932302043194,
       43.9048925573611
      ],
      [
       -80.0900453440329,
       43.9079202351179
      ],
      [
       -80.0881494904228,
       43.9099122245236
      ],
      [
       -80.0865924206135,
       43.9113969945659
      ],
      [
       -80.0830443827712,
       43.9147798309678
      ],
      [
       -80.0869513529164,
       43.9172966811189
      ],
      [
       -80.0865419377138,
       43.9176676947001
      ],
      [
       -80.0861948334788,
       43.9179621010299
      ],
      [
       -80.0861622305595,
       43.9180067952441
      ],
      [
       -80.086060339235,
       43.9181427035167
      ],
      [
       -80.085712710141,
       43.918412482925
      ],
      [
       -80.0832233663725,
       43.9209855036054
      ],
      [
       -80.083148790266,
       43.921061038696
      ],
      [
       -80.0826502543545,
       43.9215428062734
      ],
      [
       -80.0824554304901,
       43.9214884053235
      ],
      [
       -80.0811544313297,
       43.9209499064393
      ],
      [
       -80.0807265312753,
       43.9207606107784
      ],
      [
       -80.0791221214638,
       43.920102185547
      ],
      [
       -80.0780581278932,
       43.9196343999166
      ],
      [
       -80.0775138150487,
       43.9193868999061
      ],
      [
       -80.077511520792,
       43.919385924302
      ],
      [
       -80.0775147765977,
       43.9193140289866
      ],
      [
       -80.0773890078747,
       43.9192391498738
      ],
      [
       -80.0773091590559,
       43.9192008809006
      ],
      [
       -80.0766236471279,
       43.918917969577
      ],
      [
       -80.0764763889384,
       43.918912026479
      ],
      [
       -80.075332335141,
       43.9183730116246
      ],
      [
       -80.0751891426129,
       43.918287709676
      ],
      [
       -80.0750170585239,
       43.9181768249495
      ],
      [
       -80.0743259400139,
       43.9177314997927
      ],
      [
       -80.0714838343779,
       43.9156757898912
      ],
      [
       -80.0695718198291,
       43.914280499178
      ],
      [
       -80.0690696332348,
       43.9139138789258
      ],
      [
       -80.0690033288782,
       43.9138654692719
      ],
      [
       -80.0632397695046,
       43.9185538450248
      ],
      [
       -80.0610957821958,
       43.9203204833481
      ],
      [
       -80.0665643518504,
       43.9240614783176
      ],
      [
       -80.0632966625564,
       43.9267401894136
      ],
      [
       -80.0624609226737,
       43.9269173889952
      ],
      [
       -80.0614232350392,
       43.9271520052771
      ],
      [
       -80.0578104276548,
       43.9279505991624
      ],
      [
       -80.0558853350627,
       43.9283669130317
      ],
      [
       -80.0531348109335,
       43.9289834079496
      ],
      [
       -80.0493087329088,
       43.9298610008095
      ],
      [
       -80.0480210152222,
       43.9301473963942
      ],
      [
       -80.0449950272483,
       43.930842392188
      ],
      [
       -80.044219821749,
       43.9310160033873
      ],
      [
       -80.0405435117116,
       43.9318584910925
      ],
      [
       -80.0395928091029,
       43.9320936067356
      ],
      [
       -80.038692606887,
       43.9322931106537
      ],
      [
       -80.0377547236964,
       43.9325103035847
      ],
      [
       -80.0351033181021,
       43.9331362091172
      ],
      [
       -80.0325524198603,
       43.9337088925542
      ],
      [
       -80.0323523257993,
       43.9337612141766
      ],
      [
       -80.0292765032027,
       43.9344283989067
      ],
      [
       -80.0278698030217,
       43.9347234230924
      ],
      [
       -80.027213713469,
       43.9348609976643
      ],
      [
       -80.025900810915,
       43.9351470119273
      ],
      [
       -80.0258007224508,
       43.9351730972662
      ],
      [
       -80.0175732277717,
       43.936957403076
      ],
      [
       -80.0163837018152,
       43.9372041928582
      ],
      [
       -80.0141842977971,
       43.9377025049973
      ],
      [
       -80.009170124894,
       43.9387755979707
      ],
      [
       -80.0080576128377,
       43.9389910043237
      ],
      [
       -80.0067821022525,
       43.9392681024793
      ],
      [
       -80.0061695189584,
       43.9393888022259
      ],
      [
       -80.0032056066652,
       43.9400383150119
      ],
      [
       -80.0029092311313,
       43.9400999676112
      ],
      [
       -80.0008122140675,
       43.9405362145963
      ],
      [
       -80.0000576926739,
       43.9407004373729
      ],
      [
       -79.9991664970848,
       43.9408943978711
      ],
      [
       -79.9978280089284,
       43.9412068035247
      ],
      [
       -79.9941623165306,
       43.9420839990202
      ],
      [
       -79.9931485032367,
       43.9423451033176
      ],
      [
       -79.9901587184203,
       43.9430390172855
      ],
      [
       -79.9887451963013,
       43.9433597161136
      ],
      [
       -79.9850569115952,
       43.9442264160158
      ],
      [
       -79.9835531845495,
       43.9445741070452
      ],
      [
       -79.9787981609371,
       43.9455873897249
      ],
      [
       -79.9780377007943,
       43.9457494104612
      ],
      [
       -79.9772001169308,
       43.9459039065808
      ],
      [
       -79.976839715205,
       43.9459555573007
      ],
      [
       -79.9735766102986,
       43.9466737163822
      ],
      [
       -79.972136395521,
       43.9469793028085
      ],
      [
       -79.9720415169211,
       43.9469932024399
      ],
      [
       -79.9708680617463,
       43.9472285787971
      ],
      [
       -79.961354409244,
       43.9491971395995
      ],
      [
       -79.9612534053739,
       43.9492534145417
      ],
      [
       -79.9607005053908,
       43.9495185079638
      ],
      [
       -79.959923097724,
       43.9497905992807
      ],
      [
       -79.9588088941103,
       43.950077501279
      ],
      [
       -79.9581593933993,
       43.9501616106476
      ],
      [
       -79.9570611870302,
       43.9502507095756
      ],
      [
       -79.9562620053569,
       43.9503424164831
      ],
      [
       -79.9552865949573,
       43.9505316048539
      ],
      [
       -79.9531847061326,
       43.9509985214771
      ],
      [
       -79.951179998411,
       43.9514320996731
      ],
      [
       -79.9499070045571,
       43.9517067049657
      ],
      [
       -79.9468042058138,
       43.9523894005367
      ],
      [
       -79.9436016878969,
       43.9530712103953
      ],
      [
       -79.9393977930205,
       43.9539866119969
      ],
      [
       -79.9357820726589,
       43.9547633047566
      ],
      [
       -79.9335797881441,
       43.9552560030083
      ],
      [
       -79.9295342985755,
       43.9561399203811
      ],
      [
       -79.9270562479737,
       43.9566877589819
      ],
      [
       -79.9228684908597,
       43.9576134206533
      ],
      [
       -79.9188653227547,
       43.9584856773938
      ],
      [
       -79.9187912700003,
       43.9585018222253
      ],
      [
       -79.9173001858677,
       43.9588213247368
      ],
      [
       -79.9143716895105,
       43.9594688142085
      ],
      [
       -79.913595980389,
       43.9596325058774
      ],
      [
       -79.9094787902313,
       43.9605296076463
      ],
      [
       -79.9064250770169,
       43.9612027155793
      ],
      [
       -79.9038345594828,
       43.9617631230061
      ],
      [
       -79.9029493713362,
       43.9619609063835
      ],
      [
       -79.8996669750584,
       43.962677422893
      ],
      [
       -79.8989537882472,
       43.9628236190745
      ],
      [
       -79.8957123694756,
       43.9635216065283
      ],
      [
       -79.8953743814144,
       43.9635994140624
      ],
      [
       -79.8936847678221,
       43.9639702023705
      ],
      [
       -79.8921453648589,
       43.9642974074383
      ],
      [
       -79.8889537765485,
       43.9649957138817
      ],
      [
       -79.8865452812081,
       43.9655109269932
      ],
      [
       -79.885907449155,
       43.9656507667156
      ],
      [
       -79.8840223745069,
       43.9660640109533
      ],
      [
       -79.8833215686374,
       43.9662103176519
      ],
      [
       -79.881318955007,
       43.9666408102184
      ],
      [
       -79.8804426835764,
       43.9668393192236
      ],
      [
       -79.8792159651526,
       43.9671064086412
      ],
      [
       -79.8780022851814,
       43.9673466078148
      ],
      [
       -79.877389265272,
       43.9674576072776
      ],
      [
       -79.8767391709772,
       43.9675593218962
      ],
      [
       -79.8759017552939,
       43.967677103321
      ],
      [
       -79.8751639828198,
       43.9677959100693
      ],
      [
       -79.8746008586862,
       43.9679074190856
      ],
      [
       -79.8742286457543,
       43.9679985139424
      ],
      [
       -79.873999757716,
       43.9680545227212
      ],
      [
       -79.8734983813389,
       43.9682026190969
      ],
      [
       -79.8725715678939,
       43.9684461395762
      ],
      [
       -79.8724083485582,
       43.9684890268067
      ],
      [
       -79.8722703772071,
       43.9685326798175
      ],
      [
       -79.8721324807294,
       43.9685763180944
      ],
      [
       -79.8710422802497,
       43.9688717253827
      ],
      [
       -79.870090550797,
       43.9690963269435
      ],
      [
       -79.8677625530273,
       43.9695865054834
      ],
      [
       -79.8651093766273,
       43.970127430548
      ],
      [
       -79.8646889604085,
       43.9702250282571
      ],
      [
       -79.8640686798241,
       43.9703690204344
      ],
      [
       -79.8633823843888,
       43.9705200063855
      ],
      [
       -79.8628932660055,
       43.9706276281345
      ],
      [
       -79.8600514736847,
       43.9712475238467
      ],
      [
       -79.854242067594,
       43.9725399106501
      ],
      [
       -79.8529652758362,
       43.9728062236351
      ],
      [
       -79.8505114564485,
       43.9733398267085
      ],
      [
       -79.8485463645759,
       43.9737431072367
      ],
      [
       -79.8461048544486,
       43.9742767161416
      ],
      [
       -79.8452532634502,
       43.9744752085103
      ],
      [
       -79.8428245744075,
       43.9749908211843
      ],
      [
       -79.8380537554327,
       43.9760498127752
      ],
      [
       -79.8342093551396,
       43.9769110094684
      ],
      [
       -79.833585538293,
       43.9770448292931
      ],
      [
       -79.8335333900008,
       43.9770560284153
      ],
      [
       -79.8318053403154,
       43.9774267238686
      ],
      [
       -79.8301279541381,
       43.9777696256996
      ],
      [
       -79.8279366473051,
       43.9782424100052
      ],
      [
       -79.826822472363,
       43.9784740206147
      ],
      [
       -79.8221886638182,
       43.979515813149
      ],
      [
       -79.8191575433019,
       43.9802048232336
      ],
      [
       -79.8170789564701,
       43.9806514193095
      ],
      [
       -79.8156894518857,
       43.980925215294
      ],
      [
       -79.8149261583793,
       43.981061321722
      ],
      [
       -79.8142121638212,
       43.9812250153606
      ],
      [
       -79.8109948650863,
       43.9818668226324
      ],
      [
       -79.8094546543762,
       43.9821929175181
      ],
      [
       -79.8088407588395,
       43.9823395344113
      ],
      [
       -79.8084019511563,
       43.9824610350008
      ],
      [
       -79.8081388528851,
       43.9825213265923
      ],
      [
       -79.8074367369733,
       43.9827120211889
      ],
      [
       -79.8062578400954,
       43.9830509247145
      ],
      [
       -79.8039876441971,
       43.9837114126206
      ],
      [
       -79.8039001817622,
       43.9837381115102
      ],
      [
       -79.8030467438531,
       43.9839986345088
      ],
      [
       -79.8027868193062,
       43.9840651908984
      ],
      [
       -79.8022696643069,
       43.9841976242715
      ],
      [
       -79.8019183394311,
       43.9843019308329
      ],
      [
       -79.8013922338017,
       43.9844225177435
      ],
      [
       -79.8008165534281,
       43.9845245263425
      ],
      [
       -79.7990942506659,
       43.9847989229418
      ],
      [
       -79.7983369453482,
       43.984903416052
      ],
      [
       -79.7968039594803,
       43.9851394138446
      ],
      [
       -79.7965192570968,
       43.9852009042577
      ],
      [
       -79.796079856927,
       43.9852958179697
      ],
      [
       -79.795729210263,
       43.9853713366459
      ],
      [
       -79.7938958364753,
       43.9857661161825
      ],
      [
       -79.7916037603342,
       43.9862641164127
      ],
      [
       -79.7896993566112,
       43.9867031286812
      ],
      [
       -79.7876960308729,
       43.9871314249022
      ],
      [
       -79.7833868388001,
       43.9880586304038
      ],
      [
       -79.7791780280319,
       43.9889771336774
      ],
      [
       -79.7755079387815,
       43.9897661375625
      ],
      [
       -79.7754487317089,
       43.9896124190807
      ],
      [
       -79.7730760418844,
       43.9855354208858
      ],
      [
       -79.7718489183433,
       43.9833614345978
      ],
      [
       -79.7715489321207,
       43.9827910228379
      ],
      [
       -79.7707778342311,
       43.9814862249828
      ],
      [
       -79.7698494484364,
       43.979954628052
      ],
      [
       -79.7682138353556,
       43.9770469333783
      ],
      [
       -79.7661097300664,
       43.9732877349699
      ],
      [
       -79.765584048954,
       43.9728348159424
      ],
      [
       -79.7655717958618,
       43.9728235849669
      ],
      [
       -79.7653800744496,
       43.9724217967785
      ],
      [
       -79.7628688901754,
       43.967158330671
      ],
      [
       -79.7625397240284,
       43.9665906048366
      ],
      [
       -79.7625214839511,
       43.9665591543762
      ],
      [
       -79.7621993932178,
       43.9660415032031
      ],
      [
       -79.7612968436011,
       43.964590907682
      ],
      [
       -79.7612711985309,
       43.9645506685533
      ],
      [
       -79.7611044070032,
       43.9642810026597
      ],
      [
       -79.7559593160884,
       43.9559395259225
      ],
      [
       -79.7559151316716,
       43.9558602632765
      ],
      [
       -79.754641816835,
       43.953595392159
      ],
      [
       -79.7525046178269,
       43.9495531559662
      ],
      [
       -79.7481972450758,
       43.941404272573
      ],
      [
       -79.747243653156,
       43.9395998273675
      ],
      [
       -79.7462628313979,
       43.9376879257408
      ],
      [
       -79.7459801303382,
       43.9375047148685
      ],
      [
       -79.7457602217973,
       43.9372952261666
      ],
      [
       -79.7454696197428,
       43.9368959209615
      ],
      [
       -79.7443056303945,
       43.9347763074268
      ],
      [
       -79.7420034117522,
       43.9305103049559
      ],
      [
       -79.7373588131827,
       43.9221578265182
      ],
      [
       -79.7356656240898,
       43.9191769234048
      ],
      [
       -79.7337953194065,
       43.9157438073719
      ],
      [
       -79.7334698317967,
       43.9152360041319
      ],
      [
       -79.7329755244329,
       43.9144652058151
      ],
      [
       -79.7324377284875,
       43.9133969277537
      ]
     ]
    ]
   },
   "properties": {
    "OBJECTID": 2,
    "CSDNAME": "Caledon",
    "Shape__Area": 695395495.0031738,
    "Shape__Length": 109253.69208425726
   }
  },
  {
   "type": "Feature",
   "id": 3,
   "geometry": {
    "type": "Polygon",
    "coordinates": [
     [
      [
       -79.6347556577659,
       43.7339262762769
      ],
      [
       -79.6345089953159,
       43.73375244675
      ],
      [
       -79.6338220145568,
       43.7342870329527
      ],
      [
       -79.6328273639048,
       43.7349676428015
      ],
      [
       -79.6305327141358,
       43.7354042100183
      ],
      [
       -79.6303128657169,
       43.7354487795386
      ],
      [
       -79.630273578294,
       43.7355384007971
      ],
      [
       -79.6304039868217,
       43.7358100871222
      ],
      [
       -79.6304631715884,
       43.7359368785856
      ],
      [
       -79.63049298133,
       43.7362613018917
      ],
      [
       -79.6304772714081,
       43.7364051790977
      ],
      [
       -79.6299097952906,
       43.7353622931873
      ],
      [
       -79.6291816160187,
       43.7340966419937
      ],
      [
       -79.6290374932594,
       43.7338433357403
      ],
      [
       -79.6289778555203,
       43.7337139206569
      ],
      [
       -79.6289517292443,
       43.7336658824969
      ],
      [
       -79.6283510546896,
       43.7328978745936
      ],
      [
       -79.6268494360642,
       43.7306190478754
      ],
      [
       -79.6266553083583,
       43.7303184204234
      ],
      [
       -79.625821772276,
       43.729059382501
      ],
      [
       -79.6258140822499,
       43.7290413814316
      ],
      [
       -79.6257830408058,
       43.7289689766968
      ],
      [
       -79.6257793816939,
       43.7289603988746
      ],
      [
       -79.6257442637539,
       43.7288839897299
      ],
      [
       -79.6257080791504,
       43.7288074804092
      ],
      [
       -79.6256709703387,
       43.7287309941762
      ],
      [
       -79.6254071746986,
       43.7282178486312
      ],
      [
       -79.6253009604511,
       43.7280112739645
      ],
      [
       -79.6252514634647,
       43.7279078828078
      ],
      [
       -79.6252055729293,
       43.727831383512
      ],
      [
       -79.6251604615574,
       43.7277594729147
      ],
      [
       -79.6251164730678,
       43.7276829874599
      ],
      [
       -79.6250728787652,
       43.7276064806189
      ],
      [
       -79.6250296695517,
       43.7275345829486
      ],
      [
       -79.6248175591653,
       43.7271160784198
      ],
      [
       -79.6246443717239,
       43.7267743925382
      ],
      [
       -79.6241746832649,
       43.7259632504836
      ],
      [
       -79.6240006503688,
       43.7256626954708
      ],
      [
       -79.6239973558958,
       43.7256567024742
      ],
      [
       -79.6230613509515,
       43.7239825839371
      ],
      [
       -79.6228686679098,
       43.7236267529967
      ],
      [
       -79.6228340714368,
       43.7235628789093
      ],
      [
       -79.6228331504917,
       43.7235611876969
      ],
      [
       -79.6225724767008,
       43.7230879895168
      ],
      [
       -79.6223873620826,
       43.7227535204876
      ],
      [
       -79.6221857276024,
       43.7223891564426
      ],
      [
       -79.6216921709331,
       43.7214972756768
      ],
      [
       -79.6203919605844,
       43.7191856824728
      ],
      [
       -79.6200457679382,
       43.7185871811837
      ],
      [
       -79.6200339660183,
       43.7185600766899
      ],
      [
       -79.6199981770132,
       43.7184965969714
      ],
      [
       -79.6199861783485,
       43.7184784975335
      ],
      [
       -79.619800593372,
       43.7181432936021
      ],
      [
       -79.6195093728606,
       43.7176172789967
      ],
      [
       -79.6194612034822,
       43.7175350314161
      ],
      [
       -79.6188559700547,
       43.7165018600054
      ],
      [
       -79.6171151634142,
       43.7135299915956
      ],
      [
       -79.6170982734375,
       43.7135010928707
      ],
      [
       -79.6151469811504,
       43.7101907754922
      ],
      [
       -79.6137806708396,
       43.7078831760824
      ],
      [
       -79.6136730186031,
       43.7077102694656
      ],
      [
       -79.6135278311405,
       43.7074771641263
      ],
      [
       -79.6135272467609,
       43.7074761855212
      ],
      [
       -79.6134227035038,
       43.7073082477854
      ],
      [
       -79.6125932496185,
       43.7059760753971
      ],
      [
       -79.6124046584411,
       43.7056760553336
      ],
      [
       -79.6122752769949,
       43.7054702616534
      ],
      [
       -79.6122751815526,
       43.7054700948236
      ],
      [
       -79.6122283701871,
       43.7053956101578
      ],
      [
       -79.6122171534606,
       43.7053777741748
      ],
      [
       -79.6120545334075,
       43.7051190436191
      ],
      [
       -79.6116150606609,
       43.7044197820403
      ],
      [
       -79.6103893441611,
       43.7024992807477
      ],
      [
       -79.6099212987344,
       43.70177805661
      ],
      [
       -79.6096998951723,
       43.7014368984333
      ],
      [
       -79.6096201630126,
       43.701308470713
      ],
      [
       -79.6094354066242,
       43.701033808357
      ],
      [
       -79.6092721482937,
       43.7007910765802
      ],
      [
       -79.6091165537291,
       43.7005460788216
      ],
      [
       -79.6081469471137,
       43.69900358362
      ],
      [
       -79.6072727608093,
       43.6976333881834
      ],
      [
       -79.6071890430399,
       43.6974972811529
      ],
      [
       -79.6071556733246,
       43.6974468309866
      ],
      [
       -79.6071530681522,
       43.6974428798539
      ],
      [
       -79.6070962010959,
       43.6973527432826
      ],
      [
       -79.6070172730378,
       43.6972276765116
      ],
      [
       -79.6070094605514,
       43.6972151586552
      ],
      [
       -79.6069278824437,
       43.6970843438657
      ],
      [
       -79.6068626276928,
       43.6969797653763
      ],
      [
       -79.6068294379407,
       43.6969265513174
      ],
      [
       -79.6066875056487,
       43.696699041002
      ],
      [
       -79.6060761655306,
       43.6957189840545
      ],
      [
       -79.6060523480502,
       43.6956736733178
      ],
      [
       -79.6052040529185,
       43.6942586912323
      ],
      [
       -79.6047146556925,
       43.6934243703525
      ],
      [
       -79.6028258196305,
       43.6896825329616
      ],
      [
       -79.6026679559934,
       43.6893698350709
      ],
      [
       -79.6024918223451,
       43.6890569018358
      ],
      [
       -79.6018723481993,
       43.6879556449231
      ],
      [
       -79.601568601169,
       43.6874836990489
      ],
      [
       -79.6010022843654,
       43.6866698872803
      ],
      [
       -79.6008410030473,
       43.6864395520035
      ],
      [
       -79.6006024913369,
       43.6861301360891
      ],
      [
       -79.6004924376548,
       43.6854598325515
      ],
      [
       -79.6004491219201,
       43.6852080650157
      ],
      [
       -79.6000687546403,
       43.6845627838246
      ],
      [
       -79.5999708795042,
       43.6838023288522
      ],
      [
       -79.5947429798237,
       43.6744837972247
      ],
      [
       -79.5946274958154,
       43.6742809537405
      ],
      [
       -79.5937904723143,
       43.6731238937504
      ],
      [
       -79.59323793446,
       43.6721987836333
      ],
      [
       -79.5931445571264,
       43.6720421855031
      ],
      [
       -79.5920898404544,
       43.6702735772285
      ],
      [
       -79.591855926949,
       43.6698724564399
      ],
      [
       -79.5915825702374,
       43.6694036709641
      ],
      [
       -79.5915541827251,
       43.6693564567165
      ],
      [
       -79.591454505495,
       43.6691905712129
      ],
      [
       -79.59141149435,
       43.669118997617
      ],
      [
       -79.5913102556844,
       43.6689505374297
      ],
      [
       -79.591294506726,
       43.6689243301334
      ],
      [
       -79.5912228272996,
       43.6688050155534
      ],
      [
       -79.5911973672721,
       43.6687626426823
      ],
      [
       -79.5911944694286,
       43.6687578303904
      ],
      [
       -79.5911138257514,
       43.668623633434
      ],
      [
       -79.5910903885405,
       43.668584617819
      ],
      [
       -79.5909229707476,
       43.6683060142162
      ],
      [
       -79.5908766514408,
       43.6682289306516
      ],
      [
       -79.590777970425,
       43.6680711441219
      ],
      [
       -79.5906461743744,
       43.6678453613356
      ],
      [
       -79.590568557734,
       43.6677161723612
      ],
      [
       -79.5904043465969,
       43.6674417844212
      ],
      [
       -79.5903010555315,
       43.66729813076
      ],
      [
       -79.5902596371527,
       43.6672405477189
      ],
      [
       -79.5902515362566,
       43.6672292667446
      ],
      [
       -79.5901307523316,
       43.6671039830156
      ],
      [
       -79.5899350327461,
       43.6669425846826
      ],
      [
       -79.5900108614314,
       43.6668199947071
      ],
      [
       -79.590054166398,
       43.6667498698912
      ],
      [
       -79.589713540959,
       43.6663366755379
      ],
      [
       -79.5887666957587,
       43.6646181655915
      ],
      [
       -79.5896364513106,
       43.6638055860832
      ],
      [
       -79.5911078521446,
       43.662423685912
      ],
      [
       -79.5919564354072,
       43.6616552769959
      ],
      [
       -79.5925232032254,
       43.6611313314105
      ],
      [
       -79.5932201731628,
       43.6604870375095
      ],
      [
       -79.5940182530001,
       43.6597492745325
      ],
      [
       -79.5956735557841,
       43.6582893741271
      ],
      [
       -79.5983697629436,
       43.6558807667826
      ],
      [
       -79.5984812567938,
       43.6557815809145
      ],
      [
       -79.6031166523355,
       43.6515997817737
      ],
      [
       -79.6055752014203,
       43.64938169871
      ],
      [
       -79.6063619421804,
       43.6486718836542
      ],
      [
       -79.6064091336178,
       43.6486296084378
      ],
      [
       -79.6084985522733,
       43.6467582654875
      ],
      [
       -79.6084999879124,
       43.6467569854983
      ],
      [
       -79.6088277466469,
       43.6464651725622
      ],
      [
       -79.6088586129986,
       43.6464368283904
      ],
      [
       -79.6088222616899,
       43.6464137446205
      ],
      [
       -79.6088040615696,
       43.6464021619157
      ],
      [
       -79.6084226232729,
       43.6461625200155
      ],
      [
       -79.6083369197883,
       43.646080309578
      ],
      [
       -79.6081191611135,
       43.6457079713714
      ],
      [
       -79.6080478790996,
       43.6454997451911
      ],
      [
       -79.6080264086165,
       43.6452831279804
      ],
      [
       -79.6079288535218,
       43.645164676982
      ],
      [
       -79.6077448585037,
       43.6450091121858
      ],
      [
       -79.607450140149,
       43.6447800414007
      ],
      [
       -79.6072153711545,
       43.6446778798654
      ],
      [
       -79.6071160472429,
       43.6446585598323
      ],
      [
       -79.6068785417214,
       43.6446824554734
      ],
      [
       -79.6064046300083,
       43.6446852506683
      ],
      [
       -79.6060929549495,
       43.6446811609386
      ],
      [
       -79.6058416541152,
       43.6447588648142
      ],
      [
       -79.6055422693275,
       43.6447639589543
      ],
      [
       -79.6053811670399,
       43.6447168214121
      ],
      [
       -79.6050990649144,
       43.6444788621497
      ],
      [
       -79.6048762268368,
       43.6444038892641
      ],
      [
       -79.6041650198613,
       43.6444215359685
      ],
      [
       -79.6036014617915,
       43.6445221951185
      ],
      [
       -79.6034766170911,
       43.6445295395303
      ],
      [
       -79.6032245341017,
       43.6446342426191
      ],
      [
       -79.6028879383515,
       43.644629805375
      ],
      [
       -79.6025778717846,
       43.6445536887773
      ],
      [
       -79.6024292773671,
       43.6445066810938
      ],
      [
       -79.6021354884908,
       43.6442235401976
      ],
      [
       -79.6018888129647,
       43.6440941706523
      ],
      [
       -79.6007878208043,
       43.6438883236173
      ],
      [
       -79.6006965299703,
       43.6438712347837
      ],
      [
       -79.6004607755929,
       43.6438271614573
      ],
      [
       -79.6004590311711,
       43.6438268375642
      ],
      [
       -79.600385041744,
       43.6438127380544
      ],
      [
       -79.6002184835675,
       43.6438024209785
      ],
      [
       -79.6001213973667,
       43.6437964039882
      ],
      [
       -79.5997523908701,
       43.6437735184372
      ],
      [
       -79.5995629171143,
       43.6437428363633
      ],
      [
       -79.5990845392376,
       43.6435530457772
      ],
      [
       -79.5986822788708,
       43.6432831329619
      ],
      [
       -79.5985440628219,
       43.6431538109615
      ],
      [
       -79.5985062705072,
       43.6430896140361
      ],
      [
       -79.5982916734266,
       43.6430494044471
      ],
      [
       -79.5982772116058,
       43.6430485562917
      ],
      [
       -79.5980374124335,
       43.6430366975929
      ],
      [
       -79.5969742088385,
       43.6429840949641
      ],
      [
       -79.596876163533,
       43.6430012945187
      ],
      [
       -79.5964372056382,
       43.6429795734793
      ],
      [
       -79.5959603862218,
       43.6430115209612
      ],
      [
       -79.5956411191519,
       43.6431079501399
      ],
      [
       -79.5954815885586,
       43.6431516506314
      ],
      [
       -79.594878556943,
       43.6434351136653
      ],
      [
       -79.5943113056214,
       43.6438182252957
      ],
      [
       -79.5940399381325,
       43.6440053802421
      ],
      [
       -79.5936827245748,
       43.6442007685486
      ],
      [
       -79.5930797148757,
       43.6444841754637
      ],
      [
       -79.5926741286364,
       43.6446339922484
      ],
      [
       -79.5925642564142,
       43.6446330597946
      ],
      [
       -79.5919741164273,
       43.6444902494402
      ],
      [
       -79.5919091922228,
       43.6444745381698
      ],
      [
       -79.5917687160629,
       43.6444058955406
      ],
      [
       -79.5915665303681,
       43.6443081569104
      ],
      [
       -79.591395261373,
       43.6442253970461
      ],
      [
       -79.5912941852029,
       43.6442870825365
      ],
      [
       -79.5909985733239,
       43.6441481238177
      ],
      [
       -79.5906285689579,
       43.6439991935491
      ],
      [
       -79.5904596111959,
       43.6439057586964
      ],
      [
       -79.5902663261985,
       43.6437989201002
      ],
      [
       -79.5902644280044,
       43.6437978576325
      ],
      [
       -79.5900741344141,
       43.6436923377683
      ],
      [
       -79.5899294718697,
       43.6436121738105
      ],
      [
       -79.5897118236887,
       43.6433844799217
      ],
      [
       -79.5894920412868,
       43.6432467860869
      ],
      [
       -79.589381404573,
       43.6432094400043
      ],
      [
       -79.589211341811,
       43.643063326504
      ],
      [
       -79.5890644359185,
       43.6429895445619
      ],
      [
       -79.5887455013296,
       43.6428506432346
      ],
      [
       -79.5884680930269,
       43.6425322155403
      ],
      [
       -79.5883850316922,
       43.6423781631895
      ],
      [
       -79.588403074407,
       43.642144396958
      ],
      [
       -79.5884217739129,
       43.6418835828757
      ],
      [
       -79.5877477867996,
       43.6410472298419
      ],
      [
       -79.587473207115,
       43.6406118319378
      ],
      [
       -79.5873562229687,
       43.6403223669936
      ],
      [
       -79.5873014381398,
       43.6400246955964
      ],
      [
       -79.5868038254289,
       43.6390734707521
      ],
      [
       -79.5864557580511,
       43.6386011593301
      ],
      [
       -79.5860801284719,
       43.6382455247724
      ],
      [
       -79.5859284267341,
       43.6379435067596
      ],
      [
       -79.5859027264254,
       43.6378923011689
      ],
      [
       -79.5858115901875,
       43.6378127968822
      ],
      [
       -79.5856542432014,
       43.6376737251433
      ],
      [
       -79.5856113997189,
       43.6376364831625
      ],
      [
       -79.5854460583862,
       43.6374444221034
      ],
      [
       -79.5853878342114,
       43.6373767787266
      ],
      [
       -79.585351110934,
       43.6372810822197
      ],
      [
       -79.5853391079813,
       43.6372484753167
      ],
      [
       -79.5853529980545,
       43.637185495333
      ],
      [
       -79.5853613486837,
       43.6371054086098
      ],
      [
       -79.5853689757129,
       43.6370323306077
      ],
      [
       -79.5854751330961,
       43.6367569260624
      ],
      [
       -79.5855405037363,
       43.6365873677225
      ],
      [
       -79.5855801015788,
       43.6364847553175
      ],
      [
       -79.5856251185311,
       43.6364245591418
      ],
      [
       -79.5857336207251,
       43.6362795191433
      ],
      [
       -79.585903314306,
       43.6359123982305
      ],
      [
       -79.5860062078427,
       43.6357515460562
      ],
      [
       -79.5860728063983,
       43.6355542541902
      ],
      [
       -79.586105712451,
       43.6352034233618
      ],
      [
       -79.5860710622748,
       43.6350949238649
      ],
      [
       -79.5857840655189,
       43.6346410835837
      ],
      [
       -79.5856621953968,
       43.6345495153249
      ],
      [
       -79.5856151264408,
       43.6344408385932
      ],
      [
       -79.5856168278138,
       43.6343688388181
      ],
      [
       -79.5857717750349,
       43.6341005717942
      ],
      [
       -79.5858387518824,
       43.6338852497684
      ],
      [
       -79.5858708699842,
       43.6335704555981
      ],
      [
       -79.5854509263363,
       43.6329708790909
      ],
      [
       -79.5853105574579,
       43.6326089267741
      ],
      [
       -79.5852433132465,
       43.632301895071
      ],
      [
       -79.5851638886221,
       43.6319856896699
      ],
      [
       -79.5851608867227,
       43.6315803933616
      ],
      [
       -79.5852169344808,
       43.6313019239164
      ],
      [
       -79.5854254693644,
       43.6308632047831
      ],
      [
       -79.5856808344993,
       43.630542131518
      ],
      [
       -79.5857081352262,
       43.6304344254198
      ],
      [
       -79.5859135199336,
       43.6301307617716
      ],
      [
       -79.5860571201146,
       43.6298173267609
      ],
      [
       -79.58611111967,
       43.6296288683644
      ],
      [
       -79.5861163343751,
       43.6294038095214
      ],
      [
       -79.586021172037,
       43.6292315164949
      ],
      [
       -79.5858275030833,
       43.6290309855261
      ],
      [
       -79.5856199403564,
       43.628893328039
      ],
      [
       -79.585252719454,
       43.6286906077851
      ],
      [
       -79.5847592716034,
       43.628585403053
      ],
      [
       -79.5838356812947,
       43.628321687483
      ],
      [
       -79.5832821384871,
       43.6281346744837
      ],
      [
       -79.583209031473,
       43.6280797283019
      ],
      [
       -79.5830491645363,
       43.6280236876187
      ],
      [
       -79.5822217240016,
       43.6278872667569
      ],
      [
       -79.5821286275557,
       43.6278815874194
      ],
      [
       -79.5818875253467,
       43.6278668541654
      ],
      [
       -79.5818426933692,
       43.6278641171506
      ],
      [
       -79.5818229731373,
       43.6278788892752
      ],
      [
       -79.5818153819722,
       43.6278845900352
      ],
      [
       -79.5817239390444,
       43.6279530740193
      ],
      [
       -79.5816250668798,
       43.6280224714779
      ],
      [
       -79.5816247595703,
       43.6278507044626
      ],
      [
       -79.5811112466884,
       43.6278175782176
      ],
      [
       -79.5808917326989,
       43.6277330033012
      ],
      [
       -79.5805198806147,
       43.6275168376376
      ],
      [
       -79.5803337816167,
       43.6274086144413
      ],
      [
       -79.5801869537091,
       43.6272708217501
      ],
      [
       -79.580139437859,
       43.627226262431
      ],
      [
       -79.5801286343255,
       43.6271541757457
      ],
      [
       -79.5798237171454,
       43.6269255170327
      ],
      [
       -79.579663689221,
       43.6268695749554
      ],
      [
       -79.5791450610836,
       43.6267643373956
      ],
      [
       -79.5788357769657,
       43.6267246599862
      ],
      [
       -79.5782326288459,
       43.6265194083574
      ],
      [
       -79.5776037797787,
       43.626349843258
      ],
      [
       -79.5768027894511,
       43.626115209847
      ],
      [
       -79.5766314006171,
       43.6260141337457
      ],
      [
       -79.5754889476348,
       43.6255233640436
      ],
      [
       -79.5750695356763,
       43.6254193102874
      ],
      [
       -79.5747472209591,
       43.6254064658544
      ],
      [
       -79.5745979393827,
       43.6254226950128
      ],
      [
       -79.5743100815326,
       43.6255273044948
      ],
      [
       -79.5740583214272,
       43.62567738613
      ],
      [
       -79.5738676415955,
       43.6258642641182
      ],
      [
       -79.5735040399153,
       43.6260220303595
      ],
      [
       -79.5733169309186,
       43.6260648048171
      ],
      [
       -79.5731560815825,
       43.6260448781396
      ],
      [
       -79.5727711619931,
       43.6260582494577
      ],
      [
       -79.5721842724261,
       43.6262133247939
      ],
      [
       -79.5719650084989,
       43.6262938622438
      ],
      [
       -79.5717488296667,
       43.6263732781122
      ],
      [
       -79.5715330072042,
       43.6264525386534
      ],
      [
       -79.5714961450609,
       43.6264660998182
      ],
      [
       -79.5709967518814,
       43.6266219699262
      ],
      [
       -79.5707961736727,
       43.6267184902755
      ],
      [
       -79.5700355505013,
       43.6269161280644
      ],
      [
       -79.5697503776405,
       43.6269215701556
      ],
      [
       -79.5692802180855,
       43.6268887045415
      ],
      [
       -79.5688730827939,
       43.6268115901343
      ],
      [
       -79.5687017718912,
       43.6267194089584
      ],
      [
       -79.5684794120408,
       43.6266896258057
      ],
      [
       -79.5683418401539,
       43.6267419435596
      ],
      [
       -79.5678363063828,
       43.6271588306037
      ],
      [
       -79.5675806757779,
       43.6274888025636
      ],
      [
       -79.5675577083593,
       43.6276431199328
      ],
      [
       -79.5675365095977,
       43.6277853842483
      ],
      [
       -79.5675248386472,
       43.6278063378574
      ],
      [
       -79.5674716847055,
       43.6279016169658
      ],
      [
       -79.5673917031802,
       43.6279614605497
      ],
      [
       -79.5672823108525,
       43.6280432652318
      ],
      [
       -79.5669934953653,
       43.6281926938213
      ],
      [
       -79.565560297506,
       43.6282073182315
      ],
      [
       -79.5654182213457,
       43.6282087746739
      ],
      [
       -79.5653202811366,
       43.6282019790865
      ],
      [
       -79.5650794835549,
       43.6281852972461
      ],
      [
       -79.5644653003212,
       43.6281427647345
      ],
      [
       -79.5642926682149,
       43.6281045940385
      ],
      [
       -79.563998227723,
       43.627974827947
      ],
      [
       -79.5639395114477,
       43.6278390236253
      ],
      [
       -79.5638551057396,
       43.6277389348311
      ],
      [
       -79.5638117663099,
       43.6274772799129
      ],
      [
       -79.5638610048274,
       43.6271991990209
      ],
      [
       -79.5638690462723,
       43.6271538354628
      ],
      [
       -79.5638051868651,
       43.6270303207663
      ],
      [
       -79.5638013087228,
       43.6270227591299
      ],
      [
       -79.5637201588154,
       43.6268658043001
      ],
      [
       -79.5636675961505,
       43.6267641328275
      ],
      [
       -79.5635834351132,
       43.626655048333
      ],
      [
       -79.5635648447406,
       43.6263936926038
      ],
      [
       -79.5636518418515,
       43.6258635287382
      ],
      [
       -79.5637213217434,
       43.6250270134676
      ],
      [
       -79.5637377794484,
       43.6248561404595
      ],
      [
       -79.5638766340657,
       43.6247498313693
      ],
      [
       -79.5639916154364,
       43.6246072009077
      ],
      [
       -79.564821130205,
       43.624644641659
      ],
      [
       -79.5651189222958,
       43.6246303717174
      ],
      [
       -79.5654069338391,
       43.6245079054482
      ],
      [
       -79.5654327889244,
       43.6244632092405
      ],
      [
       -79.565599190811,
       43.6242401994487
      ],
      [
       -79.5657295346141,
       43.6239717179992
      ],
      [
       -79.5657372431853,
       43.6236476485401
      ],
      [
       -79.5656906685949,
       43.6235210202578
      ],
      [
       -79.5657049646634,
       43.6234401693615
      ],
      [
       -79.5657688540153,
       43.6233599290817
      ],
      [
       -79.5658724485296,
       43.6231721132539
      ],
      [
       -79.5659271406518,
       43.6229566961684
      ],
      [
       -79.5659374037487,
       43.6225246542943
      ],
      [
       -79.565617601541,
       43.6218993305921
      ],
      [
       -79.565623815148,
       43.6216382880628
      ],
      [
       -79.5657133458804,
       43.6215223527952
      ],
      [
       -79.5657889576431,
       43.6214692849925
      ],
      [
       -79.5660889158263,
       43.621364995475
      ],
      [
       -79.5662025258442,
       43.6212763783134
      ],
      [
       -79.566690662273,
       43.6210754048861
      ],
      [
       -79.5668038901612,
       43.6210047929706
      ],
      [
       -79.5668898014489,
       43.6205196422669
      ],
      [
       -79.5668822865111,
       43.6197902326287
      ],
      [
       -79.5669128511101,
       43.619025236745
      ],
      [
       -79.5669040677288,
       43.6188720626671
      ],
      [
       -79.5668211996598,
       43.6187089628868
      ],
      [
       -79.5668034659173,
       43.6184115967692
      ],
      [
       -79.5667430173211,
       43.6183478190593
      ],
      [
       -79.5666641863576,
       43.6180136474349
      ],
      [
       -79.5666697357402,
       43.6177796055702
      ],
      [
       -79.5668870098232,
       43.6175032167208
      ],
      [
       -79.5670871471119,
       43.6174246856717
      ],
      [
       -79.5673364171279,
       43.61736478349
      ],
      [
       -79.5673868344692,
       43.6173293905273
      ],
      [
       -79.5676673282415,
       43.6169997317732
      ],
      [
       -79.5678439654389,
       43.6168668999395
      ],
      [
       -79.567915286866,
       43.6164716221855
      ],
      [
       -79.5679661357277,
       43.615895981286
      ],
      [
       -79.5680315033934,
       43.6157527194943
      ],
      [
       -79.5681403998076,
       43.6153398944089
      ],
      [
       -79.5682309838203,
       43.615178962933
      ],
      [
       -79.5682355050921,
       43.6151585283128
      ],
      [
       -79.5682865184651,
       43.6149275570566
      ],
      [
       -79.5683886253734,
       43.6148027721945
      ],
      [
       -79.5684924251489,
       43.6146059910041
      ],
      [
       -79.5684729959225,
       43.6143806031321
      ],
      [
       -79.5683640094973,
       43.6142711939122
      ],
      [
       -79.5681809465078,
       43.6141518616729
      ],
      [
       -79.5681047229781,
       43.6140873251795
      ],
      [
       -79.5679476197732,
       43.6139543670096
      ],
      [
       -79.5679471898155,
       43.6139539987622
      ],
      [
       -79.5679467610967,
       43.6139536305303
      ],
      [
       -79.5678904406012,
       43.6139040764723
      ],
      [
       -79.5677645760588,
       43.6138417630159
      ],
      [
       -79.5673711018873,
       43.6136469864885
      ],
      [
       -79.5669349799932,
       43.6134735616752
      ],
      [
       -79.5661788993609,
       43.6133467756019
      ],
      [
       -79.5655051076702,
       43.613357238559
      ],
      [
       -79.5650994885056,
       43.6134281632456
      ],
      [
       -79.5646842260667,
       43.6133819127362
      ],
      [
       -79.5643593912706,
       43.6131837144768
      ],
      [
       -79.5642653315011,
       43.613063250053
      ],
      [
       -79.5642787842187,
       43.6127248441
      ],
      [
       -79.5643719259764,
       43.6125702676465
      ],
      [
       -79.5643919403731,
       43.6123783479308
      ],
      [
       -79.5643944822467,
       43.6123143246226
      ],
      [
       -79.5648518010074,
       43.6121066949127
      ],
      [
       -79.5650430875405,
       43.611998238631
      ],
      [
       -79.5653592221475,
       43.6118991574057
      ],
      [
       -79.5658170962284,
       43.6116733643409
      ],
      [
       -79.566009024021,
       43.6115467093205
      ],
      [
       -79.5662922217186,
       43.6113111773675
      ],
      [
       -79.5665728713276,
       43.6111484405781
      ],
      [
       -79.5668557209642,
       43.6109220166765
      ],
      [
       -79.5669320312733,
       43.6108858842575
      ],
      [
       -79.5673261327632,
       43.6106962639659
      ],
      [
       -79.5674292761799,
       43.6106056269707
      ],
      [
       -79.5674664519995,
       43.610294980873
      ],
      [
       -79.5674686064458,
       43.6102400871587
      ],
      [
       -79.5675086750878,
       43.609856261363
      ],
      [
       -79.5675061040308,
       43.6098140724722
      ],
      [
       -79.5673668905188,
       43.6096983929873
      ],
      [
       -79.5673525772016,
       43.6095155857031
      ],
      [
       -79.5673560633136,
       43.6094833140869
      ],
      [
       -79.5673563732167,
       43.6094805951654
      ],
      [
       -79.5672823631117,
       43.609190378358
      ],
      [
       -79.5671858277312,
       43.6092452730135
      ],
      [
       -79.567081592473,
       43.6090442227347
      ],
      [
       -79.5668357003526,
       43.6088197929767
      ],
      [
       -79.5663046728538,
       43.6087118483687
      ],
      [
       -79.5657829804586,
       43.6086673614898
      ],
      [
       -79.5657448937192,
       43.6086643462496
      ],
      [
       -79.5653070218526,
       43.6085535105132
      ],
      [
       -79.5649416518942,
       43.6083611077672
      ],
      [
       -79.5646461688126,
       43.6080964628069
      ],
      [
       -79.5646548175642,
       43.6078278536548
      ],
      [
       -79.5648115547735,
       43.6075714199177
      ],
      [
       -79.5648572941273,
       43.607353008185
      ],
      [
       -79.5646111658552,
       43.6071399723851
      ],
      [
       -79.5644299645963,
       43.6071013682858
      ],
      [
       -79.564073705482,
       43.6070209661548
      ],
      [
       -79.5627507425359,
       43.6068076983419
      ],
      [
       -79.5624843881018,
       43.6067152993053
      ],
      [
       -79.5621848486688,
       43.6064626523603
      ],
      [
       -79.5615595246667,
       43.60600851153
      ],
      [
       -79.5606816887046,
       43.6056470307664
      ],
      [
       -79.5597615836126,
       43.605065061112
      ],
      [
       -79.5595184655533,
       43.6049100424436
      ],
      [
       -79.5593426616269,
       43.604797936573
      ],
      [
       -79.5593021452004,
       43.6047720877507
      ],
      [
       -79.559158801102,
       43.6046802076222
      ],
      [
       -79.5588225621044,
       43.604360776563
      ],
      [
       -79.5585007846275,
       43.6040112248442
      ],
      [
       -79.5581841116649,
       43.6037359646241
      ],
      [
       -79.5577486746141,
       43.6034802923516
      ],
      [
       -79.5572748253374,
       43.6033200846415
      ],
      [
       -79.5565788919968,
       43.6028615504926
      ],
      [
       -79.5563422529449,
       43.6025702098227
      ],
      [
       -79.5562149705754,
       43.6022945709045
      ],
      [
       -79.5561646148714,
       43.6018276835738
      ],
      [
       -79.556041366879,
       43.6013503383229
      ],
      [
       -79.5559934323791,
       43.6008746142967
      ],
      [
       -79.5559404315031,
       43.6003475988546
      ],
      [
       -79.5558147643303,
       43.5998791195378
      ],
      [
       -79.5557836967112,
       43.5998311831745
      ],
      [
       -79.5556629569756,
       43.5996468241108
      ],
      [
       -79.5552441373974,
       43.5994685794667
      ],
      [
       -79.5546646901974,
       43.5992310512162
      ],
      [
       -79.5541581891632,
       43.5990037826286
      ],
      [
       -79.5538413819687,
       43.5988216206822
      ],
      [
       -79.5536646221535,
       43.5984944999686
      ],
      [
       -79.5536019920369,
       43.598165221659
      ],
      [
       -79.5536547431983,
       43.5976418922693
      ],
      [
       -79.5538300611818,
       43.5968979875645
      ],
      [
       -79.5539233511148,
       43.5962477074497
      ],
      [
       -79.5538637542869,
       43.5960470672405
      ],
      [
       -79.5536653611433,
       43.5957992824961
      ],
      [
       -79.5533216339318,
       43.595622541859
      ],
      [
       -79.5528446934792,
       43.5955186218076
      ],
      [
       -79.5521638455814,
       43.5954684173235
      ],
      [
       -79.5507585564417,
       43.5953893529133
      ],
      [
       -79.5497641165797,
       43.5953316037343
      ],
      [
       -79.5491636787944,
       43.5953110469227
      ],
      [
       -79.5489345321859,
       43.5952008049619
      ],
      [
       -79.5485887618025,
       43.5947564998401
      ],
      [
       -79.5486047277366,
       43.5943730923005
      ],
      [
       -79.5486930604148,
       43.5938163175509
      ],
      [
       -79.548861332126,
       43.5931975277352
      ],
      [
       -79.5491422088796,
       43.5928610155287
      ],
      [
       -79.5495151743498,
       43.5924641405529
      ],
      [
       -79.5497104252375,
       43.5919318195547
      ],
      [
       -79.5496606100142,
       43.5914655810861
      ],
      [
       -79.5495716584054,
       43.5908880993061
      ],
      [
       -79.549422417534,
       43.5904627359322
      ],
      [
       -79.549201190494,
       43.5903024903195
      ],
      [
       -79.5487317044843,
       43.5902278936234
      ],
      [
       -79.548596450885,
       43.5902069508869
      ],
      [
       -79.5479554410495,
       43.5899068760522
      ],
      [
       -79.5468072258064,
       43.5892796435681
      ],
      [
       -79.5465138269316,
       43.5889051871662
      ],
      [
       -79.5464753267387,
       43.5888428625173
      ],
      [
       -79.5464967410959,
       43.5888203627794
      ],
      [
       -79.5466751382296,
       43.5886155649808
      ],
      [
       -79.5466762429107,
       43.5886143409745
      ],
      [
       -79.5478520148599,
       43.5873169646109
      ],
      [
       -79.5444645402928,
       43.5854543582767
      ],
      [
       -79.543869718943,
       43.5814028672455
      ],
      [
       -79.5438278404687,
       43.5813657404839
      ],
      [
       -79.5435083918205,
       43.5810826104668
      ],
      [
       -79.5435031406647,
       43.5810784314165
      ],
      [
       -79.5435149430801,
       43.5809849417469
      ],
      [
       -79.5436478640959,
       43.5806084672181
      ],
      [
       -79.5436378659019,
       43.5805092820399
      ],
      [
       -79.5434814598179,
       43.5803182108901
      ],
      [
       -79.5433044165737,
       43.5799557919145
      ],
      [
       -79.5432346900875,
       43.5797658304356
      ],
      [
       -79.5432383831663,
       43.5796127883345
      ],
      [
       -79.5433393853821,
       43.5795330437872
      ],
      [
       -79.543813789558,
       43.5793770331205
      ],
      [
       -79.5440805513019,
       43.5791012946868
      ],
      [
       -79.5442671153615,
       43.5785544296197
      ],
      [
       -79.544394384232,
       43.5778987436485
      ],
      [
       -79.5439432099671,
       43.5776048854185
      ],
      [
       -79.5432948023006,
       43.5772724805719
      ],
      [
       -79.5430769588375,
       43.5770625943255
      ],
      [
       -79.5431056135038,
       43.5769008887985
      ],
      [
       -79.5432085596035,
       43.5767401382223
      ],
      [
       -79.5432841646474,
       43.5766870820875
      ],
      [
       -79.5434142782332,
       43.5764276160867
      ],
      [
       -79.5434420824288,
       43.576301905843
      ],
      [
       -79.543431195729,
       43.5762387370898
      ],
      [
       -79.5431294875537,
       43.5759107423847
      ],
      [
       -79.543070830817,
       43.5757749495745
      ],
      [
       -79.542771290246,
       43.5753569502043
      ],
      [
       -79.5427005110743,
       43.575211984208
      ],
      [
       -79.5426903041732,
       43.575121800235
      ],
      [
       -79.5427432808541,
       43.5749784273095
      ],
      [
       -79.5429448493674,
       43.5748369143579
      ],
      [
       -79.5431703070175,
       43.5747317522708
      ],
      [
       -79.5437404838864,
       43.5747120057434
      ],
      [
       -79.5438525388106,
       43.5746864274871
      ],
      [
       -79.5441168674573,
       43.5745096940122
      ],
      [
       -79.5443714354558,
       43.5742248088074
      ],
      [
       -79.5446607515979,
       43.5740394125351
      ],
      [
       -79.5448603560966,
       43.5739789263968
      ],
      [
       -79.5451574789527,
       43.5739827102917
      ],
      [
       -79.5454413770061,
       43.5740223322648
      ],
      [
       -79.5455888596549,
       43.5740692255042
      ],
      [
       -79.5457111264497,
       43.5741338265176
      ],
      [
       -79.5460028722347,
       43.5743626325893
      ],
      [
       -79.5464620809809,
       43.5748366873014
      ],
      [
       -79.5466851304038,
       43.5748305149229
      ],
      [
       -79.5467240271494,
       43.5747589735841
      ],
      [
       -79.5466760071214,
       43.5746953447035
      ],
      [
       -79.5465296185052,
       43.5746034412022
      ],
      [
       -79.54615361114,
       43.5742745086882
      ],
      [
       -79.546081691174,
       43.5741745531216
      ],
      [
       -79.545824926409,
       43.5735229908628
      ],
      [
       -79.5458409554763,
       43.5728569059378
      ],
      [
       -79.5459512512353,
       43.5723900819561
      ],
      [
       -79.5460292132616,
       43.5722380221207
      ],
      [
       -79.5459857672932,
       43.5719853437845
      ],
      [
       -79.5453903948048,
       43.5715095659825
      ],
      [
       -79.544270292587,
       43.5707119414651
      ],
      [
       -79.5442713862274,
       43.5706669549994
      ],
      [
       -79.5431849691323,
       43.5700138179271
      ],
      [
       -79.5431007198839,
       43.5699137131956
      ],
      [
       -79.54303881527,
       43.5699129124574
      ],
      [
       -79.5429160994306,
       43.5698663244201
      ],
      [
       -79.5420012908096,
       43.5692873993972
      ],
      [
       -79.5421335737446,
       43.5694511647861
      ],
      [
       -79.5419854378072,
       43.5694312564564
      ],
      [
       -79.5408878029999,
       43.5687329548813
      ],
      [
       -79.5408517474873,
       43.568687475313
      ],
      [
       -79.5408530626907,
       43.5686334660444
      ],
      [
       -79.5409883612917,
       43.5686712128673
      ],
      [
       -79.5419157314861,
       43.5692413031278
      ],
      [
       -79.5418816324482,
       43.5691147962556
      ],
      [
       -79.541993037516,
       43.5691162146197
      ],
      [
       -79.542969322655,
       43.5697139368539
      ],
      [
       -79.5431272092983,
       43.5698420157848
      ],
      [
       -79.5431387362517,
       43.5698781626592
      ],
      [
       -79.5432868391678,
       43.5698980636708
      ],
      [
       -79.5443230828488,
       43.5705775729608
      ],
      [
       -79.5444837827346,
       43.5705886035911
      ],
      [
       -79.5461990470891,
       43.571870999594
      ],
      [
       -79.5464199211211,
       43.5719548557457
      ],
      [
       -79.5469505683132,
       43.5720336294875
      ],
      [
       -79.5472843771613,
       43.5720558876674
      ],
      [
       -79.5480274171027,
       43.5720563191806
      ],
      [
       -79.5484248713797,
       43.5720073393538
      ],
      [
       -79.5494944672118,
       43.5713005913595
      ],
      [
       -79.5494975007961,
       43.5711745750848
      ],
      [
       -79.5499500841489,
       43.5708921907257
      ],
      [
       -79.5499863625699,
       43.5709286680047
      ],
      [
       -79.5502005045887,
       43.5707783263873
      ],
      [
       -79.5501520675474,
       43.5707326720062
      ],
      [
       -79.5505929329859,
       43.5704231414223
      ],
      [
       -79.5506917562867,
       43.5704333949106
      ],
      [
       -79.5508928515421,
       43.5703098878772
      ],
      [
       -79.551353497244,
       43.5702076800668
      ],
      [
       -79.5514646953455,
       43.5702180852154
      ],
      [
       -79.5520191059665,
       43.5698199276872
      ],
      [
       -79.5519461278614,
       43.5697649717414
      ],
      [
       -79.5516833356264,
       43.5698787119912
      ],
      [
       -79.551049591653,
       43.5699697212165
      ],
      [
       -79.5504248033489,
       43.5702048952722
      ],
      [
       -79.5502629806089,
       43.5702388582591
      ],
      [
       -79.5482341448789,
       43.5716987770879
      ],
      [
       -79.5479467974469,
       43.5718031774666
      ],
      [
       -79.5475873524397,
       43.5718166278467
      ],
      [
       -79.5469813672242,
       43.5717818979957
      ],
      [
       -79.5449739759339,
       43.5702887151644
      ],
      [
       -79.545049568715,
       43.5702356594366
      ],
      [
       -79.5420086845254,
       43.5679548980259
      ],
      [
       -79.5420353864237,
       43.5678742031135
      ],
      [
       -79.5421346601753,
       43.5678664742626
      ],
      [
       -79.5451755103368,
       43.570147225618
      ],
      [
       -79.5452639078109,
       43.5700763021246
      ],
      [
       -79.546796056583,
       43.571248315579
      ],
      [
       -79.5476702945529,
       43.5714575210239
      ],
      [
       -79.5479926092634,
       43.5714436104282
      ],
      [
       -79.5500073404706,
       43.5700555510477
      ],
      [
       -79.5502833551134,
       43.5699059751921
      ],
      [
       -79.550533314479,
       43.5698101024334
      ],
      [
       -79.5507446299464,
       43.5697767764814
      ],
      [
       -79.5511320825816,
       43.5696286114064
      ],
      [
       -79.5516115774586,
       43.5692565039295
      ],
      [
       -79.5517740264195,
       43.5691955447281
      ],
      [
       -79.5518760832959,
       43.569070782897
      ],
      [
       -79.5528311646635,
       43.5684886171174
      ],
      [
       -79.5532126568483,
       43.5680702606995
      ],
      [
       -79.5535992403262,
       43.5669226314472
      ],
      [
       -79.5546528865479,
       43.5642887638912
      ],
      [
       -79.5554826486215,
       43.5632457848597
      ],
      [
       -79.5555601522702,
       43.5631116944467
      ],
      [
       -79.5557341091184,
       43.5630868740525
      ],
      [
       -79.555782752109,
       43.56312352467
      ],
      [
       -79.5557816710773,
       43.5631685096721
      ],
      [
       -79.5555873729909,
       43.5635262275915
      ],
      [
       -79.5548220711948,
       43.564461980902
      ],
      [
       -79.5547424256524,
       43.5646860716091
      ],
      [
       -79.5547101311176,
       43.5650007978756
      ],
      [
       -79.554584850988,
       43.5650622484293
      ],
      [
       -79.5538703078836,
       43.5669800683211
      ],
      [
       -79.5534956797977,
       43.5681458722772
      ],
      [
       -79.5534657317246,
       43.5683615786895
      ],
      [
       -79.5536469160431,
       43.5685529554802
      ],
      [
       -79.5538539015322,
       43.5686996462831
      ],
      [
       -79.5541323983722,
       43.5689642794664
      ],
      [
       -79.5546079043598,
       43.5692764280286
      ],
      [
       -79.5547265220945,
       43.5694940258527
      ],
      [
       -79.554769593971,
       43.5697646926693
      ],
      [
       -79.5546960607448,
       43.5702499956895
      ],
      [
       -79.5547199321023,
       43.5702863145947
      ],
      [
       -79.5546891497486,
       43.5705380160745
      ],
      [
       -79.5546500919868,
       43.5706185630985
      ],
      [
       -79.554600135264,
       43.5706359448923
      ],
      [
       -79.5544266905645,
       43.5711559877987
      ],
      [
       -79.5542770679939,
       43.5711991138965
      ],
      [
       -79.5541654468219,
       43.5712067088134
      ],
      [
       -79.5540649022648,
       43.5712684661875
      ],
      [
       -79.5542840677512,
       43.571424308872
      ],
      [
       -79.5546237047582,
       43.5712035047952
      ],
      [
       -79.5547259683965,
       43.571069739929
      ],
      [
       -79.5547885108604,
       43.571043513167
      ],
      [
       -79.5547524730187,
       43.5709980436123
      ],
      [
       -79.5550268759831,
       43.5703982454968
      ],
      [
       -79.5551267554286,
       43.5703634774803
      ],
      [
       -79.5551282644452,
       43.5703004691525
      ],
      [
       -79.5553052660703,
       43.5701496331484
      ],
      [
       -79.5559499239889,
       43.568564062229
      ],
      [
       -79.5559531488791,
       43.5684290494805
      ],
      [
       -79.5556466690801,
       43.5682991314189
      ],
      [
       -79.5556479673326,
       43.568245121744
      ],
      [
       -79.555750227799,
       43.5681113333358
      ],
      [
       -79.5563877155014,
       43.5683805206269
      ],
      [
       -79.5564984913336,
       43.5684089155322
      ],
      [
       -79.5564752482808,
       43.5683456035871
      ],
      [
       -79.5562554270354,
       43.568216758087
      ],
      [
       -79.5562693025367,
       43.5681539284245
      ],
      [
       -79.5563446692191,
       43.5681098609763
      ],
      [
       -79.5562473642941,
       43.5680365825181
      ],
      [
       -79.5563762929335,
       43.5678221191605
      ],
      [
       -79.556474266471,
       43.5678683830084
      ],
      [
       -79.556522502975,
       43.5679230065355
      ],
      [
       -79.55670667825,
       43.5679883569107
      ],
      [
       -79.5572305976587,
       43.5683461342372
      ],
      [
       -79.5575494849164,
       43.5684762289376
      ],
      [
       -79.5576585065711,
       43.5685766482608
      ],
      [
       -79.5583444683629,
       43.568891421394
      ],
      [
       -79.5584863669556,
       43.5688569345632
      ],
      [
       -79.5589308180713,
       43.5687097255965
      ],
      [
       -79.5591449204502,
       43.5685593630174
      ],
      [
       -79.5591594606712,
       43.5684695175366
      ],
      [
       -79.5589432655387,
       43.5681876694154
      ],
      [
       -79.5585392604138,
       43.56799348412
      ],
      [
       -79.5579365422648,
       43.5678237946845
      ],
      [
       -79.5575082135402,
       43.5676113042861
      ],
      [
       -79.557361792707,
       43.5675194168523
      ],
      [
       -79.5573261733527,
       43.5674559533727
      ],
      [
       -79.557355657173,
       43.5672582139187
      ],
      [
       -79.5574559725797,
       43.5672054763604
      ],
      [
       -79.5579618898885,
       43.5667616430593
      ],
      [
       -79.5580148515223,
       43.5666182463987
      ],
      [
       -79.5579798321792,
       43.5665277596255
      ],
      [
       -79.5575649768891,
       43.566270412827
      ],
      [
       -79.5575410707315,
       43.5662340913517
      ],
      [
       -79.5575319163512,
       43.5660989276869
      ],
      [
       -79.5574713129219,
       43.5660441286937
      ],
      [
       -79.5575470932079,
       43.5659820638543
      ],
      [
       -79.5577592635164,
       43.5659127095655
      ],
      [
       -79.5577863543512,
       43.5658140149243
      ],
      [
       -79.5575714828871,
       43.5654781348916
      ],
      [
       -79.5573131410027,
       43.5648896202675
      ],
      [
       -79.5574915864654,
       43.5646757714717
      ],
      [
       -79.5577050471546,
       43.5645524101332
      ],
      [
       -79.5578706901275,
       43.5643564298065
      ],
      [
       -79.5579588484024,
       43.5642944938247
      ],
      [
       -79.5580587055434,
       43.5642597481241
      ],
      [
       -79.5581477331281,
       43.5641618238569
      ],
      [
       -79.5582156545577,
       43.5639105652971
      ],
      [
       -79.5581800029903,
       43.5638470980397
      ],
      [
       -79.5577182063236,
       43.5634810965474
      ],
      [
       -79.5573135790997,
       43.5633139237347
      ],
      [
       -79.5571902391792,
       43.5632943516657
      ],
      [
       -79.5569774436708,
       43.5633907218143
      ],
      [
       -79.5561597093344,
       43.5639296339894
      ],
      [
       -79.5560604804979,
       43.5639373828135
      ],
      [
       -79.5559870479192,
       43.5639004470723
      ],
      [
       -79.5559759719003,
       43.563846287335
      ],
      [
       -79.5562299940996,
       43.5635793537719
      ],
      [
       -79.5566950796041,
       43.5632881041794
      ],
      [
       -79.5569476173477,
       43.5630842047379
      ],
      [
       -79.5570122884969,
       43.5629679531353
      ],
      [
       -79.5571768825017,
       43.562816965486
      ],
      [
       -79.5575663891505,
       43.5625787772194
      ],
      [
       -79.5578534480751,
       43.5624833474191
      ],
      [
       -79.5582260952175,
       43.5624340257452
      ],
      [
       -79.5586586818105,
       43.5624664888666
      ],
      [
       -79.5589169316469,
       43.5625417773837
      ],
      [
       -79.559199046616,
       43.5626534048628
      ],
      [
       -79.55944276108,
       43.5628185351241
      ],
      [
       -79.5596126186656,
       43.562964753117
      ],
      [
       -79.5597564424058,
       43.5631646491588
      ],
      [
       -79.5599932717521,
       43.563617838335
      ],
      [
       -79.5600148409751,
       43.5637531564608
      ],
      [
       -79.5599258182346,
       43.5638510822554
      ],
      [
       -79.5598634961225,
       43.5638683141979
      ],
      [
       -79.5598107533948,
       43.5640027122949
      ],
      [
       -79.5597970853279,
       43.5640565680089
      ],
      [
       -79.559671154152,
       43.5641450155107
      ],
      [
       -79.5596393453372,
       43.5644417511531
      ],
      [
       -79.5597475268786,
       43.5645781579621
      ],
      [
       -79.5598580800077,
       43.5646155715765
      ],
      [
       -79.5600187904856,
       43.5646266020925
      ],
      [
       -79.5602793908526,
       43.5646028887562
      ],
      [
       -79.5607032595888,
       43.5644821591409
      ],
      [
       -79.5610248895576,
       43.5644952188487
      ],
      [
       -79.5611964739939,
       43.564569405765
      ],
      [
       -79.5612820710378,
       43.5646155115277
      ],
      [
       -79.561379800823,
       43.5646707622721
      ],
      [
       -79.5614777720639,
       43.5647170200221
      ],
      [
       -79.5617201812975,
       43.5649361487772
      ],
      [
       -79.5618742633554,
       43.5652262207071
      ],
      [
       -79.5618281420828,
       43.5656038052119
      ],
      [
       -79.5617754033003,
       43.5657382051314
      ],
      [
       -79.5616082650663,
       43.5659972249392
      ],
      [
       -79.5615073232743,
       43.5660769857382
      ],
      [
       -79.5610686987508,
       43.5662965635915
      ],
      [
       -79.5606639767539,
       43.5666516310013
      ],
      [
       -79.5605469875355,
       43.5668842676191
      ],
      [
       -79.5604327933543,
       43.5669998875683
      ],
      [
       -79.5604148294751,
       43.5672337684089
      ],
      [
       -79.5604372357144,
       43.5673330960307
      ],
      [
       -79.5605930353272,
       43.5675511435101
      ],
      [
       -79.5607157552619,
       43.5675977306508
      ],
      [
       -79.5610245870829,
       43.5676286067105
      ],
      [
       -79.5613744060657,
       43.5674979582347
      ],
      [
       -79.5615633283026,
       43.5673652831657
      ],
      [
       -79.5616534040827,
       43.5672223392556
      ],
      [
       -79.5616579039166,
       43.567033318045
      ],
      [
       -79.5619097725465,
       43.5668564150912
      ],
      [
       -79.5621501129386,
       43.5666433179482
      ],
      [
       -79.5621906853415,
       43.5664997670936
      ],
      [
       -79.5622801254823,
       43.5663838412282
      ],
      [
       -79.5624820399205,
       43.5662243230708
      ],
      [
       -79.5624987920316,
       43.5662204945264
      ],
      [
       -79.5626687968492,
       43.5661816432094
      ],
      [
       -79.563261294197,
       43.5657388956659
      ],
      [
       -79.5634365470235,
       43.5656600510375
      ],
      [
       -79.5636006724602,
       43.565527066309
      ],
      [
       -79.5636284154266,
       43.5654013554961
      ],
      [
       -79.5636267360903,
       43.5649511362637
      ],
      [
       -79.563591955691,
       43.5648516339178
      ],
      [
       -79.5632912664751,
       43.564478692408
      ],
      [
       -79.5628405335169,
       43.564166906504
      ],
      [
       -79.5627073612337,
       43.5640391690198
      ],
      [
       -79.5625118680312,
       43.5639286656817
      ],
      [
       -79.5622568516685,
       43.5637183579439
      ],
      [
       -79.562097851071,
       43.5636353268529
      ],
      [
       -79.5619236925539,
       43.5636691341417
      ],
      [
       -79.5616042281784,
       43.5635660816817
      ],
      [
       -79.5613355179295,
       43.5634096220905
      ],
      [
       -79.5605983854816,
       43.5631662484831
      ],
      [
       -79.5605501556563,
       43.5631116042081
      ],
      [
       -79.5605535751833,
       43.5629675967931
      ],
      [
       -79.5606421781787,
       43.5628876670145
      ],
      [
       -79.5609678477867,
       43.5627297006853
      ],
      [
       -79.5614079797422,
       43.5624471019283
      ],
      [
       -79.561796829861,
       43.5622359139112
      ],
      [
       -79.5620508098554,
       43.5619689658601
      ],
      [
       -79.5621513578177,
       43.5619072067767
      ],
      [
       -79.5623489658694,
       43.561927710292
      ],
      [
       -79.5624091541999,
       43.5620005006252
      ],
      [
       -79.5625702349494,
       43.5625157476772
      ],
      [
       -79.5627512183933,
       43.5627161225648
      ],
      [
       -79.5627975030262,
       43.5628517626562
      ],
      [
       -79.5633519396871,
       43.5634890207112
      ],
      [
       -79.5636784515967,
       43.5638172519128
      ],
      [
       -79.5641281338034,
       43.564174073118
      ],
      [
       -79.5642871399219,
       43.564257100551
      ],
      [
       -79.5645295867657,
       43.5644762508581
      ],
      [
       -79.564797829869,
       43.5646506871616
      ],
      [
       -79.5651405893052,
       43.5648170667881
      ],
      [
       -79.5663353662911,
       43.5650841869917
      ],
      [
       -79.5664576769812,
       43.5651487376419
      ],
      [
       -79.5665543363396,
       43.5652489926052
      ],
      [
       -79.5668531419446,
       43.5657029518759
      ],
      [
       -79.5671088542078,
       43.5658862341807
      ],
      [
       -79.5672680440237,
       43.5659602539032
      ],
      [
       -79.567797361015,
       43.5660929565139
      ],
      [
       -79.5679446333525,
       43.5661488079645
      ],
      [
       -79.5682855043027,
       43.5663962035517
      ],
      [
       -79.5685160267385,
       43.5665971734883
      ],
      [
       -79.5687358407921,
       43.5667259818653
      ],
      [
       -79.5691296532098,
       43.5668299468696
      ],
      [
       -79.5692782065668,
       43.5668318126374
      ],
      [
       -79.5693291876855,
       43.566769432276
      ],
      [
       -79.5691949487494,
       43.5666867182933
      ],
      [
       -79.5687394833598,
       43.5665729531969
      ],
      [
       -79.5684141984668,
       43.5661907276044
      ],
      [
       -79.5681333240063,
       43.566025118626
      ],
      [
       -79.5678022893872,
       43.565885920559
      ],
      [
       -79.5675186353923,
       43.5658373495322
      ],
      [
       -79.5672001938178,
       43.5656892764688
      ],
      [
       -79.5669466320459,
       43.5654159979025
      ],
      [
       -79.5668523012264,
       43.5652167197788
      ],
      [
       -79.5667914803878,
       43.5651709252376
      ],
      [
       -79.5666839063402,
       43.5650075079396
      ],
      [
       -79.5666107105892,
       43.5649615626313
      ],
      [
       -79.5664143331088,
       43.5648870801034
      ],
      [
       -79.5657975174428,
       43.5647892957897
      ],
      [
       -79.5654778279039,
       43.5646952553911
      ],
      [
       -79.565255847504,
       43.5646564306588
      ],
      [
       -79.5648134367474,
       43.5645158331138
      ],
      [
       -79.564791021718,
       43.5644165070858
      ],
      [
       -79.5651912076302,
       43.5642504431743
      ],
      [
       -79.5656801542946,
       43.5639954637104
      ],
      [
       -79.5660207956503,
       43.5637296176966
      ],
      [
       -79.566363968817,
       43.5633557510343
      ],
      [
       -79.5666435684489,
       43.5630531321087
      ],
      [
       -79.5669656320126,
       43.5625259362134
      ],
      [
       -79.5670962364904,
       43.5622394400407
      ],
      [
       -79.5671833739891,
       43.5621287802574
      ],
      [
       -79.5673770806174,
       43.5618827834911
      ],
      [
       -79.567636819359,
       43.5613728008622
      ],
      [
       -79.5677774624455,
       43.5611854769949
      ],
      [
       -79.5681521824807,
       43.5605238773084
      ],
      [
       -79.5684057290213,
       43.560274938409
      ],
      [
       -79.568457989163,
       43.5601585536167
      ],
      [
       -79.5686605238421,
       43.5599719874954
      ],
      [
       -79.56887691254,
       43.5597225912381
      ],
      [
       -79.5697501447624,
       43.5589231667291
      ],
      [
       -79.5700937066849,
       43.558531278033
      ],
      [
       -79.570485499201,
       43.5581940257339
      ],
      [
       -79.5707626924643,
       43.5579903930217
      ],
      [
       -79.5709028985743,
       43.5578210624428
      ],
      [
       -79.5713439907944,
       43.5574934365564
      ],
      [
       -79.5717598835703,
       43.5571834995203
      ],
      [
       -79.5726851329623,
       43.556798870247
      ],
      [
       -79.5728468918111,
       43.5567648682607
      ],
      [
       -79.573720115453,
       43.5564876460244
      ],
      [
       -79.5742828139494,
       43.55625155763
      ],
      [
       -79.5746988897709,
       43.5559325855046
      ],
      [
       -79.5749353142945,
       43.5558815123884
      ],
      [
       -79.5753236688459,
       43.5556882709407
      ],
      [
       -79.5754975872119,
       43.5556634118024
      ],
      [
       -79.5757728447395,
       43.5555407892184
      ],
      [
       -79.5761444781645,
       43.5552174322094
      ],
      [
       -79.5761875305371,
       43.5552035412477
      ],
      [
       -79.5763398854082,
       43.5551543821682
      ],
      [
       -79.576590270289,
       43.5550017262854
      ],
      [
       -79.5767036011219,
       43.5549221116256
      ],
      [
       -79.5767675881919,
       43.5548328667218
      ],
      [
       -79.5769389564254,
       43.5549160161757
      ],
      [
       -79.577799093301,
       43.5546656200156
      ],
      [
       -79.5788663616001,
       43.5540306031734
      ],
      [
       -79.5788999016337,
       43.5541840740688
      ],
      [
       -79.5789716159715,
       43.5542930099632
      ],
      [
       -79.5792046599367,
       43.5543859529117
      ],
      [
       -79.5793533787826,
       43.5543788035277
      ],
      [
       -79.5796177624479,
       43.5541929962846
      ],
      [
       -79.5797677493264,
       43.5541318403843
      ],
      [
       -79.5799290765738,
       43.5541158464306
      ],
      [
       -79.5802081282454,
       43.5538311689263
      ],
      [
       -79.5805274766094,
       43.5534119381282
      ],
      [
       -79.580663614985,
       43.5534136348857
      ],
      [
       -79.5807515100107,
       43.5533607008658
      ],
      [
       -79.5810076919648,
       43.5529947259587
      ],
      [
       -79.5806173809892,
       43.5527467512261
      ],
      [
       -79.5806800885784,
       43.5527115099475
      ],
      [
       -79.5810599514408,
       43.5528783181051
      ],
      [
       -79.5811472317565,
       43.5528523766623
      ],
      [
       -79.5812229588537,
       43.5527902961696
      ],
      [
       -79.5812517429493,
       43.5526195850093
      ],
      [
       -79.5745944398117,
       43.548809077771
      ],
      [
       -79.5746848904934,
       43.5486481177858
      ],
      [
       -79.5747593434714,
       43.5486400483251
      ],
      [
       -79.5747830476317,
       43.5486853597648
      ],
      [
       -79.5747557570036,
       43.5487930684546
      ],
      [
       -79.5812676801066,
       43.5524667108354
      ],
      [
       -79.5813916565309,
       43.5524592354944
      ],
      [
       -79.5816417288378,
       43.5523542933649
      ],
      [
       -79.581702138917,
       43.5524180696435
      ],
      [
       -79.5821533424263,
       43.5519919135181
      ],
      [
       -79.5823984479446,
       43.5517604107472
      ],
      [
       -79.5817020796437,
       43.5513646028191
      ],
      [
       -79.5812746326583,
       43.5511161821121
      ],
      [
       -79.5808714816337,
       43.550886071386
      ],
      [
       -79.5802361671191,
       43.5505270125461
      ],
      [
       -79.5801384444697,
       43.5504717869022
      ],
      [
       -79.5801653150552,
       43.5503820699785
      ],
      [
       -79.5801288249506,
       43.5503546063003
      ],
      [
       -79.5800776302517,
       43.5504260057138
      ],
      [
       -79.579979669521,
       43.5503797720501
      ],
      [
       -79.5800312744397,
       43.5502903786239
      ],
      [
       -79.5799945793732,
       43.5502719119325
      ],
      [
       -79.5799186491887,
       43.5503429877921
      ],
      [
       -79.5798454241184,
       43.5502970766093
      ],
      [
       -79.5793936724029,
       43.5500303306256
      ],
      [
       -79.5793204536337,
       43.5499843948724
      ],
      [
       -79.5793966225445,
       43.5499043263985
      ],
      [
       -79.5796752425905,
       43.5496376518683
      ],
      [
       -79.5799034840563,
       43.5494063851195
      ],
      [
       -79.5799796569781,
       43.5493262919861
      ],
      [
       -79.5802386871953,
       43.549365522208
      ],
      [
       -79.5811022553822,
       43.5494933147929
      ],
      [
       -79.5811406352606,
       43.5494397559011
      ],
      [
       -79.5810061853248,
       43.5493660606516
      ],
      [
       -79.581059095052,
       43.5492226422541
      ],
      [
       -79.5809487670502,
       43.5491762622005
      ],
      [
       -79.5806949890958,
       43.5489119886957
      ],
      [
       -79.5803951042613,
       43.5485030722415
      ],
      [
       -79.5801134336225,
       43.548373524846
      ],
      [
       -79.5765136285617,
       43.5482657163352
      ],
      [
       -79.5765031563087,
       43.5481845465011
      ],
      [
       -79.5804620641588,
       43.5482878049424
      ],
      [
       -79.580463363797,
       43.5482902909011
      ],
      [
       -79.5804627649938,
       43.5482896432748
      ],
      [
       -79.5806510203622,
       43.5486496914429
      ],
      [
       -79.5807711751924,
       43.5488042544634
      ],
      [
       -79.5811591628871,
       43.5491512160286
      ],
      [
       -79.5815123758114,
       43.5493987178776
      ],
      [
       -79.5817940567728,
       43.5495282601404
      ],
      [
       -79.5822121045469,
       43.549650504368
      ],
      [
       -79.5825447680238,
       43.549717667454
      ],
      [
       -79.5839633291535,
       43.5499333206112
      ],
      [
       -79.5840103083126,
       43.5500419524143
      ],
      [
       -79.5840969240207,
       43.550068540169
      ],
      [
       -79.5842301039873,
       43.5501277555002
      ],
      [
       -79.5843748594868,
       43.5502072066308
      ],
      [
       -79.584487922519,
       43.5502639692322
      ],
      [
       -79.5847327087367,
       43.5503840612999
      ],
      [
       -79.5842877414087,
       43.5508827752221
      ],
      [
       -79.584555600511,
       43.5510751644241
      ],
      [
       -79.5846407470648,
       43.5511392589671
      ],
      [
       -79.5848612124608,
       43.5512410342525
      ],
      [
       -79.585044326952,
       43.5513513571612
      ],
      [
       -79.585415797131,
       43.5513469299035
      ],
      [
       -79.5856612369145,
       43.5514400311315
      ],
      [
       -79.5862311903773,
       43.5508888143903
      ],
      [
       -79.5863792726021,
       43.5509499601131
      ],
      [
       -79.5865743947632,
       43.5507703068573
      ],
      [
       -79.5865923901619,
       43.5507537133481
      ],
      [
       -79.5866056073472,
       43.5507415546914
      ],
      [
       -79.5866062268007,
       43.5507409518741
      ],
      [
       -79.5867582482597,
       43.5505975749442
      ],
      [
       -79.5867210398503,
       43.5505887411302
      ],
      [
       -79.5866484646103,
       43.5505157985844
      ],
      [
       -79.5858037890261,
       43.5501091686835
      ],
      [
       -79.5857534181031,
       43.5501445807334
      ],
      [
       -79.585583328528,
       43.5500073961623
      ],
      [
       -79.5856214913229,
       43.549962857868
      ],
      [
       -79.5855122160404,
       43.5498714757469
      ],
      [
       -79.5852869409595,
       43.5499767288059
      ],
      [
       -79.5850788516398,
       43.5498751030141
      ],
      [
       -79.5849796241367,
       43.5498828806263
      ],
      [
       -79.5842474228087,
       43.5494326227423
      ],
      [
       -79.5835598527821,
       43.5491899980381
      ],
      [
       -79.5835498151656,
       43.5490908134678
      ],
      [
       -79.5836159039058,
       43.5489115525568
      ],
      [
       -79.5837271074925,
       43.5483906918754
      ],
      [
       -79.5837906988858,
       43.5483194452798
      ],
      [
       -79.5840046594922,
       43.548169041776
      ],
      [
       -79.583933357368,
       43.548042094165
      ],
      [
       -79.5838001728482,
       43.5479143987703
      ],
      [
       -79.5836774811676,
       43.5478678492588
      ],
      [
       -79.5836174891774,
       43.547786056589
      ],
      [
       -79.5824691197887,
       43.5476637764268
      ],
      [
       -79.5824615144729,
       43.5479878254733
      ],
      [
       -79.5823125717532,
       43.5480039973455
      ],
      [
       -79.5822886907098,
       43.5479676911444
      ],
      [
       -79.5822962636381,
       43.5476436372058
      ],
      [
       -79.5820621851461,
       43.5475957125707
      ],
      [
       -79.5818534945526,
       43.5475210973782
      ],
      [
       -79.5814613032258,
       43.5473541486697
      ],
      [
       -79.581327275172,
       43.5472624355413
      ],
      [
       -79.5812673147596,
       43.5471806708396
      ],
      [
       -79.5812676122085,
       43.5471783865938
      ],
      [
       -79.5812478099648,
       43.5469829710198
      ],
      [
       -79.5813384388811,
       43.5468130083218
      ],
      [
       -79.5814361821608,
       43.5468682611348
      ],
      [
       -79.5813594022459,
       43.5469753464892
      ],
      [
       -79.58134490554,
       43.5470652110123
      ],
      [
       -79.581642948967,
       43.5470238926745
      ],
      [
       -79.5817556028578,
       43.5469712623137
      ],
      [
       -79.5818317689696,
       43.5468911678214
      ],
      [
       -79.5818619925068,
       43.5466574312003
      ],
      [
       -79.5821090795132,
       43.5463997533166
      ],
      [
       -79.5823568648264,
       43.5461413443095
      ],
      [
       -79.5824468684585,
       43.5459983987092
      ],
      [
       -79.5825001451543,
       43.5458369822394
      ],
      [
       -79.5825215968075,
       43.5454500599651
      ],
      [
       -79.5825612716431,
       43.5453425038029
      ],
      [
       -79.5825514352408,
       43.545234348108
      ],
      [
       -79.5825896050912,
       43.5451897883675
      ],
      [
       -79.5827737519568,
       43.5452551055644
      ],
      [
       -79.5833113608912,
       43.5450276768087
      ],
      [
       -79.5835513172451,
       43.5448235455935
      ],
      [
       -79.5836161350228,
       43.5446982924235
      ],
      [
       -79.5837011622556,
       43.5442401257626
      ],
      [
       -79.5829719420408,
       43.5436638354885
      ],
      [
       -79.5825306792383,
       43.5434783009
      ],
      [
       -79.5826063959314,
       43.5434161976376
      ],
      [
       -79.5827783791344,
       43.5434723446207
      ],
      [
       -79.5828169889805,
       43.5434097946726
      ],
      [
       -79.5829283606541,
       43.5434111906592
      ],
      [
       -79.5828645714627,
       43.5434914330724
      ],
      [
       -79.5830732804488,
       43.5435660493797
      ],
      [
       -79.5840207672618,
       43.5443341440474
      ],
      [
       -79.5840927175691,
       43.5444340784377
      ],
      [
       -79.5842992776272,
       43.5445986986537
      ],
      [
       -79.584776421537,
       43.5448387275626
      ],
      [
       -79.5848733155876,
       43.5449299598769
      ],
      [
       -79.5849975076278,
       43.5449134872783
      ],
      [
       -79.5852598998862,
       43.5448086877492
      ],
      [
       -79.584795319245,
       43.5445598375168
      ],
      [
       -79.5847242250345,
       43.5444238951164
      ],
      [
       -79.5846625902978,
       43.5444141315225
      ],
      [
       -79.584614148416,
       43.5443685031915
      ],
      [
       -79.5846164381727,
       43.5442694892777
      ],
      [
       -79.5847081434853,
       43.5440545248027
      ],
      [
       -79.5848344200601,
       43.5439480355006
      ],
      [
       -79.5852287588818,
       43.5434936946527
      ],
      [
       -79.5852816092668,
       43.5433502977169
      ],
      [
       -79.5852873198288,
       43.5431072498674
      ],
      [
       -79.5852518583974,
       43.5430347782759
      ],
      [
       -79.5858798622916,
       43.5426463751918
      ],
      [
       -79.5865820596238,
       43.5422588806109
      ],
      [
       -79.5876616076468,
       43.5416149114243
      ],
      [
       -79.5879787241022,
       43.5412856946636
      ],
      [
       -79.5880578026056,
       43.5410795736934
      ],
      [
       -79.5883491272357,
       43.5407950415573
      ],
      [
       -79.5887245670451,
       43.5406195809833
      ],
      [
       -79.588960077871,
       43.5406044864186
      ],
      [
       -79.5891697981711,
       43.5406341016428
      ],
      [
       -79.5893933895684,
       43.5406008445846
      ],
      [
       -79.5895196456894,
       43.5404943506709
      ],
      [
       -79.5896593246623,
       43.540342999947
      ],
      [
       -79.589791029718,
       43.5400024538747
      ],
      [
       -79.5899955330141,
       43.5397258513706
      ],
      [
       -79.5901341459494,
       43.5396195289836
      ],
      [
       -79.5904954992638,
       43.5395159305782
      ],
      [
       -79.5910418374996,
       43.5394416216908
      ],
      [
       -79.5912400368868,
       43.5394350765307
      ],
      [
       -79.5914619243448,
       43.5394738055738
      ],
      [
       -79.5918171853842,
       43.5396312638192
      ],
      [
       -79.5921745596614,
       43.5396986862135
      ],
      [
       -79.5926271617057,
       43.539929374376
      ],
      [
       -79.5930216445135,
       43.5399066643722
      ],
      [
       -79.5932716539131,
       43.5398922706051
      ],
      [
       -79.5937202433191,
       43.5397627313063
      ],
      [
       -79.5946812105719,
       43.5394234019473
      ],
      [
       -79.595246374409,
       43.5390701818568
      ],
      [
       -79.5958132242493,
       43.5386449432621
      ],
      [
       -79.5959650352838,
       43.5385027513873
      ],
      [
       -79.5960805978252,
       43.5383240869306
      ],
      [
       -79.5961930131559,
       43.5382804370873
      ],
      [
       -79.5963314069989,
       43.538183103144
      ],
      [
       -79.5963714529612,
       43.53805752577
      ],
      [
       -79.5963787584076,
       43.5377424881872
      ],
      [
       -79.5964584387244,
       43.5375093527242
      ],
      [
       -79.5967102899739,
       43.5373233630738
      ],
      [
       -79.5970575839748,
       43.5372916121628
      ],
      [
       -79.5970596453231,
       43.5372015982533
      ],
      [
       -79.5972253065923,
       43.536996534227
      ],
      [
       -79.5972433200498,
       43.5367536400325
      ],
      [
       -79.5972691015635,
       43.5367089286865
      ],
      [
       -79.5975161465134,
       43.536729969892
      ],
      [
       -79.5976514248837,
       43.5367676531194
      ],
      [
       -79.5977883602446,
       43.5367333155944
      ],
      [
       -79.598003511641,
       43.5365288646756
      ],
      [
       -79.5981079144475,
       43.5362960222067
      ],
      [
       -79.5982819762955,
       43.536262152889
      ],
      [
       -79.5982909317001,
       43.5358750736705
      ],
      [
       -79.5983163032811,
       43.535848380567
      ],
      [
       -79.5986256462336,
       43.5358521678272
      ],
      [
       -79.5986885526504,
       43.5358079238674
      ],
      [
       -79.5988751105671,
       43.5352339452857
      ],
      [
       -79.5987553395905,
       43.5350613983271
      ],
      [
       -79.5987943230824,
       43.5349808509398
      ],
      [
       -79.5990541678139,
       43.5349840212935
      ],
      [
       -79.5991804211036,
       43.5348775210344
      ],
      [
       -79.5992455835761,
       43.5347342682541
      ],
      [
       -79.5992742985817,
       43.5345635412131
      ],
      [
       -79.5992679765929,
       43.5343023392852
      ],
      [
       -79.5990867518695,
       43.5341110395082
      ],
      [
       -79.5990882060585,
       43.5340480177823
      ],
      [
       -79.5993345508289,
       43.5335648147094
      ],
      [
       -79.5994167092798,
       43.5332236562757
      ],
      [
       -79.5994204547061,
       43.5330616300313
      ],
      [
       -79.5995336918638,
       43.5329819947962
      ],
      [
       -79.5996209233393,
       43.5329560376082
      ],
      [
       -79.5996564820593,
       43.5324882712886
      ],
      [
       -79.5996988111157,
       43.532263668184
      ],
      [
       -79.5998300449471,
       43.5319411430455
      ],
      [
       -79.5998333875635,
       43.5317971119333
      ],
      [
       -79.6004266370686,
       43.5307598945236
      ],
      [
       -79.6004542994894,
       43.5306341738367
      ],
      [
       -79.6006509176028,
       43.5301593827311
      ],
      [
       -79.6007662059095,
       43.5299897113031
      ],
      [
       -79.6009871459261,
       43.5295332074818
      ],
      [
       -79.6011868975592,
       43.5289233604814
      ],
      [
       -79.6013799359422,
       43.5286015689072
      ],
      [
       -79.6014486611489,
       43.5283052730338
      ],
      [
       -79.601579671013,
       43.5279917488269
      ],
      [
       -79.6015827739594,
       43.5278567115442
      ],
      [
       -79.6015473320041,
       43.5277842567566
      ],
      [
       -79.6014743677861,
       43.5277293286403
      ],
      [
       -79.6014254837059,
       43.5277017254408
      ],
      [
       -79.6014150052473,
       43.5276205710039
      ],
      [
       -79.601491713824,
       43.5275134537684
      ],
      [
       -79.6016661487317,
       43.527461561134
      ],
      [
       -79.6017300905237,
       43.5273722903981
      ],
      [
       -79.6017840569033,
       43.5266436161027
      ],
      [
       -79.601748414943,
       43.526580158533
      ],
      [
       -79.6016508913495,
       43.5265159368065
      ],
      [
       -79.6016169011396,
       43.526380463755
      ],
      [
       -79.6016303084708,
       43.5263356071716
      ],
      [
       -79.6017055627222,
       43.5262915098081
      ],
      [
       -79.6018542217106,
       43.5262843275737
      ],
      [
       -79.6019177543769,
       43.5262130752531
      ],
      [
       -79.6019347029635,
       43.5260151703182
      ],
      [
       -79.6020136939853,
       43.5258090524146
      ],
      [
       -79.6020702546845,
       43.5255035932358
      ],
      [
       -79.6020955168521,
       43.5249456449286
      ],
      [
       -79.6020506122339,
       43.5247470069599
      ],
      [
       -79.6021656762676,
       43.5245863596381
      ],
      [
       -79.6021796220335,
       43.5239832405373
      ],
      [
       -79.6021557034121,
       43.5239469387821
      ],
      [
       -79.6021697508028,
       43.5238750739756
      ],
      [
       -79.6022330456224,
       43.5238128136569
      ],
      [
       -79.6022963736078,
       43.5237505582099
      ],
      [
       -79.6023308616692,
       43.5233277888299
      ],
      [
       -79.6023285635073,
       43.5223553163081
      ],
      [
       -79.602332538614,
       43.5221842829472
      ],
      [
       -79.6023370164151,
       43.5219902438861
      ],
      [
       -79.6023645266049,
       43.5207980486328
      ],
      [
       -79.6023778273884,
       43.5202219498303
      ],
      [
       -79.6022213763916,
       43.5200309367922
      ],
      [
       -79.6022152469551,
       43.5197607326116
      ],
      [
       -79.6022052751617,
       43.5191213274711
      ],
      [
       -79.6022408096121,
       43.5186535427359
      ],
      [
       -79.6022415081594,
       43.5183453678264
      ],
      [
       -79.6022421568368,
       43.5180592866269
      ],
      [
       -79.6022154459439,
       43.517608763394
      ],
      [
       -79.6022170962149,
       43.5175367496224
      ],
      [
       -79.6021816683573,
       43.5174642743782
      ],
      [
       -79.6021537150687,
       43.5170677480823
      ],
      [
       -79.602182408143,
       43.5168970357288
      ],
      [
       -79.6021709596862,
       43.5163206267531
      ],
      [
       -79.6021355970004,
       43.5157079186723
      ],
      [
       -79.6022003649795,
       43.5155826491519
      ],
      [
       -79.602090908837,
       43.515500269934
      ],
      [
       -79.6020326108762,
       43.515346494855
      ],
      [
       -79.6020036188321,
       43.5149949727569
      ],
      [
       -79.6021281258542,
       43.5149604859534
      ],
      [
       -79.6021668926163,
       43.5148889160988
      ],
      [
       -79.602149653826,
       43.5145645528322
      ],
      [
       -79.6020196950572,
       43.5137616018346
      ],
      [
       -79.6017161137109,
       43.5124432911681
      ],
      [
       -79.6017101957367,
       43.5121640760692
      ],
      [
       -79.6016755738908,
       43.5120556200227
      ],
      [
       -79.6015961541601,
       43.5112082431877
      ],
      [
       -79.6015300542438,
       43.510856284815
      ],
      [
       -79.6012737702731,
       43.5101688382295
      ],
      [
       -79.6012024854258,
       43.5100419035228
      ],
      [
       -79.6011950870406,
       43.5098257018749
      ],
      [
       -79.6012225340502,
       43.5097089892622
      ],
      [
       -79.601454495717,
       43.5093066444205
      ],
      [
       -79.6017860322146,
       43.5088784946651
      ],
      [
       -79.6021277705377,
       43.5080092790558
      ],
      [
       -79.6022138160914,
       43.5074970858577
      ],
      [
       -79.6022967212773,
       43.5071199361663
      ],
      [
       -79.6022755317575,
       43.5065545714163
      ],
      [
       -79.6022737631759,
       43.5065073824659
      ],
      [
       -79.6026402924715,
       43.5061696975206
      ],
      [
       -79.6028396294361,
       43.5061091129644
      ],
      [
       -79.6030874618012,
       43.5055538591494
      ],
      [
       -79.6031410944928,
       43.5053744567178
      ],
      [
       -79.6032176614898,
       43.5047360967045
      ],
      [
       -79.6037141187128,
       43.5025181268352
      ],
      [
       -79.6036788984032,
       43.5024366628719
      ],
      [
       -79.6038558230698,
       43.5017364978574
      ],
      [
       -79.6042577033507,
       43.5003997786657
      ],
      [
       -79.6043229320077,
       43.5000955177738
      ],
      [
       -79.6043270155784,
       43.5000764914194
      ],
      [
       -79.6044216543182,
       43.4997264602972
      ],
      [
       -79.6049916751213,
       43.4986079002491
      ],
      [
       -79.6052485019608,
       43.4981968434281
      ],
      [
       -79.6057054613902,
       43.4976891974786
      ],
      [
       -79.60581018413,
       43.4974383554303
      ],
      [
       -79.6062034451004,
       43.497010950024
      ],
      [
       -79.6064211071653,
       43.4966894482673
      ],
      [
       -79.6065340507798,
       43.4966187880869
      ],
      [
       -79.6037321860362,
       43.4947567564765
      ],
      [
       -79.6027089094759,
       43.4930064427748
      ],
      [
       -79.6026392961514,
       43.4928075155232
      ],
      [
       -79.602715142859,
       43.4927363957216
      ],
      [
       -79.6027769456851,
       43.4927371537817
      ],
      [
       -79.6037983664861,
       43.4945684889797
      ],
      [
       -79.6040219640157,
       43.4945261870022
      ],
      [
       -79.6040815172409,
       43.4946259591111
      ],
      [
       -79.603882024184,
       43.4946955617684
      ],
      [
       -79.6067092423533,
       43.4965308727268
      ],
      [
       -79.6076888047268,
       43.4958855164486
      ],
      [
       -79.6082998628694,
       43.4956678581056
      ],
      [
       -79.6086380727888,
       43.4954828819441
      ],
      [
       -79.6088373574322,
       43.4954222870249
      ],
      [
       -79.6091100074044,
       43.4953985713242
      ],
      [
       -79.6092600385291,
       43.4953283722496
      ],
      [
       -79.6098955887567,
       43.4951200128534
      ],
      [
       -79.6105820612603,
       43.4948492270344
      ],
      [
       -79.6112825156568,
       43.4945065762785
      ],
      [
       -79.6121777308788,
       43.4943013427945
      ],
      [
       -79.6124023512694,
       43.494214024989
      ],
      [
       -79.6125289059343,
       43.4940894918307
      ],
      [
       -79.6128662474031,
       43.4939405254186
      ],
      [
       -79.6133942091852,
       43.493568765056
      ],
      [
       -79.613936986597,
       43.493089116504
      ],
      [
       -79.6141523473395,
       43.4928666159091
      ],
      [
       -79.6145352021824,
       43.4923490243309
      ],
      [
       -79.6147573191157,
       43.4918294667685
      ],
      [
       -79.6148488275096,
       43.4916144808033
      ],
      [
       -79.6149571889434,
       43.4912015927249
      ],
      [
       -79.6153620720453,
       43.4902610580912
      ],
      [
       -79.6153649685785,
       43.4901350455332
      ],
      [
       -79.6153175542078,
       43.4900444223086
      ],
      [
       -79.6155479134912,
       43.4891647921828
      ],
      [
       -79.6155460165636,
       43.4887055553073
      ],
      [
       -79.6154743236468,
       43.4885966603722
      ],
      [
       -79.6147697805334,
       43.4880388484288
      ],
      [
       -79.6141633336606,
       43.4875182731082
      ],
      [
       -79.6135408473898,
       43.4871595644374
      ],
      [
       -79.6127638328665,
       43.4865288438947
      ],
      [
       -79.6126776998682,
       43.4865097849384
      ],
      [
       -79.6125190183038,
       43.4864178237286
      ],
      [
       -79.612375634047,
       43.4861999768486
      ],
      [
       -79.6123896209156,
       43.4861281185782
      ],
      [
       -79.609593245011,
       43.484041189932
      ],
      [
       -79.6095818990295,
       43.4839960229251
      ],
      [
       -79.609607234565,
       43.483969333814
      ],
      [
       -79.6099740103143,
       43.4836136265762
      ],
      [
       -79.6100246874734,
       43.4835602221321
      ],
      [
       -79.6100988658847,
       43.4835611248836
      ],
      [
       -79.6107196741745,
       43.4839918574061
      ],
      [
       -79.6107243978833,
       43.4843250695671
      ],
      [
       -79.610769724474,
       43.4845057040161
      ],
      [
       -79.6108529450366,
       43.484650773165
      ],
      [
       -79.6125179906608,
       43.4859225696497
      ],
      [
       -79.6127030383517,
       43.4859428470885
      ],
      [
       -79.6128252256893,
       43.486007360806
      ],
      [
       -79.6130918381369,
       43.4862447023845
      ],
      [
       -79.6132507185241,
       43.4863276682372
      ],
      [
       -79.6143473408436,
       43.4870432892354
      ],
      [
       -79.614565758065,
       43.4872260091143
      ],
      [
       -79.6146883543089,
       43.4872725075254
      ],
      [
       -79.6148346491808,
       43.4873643408506
      ],
      [
       -79.6151987745252,
       43.4876658764656
      ],
      [
       -79.6155152868123,
       43.4878858093184
      ],
      [
       -79.615785218718,
       43.4879791188188
      ],
      [
       -79.6159461396495,
       43.4879720629381
      ],
      [
       -79.6167287297202,
       43.4878194738563
      ],
      [
       -79.6171653732538,
       43.4876536750459
      ],
      [
       -79.617391617239,
       43.4874943244956
      ],
      [
       -79.6174956223169,
       43.4872704849878
      ],
      [
       -79.6178242756993,
       43.4869593017906
      ],
      [
       -79.6182629326258,
       43.4867034812885
      ],
      [
       -79.618436228683,
       43.4866965930718
      ],
      [
       -79.618619393104,
       43.4867978451845
      ],
      [
       -79.6186328132495,
       43.486752975633
      ],
      [
       -79.6188578124391,
       43.4866476592019
      ],
      [
       -79.6189587601773,
       43.4865588287921
      ],
      [
       -79.6190615671626,
       43.4863889813198
      ],
      [
       -79.6190506395494,
       43.4863258308601
      ],
      [
       -79.6188563175871,
       43.4861704186503
      ],
      [
       -79.6188571188135,
       43.4861343899944
      ],
      [
       -79.6189436804931,
       43.4861354582199
      ],
      [
       -79.6190782320486,
       43.4862001074174
      ],
      [
       -79.619214208219,
       43.4862017479949
      ],
      [
       -79.619302005966,
       43.4861487778766
      ],
      [
       -79.6193658566877,
       43.4860595125751
      ],
      [
       -79.6193672820596,
       43.4859965050191
      ],
      [
       -79.619222835896,
       43.4858236882745
      ],
      [
       -79.6192358203739,
       43.4857968271486
      ],
      [
       -79.61950614825,
       43.4858721107994
      ],
      [
       -79.6197317724592,
       43.4857397885269
      ],
      [
       -79.6199594248122,
       43.4855174250514
      ],
      [
       -79.6204273044023,
       43.4850638505723
      ],
      [
       -79.6205422523766,
       43.4849031659136
      ],
      [
       -79.6207690948395,
       43.4847168284589
      ],
      [
       -79.6209069247242,
       43.4846374508254
      ],
      [
       -79.6212044345771,
       43.4846050198581
      ],
      [
       -79.6213418693135,
       43.4845436308937
      ],
      [
       -79.6215184356784,
       43.484392713179
      ],
      [
       -79.6218818461016,
       43.484180978729
      ],
      [
       -79.6221812072392,
       43.484067528062
      ],
      [
       -79.6226080882715,
       43.4837845425282
      ],
      [
       -79.6230629769992,
       43.4833578230301
      ],
      [
       -79.6239238522232,
       43.4824767665126
      ],
      [
       -79.6240914878729,
       43.4821726570538
      ],
      [
       -79.623969099003,
       43.4821171543972
      ],
      [
       -79.6240966161071,
       43.4819475960505
      ],
      [
       -79.6241450257192,
       43.4819932131006
      ],
      [
       -79.6243039120285,
       43.4820761565176
      ],
      [
       -79.624637069537,
       43.4821071775519
      ],
      [
       -79.6250964105095,
       43.4814824184008
      ],
      [
       -79.6251027149555,
       43.4812033652357
      ],
      [
       -79.6251205706192,
       43.4811547880651
      ],
      [
       -79.6251560200014,
       43.4811817668315
      ],
      [
       -79.6256157193433,
       43.4815761958944
      ],
      [
       -79.6260211830158,
       43.4819307985647
      ],
      [
       -79.6276534374723,
       43.4833584353949
      ],
      [
       -79.6279862618183,
       43.4835947363388
      ],
      [
       -79.6286369489009,
       43.4840461436634
      ],
      [
       -79.6306318335598,
       43.485510739698
      ],
      [
       -79.633406238798,
       43.4874915371488
      ],
      [
       -79.6348309369705,
       43.4884963372054
      ],
      [
       -79.6379689514703,
       43.4908388512542
      ],
      [
       -79.6410623666267,
       43.4931045010631
      ],
      [
       -79.6416679644529,
       43.4935480530166
      ],
      [
       -79.6426834498138,
       43.4942941397162
      ],
      [
       -79.6455742411676,
       43.4964397553678
      ],
      [
       -79.6456676556851,
       43.4965090362305
      ],
      [
       -79.6460529646256,
       43.4968010484303
      ],
      [
       -79.6476673411441,
       43.4979558407257
      ],
      [
       -79.6476992636639,
       43.4979790700178
      ],
      [
       -79.6480287037637,
       43.4982187649186
      ],
      [
       -79.6511034159057,
       43.5004557171337
      ],
      [
       -79.651247642819,
       43.5005606569592
      ],
      [
       -79.6512890023885,
       43.5005907668111
      ],
      [
       -79.6546324531763,
       43.5030250512721
      ],
      [
       -79.6562585195345,
       43.5042056721503
      ],
      [
       -79.6578846758416,
       43.5053862446877
      ],
      [
       -79.6590639497571,
       43.5062598426174
      ],
      [
       -79.6599362548116,
       43.5068929463395
      ],
      [
       -79.6599225635314,
       43.5069905385983
      ],
      [
       -79.6603735137785,
       43.5073150959146
      ],
      [
       -79.6604948751256,
       43.5074024446554
      ],
      [
       -79.6606406764363,
       43.50752123759
      ],
      [
       -79.6608728524552,
       43.5076499445511
      ],
      [
       -79.6614440814314,
       43.5081158256729
      ],
      [
       -79.6615662814325,
       43.5081803134294
      ],
      [
       -79.6619255853538,
       43.5084503176911
      ],
      [
       -79.6619435428814,
       43.5084638216114
      ],
      [
       -79.662103437343,
       43.5085982530607
      ],
      [
       -79.6621497392995,
       43.5086371328203
      ],
      [
       -79.6625881838449,
       43.5089301068841
      ],
      [
       -79.6632214985061,
       43.5094061075036
      ],
      [
       -79.6634279176466,
       43.5095887499987
      ],
      [
       -79.6636719606373,
       43.5097446339682
      ],
      [
       -79.6638792619438,
       43.5098821346179
      ],
      [
       -79.6640864563524,
       43.5100196444454
      ],
      [
       -79.6641839917294,
       43.5100838105518
      ],
      [
       -79.664451602301,
       43.5102849673918
      ],
      [
       -79.6652549650605,
       43.5108887356619
      ],
      [
       -79.6655718670786,
       43.5111085366868
      ],
      [
       -79.6657696653276,
       43.5111108588588
      ],
      [
       -79.6686127658391,
       43.5132077488445
      ],
      [
       -79.6688184512281,
       43.5133623367562
      ],
      [
       -79.6698605521167,
       43.5141583363797
      ],
      [
       -79.670528350254,
       43.5146343426929
      ],
      [
       -79.6721478666498,
       43.5158286468927
      ],
      [
       -79.6722671749975,
       43.515950447793
      ],
      [
       -79.672664494487,
       43.5162386022507
      ],
      [
       -79.6763357581798,
       43.5189010543195
      ],
      [
       -79.6787974572815,
       43.5207254514068
      ],
      [
       -79.678945159155,
       43.5207632478236
      ],
      [
       -79.6803345549025,
       43.521733652959
      ],
      [
       -79.6812109784927,
       43.5224011617538
      ],
      [
       -79.6813697638336,
       43.5224929411533
      ],
      [
       -79.6816256716591,
       43.5226760520032
      ],
      [
       -79.6818335562323,
       43.5227864412739
      ],
      [
       -79.6825534771361,
       43.5221194602663
      ],
      [
       -79.6827556778036,
       43.5219236586997
      ],
      [
       -79.68317116613,
       43.5215953453299
      ],
      [
       -79.684396574161,
       43.5204388417639
      ],
      [
       -79.6848007600991,
       43.5200563566256
      ],
      [
       -79.6848663728087,
       43.5198860363206
      ],
      [
       -79.6861668624985,
       43.5186854544853
      ],
      [
       -79.6863663687311,
       43.5186156599653
      ],
      [
       -79.6872412782038,
       43.5178201513707
      ],
      [
       -79.6874848572213,
       43.5175910814652
      ],
      [
       -79.6893606668335,
       43.5158268336588
      ],
      [
       -79.6895788535094,
       43.5156215541823
      ],
      [
       -79.6897258212594,
       43.5154918231438
      ],
      [
       -79.6902170574983,
       43.5150582541244
      ],
      [
       -79.6904581848313,
       43.5147818355363
      ],
      [
       -79.6905682746428,
       43.5146775471793
      ],
      [
       -79.6918854638238,
       43.5134295716808
      ],
      [
       -79.6930217560804,
       43.5123710491378
      ],
      [
       -79.6931730613676,
       43.5122377371908
      ],
      [
       -79.6933495724545,
       43.5120866390905
      ],
      [
       -79.6936015733107,
       43.5118734499223
      ],
      [
       -79.6936394589159,
       43.5118378491119
      ],
      [
       -79.6947639810639,
       43.5107522600547
      ],
      [
       -79.6950677641739,
       43.510431542238
      ],
      [
       -79.6963802725112,
       43.5092309465321
      ],
      [
       -79.6970363557424,
       43.5086351470964
      ],
      [
       -79.6971237643223,
       43.5086001392382
      ],
      [
       -79.6974758650386,
       43.5083340499293
      ],
      [
       -79.7008498596767,
       43.5107945406315
      ],
      [
       -79.7044181626215,
       43.5134372317467
      ],
      [
       -79.7112631684682,
       43.5185118419839
      ],
      [
       -79.7159664699954,
       43.5220607517328
      ],
      [
       -79.7159961733321,
       43.5220833841239
      ],
      [
       -79.7160265291567,
       43.5221064659393
      ],
      [
       -79.7172138851592,
       43.523010047084
      ],
      [
       -79.7175244238623,
       43.5232214207363
      ],
      [
       -79.7175780770974,
       43.5232579518635
      ],
      [
       -79.7176862652081,
       43.5233229337066
      ],
      [
       -79.7178189900458,
       43.5234026386983
      ],
      [
       -79.7182219850758,
       43.5236126549743
      ],
      [
       -79.7185389951814,
       43.5237530431083
      ],
      [
       -79.7189469883639,
       43.523924043865
      ],
      [
       -79.7193864919609,
       43.524074940533
      ],
      [
       -79.7197310678002,
       43.5241770324781
      ],
      [
       -79.7201086958281,
       43.5242722468966
      ],
      [
       -79.7209162830009,
       43.5243992380522
      ],
      [
       -79.7218535880945,
       43.5245276504707
      ],
      [
       -79.723051679146,
       43.5246875395239
      ],
      [
       -79.7233691817912,
       43.5247318581453
      ],
      [
       -79.7239623869749,
       43.524867848987
      ],
      [
       -79.7241164315853,
       43.5249149402124
      ],
      [
       -79.7241854959922,
       43.524936050457
      ],
      [
       -79.7242484077127,
       43.5249596941966
      ],
      [
       -79.7245598734758,
       43.5250767370436
      ],
      [
       -79.7248397651386,
       43.5251977479455
      ],
      [
       -79.7251531904534,
       43.5253747390089
      ],
      [
       -79.7253455647176,
       43.5254769498751
      ],
      [
       -79.7254911883882,
       43.5256135545865
      ],
      [
       -79.725680562742,
       43.5257355333528
      ],
      [
       -79.726580059609,
       43.5263150163032
      ],
      [
       -79.7268486773398,
       43.5264880513823
      ],
      [
       -79.7269223677127,
       43.5265359285795
      ],
      [
       -79.7270864984464,
       43.5266425473498
      ],
      [
       -79.727168199902,
       43.5266966364048
      ],
      [
       -79.7274396680489,
       43.5268762811508
      ],
      [
       -79.7278067880332,
       43.5271192578814
      ],
      [
       -79.7280140844623,
       43.5272781483912
      ],
      [
       -79.7283439693243,
       43.5275530474508
      ],
      [
       -79.7285456996602,
       43.5277625494752
      ],
      [
       -79.7286810930637,
       43.5279291452491
      ],
      [
       -79.7290018834804,
       43.5284161373104
      ],
      [
       -79.7295656791437,
       43.5294618356844
      ],
      [
       -79.729586180069,
       43.5295075245036
      ],
      [
       -79.730030637446,
       43.5296616109884
      ],
      [
       -79.7305838930125,
       43.5303813012476
      ],
      [
       -79.7312623616184,
       43.5310116527972
      ],
      [
       -79.7316637397189,
       43.531314065251
      ],
      [
       -79.7325420346883,
       43.5318566854773
      ],
      [
       -79.7350840201823,
       43.5331912034275
      ],
      [
       -79.7368675196667,
       43.5342157299897
      ],
      [
       -79.7379783199332,
       43.5348057905678
      ],
      [
       -79.740277379856,
       43.5361033858334
      ],
      [
       -79.7411031560735,
       43.5365637523398
      ],
      [
       -79.7426125402163,
       43.5373344445918
      ],
      [
       -79.7435541785226,
       43.5378554912933
      ],
      [
       -79.7445011195378,
       43.5384110571479
      ],
      [
       -79.7455723799927,
       43.5390876910372
      ],
      [
       -79.7473615242468,
       43.5403519211496
      ],
      [
       -79.7492290981919,
       43.5416883974231
      ],
      [
       -79.7496872864392,
       43.5420191022882
      ],
      [
       -79.7498777795545,
       43.5421575845506
      ],
      [
       -79.7505067740484,
       43.542617590091
      ],
      [
       -79.7533464301145,
       43.5447747994666
      ],
      [
       -79.7548664773446,
       43.5459178774719
      ],
      [
       -79.755792180087,
       43.5465751832357
      ],
      [
       -79.7567051151497,
       43.5472311738591
      ],
      [
       -79.7572393551901,
       43.5476921527302
      ],
      [
       -79.7574818343785,
       43.5479175890611
      ],
      [
       -79.7576880301053,
       43.5481054561829
      ],
      [
       -79.7582691002507,
       43.5486866956233
      ],
      [
       -79.7585113664329,
       43.5489211972719
      ],
      [
       -79.7593960121238,
       43.5497488699641
      ],
      [
       -79.759999006382,
       43.5502684576528
      ],
      [
       -79.7600696159969,
       43.5503303353541
      ],
      [
       -79.7604340501209,
       43.550647837812
      ],
      [
       -79.760798992948,
       43.5509476479292
      ],
      [
       -79.7610545844806,
       43.5511505031553
      ],
      [
       -79.7615169035683,
       43.5515208951201
      ],
      [
       -79.7623331410926,
       43.5521292009841
      ],
      [
       -79.7626500496004,
       43.5523583790741
      ],
      [
       -79.7627604546698,
       43.5524401167041
      ],
      [
       -79.7635040213925,
       43.5529975926675
      ],
      [
       -79.7646891063212,
       43.553757957618
      ],
      [
       -79.7659605522715,
       43.5545283294664
      ],
      [
       -79.7673747039357,
       43.5553503545078
      ],
      [
       -79.7689108463367,
       43.5561845779675
      ],
      [
       -79.7695945602475,
       43.5565538959288
      ],
      [
       -79.7703767113471,
       43.5570637008162
      ],
      [
       -79.7713964884566,
       43.5577532300034
      ],
      [
       -79.772455214751,
       43.5585149264844
      ],
      [
       -79.7747265411975,
       43.5601901762259
      ],
      [
       -79.7781959185649,
       43.5627360687701
      ],
      [
       -79.7788471511877,
       43.5632164051405
      ],
      [
       -79.7796672779245,
       43.5638295918959
      ],
      [
       -79.7825485186203,
       43.5659686204664
      ],
      [
       -79.7837665610382,
       43.5668926184869
      ],
      [
       -79.7848598410513,
       43.5677449472312
      ],
      [
       -79.785721909437,
       43.568415429279
      ],
      [
       -79.7871863439287,
       43.5696456947709
      ],
      [
       -79.7886291797758,
       43.5708555594868
      ],
      [
       -79.7895816082333,
       43.5715787503703
      ],
      [
       -79.7897766090144,
       43.5717179148034
      ],
      [
       -79.7898004445642,
       43.5717347913891
      ],
      [
       -79.7899029427524,
       43.5718047523135
      ],
      [
       -79.7906083223046,
       43.5723131783409
      ],
      [
       -79.7908808811775,
       43.5724927460472
      ],
      [
       -79.7939964888559,
       43.5745128351352
      ],
      [
       -79.7949037036461,
       43.5751236574495
      ],
      [
       -79.7952208059552,
       43.5753215457185
      ],
      [
       -79.7959382945475,
       43.5758550489854
      ],
      [
       -79.7961494935313,
       43.5760011612683
      ],
      [
       -79.7987043451321,
       43.5778747372455
      ],
      [
       -79.800436713362,
       43.5791450408612
      ],
      [
       -79.8010686069395,
       43.5796083783942
      ],
      [
       -79.8047378189088,
       43.582298563218
      ],
      [
       -79.8064950183406,
       43.5836035519753
      ],
      [
       -79.8075504482708,
       43.58443138617
      ],
      [
       -79.8078919092335,
       43.584705100333
      ],
      [
       -79.8080260376698,
       43.5848144623165
      ],
      [
       -79.8081475376884,
       43.584932772175
      ],
      [
       -79.8084511921764,
       43.5852330558401
      ],
      [
       -79.8086817067032,
       43.585478640298
      ],
      [
       -79.8088515691343,
       43.5856604323578
      ],
      [
       -79.8090570771004,
       43.5859147190153
      ],
      [
       -79.8092141340376,
       43.5861144041529
      ],
      [
       -79.8093466447322,
       43.5863049148715
      ],
      [
       -79.8094430561508,
       43.5864409107106
      ],
      [
       -79.8095271027713,
       43.5865768686357
      ],
      [
       -79.8095987062101,
       43.5867126762076
      ],
      [
       -79.8097185116461,
       43.5869209659561
      ],
      [
       -79.8098134743244,
       43.5871290626454
      ],
      [
       -79.8099209013419,
       43.5873372367918
      ],
      [
       -79.8100035974319,
       43.5875361340075
      ],
      [
       -79.8100983312548,
       43.5877622938129
      ],
      [
       -79.8101101312827,
       43.587789523379
      ],
      [
       -79.810157486486,
       43.5879070484286
      ],
      [
       -79.8102036315736,
       43.5880787158033
      ],
      [
       -79.8102371678323,
       43.5882681772102
      ],
      [
       -79.8102562216693,
       43.5885211745087
      ],
      [
       -79.8084536182166,
       43.5901404653741
      ],
      [
       -79.808352802269,
       43.5902294559458
      ],
      [
       -79.8083151204173,
       43.5902560464851
      ],
      [
       -79.8082139999989,
       43.5903540423201
      ],
      [
       -79.8077347194259,
       43.590790262204
      ],
      [
       -79.8043676232055,
       43.5937984455577
      ],
      [
       -79.802754295833,
       43.5951861519813
      ],
      [
       -79.8022121205093,
       43.5956667547735
      ],
      [
       -79.8016086153926,
       43.5961105562267
      ],
      [
       -79.8014454227749,
       43.5962169640611
      ],
      [
       -79.8008558071122,
       43.5965889611626
      ],
      [
       -79.7999282313147,
       43.5971284458068
      ],
      [
       -79.7991894033237,
       43.5975258527531
      ],
      [
       -79.7989765019092,
       43.5976406560347
      ],
      [
       -79.7982507052957,
       43.598002251428
      ],
      [
       -79.7975754979281,
       43.5983102501246
      ],
      [
       -79.7967260204149,
       43.598661450507
      ],
      [
       -79.7964879235989,
       43.5987460481461
      ],
      [
       -79.7958401113948,
       43.5989762472875
      ],
      [
       -79.794643121407,
       43.5993598697897
      ],
      [
       -79.7936060795763,
       43.5996439381427
      ],
      [
       -79.7934720039407,
       43.5996806587675
      ],
      [
       -79.7934063182669,
       43.5996972279829
      ],
      [
       -79.7931981086125,
       43.5997497457734
      ],
      [
       -79.7924141067012,
       43.5999215459575
      ],
      [
       -79.7919211949873,
       43.5999997933751
      ],
      [
       -79.7910840975676,
       43.600132651631
      ],
      [
       -79.7908444178485,
       43.6001656896997
      ],
      [
       -79.7900528889522,
       43.6002747664225
      ],
      [
       -79.7891961039911,
       43.6003737507324
      ],
      [
       -79.7884119970328,
       43.6005455547203
      ],
      [
       -79.7882257199067,
       43.6005705553536
      ],
      [
       -79.7882620042624,
       43.6006159593047
      ],
      [
       -79.7883465477295,
       43.6006973975419
      ],
      [
       -79.7884321242363,
       43.6007798488148
      ],
      [
       -79.7885166629399,
       43.6008430870059
      ],
      [
       -79.7895428994083,
       43.601610961937
      ],
      [
       -79.7903602599478,
       43.6022399954861
      ],
      [
       -79.7901119995486,
       43.6023985421339
      ],
      [
       -79.7900167302654,
       43.6024593905591
      ],
      [
       -79.788139404054,
       43.6036583596982
      ],
      [
       -79.7781519050616,
       43.6095751838861
      ],
      [
       -79.7765244016435,
       43.6100402840042
      ],
      [
       -79.7751780521846,
       43.6104752895032
      ],
      [
       -79.7723207603922,
       43.611321339686
      ],
      [
       -79.7705669473127,
       43.6118405969595
      ],
      [
       -79.7609300277086,
       43.6146930922552
      ],
      [
       -79.7597258031525,
       43.6157968556963
      ],
      [
       -79.7564237602122,
       43.6193261885018
      ],
      [
       -79.7565769072457,
       43.6193994283399
      ],
      [
       -79.756692814582,
       43.6194803899288
      ],
      [
       -79.7552489978839,
       43.6206139311684
      ],
      [
       -79.7535089938087,
       43.6214350051954
      ],
      [
       -79.7490441083486,
       43.6254830026527
      ],
      [
       -79.7476863913075,
       43.6267327285142
      ],
      [
       -79.7476744588478,
       43.6267516898498
      ],
      [
       -79.746842968417,
       43.6274861112797
      ],
      [
       -79.7458883561503,
       43.6287069949039
      ],
      [
       -79.7407758108457,
       43.6366665022164
      ],
      [
       -79.7397052281235,
       43.6386210768066
      ],
      [
       -79.7390878823263,
       43.6390894583102
      ],
      [
       -79.7373483929616,
       43.6404568774047
      ],
      [
       -79.7367312530076,
       43.6409432318961
      ],
      [
       -79.7366284073266,
       43.6410242924211
      ],
      [
       -79.7357553837537,
       43.641687975197
      ],
      [
       -79.7354130876061,
       43.6419481570751
      ],
      [
       -79.7344739940705,
       43.6426085796055
      ],
      [
       -79.733638405293,
       43.6431350744239
      ],
      [
       -79.7330265067293,
       43.6434884699949
      ],
      [
       -79.7323978878696,
       43.643828164575
      ],
      [
       -79.7308742977048,
       43.6446080677723
      ],
      [
       -79.728368568087,
       43.645126310652
      ],
      [
       -79.7262751627692,
       43.6446826519112
      ],
      [
       -79.7232426546607,
       43.6463662595729
      ],
      [
       -79.7177887763122,
       43.6494508792334
      ],
      [
       -79.7140013536952,
       43.6517301082397
      ],
      [
       -79.7138850991476,
       43.6517833667946
      ],
      [
       -79.7129772151022,
       43.6522565756733
      ],
      [
       -79.7104349861744,
       43.6532839832177
      ],
      [
       -79.7085042730329,
       43.6542454260315
      ],
      [
       -79.707321199279,
       43.6552098828623
      ],
      [
       -79.7027669780925,
       43.6589221593534
      ],
      [
       -79.7011754888298,
       43.6602192586681
      ],
      [
       -79.6969105887172,
       43.6639165008085
      ],
      [
       -79.696239663872,
       43.664498035109
      ],
      [
       -79.6960328587713,
       43.6646848430186
      ],
      [
       -79.6959814259516,
       43.6647312954391
      ],
      [
       -79.6959631264364,
       43.6647478528673
      ],
      [
       -79.6954943171445,
       43.6651713051917
      ],
      [
       -79.6952137315469,
       43.66542477371
      ],
      [
       -79.6948579871511,
       43.665690665887
      ],
      [
       -79.694657565104,
       43.6658404416675
      ],
      [
       -79.6932873619624,
       43.6668644920115
      ],
      [
       -79.6908264835534,
       43.6687035891229
      ],
      [
       -79.6902305811283,
       43.6696244879951
      ],
      [
       -79.6869193250868,
       43.6778543097177
      ],
      [
       -79.6867673544602,
       43.6782216482088
      ],
      [
       -79.6855263839513,
       43.6804375966016
      ],
      [
       -79.6843538626841,
       43.682531210038
      ],
      [
       -79.6842657201882,
       43.6826885523488
      ],
      [
       -79.6836543858209,
       43.6838910984813
      ],
      [
       -79.6816137619616,
       43.6879045922216
      ],
      [
       -79.6814357268641,
       43.688265902997
      ],
      [
       -79.6798934390694,
       43.6913954290163
      ],
      [
       -79.6791379359392,
       43.6929283001237
      ],
      [
       -79.6778568095312,
       43.6950003577384
      ],
      [
       -79.6776084061999,
       43.6953444330181
      ],
      [
       -79.6751011597857,
       43.6988007937925
      ],
      [
       -79.6741576717148,
       43.7001013114391
      ],
      [
       -79.6734062837388,
       43.701136983552
      ],
      [
       -79.6736150744285,
       43.7033844406142
      ],
      [
       -79.673676157275,
       43.7040419284749
      ],
      [
       -79.673698176962,
       43.7042790118085
      ],
      [
       -79.6738817716539,
       43.7062551189397
      ],
      [
       -79.6737211227214,
       43.7063875104287
      ],
      [
       -79.6732519349212,
       43.7067741503569
      ],
      [
       -79.6723783973466,
       43.7075941908918
      ],
      [
       -79.6717933038619,
       43.7081434403177
      ],
      [
       -79.6716422229687,
       43.7082791742152
      ],
      [
       -79.6715979919388,
       43.7083182032517
      ],
      [
       -79.671490580303,
       43.7084154163994
      ],
      [
       -79.6713381011145,
       43.7085524112801
      ],
      [
       -79.6637417402323,
       43.7153703201153
      ],
      [
       -79.6622060314776,
       43.7167020157528
      ],
      [
       -79.6615466943559,
       43.7173428804581
      ],
      [
       -79.6613474277183,
       43.7175160332556
      ],
      [
       -79.6612130371879,
       43.7176328028227
      ],
      [
       -79.6611999821951,
       43.7176441396926
      ],
      [
       -79.6610961152466,
       43.717734404624
      ],
      [
       -79.661072656263,
       43.7177548170153
      ],
      [
       -79.6609030265893,
       43.7179023896746
      ],
      [
       -79.6596875099644,
       43.718959758088
      ],
      [
       -79.6588336382096,
       43.7197535351655
      ],
      [
       -79.6588320327762,
       43.7197550487786
      ],
      [
       -79.6586811876099,
       43.7198952635906
      ],
      [
       -79.658535507718,
       43.7200306794578
      ],
      [
       -79.6585339022697,
       43.7200321930664
      ],
      [
       -79.6571141850864,
       43.7213519213727
      ],
      [
       -79.6567989018775,
       43.7216377012537
      ],
      [
       -79.6566438554298,
       43.7217782700149
      ],
      [
       -79.6564960404726,
       43.7219122589352
      ],
      [
       -79.6531524496992,
       43.7249427284041
      ],
      [
       -79.6529998231209,
       43.7250810282664
      ],
      [
       -79.6528496602396,
       43.7252171159093
      ],
      [
       -79.6508179668807,
       43.7270582933608
      ],
      [
       -79.6505316539658,
       43.7273149424982
      ],
      [
       -79.6504078172607,
       43.7274259550428
      ],
      [
       -79.6503792986248,
       43.7274515132592
      ],
      [
       -79.6502268072857,
       43.7275881929539
      ],
      [
       -79.6491175412669,
       43.7285825259731
      ],
      [
       -79.6488144191042,
       43.7288569148493
      ],
      [
       -79.6477011616609,
       43.7298748370029
      ],
      [
       -79.646436968375,
       43.7310307294991
      ],
      [
       -79.6462865516246,
       43.7311682639587
      ],
      [
       -79.6462809375958,
       43.7311734079688
      ],
      [
       -79.6461337967488,
       43.7313047773956
      ],
      [
       -79.6429840112923,
       43.7341171768967
      ],
      [
       -79.6428306684269,
       43.7342540921259
      ],
      [
       -79.6426783986008,
       43.7343900339721
      ],
      [
       -79.6395098736613,
       43.7372194447354
      ],
      [
       -79.6393796016652,
       43.7373425209274
      ],
      [
       -79.6384050847248,
       43.7367249981246
      ],
      [
       -79.637698480945,
       43.7361224001869
      ],
      [
       -79.6355375855431,
       43.7344938838311
      ],
      [
       -79.6351221834948,
       43.734191801037
      ],
      [
       -79.6347556577659,
       43.7339262762769
      ]
     ]
    ]
   },
   "properties": {
    "OBJECTID": 3,
    "CSDNAME": "Mississauga",
    "Shape__Area": 293803034.6374512,
    "Shape__Length": 100661.43235117075
   }
  }
 ]
}