{
 "type": "FeatureCollection",
 "name": "Smoke_Test_Areas_Planning",
 "source": "https://services6.arcgis.com/ONZht79c8QWuX759/arcgis/rest/services/Downspout_Survey_Areas_View/FeatureServer/0",
 "features": [
  {
   "type": "Feature",
   "id": 7796,
   "geometry": {
    "type": "Polygon",
    "coordinates": [
     [
      [
       -79.6564744530416,
       43.7129521915146
      ],
      [
       -79.6568353862413,
       43.7126262177622
      ],
      [
       -79.6573606527475,
       43.7129322063334
      ],
      [
       -79.6573686818895,
       43.7129368865766
      ],
      [
       -79.65686282618,
       43.7133937396622
      ],
      [
       -79.6578963199481,
       43.7139956718123
      ],
      [
       -79.6581683989864,
       43.7141267245978
      ],
      [
       -79.6594555554311,
       43.7148557905349
      ],
      [
       -79.6601117226439,
       43.7142696170441
      ],
      [
       -79.6606113215875,
       43.7145590051497
      ],
      [
       -79.6618865331339,
       43.7152981128909
      ],
      [
       -79.6638346555916,
       43.7135132562461
      ],
      [
       -79.6646389864358,
       43.7127766412843
      ],
      [
       -79.6656359286532,
       43.7118635988173
      ],
      [
       -79.6669988867383,
       43.7135726618758
      ],
      [
       -79.6671809177542,
       43.7136655592259
      ],
      [
       -79.6673271158717,
       43.7137401694486
      ],
      [
       -79.6674697333046,
       43.7138129511418
      ],
      [
       -79.6679380430285,
       43.7140108466197
      ],
      [
       -79.6679380996224,
       43.7140108699946
      ],
      [
       -79.6683236852884,
       43.7141738059278
      ],
      [
       -79.6683260415694,
       43.714174801303
      ],
      [
       -79.6684971607495,
       43.7143941067912
      ],
      [
       -79.6692482987524,
       43.7143467957831
      ],
      [
       -79.6692779099192,
       43.7143067756991
      ],
      [
       -79.6694141008044,
       43.7141227119274
      ],
      [
       -79.6694149110848,
       43.7141216172085
      ],
      [
       -79.6694195293237,
       43.7141278381462
      ],
      [
       -79.6695370011151,
       43.7142860358365
      ],
      [
       -79.6698597873562,
       43.7144160718384
      ],
      [
       -79.6699701929996,
       43.7145350279897
      ],
      [
       -79.6700209523047,
       43.7145699132998
      ],
      [
       -79.6702913523918,
       43.7147557502147
      ],
      [
       -79.6703011018076,
       43.7148352988917
      ],
      [
       -79.6703458819262,
       43.7152007055219
      ],
      [
       -79.6706281388766,
       43.7152839090933
      ],
      [
       -79.6708897938644,
       43.7153610384788
      ],
      [
       -79.6709180800161,
       43.7153693766094
      ],
      [
       -79.6698848225049,
       43.7185886004191
      ],
      [
       -79.6698410341264,
       43.7186273977016
      ],
      [
       -79.668419181593,
       43.7198871955739
      ],
      [
       -79.6669107790769,
       43.7212236005811
      ],
      [
       -79.6665702609904,
       43.7215252798826
      ],
      [
       -79.6665340615794,
       43.7215573500054
      ],
      [
       -79.6664915919277,
       43.7215949748246
      ],
      [
       -79.6663717566688,
       43.7215415785291
      ],
      [
       -79.6642492451632,
       43.7199940676762
      ],
      [
       -79.6610225155273,
       43.7176394885004
      ],
      [
       -79.6607108306664,
       43.7178959682535
      ],
      [
       -79.658932229286,
       43.7163344538123
      ],
      [
       -79.6583050650804,
       43.7158624962079
      ],
      [
       -79.6583245198945,
       43.7158454857033
      ],
      [
       -79.6572663233545,
       43.7150488609461
      ],
      [
       -79.6556793155561,
       43.7138545298812
      ],
      [
       -79.6551863560608,
       43.7134835251643
      ],
      [
       -79.6551966372792,
       43.7131283392453
      ],
      [
       -79.6555464205896,
       43.7132215866125
      ],
      [
       -79.6550411541749,
       43.7128391078581
      ],
      [
       -79.6556210265722,
       43.7123121137382
      ],
      [
       -79.6564744530416,
       43.7129521915146
      ]
     ]
    ]
   },
   "properties": {
    "OBJECTID": 7796,
    "GlobalID": "b2080cf5-3e7e-40a4-a13f-8afea3c11bba",
    "Date_Year": "2026",
    "Last_Notification_Date": null,
    "Type": "Downspout_Survey",
    "Planning_Status": "Completed",
    "Scheduled_Date": null,
    "EditDate_1": 1785175122914,
    "Start_Work_Date": "2026-07-13",
    "End_Work_Date": "2026-07-27"
   }
  },
  {
   "type": "Feature",
   "id": 7797,
   "geometry": {
    "type": "Polygon",
    "coordinates": [
     [
      [
       -79.6343891525926,
       43.742373651489
      ],
      [
       -79.6343977943857,
       43.7423604146209
      ],
      [
       -79.6355132989493,
       43.7413573064272
      ],
      [
       -79.6353659509882,
       43.7412712860395
      ],
      [
       -79.6393380415614,
       43.7376945231394
      ],
      [
       -79.6397798348148,
       43.7371876299711
      ],
      [
       -79.6409539814002,
       43.7361306636811
      ],
      [
       -79.6450182705626,
       43.7324716168887
      ],
      [
       -79.6450455173635,
       43.7324908166322
      ],
      [
       -79.6477000749607,
       43.7301006014963
      ],
      [
       -79.6477295459902,
       43.7301178059373
      ],
      [
       -79.6490210871118,
       43.7289547722713
      ],
      [
       -79.6488834014299,
       43.7284188461438
      ],
      [
       -79.6503296944273,
       43.7277763194486
      ],
      [
       -79.6508594632896,
       43.7273253489674
      ],
      [
       -79.6516089977998,
       43.7266501232119
      ],
      [
       -79.6519567581042,
       43.7263853891293
      ],
      [
       -79.6522313838663,
       43.726191291259
      ],
      [
       -79.6523758931511,
       43.7260998674679
      ],
      [
       -79.652524944318,
       43.7260123619312
      ],
      [
       -79.6526783325511,
       43.7259288921661
      ],
      [
       -79.6528358503395,
       43.7258495704962
      ],
      [
       -79.6529741154348,
       43.7257849096477
      ],
      [
       -79.6531151257816,
       43.72572344591
      ],
      [
       -79.6532587403443,
       43.7256652403156
      ],
      [
       -79.6534048171893,
       43.7256103500012
      ],
      [
       -79.6535526700036,
       43.7255590112758
      ],
      [
       -79.6536942983913,
       43.725513641031
      ],
      [
       -79.6538671082008,
       43.7254631188869
      ],
      [
       -79.6540422967492,
       43.7254171078317
      ],
      [
       -79.6542196412543,
       43.7253756676001
      ],
      [
       -79.6543989153406,
       43.7253388501359
      ],
      [
       -79.6545798890394,
       43.7253067041359
      ],
      [
       -79.6547623314838,
       43.7252792698567
      ],
      [
       -79.6549460109082,
       43.7252565823606
      ],
      [
       -79.6551306892593,
       43.7252386708658
      ],
      [
       -79.6553161338733,
       43.7252255574488
      ],
      [
       -79.6555021057983,
       43.7252172596406
      ],
      [
       -79.6556779905411,
       43.7252138579414
      ],
      [
       -79.6558539354709,
       43.7252147641956
      ],
      [
       -79.6560297375687,
       43.7252199758063
      ],
      [
       -79.6562002081652,
       43.7252291558486
      ],
      [
       -79.6563701748068,
       43.7252423828711
      ],
      [
       -79.6564874974779,
       43.7252543491854
      ],
      [
       -79.6565394497457,
       43.7252596471335
      ],
      [
       -79.656530623798,
       43.7253002902544
      ],
      [
       -79.656712170622,
       43.7253234367029
      ],
      [
       -79.6568924607029,
       43.7253512734521
      ],
      [
       -79.657071264072,
       43.7253837680364
      ],
      [
       -79.6572483498623,
       43.725420875006
      ],
      [
       -79.6574331243331,
       43.7254649794269
      ],
      [
       -79.6576154697593,
       43.7255141084377
      ],
      [
       -79.6577951328161,
       43.7255681906169
      ],
      [
       -79.6579718529921,
       43.725627151296
      ],
      [
       -79.6581453814538,
       43.7256909034711
      ],
      [
       -79.6583154693681,
       43.7257593594886
      ],
      [
       -79.6584818741896,
       43.7258324180615
      ],
      [
       -79.6586443614582,
       43.7259099772529
      ],
      [
       -79.6592542034501,
       43.726299598461
      ],
      [
       -79.6592916892486,
       43.7262687383289
      ],
      [
       -79.6602884562946,
       43.7269055445609
      ],
      [
       -79.6602263539623,
       43.7269572690318
      ],
      [
       -79.6610845729438,
       43.7275052799135
      ],
      [
       -79.6629911662859,
       43.7287226424136
      ],
      [
       -79.6614769355003,
       43.730054126632
      ],
      [
       -79.6614681886044,
       43.7299973117819
      ],
      [
       -79.659901455782,
       43.7313754044666
      ],
      [
       -79.6598751171778,
       43.7313596595922
      ],
      [
       -79.6590383733216,
       43.732099888155
      ],
      [
       -79.6589795516368,
       43.732151625666
      ],
      [
       -79.6582441925418,
       43.7327941651424
      ],
      [
       -79.6576932683545,
       43.7333319805704
      ],
      [
       -79.6573489081735,
       43.7336353897287
      ],
      [
       -79.6569792694004,
       43.7339941545125
      ],
      [
       -79.6568437262004,
       43.7341257087855
      ],
      [
       -79.6566729627531,
       43.7342761620651
      ],
      [
       -79.6562675108446,
       43.7345985837658
      ],
      [
       -79.6560081815951,
       43.7348270625204
      ],
      [
       -79.6556928792186,
       43.7351396491179
      ],
      [
       -79.6546783533777,
       43.7360334537453
      ],
      [
       -79.6544682760603,
       43.73621851726
      ],
      [
       -79.6538844474825,
       43.7366732690281
      ],
      [
       -79.6535985532534,
       43.7371630121682
      ],
      [
       -79.6532759179292,
       43.7372689266088
      ],
      [
       -79.6523947173479,
       43.7380452700265
      ],
      [
       -79.650124737507,
       43.7400490507154
      ],
      [
       -79.6474083542587,
       43.7423990829338
      ],
      [
       -79.6429240299374,
       43.7469542199853
      ],
      [
       -79.6409144761889,
       43.7487696790411
      ],
      [
       -79.6387147787392,
       43.7500779031674
      ],
      [
       -79.638680083108,
       43.7500161158965
      ],
      [
       -79.6386747309455,
       43.7500065853485
      ],
      [
       -79.6384543831895,
       43.749614180086
      ],
      [
       -79.6380605869218,
       43.748912874966
      ],
      [
       -79.6376902124284,
       43.7482532650993
      ],
      [
       -79.6375208539462,
       43.7479516464384
      ],
      [
       -79.6364414463857,
       43.7460291962877
      ],
      [
       -79.6352011128285,
       43.7438199706767
      ],
      [
       -79.6347866032069,
       43.7430816262692
      ],
      [
       -79.6347365760288,
       43.7429925146403
      ],
      [
       -79.6346541573981,
       43.7428457046152
      ],
      [
       -79.6343891525926,
       43.742373651489
      ]
     ]
    ]
   },
   "properties": {
    "OBJECTID": 7797,
    "GlobalID": "c231b961-27f1-49a1-9e50-32fe10f246cd",
    "Date_Year": "2026",
    "Last_Notification_Date": null,
    "Type": "Downspout_Survey",
    "Planning_Status": "Completed",
    "Scheduled_Date": null,
    "EditDate_1": 1786112496110,
    "Start_Work_Date": "2026-07-27",
    "End_Work_Date": "2026-08-06"
   }
  },
  {
   "type": "Feature",
   "id": 7798,
   "geometry": {
    "type": "Polygon",
    "coordinates": [
     [
      [
       -79.6564436668785,
       43.7252498782908
      ],
      [
       -79.6540139656818,
       43.7238412370708
      ],
      [
       -79.6551916983418,
       43.7228003731299
      ],
      [
       -79.6553780718138,
       43.7226368705239
      ],
      [
       -79.6560271351493,
       43.7220674923443
      ],
      [
       -79.655953872148,
       43.7219865633007
      ],
      [
       -79.6560101228544,
       43.7219368289255
      ],
      [
       -79.6580303979958,
       43.720150267768
      ],
      [
       -79.6582819774793,
       43.7200449184011
      ],
      [
       -79.6582584326357,
       43.7199486042713
      ],
      [
       -79.6585423173335,
       43.7196975479583
      ],
      [
       -79.6587410570137,
       43.7195217935001
      ],
      [
       -79.6588605625909,
       43.7194161015267
      ],
      [
       -79.6589758281199,
       43.7193271449074
      ],
      [
       -79.6591774235444,
       43.7191715639969
      ],
      [
       -79.6593419275308,
       43.7190446060025
      ],
      [
       -79.6594254259365,
       43.7190156294924
      ],
      [
       -79.6594955969366,
       43.7189912749555
      ],
      [
       -79.6607084070118,
       43.7178981536578
      ],
      [
       -79.6610225155273,
       43.7176394885004
      ],
      [
       -79.6614277814846,
       43.7179402885739
      ],
      [
       -79.6642492451632,
       43.7199940676762
      ],
      [
       -79.6663717566688,
       43.7215415785291
      ],
      [
       -79.6664915919277,
       43.7215949748246
      ],
      [
       -79.6690037198399,
       43.7235517405831
      ],
      [
       -79.6692447477121,
       43.7237394745059
      ],
      [
       -79.6699035353106,
       43.7242525877822
      ],
      [
       -79.6735698573274,
       43.727107969473
      ],
      [
       -79.673526476784,
       43.7272026680245
      ],
      [
       -79.6732013127023,
       43.7279124840113
      ],
      [
       -79.6689417342887,
       43.7311927802866
      ],
      [
       -79.6685761594939,
       43.7314742849872
      ],
      [
       -79.6684954323909,
       43.731536447109
      ],
      [
       -79.6679721107373,
       43.7319394123992
      ],
      [
       -79.6679533089984,
       43.7319508074604
      ],
      [
       -79.6676000662759,
       43.7321648991936
      ],
      [
       -79.6620062605949,
       43.7355548159942
      ],
      [
       -79.6616542701239,
       43.7357509176914
      ],
      [
       -79.661455166626,
       43.7358618408594
      ],
      [
       -79.6566552883999,
       43.7385357048499
      ],
      [
       -79.6518549089139,
       43.7417238856396
      ],
      [
       -79.6500711242542,
       43.7429084494055
      ],
      [
       -79.6487681035615,
       43.7437737030997
      ],
      [
       -79.6485837441124,
       43.7438961210094
      ],
      [
       -79.6479851157902,
       43.7442936166585
      ],
      [
       -79.643053833801,
       43.7485858892266
      ],
      [
       -79.6402975905069,
       43.7509846036076
      ],
      [
       -79.6403329859257,
       43.750991477404
      ],
      [
       -79.6399531890034,
       43.7512821377538
      ],
      [
       -79.6396863489398,
       43.7514863484372
      ],
      [
       -79.6395764894721,
       43.7515704217416
      ],
      [
       -79.63935030626,
       43.7511791201249
      ],
      [
       -79.6391038705298,
       43.7507527732824
      ],
      [
       -79.6390473907529,
       43.7506550588797
      ],
      [
       -79.6388465741678,
       43.7503076291049
      ],
      [
       -79.6388051106292,
       43.7502358930141
      ],
      [
       -79.6387484269348,
       43.7501378254098
      ],
      [
       -79.6387483245269,
       43.7501376424175
      ],
      [
       -79.6387147787392,
       43.7500779031674
      ],
      [
       -79.6409144761889,
       43.7487696790411
      ],
      [
       -79.6429240299374,
       43.7469542199853
      ],
      [
       -79.6474083542587,
       43.7423990829338
      ],
      [
       -79.650124737507,
       43.7400490507154
      ],
      [
       -79.6523947173479,
       43.7380452700265
      ],
      [
       -79.6532759179292,
       43.7372689266088
      ],
      [
       -79.6535985532534,
       43.7371630121682
      ],
      [
       -79.6538844474825,
       43.7366732690281
      ],
      [
       -79.6544682760603,
       43.73621851726
      ],
      [
       -79.6546783533777,
       43.7360334537453
      ],
      [
       -79.6556928792186,
       43.7351396491179
      ],
      [
       -79.6560081815951,
       43.7348270625204
      ],
      [
       -79.6562675108446,
       43.7345985837658
      ],
      [
       -79.6566729627531,
       43.7342761620651
      ],
      [
       -79.6568437262004,
       43.7341257087855
      ],
      [
       -79.6569792694004,
       43.7339941545125
      ],
      [
       -79.6573489081735,
       43.7336353897287
      ],
      [
       -79.6576932683545,
       43.7333319805704
      ],
      [
       -79.6582441925418,
       43.7327941651424
      ],
      [
       -79.6589795516368,
       43.732151625666
      ],
      [
       -79.6590383733216,
       43.732099888155
      ],
      [
       -79.6598751171778,
       43.7313596595922
      ],
      [
       -79.659901455782,
       43.7313754044666
      ],
      [
       -79.6614681886044,
       43.7299973117819
      ],
      [
       -79.6614769355003,
       43.730054126632
      ],
      [
       -79.6629911662859,
       43.7287226424136
      ],
      [
       -79.6610845729438,
       43.7275052799135
      ],
      [
       -79.6602263539623,
       43.7269572690318
      ],
      [
       -79.6602884562946,
       43.7269055445609
      ],
      [
       -79.6592916892486,
       43.7262687383289
      ],
      [
       -79.6592542034501,
       43.726299598461
      ],
      [
       -79.6586443614582,
       43.7259099772529
      ],
      [
       -79.6584818741896,
       43.7258324180615
      ],
      [
       -79.6583154693681,
       43.7257593594886
      ],
      [
       -79.6581453814538,
       43.7256909034711
      ],
      [
       -79.6579718529921,
       43.725627151296
      ],
      [
       -79.6577951328161,
       43.7255681906169
      ],
      [
       -79.6576154697593,
       43.7255141084377
      ],
      [
       -79.6574331243331,
       43.7254649794269
      ],
      [
       -79.6572483498623,
       43.725420875006
      ],
      [
       -79.657071264072,
       43.7253837680364
      ],
      [
       -79.6568924607029,
       43.7253512734521
      ],
      [
       -79.656712170622,
       43.7253234367029
      ],
      [
       -79.656530623798,
       43.7253002902544
      ],
      [
       -79.6565394497457,
       43.7252596471335
      ],
      [
       -79.6564874974779,
       43.7252543491854
      ],
      [
       -79.6564436668785,
       43.7252498782908
      ]
     ]
    ]
   },
   "properties": {
    "OBJECTID": 7798,
    "GlobalID": "f5d804f0-536e-48c3-b2d6-e256179fb448",
    "Date_Year": "2026",
    "Last_Notification_Date": null,
    "Type": "Downspout_Survey",
    "Planning_Status": "Completed",
    "Scheduled_Date": null,
    "EditDate_1": 1785175168311,
    "Start_Work_Date": "2026-07-22",
    "End_Work_Date": "2026-07-27"
   }
  },
  {
   "type": "Feature",
   "id": 7799,
   "geometry": {
    "type": "Polygon",
    "coordinates": [
     [
      [
       -79.6351730593405,
       43.726265350322
      ],
      [
       -79.6355762241383,
       43.7261907615374
      ],
      [
       -79.6356821256288,
       43.7261694415361
      ],
      [
       -79.6358146334215,
       43.7261360365936
      ],
      [
       -79.6362727984709,
       43.7260512745029
      ],
      [
       -79.6360483741601,
       43.7254133361129
      ],
      [
       -79.6376335871245,
       43.7249620764834
      ],
      [
       -79.6374634884305,
       43.7244985503133
      ],
      [
       -79.6374875498054,
       43.7242868474591
      ],
      [
       -79.6374885325623,
       43.7242874791202
      ],
      [
       -79.6376019610366,
       43.7241597931875
      ],
      [
       -79.6380601108147,
       43.7240750244053
      ],
      [
       -79.6383952623657,
       43.7240130116442
      ],
      [
       -79.6386528443919,
       43.7239653511748
      ],
      [
       -79.6387650529541,
       43.7239420899435
      ],
      [
       -79.6388752627647,
       43.7239142525395
      ],
      [
       -79.6389831189893,
       43.723881927896
      ],
      [
       -79.6390882739799,
       43.7238452218243
      ],
      [
       -79.6391903908681,
       43.7238042505222
      ],
      [
       -79.6392891408706,
       43.7237591457675
      ],
      [
       -79.6393842032889,
       43.7237100529707
      ],
      [
       -79.6394752771874,
       43.7236571305258
      ],
      [
       -79.6395620652236,
       43.7236005491614
      ],
      [
       -79.6396442907165,
       43.7235404893442
      ],
      [
       -79.6397216895614,
       43.7234771458229
      ],
      [
       -79.6397940111283,
       43.7234107217864
      ],
      [
       -79.6398610272451,
       43.7233414308111
      ],
      [
       -79.6401461668893,
       43.7229235811537
      ],
      [
       -79.6405236102256,
       43.7229306529333
      ],
      [
       -79.6415513233349,
       43.723098109028
      ],
      [
       -79.6417251024266,
       43.723890677728
      ],
      [
       -79.6417787525103,
       43.7241319961346
      ],
      [
       -79.6419350791327,
       43.724832467809
      ],
      [
       -79.6412229181316,
       43.7260766869134
      ],
      [
       -79.6413028089031,
       43.7261356003518
      ],
      [
       -79.6403926655016,
       43.7263825691497
      ],
      [
       -79.639883199463,
       43.726509316845
      ],
      [
       -79.6397462108737,
       43.7265425872023
      ],
      [
       -79.6393291680031,
       43.7266438730635
      ],
      [
       -79.6393999480609,
       43.7267250197768
      ],
      [
       -79.6394360648269,
       43.7267694517136
      ],
      [
       -79.6394682721248,
       43.7268154377112
      ],
      [
       -79.6394964468854,
       43.7268627947022
      ],
      [
       -79.6395204750226,
       43.7269113383218
      ],
      [
       -79.639433871141,
       43.7270008309221
      ],
      [
       -79.6392857793748,
       43.7269735447782
      ],
      [
       -79.6388310584662,
       43.7270529402622
      ],
      [
       -79.6388299427586,
       43.7271405676189
      ],
      [
       -79.6388288225595,
       43.7272281909525
      ],
      [
       -79.6388277068519,
       43.7273158206494
      ],
      [
       -79.6376452185108,
       43.7283660615827
      ],
      [
       -79.6372935864676,
       43.7281578641603
      ],
      [
       -79.6372250971137,
       43.7280923164706
      ],
      [
       -79.6371061125594,
       43.7280380983016
      ],
      [
       -79.6367544939908,
       43.72782989909
      ],
      [
       -79.6358011299461,
       43.728676587773
      ],
      [
       -79.6341551558342,
       43.7295906619351
      ],
      [
       -79.6335627600234,
       43.7291541055613
      ],
      [
       -79.6346175510503,
       43.7284014419274
      ],
      [
       -79.6335130876798,
       43.7272619159696
      ],
      [
       -79.6353457909966,
       43.7269228979282
      ],
      [
       -79.6352242345656,
       43.726577348672
      ],
      [
       -79.6352175223538,
       43.7263917392762
      ],
      [
       -79.6351730593405,
       43.726265350322
      ]
     ]
    ]
   },
   "properties": {
    "OBJECTID": 7799,
    "GlobalID": "4a72a9c4-5544-4204-af51-47078740b0d4",
    "Date_Year": "2026",
    "Last_Notification_Date": null,
    "Type": "Downspout_Survey",
    "Planning_Status": "Completed",
    "Scheduled_Date": null,
    "EditDate_1": 1791292510074,
    "Start_Work_Date": "2026-09-25",
    "End_Work_Date": "2026-10-02"
   }
  },
  {
   "type": "Feature",
   "id": 7800,
   "geometry": {
    "type": "Polygon",
    "coordinates": [
     [
      [
       -79.6533982639793,
       43.7116010661938
      ],
      [
       -79.6527760135584,
       43.7111363418788
      ],
      [
       -79.6522346070215,
       43.7107358904801
      ],
      [
       -79.6509928756858,
       43.7098085202696
      ],
      [
       -79.6525675415304,
       43.7084456167495
      ],
      [
       -79.6513080999089,
       43.7075067042471
      ],
      [
       -79.6502762338881,
       43.708406739497
      ],
      [
       -79.6495128051354,
       43.7078399923978
      ],
      [
       -79.6509834020528,
       43.7065546946005
      ],
      [
       -79.650839704845,
       43.7058681574758
      ],
      [
       -79.6508752197397,
       43.704769810043
      ],
      [
       -79.6535579997082,
       43.7047005702437
      ],
      [
       -79.6540914444767,
       43.7046899460339
      ],
      [
       -79.6612288450733,
       43.704547535983
      ],
      [
       -79.6633361588809,
       43.7045053890527
      ],
      [
       -79.6648550366515,
       43.7044885688468
      ],
      [
       -79.6662029811932,
       43.7044479836923
      ],
      [
       -79.6663086670881,
       43.7043815664848
      ],
      [
       -79.6676070506772,
       43.7053405708561
      ],
      [
       -79.6689143374692,
       43.7063061056778
      ],
      [
       -79.6690470958917,
       43.706191096392
      ],
      [
       -79.66905398597,
       43.7061850382756
      ],
      [
       -79.6708061544232,
       43.7046448288385
      ],
      [
       -79.6709284887953,
       43.7046926618315
      ],
      [
       -79.6710475326384,
       43.7047446795268
      ],
      [
       -79.6711630173564,
       43.7048007630732
      ],
      [
       -79.6712746761496,
       43.7048607825794
      ],
      [
       -79.6713822565913,
       43.7049246042572
      ],
      [
       -79.671485511645,
       43.7049920793824
      ],
      [
       -79.6715842068504,
       43.705063056633
      ],
      [
       -79.6716781176285,
       43.7051373710497
      ],
      [
       -79.6718175280757,
       43.7052623427851
      ],
      [
       -79.6718661493905,
       43.7053108526043
      ],
      [
       -79.6719406655416,
       43.7053913314117
      ],
      [
       -79.6720100073967,
       43.7054742089693
      ],
      [
       -79.6720740276321,
       43.705559309282
      ],
      [
       -79.6721325906021,
       43.7056464550564
      ],
      [
       -79.6721855732375,
       43.7057354592592
      ],
      [
       -79.6722328623507,
       43.7058261355073
      ],
      [
       -79.6722743600253,
       43.7059182935225
      ],
      [
       -79.6723128474453,
       43.7060200798612
      ],
      [
       -79.6723442714123,
       43.7061231355768
      ],
      [
       -79.6723685501795,
       43.7062272028572
      ],
      [
       -79.6723856235597,
       43.7063320212939
      ],
      [
       -79.6723954475357,
       43.7064373278831
      ],
      [
       -79.6723967599743,
       43.706491644176
      ],
      [
       -79.6723979996494,
       43.7065428589734
      ],
      [
       -79.6723932727144,
       43.706648350915
      ],
      [
       -79.6723826151018,
       43.7067443896562
      ],
      [
       -79.6723659208106,
       43.7068399736786
      ],
      [
       -79.6723443172263,
       43.7069308729406
      ],
      [
       -79.6723172581734,
       43.7070209986574
      ],
      [
       -79.6722847939573,
       43.7071101800469
      ],
      [
       -79.6722469856636,
       43.7071982476266
      ],
      [
       -79.6722039087508,
       43.7072850319147
      ],
      [
       -79.6721556413723,
       43.7073703666776
      ],
      [
       -79.6721316662357,
       43.7074091712233
      ],
      [
       -79.6720881006393,
       43.7074748298573
      ],
      [
       -79.6720303389666,
       43.7075538070121
      ],
      [
       -79.6719652003287,
       43.7076342620284
      ],
      [
       -79.6719015133683,
       43.7077062063077
      ],
      [
       -79.671830672225,
       43.7077793654685
      ],
      [
       -79.6717557051196,
       43.7078503283795
      ],
      [
       -79.6717092280834,
       43.7078922482771
      ],
      [
       -79.671652077265,
       43.7079437943534
      ],
      [
       -79.6719141724273,
       43.7086678283029
      ],
      [
       -79.6718965780241,
       43.7086837349876
      ],
      [
       -79.6718340364157,
       43.7087402797888
      ],
      [
       -79.6717659773549,
       43.7088018135474
      ],
      [
       -79.6682911833431,
       43.711943200682
      ],
      [
       -79.6669988867383,
       43.7135726618758
      ],
      [
       -79.6656359286532,
       43.7118635988173
      ],
      [
       -79.6642126882227,
       43.7107951865278
      ],
      [
       -79.6629948466837,
       43.70987989571
      ],
      [
       -79.662767214489,
       43.7097087195745
      ],
      [
       -79.6612921807924,
       43.7086006131628
      ],
      [
       -79.6599660922616,
       43.7076025325159
      ],
      [
       -79.6592210115986,
       43.7070458736639
      ],
      [
       -79.6591714461545,
       43.7070186823318
      ],
      [
       -79.6591182380419,
       43.7069953917931
      ],
      [
       -79.6590619711658,
       43.7069762553093
      ],
      [
       -79.6590032608721,
       43.7069614826332
      ],
      [
       -79.658942743168,
       43.7069512341642
      ],
      [
       -79.6588810828069,
       43.7069456222467
      ],
      [
       -79.6588189535253,
       43.7069447098717
      ],
      [
       -79.6587570299578,
       43.7069485035332
      ],
      [
       -79.6586959912308,
       43.7069569642677
      ],
      [
       -79.6586365011995,
       43.7069699992123
      ],
      [
       -79.6585792129388,
       43.7069874661505
      ],
      [
       -79.6585218653894,
       43.7070106281157
      ],
      [
       -79.658468318612,
       43.7070381668677
      ],
      [
       -79.6584192059187,
       43.7070697570631
      ],
      [
       -79.6564271279959,
       43.7088655089503
      ],
      [
       -79.6550022589197,
       43.7101524448384
      ],
      [
       -79.6542266085876,
       43.7108529728134
      ],
      [
       -79.6533982639793,
       43.7116010661938
      ]
     ]
    ]
   },
   "properties": {
    "OBJECTID": 7800,
    "GlobalID": "d3fd0835-65e5-46e1-9e36-017dc3eb11cc",
    "Date_Year": "2026",
    "Last_Notification_Date": null,
    "Type": "Downspout_Survey",
    "Planning_Status": "Completed",
    "Scheduled_Date": 1783965534000,
    "EditDate_1": 1785175141156,
    "Start_Work_Date": "2026-07-13",
    "End_Work_Date": "2026-07-27"
   }
  },
  {
   "type": "Feature",
   "id": 7801,
   "geometry": {
    "type": "Polygon",
    "coordinates": [
     [
      [
       -79.6543742871288,
       43.695284977213
      ],
      [
       -79.6548938789773,
       43.6956715461661
      ],
      [
       -79.6554219329558,
       43.6960582977332
      ],
      [
       -79.6554256546761,
       43.6960611912339
      ],
      [
       -79.6554870653055,
       43.6961089420947
      ],
      [
       -79.6557866220117,
       43.6963418633899
      ],
      [
       -79.656419885778,
       43.6968029197942
      ],
      [
       -79.6571651964097,
       43.6973613085041
      ],
      [
       -79.6574325332416,
       43.6973637408105
      ],
      [
       -79.6576965373238,
       43.6975601175618
      ],
      [
       -79.6579672069055,
       43.6973685826911
      ],
      [
       -79.6580165324994,
       43.69732726205
      ],
      [
       -79.6580193945319,
       43.6973290533196
      ],
      [
       -79.658068894399,
       43.6972875800231
      ],
      [
       -79.6585658828383,
       43.6975784413062
      ],
      [
       -79.6589657885483,
       43.6978124817861
      ],
      [
       -79.6591377602297,
       43.6976574490351
      ],
      [
       -79.659662838988,
       43.6979638186265
      ],
      [
       -79.6602226834461,
       43.6982904482013
      ],
      [
       -79.6605382687919,
       43.6984745761817
      ],
      [
       -79.6608255841558,
       43.6981915369407
      ],
      [
       -79.661095657256,
       43.6979254768876
      ],
      [
       -79.6611769718573,
       43.6978521115076
      ],
      [
       -79.6627461642669,
       43.6987646757288
      ],
      [
       -79.6631853964234,
       43.6990947424415
      ],
      [
       -79.6635361526092,
       43.6993557211317
      ],
      [
       -79.6646053777661,
       43.6999722153644
      ],
      [
       -79.6649369064116,
       43.699960552491
      ],
      [
       -79.6657510190108,
       43.7004299264752
      ],
      [
       -79.6654567524833,
       43.700698264059
      ],
      [
       -79.665760749562,
       43.7009416742045
      ],
      [
       -79.6658205899363,
       43.7009421924595
      ],
      [
       -79.6658800898492,
       43.7009468502589
      ],
      [
       -79.6659387049214,
       43.7009556066872
      ],
      [
       -79.6659995433241,
       43.7009693436846
      ],
      [
       -79.666058143125,
       43.7009874936357
      ],
      [
       -79.6661139006564,
       43.7010098668995
      ],
      [
       -79.6661662356065,
       43.7010362342186
      ],
      [
       -79.6662146089863,
       43.7010663215235
      ],
      [
       -79.6662585195356,
       43.7010998177267
      ],
      [
       -79.6662975127072,
       43.701136376671
      ],
      [
       -79.6663311851573,
       43.7011756203768
      ],
      [
       -79.666364261126,
       43.7011623315401
      ],
      [
       -79.6664554455173,
       43.7012818004269
      ],
      [
       -79.6665329440752,
       43.7012134599691
      ],
      [
       -79.6665377204175,
       43.7012197140691
      ],
      [
       -79.6669820909374,
       43.7014218971477
      ],
      [
       -79.6661383312388,
       43.7021661363298
      ],
      [
       -79.6664297734631,
       43.7023402486341
      ],
      [
       -79.6662954528702,
       43.7025015011629
      ],
      [
       -79.6661838201282,
       43.7026355151274
      ],
      [
       -79.6654310480898,
       43.7032994726929
      ],
      [
       -79.6653665328827,
       43.7033317850613
      ],
      [
       -79.6649936835308,
       43.7034102552858
      ],
      [
       -79.6663086670881,
       43.7043815664848
      ],
      [
       -79.6662029811932,
       43.7044479836923
      ],
      [
       -79.6648550366515,
       43.7044885688468
      ],
      [
       -79.6633361588809,
       43.7045053890527
      ],
      [
       -79.6612288450733,
       43.704547535983
      ],
      [
       -79.6540914444767,
       43.7046899460339
      ],
      [
       -79.6535579997082,
       43.7047005702437
      ],
      [
       -79.6516883010731,
       43.7047488317969
      ],
      [
       -79.6516768062307,
       43.7047376153418
      ],
      [
       -79.6517407069901,
       43.7044906846044
      ],
      [
       -79.6519887255519,
       43.7042756348025
      ],
      [
       -79.6532058547269,
       43.7031972674061
      ],
      [
       -79.6530697905041,
       43.7030913044072
      ],
      [
       -79.6547550829777,
       43.7015852595641
      ],
      [
       -79.6562509288428,
       43.7002402055928
      ],
      [
       -79.6545718311514,
       43.6989904127361
      ],
      [
       -79.6519936114887,
       43.6970737461966
      ],
      [
       -79.6527005218369,
       43.6964312620085
      ],
      [
       -79.6530417819319,
       43.6966855625622
      ],
      [
       -79.6536737449376,
       43.6961044703243
      ],
      [
       -79.6535426483983,
       43.6960067771592
      ],
      [
       -79.6540887683955,
       43.6955061314508
      ],
      [
       -79.6543742871288,
       43.695284977213
      ]
     ]
    ]
   },
   "properties": {
    "OBJECTID": 7801,
    "GlobalID": "5eaa31f1-068e-4f82-93ce-c0d7906b294b",
    "Date_Year": "2026",
    "Last_Notification_Date": null,
    "Type": "Downspout_Survey",
    "Planning_Status": "Completed",
    "Scheduled_Date": null,
    "EditDate_1": 1784025435520,
    "Start_Work_Date": "2026-07-01",
    "End_Work_Date": "2026-07-10"
   }
  },
  {
   "type": "Feature",
   "id": 7802,
   "geometry": {
    "type": "Polygon",
    "coordinates": [
     [
      [
       -79.6276713541669,
       43.7127585747681
      ],
      [
       -79.6285486542633,
       43.7134076497717
      ],
      [
       -79.6286649447701,
       43.713509424691
      ],
      [
       -79.6288269217956,
       43.7135016654828
      ],
      [
       -79.6295279050596,
       43.7140198972208
      ],
      [
       -79.6295433749471,
       43.7140313333504
      ],
      [
       -79.6293414264847,
       43.7141679953518
      ],
      [
       -79.6298957516937,
       43.7145989374105
      ],
      [
       -79.6300374294887,
       43.7146921539206
      ],
      [
       -79.6304320602914,
       43.7150049319568
      ],
      [
       -79.6294878410962,
       43.7158410556604
      ],
      [
       -79.6294849215715,
       43.7158393129907
      ],
      [
       -79.6264577571675,
       43.7185101818782
      ],
      [
       -79.6259130475254,
       43.7189856602699
      ],
      [
       -79.6255858963702,
       43.7192738147612
      ],
      [
       -79.6249470531677,
       43.7198408140662
      ],
      [
       -79.6228413599209,
       43.7216910584324
      ],
      [
       -79.6223409605784,
       43.7217928478487
      ],
      [
       -79.6223409210526,
       43.7217927809794
      ],
      [
       -79.6223179726903,
       43.7217529489475
      ],
      [
       -79.6221598943531,
       43.7214841180709
      ],
      [
       -79.6220513607988,
       43.7212995426854
      ],
      [
       -79.621810878204,
       43.720889594801
      ],
      [
       -79.6215779333727,
       43.7204924923829
      ],
      [
       -79.6214103634363,
       43.720206752409
      ],
      [
       -79.6205728865548,
       43.7187786410942
      ],
      [
       -79.6205373186594,
       43.7187162690097
      ],
      [
       -79.6205372863201,
       43.718716215122
      ],
      [
       -79.6205371650475,
       43.7187160008696
      ],
      [
       -79.6203841819546,
       43.7184477238129
      ],
      [
       -79.6203483813956,
       43.7183859032491
      ],
      [
       -79.6202381131945,
       43.7181954886558
      ],
      [
       -79.6202371609803,
       43.7181938414951
      ],
      [
       -79.6194599754274,
       43.7168468507367
      ],
      [
       -79.6190470127047,
       43.7161310932464
      ],
      [
       -79.619006600195,
       43.7160615834856
      ],
      [
       -79.6195478001194,
       43.7158250132278
      ],
      [
       -79.6208746522183,
       43.7154171133906
      ],
      [
       -79.6209094781052,
       43.7154064112182
      ],
      [
       -79.6208104720828,
       43.7152329342097
      ],
      [
       -79.6210397104652,
       43.7151612943911
      ],
      [
       -79.62068228878,
       43.7145350111081
      ],
      [
       -79.6219046515399,
       43.7141689855327
      ],
      [
       -79.6216911013356,
       43.7137946901472
      ],
      [
       -79.6227096246795,
       43.7128856882808
      ],
      [
       -79.6228939769421,
       43.7127257090706
      ],
      [
       -79.6238868093671,
       43.7118355337324
      ],
      [
       -79.6239338765964,
       43.7117935419204
      ],
      [
       -79.6252939915136,
       43.7125973348963
      ],
      [
       -79.6255956251248,
       43.7123283369726
      ],
      [
       -79.6271345856319,
       43.713237314178
      ],
      [
       -79.6271551013563,
       43.7132190192439
      ],
      [
       -79.6276713541669,
       43.7127585747681
      ]
     ]
    ]
   },
   "properties": {
    "OBJECTID": 7802,
    "GlobalID": "f2442b33-8a54-444d-b0e5-2441e2bbd342",
    "Date_Year": "2026",
    "Last_Notification_Date": null,
    "Type": "Downspout_Survey",
    "Planning_Status": "Completed",
    "Scheduled_Date": null,
    "EditDate_1": 1781546949296,
    "Start_Work_Date": "2026-06-12",
    "End_Work_Date": "2026-06-26"
   }
  },
  {
   "type": "Feature",
   "id": 7803,
   "geometry": {
    "type": "Polygon",
    "coordinates": [
     [
      [
       -79.6442075859345,
       43.7253006570402
      ],
      [
       -79.6440434745118,
       43.7251165316098
      ],
      [
       -79.643522403138,
       43.7248137336719
      ],
      [
       -79.6430059895289,
       43.7245560935729
      ],
      [
       -79.6434535320001,
       43.7243196315098
      ],
      [
       -79.6445724573483,
       43.7233070861976
      ],
      [
       -79.6458884865446,
       43.7242928141576
      ],
      [
       -79.6462060562689,
       43.7240575014232
      ],
      [
       -79.646971605944,
       43.7234432615688
      ],
      [
       -79.6471382667854,
       43.7236124839932
      ],
      [
       -79.6473593915841,
       43.7237318834655
      ],
      [
       -79.6476051859172,
       43.72383024881
      ],
      [
       -79.6476260223402,
       43.7238551084003
      ],
      [
       -79.6478395051709,
       43.723955902173
      ],
      [
       -79.6482741756823,
       43.724213834392
      ],
      [
       -79.6486103135836,
       43.724294585795
      ],
      [
       -79.6485015572471,
       43.7245326994878
      ],
      [
       -79.6484688001802,
       43.7245977122484
      ],
      [
       -79.6484306424419,
       43.7246611565069
      ],
      [
       -79.6483872295592,
       43.7247227985619
      ],
      [
       -79.6483387196355,
       43.7247824079586
      ],
      [
       -79.6482852905374,
       43.7248397639807
      ],
      [
       -79.6482271461823,
       43.7248946537028
      ],
      [
       -79.648100346285,
       43.7250070771126
      ],
      [
       -79.6483445901259,
       43.7251631563708
      ],
      [
       -79.6481524126389,
       43.7253335508964
      ],
      [
       -79.648129693347,
       43.725357270556
      ],
      [
       -79.6481158853428,
       43.7253801573115
      ],
      [
       -79.6481080304739,
       43.7254044800383
      ],
      [
       -79.6481063892519,
       43.7254294331059
      ],
      [
       -79.6481110146773,
       43.7254541875152
      ],
      [
       -79.6481217540365,
       43.7254779240055
      ],
      [
       -79.648137061329,
       43.7254982704887
      ],
      [
       -79.6481599593856,
       43.7255192505606
      ],
      [
       -79.6482352076636,
       43.7255751510754
      ],
      [
       -79.6483812126434,
       43.7256836158423
      ],
      [
       -79.6485273451839,
       43.7257921732447
      ],
      [
       -79.6489647627435,
       43.7261171172015
      ],
      [
       -79.6489918756955,
       43.7261372589793
      ],
      [
       -79.6490942683665,
       43.7262006756405
      ],
      [
       -79.6493106904847,
       43.7263347158153
      ],
      [
       -79.6493927048735,
       43.7263855111726
      ],
      [
       -79.6494775660235,
       43.7264380696217
      ],
      [
       -79.6495632760814,
       43.7264911538486
      ],
      [
       -79.6498027202237,
       43.7266358383631
      ],
      [
       -79.6508594632896,
       43.7273253489674
      ],
      [
       -79.6503296944273,
       43.7277763194486
      ],
      [
       -79.6493383037982,
       43.7282167554282
      ],
      [
       -79.6488834014299,
       43.7284188461438
      ],
      [
       -79.6490210871118,
       43.7289547722713
      ],
      [
       -79.6477295459902,
       43.7301178059373
      ],
      [
       -79.6477000749607,
       43.7301006014963
      ],
      [
       -79.6450455173635,
       43.7324908166322
      ],
      [
       -79.6450182705626,
       43.7324716168887
      ],
      [
       -79.6430297661379,
       43.734261925769
      ],
      [
       -79.6427115163889,
       43.7340642925517
      ],
      [
       -79.6424461441725,
       43.7339096060565
      ],
      [
       -79.6424421718224,
       43.7335064683834
      ],
      [
       -79.6425343506486,
       43.7332887484796
      ],
      [
       -79.6424105205816,
       43.7332165609961
      ],
      [
       -79.6427107510243,
       43.7329513911836
      ],
      [
       -79.6424512735528,
       43.7328001368355
      ],
      [
       -79.6425297431895,
       43.7327356308352
      ],
      [
       -79.6425765292461,
       43.7326971633437
      ],
      [
       -79.6426048621102,
       43.7326738730483
      ],
      [
       -79.6426799801326,
       43.7326121158467
      ],
      [
       -79.6427017831428,
       43.7325941948676
      ],
      [
       -79.6427550990532,
       43.7325503572833
      ],
      [
       -79.6428270316496,
       43.7324912210218
      ],
      [
       -79.6428327260702,
       43.7324865436042
      ],
      [
       -79.6429103494939,
       43.7324227272607
      ],
      [
       -79.6429500747924,
       43.7323869559359
      ],
      [
       -79.6429833681535,
       43.7323569726312
      ],
      [
       -79.6430581043918,
       43.7322896659252
      ],
      [
       -79.6430719186843,
       43.7322772265222
      ],
      [
       -79.6431298707999,
       43.7322250334491
      ],
      [
       -79.6431952888138,
       43.7321661208072
      ],
      [
       -79.642853476255,
       43.7319665534776
      ],
      [
       -79.6426383728636,
       43.7318715833418
      ],
      [
       -79.6429004123302,
       43.7316355934988
      ],
      [
       -79.6416961838609,
       43.7307923837288
      ],
      [
       -79.6414453957932,
       43.7310061297294
      ],
      [
       -79.6413694414393,
       43.7309438703387
      ],
      [
       -79.6420363857405,
       43.73038086047
      ],
      [
       -79.6428531878958,
       43.7296489201897
      ],
      [
       -79.6435694685707,
       43.729010951955
      ],
      [
       -79.6438572357871,
       43.7287563523082
      ],
      [
       -79.6440154991772,
       43.7286163318107
      ],
      [
       -79.6442672610188,
       43.7283935775387
      ],
      [
       -79.6443392223613,
       43.7283299113306
      ],
      [
       -79.6443871582614,
       43.7282874974478
      ],
      [
       -79.6445110260577,
       43.7281784155127
      ],
      [
       -79.6446398238081,
       43.7280652203752
      ],
      [
       -79.6447987241038,
       43.7279255669792
      ],
      [
       -79.644897507344,
       43.7278388632142
      ],
      [
       -79.6449463909668,
       43.7277959562778
      ],
      [
       -79.6449671896606,
       43.7277776975972
      ],
      [
       -79.645039469905,
       43.7277142527445
      ],
      [
       -79.6450448328472,
       43.7277095509352
      ],
      [
       -79.6451117537427,
       43.7276508078246
      ],
      [
       -79.6451432720327,
       43.7276231422222
      ],
      [
       -79.6451840321904,
       43.7275873634867
      ],
      [
       -79.6452417121165,
       43.7275367359811
      ],
      [
       -79.6452563142314,
       43.7275239229765
      ],
      [
       -79.6453285926792,
       43.7274604772058
      ],
      [
       -79.6453401566918,
       43.7274503309137
      ],
      [
       -79.6454008810084,
       43.7273970333155
      ],
      [
       -79.6454386003689,
       43.7273639224759
      ],
      [
       -79.6454972531704,
       43.7273124417899
      ],
      [
       -79.6455370395544,
       43.7272775158609
      ],
      [
       -79.6456273974955,
       43.727198200521
      ],
      [
       -79.6456354113662,
       43.7271910922432
      ],
      [
       -79.6457192017243,
       43.7271167571341
      ],
      [
       -79.6457790663531,
       43.7270636494427
      ],
      [
       -79.6456353080599,
       43.7269023779538
      ],
      [
       -79.6454677318352,
       43.7267143929795
      ],
      [
       -79.6453991499549,
       43.7266374456928
      ],
      [
       -79.6453103694553,
       43.7265378541412
      ],
      [
       -79.6452405128656,
       43.7264594771647
      ],
      [
       -79.6451316756807,
       43.7263373715579
      ],
      [
       -79.6446182866992,
       43.7257614173681
      ],
      [
       -79.6442075859345,
       43.7253006570402
      ]
     ]
    ]
   },
   "properties": {
    "OBJECTID": 7803,
    "GlobalID": "620d979e-13d6-4eb9-aa7d-54bf65315128",
    "Date_Year": "2026",
    "Last_Notification_Date": null,
    "Type": "Downspout_Survey",
    "Planning_Status": "Completed",
    "Scheduled_Date": null,
    "EditDate_1": 1790944924574,
    "Start_Work_Date": "2026-09-25",
    "End_Work_Date": "2026-10-02"
   }
  },
  {
   "type": "Feature",
   "id": 7805,
   "geometry": {
    "type": "Polygon",
    "coordinates": [
     [
      [
       -79.6294564377905,
       43.7338960797725
      ],
      [
       -79.6291995124327,
       43.7334584201716
      ],
      [
       -79.6291978945669,
       43.7334556634868
      ],
      [
       -79.628316621222,
       43.7319544067544
      ],
      [
       -79.6272804163384,
       43.7301998969654
      ],
      [
       -79.6272803139305,
       43.7301997249472
      ],
      [
       -79.6269097184516,
       43.7295724803992
      ],
      [
       -79.6269096331117,
       43.7295723356427
      ],
      [
       -79.6265109014998,
       43.7288974526462
      ],
      [
       -79.6267887001115,
       43.728832411446
      ],
      [
       -79.6279051595842,
       43.7285621628018
      ],
      [
       -79.6278693275842,
       43.7285357381331
      ],
      [
       -79.6280850750677,
       43.7284846297644
      ],
      [
       -79.6280641434232,
       43.7284489969518
      ],
      [
       -79.6284876379943,
       43.7283224111032
      ],
      [
       -79.6285891027056,
       43.7282915312406
      ],
      [
       -79.6287126821426,
       43.7282432496963
      ],
      [
       -79.6290624241305,
       43.7281387026256
      ],
      [
       -79.6291344762028,
       43.7282654628337
      ],
      [
       -79.6292137040176,
       43.7283685211934
      ],
      [
       -79.6292873937187,
       43.7284643888079
      ],
      [
       -79.6293610941995,
       43.7285602543215
      ],
      [
       -79.6296493653708,
       43.7287012285388
      ],
      [
       -79.6299001929645,
       43.7288238921314
      ],
      [
       -79.630761475201,
       43.7280589359696
      ],
      [
       -79.6307175242274,
       43.7280329116037
      ],
      [
       -79.6309518470743,
       43.7278247889738
      ],
      [
       -79.6307026903471,
       43.7276773925752
      ],
      [
       -79.6308605962078,
       43.7275371494923
      ],
      [
       -79.6311243433718,
       43.727302698599
      ],
      [
       -79.6313077640815,
       43.7274370186903
      ],
      [
       -79.6314189000552,
       43.7275183960772
      ],
      [
       -79.631326599058,
       43.727600376417
      ],
      [
       -79.6316490080068,
       43.7277911486633
      ],
      [
       -79.6317445043113,
       43.7278647922393
      ],
      [
       -79.6318593871581,
       43.7278905628606
      ],
      [
       -79.6322110192013,
       43.7280987553699
      ],
      [
       -79.6323975058611,
       43.7282642456846
      ],
      [
       -79.6326043456502,
       43.7284477999299
      ],
      [
       -79.6327754486606,
       43.7285738947616
      ],
      [
       -79.632961176244,
       43.728710768321
      ],
      [
       -79.6335627600234,
       43.7291541055613
      ],
      [
       -79.6341551558342,
       43.7295906619351
      ],
      [
       -79.6352317911937,
       43.7303840405248
      ],
      [
       -79.6352963585031,
       43.7304316192909
      ],
      [
       -79.6347369191852,
       43.7309503355453
      ],
      [
       -79.6346340108812,
       43.7310310674812
      ],
      [
       -79.6349918601645,
       43.7312429503221
      ],
      [
       -79.6351843556552,
       43.7313582646491
      ],
      [
       -79.6353894383396,
       43.731449388314
      ],
      [
       -79.6357410802643,
       43.73165758533
      ],
      [
       -79.6359500742135,
       43.7318004470032
      ],
      [
       -79.6362688225274,
       43.7320348413448
      ],
      [
       -79.6370937589276,
       43.7326414609596
      ],
      [
       -79.6372199353941,
       43.732734241117
      ],
      [
       -79.6373313453539,
       43.7328161597937
      ],
      [
       -79.6374728021634,
       43.7329034892222
      ],
      [
       -79.6375937872658,
       43.732978174801
      ],
      [
       -79.6377145280265,
       43.7328725903012
      ],
      [
       -79.6378835604203,
       43.7327247779201
      ],
      [
       -79.6379992562424,
       43.7325591402513
      ],
      [
       -79.6382624159082,
       43.7323222430762
      ],
      [
       -79.6383419671165,
       43.7322662995263
      ],
      [
       -79.638686787235,
       43.7324736245568
      ],
      [
       -79.638803497255,
       43.7323688141949
      ],
      [
       -79.63905716083,
       43.7323655459677
      ],
      [
       -79.639715223488,
       43.7323603531535
      ],
      [
       -79.6383788267893,
       43.73352108198
      ],
      [
       -79.6385203339044,
       43.7336122289667
      ],
      [
       -79.6386444559238,
       43.7336921855496
      ],
      [
       -79.6387846128711,
       43.7337405555208
      ],
      [
       -79.638924771615,
       43.7337889170149
      ],
      [
       -79.6390782371032,
       43.733805749119
      ],
      [
       -79.6392317169644,
       43.7338225753766
      ],
      [
       -79.6393853216915,
       43.7338064248177
      ],
      [
       -79.6395389336051,
       43.7337902677635
      ],
      [
       -79.639679488506,
       43.7337425196576
      ],
      [
       -79.6398200487968,
       43.7336947682681
      ],
      [
       -79.6399354472765,
       43.7336194955091
      ],
      [
       -79.6400513398296,
       43.7335438948655
      ],
      [
       -79.640401239921,
       43.7337536456538
      ],
      [
       -79.6405426086956,
       43.7339118350145
      ],
      [
       -79.6409293873243,
       43.7341421591344
      ],
      [
       -79.6408442108657,
       43.7342028015829
      ],
      [
       -79.640760681019,
       43.7342622704311
      ],
      [
       -79.6406791921446,
       43.7343202904725
      ],
      [
       -79.6405977014737,
       43.7343783078613
      ],
      [
       -79.6404347129451,
       43.7344943470139
      ],
      [
       -79.6408744185138,
       43.7347536949241
      ],
      [
       -79.6409834605145,
       43.7348207080751
      ],
      [
       -79.6410472965952,
       43.7348865125746
      ],
      [
       -79.6414875330682,
       43.7351461709898
      ],
      [
       -79.6418500508961,
       43.735323989735
      ],
      [
       -79.6409539814002,
       43.7361306636811
      ],
      [
       -79.6397798348148,
       43.7371876299711
      ],
      [
       -79.6393380415614,
       43.7376945231394
      ],
      [
       -79.6353659509882,
       43.7412712860395
      ],
      [
       -79.6355132989493,
       43.7413573064272
      ],
      [
       -79.6343977943857,
       43.7423604146209
      ],
      [
       -79.6343891525926,
       43.742373651489
      ],
      [
       -79.6343205213049,
       43.7422513959596
      ],
      [
       -79.6340002036342,
       43.7416807991425
      ],
      [
       -79.633979227074,
       43.7416434329111
      ],
      [
       -79.6339788713411,
       43.7416427994859
      ],
      [
       -79.6330181572807,
       43.7400034422234
      ],
      [
       -79.6323396130342,
       43.7388455195454
      ],
      [
       -79.632225301516,
       43.7386505696329
      ],
      [
       -79.6316119542979,
       43.737592946371
      ],
      [
       -79.6313209190105,
       43.737091087028
      ],
      [
       -79.6309140549503,
       43.7363905198567
      ],
      [
       -79.6308549044821,
       43.7362886676223
      ],
      [
       -79.6307742869736,
       43.7361481428896
      ],
      [
       -79.6302901237815,
       43.7353161957057
      ],
      [
       -79.6302893341624,
       43.7353148385008
      ],
      [
       -79.630289301823,
       43.7353147826809
      ],
      [
       -79.6302888311058,
       43.735313974589
      ],
      [
       -79.6302127204451,
       43.7351843311957
      ],
      [
       -79.6301227927969,
       43.7350311521447
      ],
      [
       -79.630030446884,
       43.7348738530256
      ],
      [
       -79.629971137414,
       43.7347728270812
      ],
      [
       -79.6299118270457,
       43.7346717970718
      ],
      [
       -79.6298525166774,
       43.7345707694883
      ],
      [
       -79.6297932063091,
       43.7344697397871
      ],
      [
       -79.6296950402114,
       43.7343025225385
      ],
      [
       -79.6295614265927,
       43.7340749199922
      ],
      [
       -79.6294579137225,
       43.7338985949774
      ],
      [
       -79.6294564377905,
       43.7338960797725
      ]
     ]
    ]
   },
   "properties": {
    "OBJECTID": 7805,
    "GlobalID": "7b25b684-4313-4b63-aebc-a8f6c1869168",
    "Date_Year": "2026",
    "Last_Notification_Date": null,
    "Type": "Downspout_Survey",
    "Planning_Status": "Completed",
    "Scheduled_Date": null,
    "EditDate_1": 1790944915840,
    "Start_Work_Date": "2026-09-25",
    "End_Work_Date": "2026-10-02"
   }
  },
  {
   "type": "Feature",
   "id": 7806,
   "geometry": {
    "type": "Polygon",
    "coordinates": [
     [
      [
       -79.6313077640815,
       43.7274370186903
      ],
      [
       -79.6311243433718,
       43.727302698599
      ],
      [
       -79.6308605962078,
       43.7275371494923
      ],
      [
       -79.6307026903471,
       43.7276773925752
      ],
      [
       -79.6309518470743,
       43.7278247889738
      ],
      [
       -79.6307175242274,
       43.7280329116037
      ],
      [
       -79.630761475201,
       43.7280589359696
      ],
      [
       -79.6299001929645,
       43.7288238921315
      ],
      [
       -79.6296493653708,
       43.7287012285388
      ],
      [
       -79.6293610941995,
       43.7285602543215
      ],
      [
       -79.6292873937187,
       43.7284643888079
      ],
      [
       -79.6292137040176,
       43.7283685211934
      ],
      [
       -79.6291344762028,
       43.7282654628337
      ],
      [
       -79.6290624241305,
       43.7281387026257
      ],
      [
       -79.6287126821426,
       43.7282432496963
      ],
      [
       -79.6285891027056,
       43.7282915312406
      ],
      [
       -79.6284876379943,
       43.7283224111032
      ],
      [
       -79.6280641434232,
       43.7284489969518
      ],
      [
       -79.6280850750677,
       43.7284846297645
      ],
      [
       -79.6278693275842,
       43.7285357381331
      ],
      [
       -79.6279051595842,
       43.7285621628018
      ],
      [
       -79.6267887001115,
       43.728832411446
      ],
      [
       -79.6265109014998,
       43.7288974526462
      ],
      [
       -79.6265051118577,
       43.728887653238
      ],
      [
       -79.6263561145898,
       43.7286354607354
      ],
      [
       -79.6259518646271,
       43.7279433309627
      ],
      [
       -79.6252605652019,
       43.7267596909071
      ],
      [
       -79.6252598591261,
       43.7267584880089
      ],
      [
       -79.6251914910447,
       43.7266420326843
      ],
      [
       -79.6250096549632,
       43.726332298317
      ],
      [
       -79.6249678599463,
       43.7262597648814
      ],
      [
       -79.6249486351009,
       43.7262264008868
      ],
      [
       -79.6249485596425,
       43.7262262730006
      ],
      [
       -79.6249485317947,
       43.7262262262605
      ],
      [
       -79.6249260640311,
       43.7261872313581
      ],
      [
       -79.6245802494776,
       43.7255950242768
      ],
      [
       -79.6245474780378,
       43.7255389017625
      ],
      [
       -79.6244586957416,
       43.7253866925806
      ],
      [
       -79.6244205424949,
       43.7253212820809
      ],
      [
       -79.6241598010938,
       43.7248781040856
      ],
      [
       -79.6241591228657,
       43.7248769478908
      ],
      [
       -79.6234461973984,
       43.7236690770318
      ],
      [
       -79.6224276704612,
       43.721943351586
      ],
      [
       -79.6223409605784,
       43.7217928478487
      ],
      [
       -79.6228413599209,
       43.7216910584324
      ],
      [
       -79.6249470531677,
       43.7198408140662
      ],
      [
       -79.6255858963702,
       43.7192738147612
      ],
      [
       -79.6259130475254,
       43.7189856602699
      ],
      [
       -79.6264577571675,
       43.7185101818783
      ],
      [
       -79.6294849215715,
       43.7158393129907
      ],
      [
       -79.6308222067041,
       43.7166378990794
      ],
      [
       -79.6306606914126,
       43.7170612029229
      ],
      [
       -79.6306588085438,
       43.7178565647389
      ],
      [
       -79.6311785944284,
       43.718543206067
      ],
      [
       -79.631553971868,
       43.7182210605792
      ],
      [
       -79.6320397896686,
       43.7189257821874
      ],
      [
       -79.6314992610103,
       43.7193906552456
      ],
      [
       -79.6314916797628,
       43.7195252974534
      ],
      [
       -79.6315677437112,
       43.719682412896
      ],
      [
       -79.6312991600176,
       43.7199333790286
      ],
      [
       -79.6311945790506,
       43.7198745003927
      ],
      [
       -79.6310786191238,
       43.719982856671
      ],
      [
       -79.6309626672819,
       43.7200912043133
      ],
      [
       -79.6308467046602,
       43.7201995550058
      ],
      [
       -79.6307307483267,
       43.7203079061516
      ],
      [
       -79.630614785705,
       43.7204162571015
      ],
      [
       -79.6304988230833,
       43.7205246078554
      ],
      [
       -79.6303828649531,
       43.720632954518
      ],
      [
       -79.6302669014331,
       43.7207413055293
      ],
      [
       -79.630150940608,
       43.7208496530985
      ],
      [
       -79.6300349815796,
       43.7209580063147
      ],
      [
       -79.6299190162629,
       43.7210663489475
      ],
      [
       -79.6298030554378,
       43.7211747004734
      ],
      [
       -79.6297305730725,
       43.7212424189415
      ],
      [
       -79.6296755000574,
       43.7212938814722
      ],
      [
       -79.629658101487,
       43.721310137333
      ],
      [
       -79.6295740272612,
       43.7213886872473
      ],
      [
       -79.6294899907647,
       43.7214671994038
      ],
      [
       -79.6294775302334,
       43.7214931006736
      ],
      [
       -79.6294015543199,
       43.7216508952318
      ],
      [
       -79.6293255541519,
       43.7218087380655
      ],
      [
       -79.6290345781533,
       43.7220766722204
      ],
      [
       -79.6280703220358,
       43.7229645452677
      ],
      [
       -79.6281702093054,
       43.7230027158323
      ],
      [
       -79.6282553462382,
       43.7230352480459
      ],
      [
       -79.6283405747991,
       43.7230678230892
      ],
      [
       -79.6284396616699,
       43.7231056904107
      ],
      [
       -79.6285640442007,
       43.7231532178285
      ],
      [
       -79.6287397654501,
       43.7232039262939
      ],
      [
       -79.628845200715,
       43.7232343562864
      ],
      [
       -79.6289506413698,
       43.7232647856143
      ],
      [
       -79.6290560766347,
       43.7232952116807
      ],
      [
       -79.6291615136962,
       43.7233256377316
      ],
      [
       -79.6292669489611,
       43.7233560644163
      ],
      [
       -79.6293723896159,
       43.7233864904364
      ],
      [
       -79.6294778257791,
       43.723416916441
      ],
      [
       -79.6295867761517,
       43.7234483577764
      ],
      [
       -79.6296967865364,
       43.7234801003232
      ],
      [
       -79.6307191959921,
       43.7234057262014
      ],
      [
       -79.630748334645,
       43.7234248619837
      ],
      [
       -79.6308354065489,
       43.7234821050468
      ],
      [
       -79.6309031682674,
       43.7235266529986
      ],
      [
       -79.6313480732849,
       43.7238191281114
      ],
      [
       -79.6314881996894,
       43.7239112506695
      ],
      [
       -79.6316283368737,
       43.7240033691907
      ],
      [
       -79.631768459685,
       43.724095486921
      ],
      [
       -79.6319085923778,
       43.7241876045098
      ],
      [
       -79.6319240622653,
       43.7241977766729
      ],
      [
       -79.6320487196806,
       43.724279722606
      ],
      [
       -79.6321103791434,
       43.724353979438
      ],
      [
       -79.6321720538776,
       43.7244282322829
      ],
      [
       -79.6322187986117,
       43.7245611371017
      ],
      [
       -79.6322655424475,
       43.7246940435733
      ],
      [
       -79.632321457184,
       43.7248252540828
      ],
      [
       -79.6327521283959,
       43.7247455901298
      ],
      [
       -79.6329940339221,
       43.7247008411879
      ],
      [
       -79.6338736992826,
       43.7245381195468
      ],
      [
       -79.6339765447045,
       43.7248305085736
      ],
      [
       -79.63412724428,
       43.7249401996957
      ],
      [
       -79.6341566766819,
       43.7250406605604
      ],
      [
       -79.6342691134162,
       43.7253603002683
      ],
      [
       -79.6340858472167,
       43.7253942035625
      ],
      [
       -79.6341983279684,
       43.7257139790088
      ],
      [
       -79.6342800117772,
       43.7258031390738
      ],
      [
       -79.6342600386352,
       43.7258894108403
      ],
      [
       -79.6343722418074,
       43.7262083786742
      ],
      [
       -79.6351053075034,
       43.7260727724188
      ],
      [
       -79.6352175223538,
       43.7263917392762
      ],
      [
       -79.6352242345656,
       43.726577348672
      ],
      [
       -79.6353457909966,
       43.7269228979282
      ],
      [
       -79.6335130876798,
       43.7272619159696
      ],
      [
       -79.6346175510502,
       43.7284014419274
      ],
      [
       -79.6335627600234,
       43.7291541055613
      ],
      [
       -79.632961176244,
       43.728710768321
      ],
      [
       -79.6327754486606,
       43.7285738947616
      ],
      [
       -79.6326043456502,
       43.7284477999299
      ],
      [
       -79.6323975058611,
       43.7282642456846
      ],
      [
       -79.6322110192013,
       43.7280987553699
      ],
      [
       -79.6318593871581,
       43.7278905628606
      ],
      [
       -79.6317445043113,
       43.7278647922393
      ],
      [
       -79.6316490080068,
       43.7277911486633
      ],
      [
       -79.631326599058,
       43.727600376417
      ],
      [
       -79.6314189000552,
       43.7275183960772
      ],
      [
       -79.6313077640815,
       43.7274370186903
      ]
     ]
    ]
   },
   "properties": {
    "OBJECTID": 7806,
    "GlobalID": "a4b46da4-d798-4964-9bfb-456facfb0e40",
    "Date_Year": "2026",
    "Last_Notification_Date": null,
    "Type": "Downspout_Survey",
    "Planning_Status": "Completed",
    "Scheduled_Date": null,
    "EditDate_1": 1790944915840,
    "Start_Work_Date": "2026-09-25",
    "End_Work_Date": "2026-10-02"
   }
  },
  {
   "type": "Feature",
   "id": 7807,
   "geometry": {
    "type": "Polygon",
    "coordinates": [
     [
      [
       -79.6545044539118,
       43.7206004508644
      ],
      [
       -79.6543533015854,
       43.7204596043084
      ],
      [
       -79.6542226065931,
       43.7204750215897
      ],
      [
       -79.6540919223805,
       43.7204904421131
      ],
      [
       -79.6540443125687,
       43.7204960599039
      ],
      [
       -79.653961232778,
       43.7205058587372
      ],
      [
       -79.6538409609379,
       43.7205200522078
      ],
      [
       -79.653779868312,
       43.7201800676071
      ],
      [
       -79.6537114831627,
       43.7201767123667
      ],
      [
       -79.6536435920868,
       43.7201698726878
      ],
      [
       -79.6535765346475,
       43.7201595829785
      ],
      [
       -79.6535106423231,
       43.720145892579
      ],
      [
       -79.6534121519336,
       43.7201226551849
      ],
      [
       -79.6527085428941,
       43.7199566470102
      ],
      [
       -79.6526910131696,
       43.7199546304825
      ],
      [
       -79.6526734807502,
       43.7199566411672
      ],
      [
       -79.6526576632147,
       43.7199624823452
      ],
      [
       -79.652645107462,
       43.7199715807401
      ],
      [
       -79.6526370432857,
       43.7199830488448
      ],
      [
       -79.6525225305448,
       43.7202383486482
      ],
      [
       -79.6522767972972,
       43.7202009463134
      ],
      [
       -79.6520135388166,
       43.7201290072942
      ],
      [
       -79.6518516103002,
       43.7200847561132
      ],
      [
       -79.6517999230353,
       43.7200550523135
      ],
      [
       -79.6516145727444,
       43.7199485068859
      ],
      [
       -79.6515422134483,
       43.7199069148454
      ],
      [
       -79.6514295683049,
       43.7198421657786
      ],
      [
       -79.6513595625948,
       43.7197896294597
      ],
      [
       -79.6512981492704,
       43.7197435374369
      ],
      [
       -79.6505710465913,
       43.7191978408732
      ],
      [
       -79.6505096251821,
       43.7191517399549
      ],
      [
       -79.6504396248618,
       43.7190992030307
      ],
      [
       -79.6503661166204,
       43.7190615850843
      ],
      [
       -79.6501972746695,
       43.7189751924637
      ],
      [
       -79.6504976856736,
       43.7187151016588
      ],
      [
       -79.6505178663264,
       43.7185733663906
      ],
      [
       -79.6505715496478,
       43.7184743470581
      ],
      [
       -79.6508439430965,
       43.718228400697
      ],
      [
       -79.650862447493,
       43.7182403021883
      ],
      [
       -79.6510096005197,
       43.7183349439893
      ],
      [
       -79.6510824718556,
       43.7183818058117
      ],
      [
       -79.6511595940193,
       43.7184314028994
      ],
      [
       -79.6511617679423,
       43.7184330351208
      ],
      [
       -79.6512353651169,
       43.7184882722196
      ],
      [
       -79.6513383973884,
       43.7185656013455
      ],
      [
       -79.6515118054759,
       43.7186959267157
      ],
      [
       -79.6516905306916,
       43.7188300654878
      ],
      [
       -79.6518324627099,
       43.7189365862851
      ],
      [
       -79.6519240495463,
       43.7188869000195
      ],
      [
       -79.652015625603,
       43.7188372065709
      ],
      [
       -79.6521394799245,
       43.7187506532622
      ],
      [
       -79.6522533602514,
       43.7186710682309
      ],
      [
       -79.6523350943658,
       43.7186139445778
      ],
      [
       -79.6524696700802,
       43.7185772924126
      ],
      [
       -79.6525450549022,
       43.7185567552959
      ],
      [
       -79.6526204352327,
       43.7185362214185
      ],
      [
       -79.6526958164614,
       43.7185156881833
      ],
      [
       -79.6527558679399,
       43.7184993341765
      ],
      [
       -79.6527712021818,
       43.7184951549411
      ],
      [
       -79.6528687708997,
       43.718488690338
      ],
      [
       -79.6528841967698,
       43.7184876671166
      ],
      [
       -79.6529817708776,
       43.7184812031619
      ],
      [
       -79.652997197646,
       43.7184801747464
      ],
      [
       -79.653110192234,
       43.7184726856215
      ],
      [
       -79.6532231922119,
       43.7184651984434
      ],
      [
       -79.6533528882777,
       43.7185094962682
      ],
      [
       -79.6533869272404,
       43.7185211237195
      ],
      [
       -79.6535924204549,
       43.71859131299
      ],
      [
       -79.6541163664377,
       43.7181569215795
      ],
      [
       -79.6544807437782,
       43.7183769312178
      ],
      [
       -79.6547094045438,
       43.718460706266
      ],
      [
       -79.6550734728639,
       43.7186805284541
      ],
      [
       -79.6573615825039,
       43.7166913354551
      ],
      [
       -79.6574826511496,
       43.7165840399794
      ],
      [
       -79.6576037790842,
       43.7164760625739
      ],
      [
       -79.6577814424912,
       43.7163222850901
      ],
      [
       -79.6577910014642,
       43.716098459892
      ],
      [
       -79.6581933137608,
       43.7157467066422
      ],
      [
       -79.6583245198945,
       43.7158454857033
      ],
      [
       -79.6583074986166,
       43.7158603717618
      ],
      [
       -79.658932229286,
       43.7163344538123
      ],
      [
       -79.6604086400998,
       43.7176278680199
      ],
      [
       -79.6607084070118,
       43.7178981536578
      ],
      [
       -79.6594955969366,
       43.7189912749555
      ],
      [
       -79.6594254259365,
       43.7190156294924
      ],
      [
       -79.6593419275308,
       43.7190446060025
      ],
      [
       -79.6591774235444,
       43.7191715639969
      ],
      [
       -79.6589758281199,
       43.7193271449074
      ],
      [
       -79.6588605625909,
       43.7194161015267
      ],
      [
       -79.6587410570137,
       43.7195217935001
      ],
      [
       -79.6585423173335,
       43.7196975479583
      ],
      [
       -79.6582584326357,
       43.7199486042713
      ],
      [
       -79.6582819774793,
       43.7200449184011
      ],
      [
       -79.6580303979958,
       43.720150267768
      ],
      [
       -79.6560101228544,
       43.7219368289255
      ],
      [
       -79.655953872148,
       43.7219865633007
      ],
      [
       -79.6547877286535,
       43.7209278803021
      ],
      [
       -79.6546763869656,
       43.7207606596539
      ],
      [
       -79.6545044539118,
       43.7206004508644
      ]
     ]
    ]
   },
   "properties": {
    "OBJECTID": 7807,
    "GlobalID": "5b5abd21-e853-4a1a-b3e9-81855eee2b0c",
    "Date_Year": "2026",
    "Last_Notification_Date": null,
    "Type": "Downspout_Survey",
    "Planning_Status": "Completed",
    "Scheduled_Date": null,
    "EditDate_1": 1786112469364,
    "Start_Work_Date": "2026-07-20",
    "End_Work_Date": "2026-08-06"
   }
  },
  {
   "type": "Feature",
   "id": 7808,
   "geometry": {
    "type": "Polygon",
    "coordinates": [
     [
      [
       -79.6541163664377,
       43.7181569215795
      ],
      [
       -79.6541578937566,
       43.7181224908891
      ],
      [
       -79.6541908017404,
       43.7180936022319
      ],
      [
       -79.6542870831726,
       43.7180097149982
      ],
      [
       -79.654217335279,
       43.7179641163405
      ],
      [
       -79.6541527338336,
       43.7179146889718
      ],
      [
       -79.6540936803835,
       43.7178617367357
      ],
      [
       -79.6540398748912,
       43.7178048142308
      ],
      [
       -79.6539995180771,
       43.7177545926856
      ],
      [
       -79.6539753327347,
       43.7177202130555
      ],
      [
       -79.6539532755012,
       43.7176850893529
      ],
      [
       -79.653927139018,
       43.7176369531348
      ],
      [
       -79.6539090667111,
       43.7175976059356
      ],
      [
       -79.6538937926563,
       43.717558165866
      ],
      [
       -79.6538810994614,
       43.7175182472639
      ],
      [
       -79.65387461632,
       43.7174935993009
      ],
      [
       -79.6538635320077,
       43.717436998481
      ],
      [
       -79.6538530208205,
       43.7173550581213
      ],
      [
       -79.653850725625,
       43.7173368923495
      ],
      [
       -79.6538426901948,
       43.7172731053135
      ],
      [
       -79.6538334914463,
       43.7172003038
      ],
      [
       -79.6537645484432,
       43.7166539393466
      ],
      [
       -79.6536207820651,
       43.7155145931278
      ],
      [
       -79.6536035415982,
       43.7153780036709
      ],
      [
       -79.6535456281101,
       43.7149190516213
      ],
      [
       -79.6535232268219,
       43.7147414904493
      ],
      [
       -79.6534270370179,
       43.7145660623335
      ],
      [
       -79.6533839493253,
       43.7142245888707
      ],
      [
       -79.6536099259249,
       43.714209589428
      ],
      [
       -79.6535668418256,
       43.7138681126354
      ],
      [
       -79.6535440830078,
       43.7136878121819
      ],
      [
       -79.6535011147912,
       43.7133472089817
      ],
      [
       -79.6538504318759,
       43.7133240241421
      ],
      [
       -79.6548108980013,
       43.7132602588069
      ],
      [
       -79.6549819686724,
       43.7130182440524
      ],
      [
       -79.6549723764618,
       43.7133224820354
      ],
      [
       -79.65545142285,
       43.7136830196678
      ],
      [
       -79.6556793155561,
       43.7138545298812
      ],
      [
       -79.6572663233545,
       43.7150488609461
      ],
      [
       -79.6580588647088,
       43.7156494434938
      ],
      [
       -79.6581933137608,
       43.7157467066422
      ],
      [
       -79.6577910014642,
       43.716098459892
      ],
      [
       -79.6577814424912,
       43.7163222850901
      ],
      [
       -79.6576037790842,
       43.7164760625739
      ],
      [
       -79.6574826511496,
       43.7165840399794
      ],
      [
       -79.6573615825039,
       43.7166913354551
      ],
      [
       -79.6550734728639,
       43.7186805284541
      ],
      [
       -79.6547094045438,
       43.718460706266
      ],
      [
       -79.6544807437782,
       43.7183769312178
      ],
      [
       -79.6541163664377,
       43.7181569215795
      ]
     ]
    ]
   },
   "properties": {
    "OBJECTID": 7808,
    "GlobalID": "ec2b8891-3b23-48f3-9861-35641ec396de",
    "Date_Year": "2026",
    "Last_Notification_Date": null,
    "Type": "Downspout_Survey",
    "Planning_Status": "Completed",
    "Scheduled_Date": null,
    "EditDate_1": 1785175067981,
    "Start_Work_Date": "2026-07-16",
    "End_Work_Date": "2026-07-30"
   }
  },
  {
   "type": "Feature",
   "id": 7809,
   "geometry": {
    "type": "Polygon",
    "coordinates": [
     [
      [
       -79.6416434150245,
       43.7221709495964
      ],
      [
       -79.6416518618831,
       43.7221672679137
      ],
      [
       -79.6422875187613,
       43.7215955084822
      ],
      [
       -79.6430807239707,
       43.72171266828
      ],
      [
       -79.6438578089123,
       43.7210072273164
      ],
      [
       -79.6439210772577,
       43.7210755458568
      ],
      [
       -79.6439843411116,
       43.7211438649686
      ],
      [
       -79.6440476085588,
       43.7212121840024
      ],
      [
       -79.6441108661244,
       43.7212805029584
      ],
      [
       -79.6441741299783,
       43.7213488198887
      ],
      [
       -79.6442373920356,
       43.7214171425842
      ],
      [
       -79.644300660381,
       43.7214854613064
      ],
      [
       -79.6443639278282,
       43.721553783846
      ],
      [
       -79.6444271925804,
       43.7216221050093
      ],
      [
       -79.6444904564343,
       43.7216904228486
      ],
      [
       -79.644583688086,
       43.721791102106
      ],
      [
       -79.6447096345838,
       43.7218394933746
      ],
      [
       -79.6450395741096,
       43.7216165782147
      ],
      [
       -79.6451303326994,
       43.7215738193877
      ],
      [
       -79.6451790645069,
       43.7214607805667
      ],
      [
       -79.6455187803979,
       43.721222287204
      ],
      [
       -79.6454605569911,
       43.7211713108799
      ],
      [
       -79.6454023290926,
       43.7211203338632
      ],
      [
       -79.6453390652388,
       43.7210520140754
      ],
      [
       -79.6452757995883,
       43.7209836955081
      ],
      [
       -79.6452125366327,
       43.7209153781614
      ],
      [
       -79.6457879794374,
       43.7207569765861
      ],
      [
       -79.6461104782177,
       43.7203794632078
      ],
      [
       -79.6467490537222,
       43.719812326168
      ],
      [
       -79.6474149802322,
       43.7203114542067
      ],
      [
       -79.6468643722519,
       43.7207997204145
      ],
      [
       -79.6471953628065,
       43.7210478025569
      ],
      [
       -79.647338959403,
       43.7210853471923
      ],
      [
       -79.6477378401352,
       43.7213943685774
      ],
      [
       -79.6476660045569,
       43.7214580791625
      ],
      [
       -79.6479970939262,
       43.721706114432
      ],
      [
       -79.6480732198583,
       43.7217601325305
      ],
      [
       -79.6482047179446,
       43.7218079882208
      ],
      [
       -79.6485358216869,
       43.7220560304814
      ],
      [
       -79.6488669344125,
       43.7223040872962
      ],
      [
       -79.6490470035078,
       43.7223094231594
      ],
      [
       -79.6491021412016,
       43.7223815082296
      ],
      [
       -79.649409419826,
       43.7225637535204
      ],
      [
       -79.6492667143583,
       43.7226903073925
      ],
      [
       -79.6488059765339,
       43.723098873139
      ],
      [
       -79.648548327134,
       43.723327352268
      ],
      [
       -79.6482729378039,
       43.723571552782
      ],
      [
       -79.6481148900094,
       43.7237117025765
      ],
      [
       -79.6478395051709,
       43.723955902173
      ],
      [
       -79.6477327583657,
       43.7239055079046
      ],
      [
       -79.6476260223402,
       43.7238551084003
      ],
      [
       -79.6476051859172,
       43.72383024881
      ],
      [
       -79.6474822918948,
       43.7237810632366
      ],
      [
       -79.6473593915841,
       43.7237318834655
      ],
      [
       -79.6472488287356,
       43.7236721827853
      ],
      [
       -79.6471382667854,
       43.7236124839932
      ],
      [
       -79.6470549336697,
       43.7235278767359
      ],
      [
       -79.646971605944,
       43.7234432615689
      ],
      [
       -79.6462060562689,
       43.7240575014232
      ],
      [
       -79.6458884865446,
       43.7242928141576
      ],
      [
       -79.6445724573483,
       43.7233070861976
      ],
      [
       -79.6434535320001,
       43.7243196315098
      ],
      [
       -79.6425374687009,
       43.7240832288882
      ],
      [
       -79.6423711896435,
       43.7233036720551
      ],
      [
       -79.6422415797983,
       43.7226778532566
      ],
      [
       -79.642092092095,
       43.7225597806796
      ],
      [
       -79.6416125210636,
       43.7222026577627
      ],
      [
       -79.6416471160835,
       43.7221715449241
      ],
      [
       -79.6416434150245,
       43.7221709495964
      ]
     ]
    ]
   },
   "properties": {
    "OBJECTID": 7809,
    "GlobalID": "848a45eb-1fa5-463c-bef6-cf13cf2945dc",
    "Date_Year": "2026",
    "Last_Notification_Date": null,
    "Type": "Downspout_Survey",
    "Planning_Status": "Completed",
    "Scheduled_Date": null,
    "EditDate_1": 1783944640199,
    "Start_Work_Date": "2026-06-23",
    "End_Work_Date": "2026-07-10"
   }
  },
  {
   "type": "Feature",
   "id": 7810,
   "geometry": {
    "type": "Polygon",
    "coordinates": [
     [
      [
       -79.649166227014,
       43.7176077181871
      ],
      [
       -79.6490701593809,
       43.7175350255069
      ],
      [
       -79.648241379988,
       43.7169078697423
      ],
      [
       -79.6477584726407,
       43.7165439311405
      ],
      [
       -79.6500925912945,
       43.7144957677071
      ],
      [
       -79.6500434202108,
       43.7143126862535
      ],
      [
       -79.6500041557481,
       43.7141665318319
      ],
      [
       -79.6499667283401,
       43.7140271499076
      ],
      [
       -79.6499495013479,
       43.7138905596575
      ],
      [
       -79.6499282885307,
       43.7137756116743
      ],
      [
       -79.6499089046836,
       43.713723911534
      ],
      [
       -79.6498831050686,
       43.7136737073462
      ],
      [
       -79.6498511070782,
       43.7136254205135
      ],
      [
       -79.6498131739187,
       43.7135794510127
      ],
      [
       -79.6497696200004,
       43.7135361825887
      ],
      [
       -79.6497208100395,
       43.7134959723661
      ],
      [
       -79.6496671437861,
       43.7134591586394
      ],
      [
       -79.6496090757878,
       43.7134260446415
      ],
      [
       -79.6495470884399,
       43.7133969108791
      ],
      [
       -79.6494817000704,
       43.7133719956541
      ],
      [
       -79.649324281995,
       43.7133290504358
      ],
      [
       -79.6491456025934,
       43.7132841481709
      ],
      [
       -79.6480735414552,
       43.7130147338748
      ],
      [
       -79.6476020885261,
       43.7129543108693
      ],
      [
       -79.6474245248321,
       43.7133260447889
      ],
      [
       -79.6471153840001,
       43.7132526170913
      ],
      [
       -79.6467466228811,
       43.7131599424637
      ],
      [
       -79.6466686904369,
       43.7131403566776
      ],
      [
       -79.6464761976412,
       43.7130533101046
      ],
      [
       -79.6463488461783,
       43.7129957213834
      ],
      [
       -79.6462576905332,
       43.7129545011177
      ],
      [
       -79.6461597732689,
       43.7129102303533
      ],
      [
       -79.6460431360124,
       43.7128236788723
      ],
      [
       -79.6455673334407,
       43.7124706168556
      ],
      [
       -79.6453294083495,
       43.712294063315
      ],
      [
       -79.645667456069,
       43.7120543679323
      ],
      [
       -79.6457376333573,
       43.7119987840082
      ],
      [
       -79.6457674250854,
       43.7118695446761
      ],
      [
       -79.6459808513222,
       43.7115135933741
      ],
      [
       -79.6461595163507,
       43.7115585002122
      ],
      [
       -79.6461966643826,
       43.7114807380323
      ],
      [
       -79.6462338061264,
       43.7114029776996
      ],
      [
       -79.6463177456048,
       43.7112555876485
      ],
      [
       -79.6463655728089,
       43.7111715992863
      ],
      [
       -79.6463976489527,
       43.7111152807983
      ],
      [
       -79.6464160832807,
       43.7110884276665
      ],
      [
       -79.6464431153842,
       43.71104905409
      ],
      [
       -79.6464719216604,
       43.7110070987389
      ],
      [
       -79.6464899751027,
       43.7109807974921
      ],
      [
       -79.6465277546503,
       43.7109257664543
      ],
      [
       -79.6465838562364,
       43.7108443769178
      ],
      [
       -79.6466412801426,
       43.7107827231811
      ],
      [
       -79.6467003892883,
       43.710719248642
      ],
      [
       -79.6467297094009,
       43.7106877668612
      ],
      [
       -79.6467942803035,
       43.7106184390944
      ],
      [
       -79.6468166384726,
       43.7105944363324
      ],
      [
       -79.6468755508872,
       43.7105311739274
      ],
      [
       -79.6469362069319,
       43.7104660543461
      ],
      [
       -79.6470086740258,
       43.7104027333651
      ],
      [
       -79.647105303106,
       43.7103183100483
      ],
      [
       -79.6472647378993,
       43.7101790100817
      ],
      [
       -79.6480860549871,
       43.7094613963282
      ],
      [
       -79.6481585184878,
       43.7093980788313
      ],
      [
       -79.6482139831684,
       43.7093310800947
      ],
      [
       -79.6482567977732,
       43.7092787014436
      ],
      [
       -79.6471936128883,
       43.7084883193595
      ],
      [
       -79.6472588584257,
       43.708427288534
      ],
      [
       -79.6473515717496,
       43.7083405578486
      ],
      [
       -79.6474442796835,
       43.7082538315832
      ],
      [
       -79.6475369867192,
       43.7081671038936
      ],
      [
       -79.6476296883649,
       43.7080803767279
      ],
      [
       -79.6477225894366,
       43.7079934624194
      ],
      [
       -79.6481495119788,
       43.7083000084195
      ],
      [
       -79.6484237182277,
       43.7084968954628
      ],
      [
       -79.6488201115249,
       43.708781513992
      ],
      [
       -79.6500759679702,
       43.7097178669287
      ],
      [
       -79.6503024188803,
       43.7098868904583
      ],
      [
       -79.6507311048153,
       43.7102104674547
      ],
      [
       -79.652554858217,
       43.7115702705656
      ],
      [
       -79.6530348056154,
       43.7119241566831
      ],
      [
       -79.6530372005239,
       43.7119259754375
      ],
      [
       -79.6548108980013,
       43.7132602588069
      ],
      [
       -79.6538504318759,
       43.7133240241421
      ],
      [
       -79.6535011147912,
       43.7133472089817
      ],
      [
       -79.6535440830078,
       43.7136878121819
      ],
      [
       -79.6535668418256,
       43.7138681126354
      ],
      [
       -79.6536099259249,
       43.714209589428
      ],
      [
       -79.6533839493253,
       43.7142245888707
      ],
      [
       -79.6534270370179,
       43.7145660623335
      ],
      [
       -79.6535232268219,
       43.7147414904493
      ],
      [
       -79.6535456281101,
       43.7149190516213
      ],
      [
       -79.6536035415982,
       43.7153780036709
      ],
      [
       -79.6536207820651,
       43.7155145931278
      ],
      [
       -79.6537645484432,
       43.7166539393466
      ],
      [
       -79.6538334914463,
       43.7172003038
      ],
      [
       -79.6538426901948,
       43.7172731053135
      ],
      [
       -79.653850725625,
       43.7173368923495
      ],
      [
       -79.6538530208205,
       43.7173550581213
      ],
      [
       -79.6538635320077,
       43.717436998481
      ],
      [
       -79.65387461632,
       43.7174935993009
      ],
      [
       -79.6538810994614,
       43.7175182472639
      ],
      [
       -79.6538937926563,
       43.717558165866
      ],
      [
       -79.6539090667111,
       43.7175976059356
      ],
      [
       -79.653927139018,
       43.7176369531348
      ],
      [
       -79.6539532755012,
       43.7176850893529
      ],
      [
       -79.6539753327347,
       43.7177202130555
      ],
      [
       -79.6539995180771,
       43.7177545926856
      ],
      [
       -79.6540398748912,
       43.7178048142308
      ],
      [
       -79.6540936803835,
       43.7178617367357
      ],
      [
       -79.6541527338336,
       43.7179146889718
      ],
      [
       -79.654217335279,
       43.7179641163405
      ],
      [
       -79.6542870831726,
       43.7180097149982
      ],
      [
       -79.6541908017404,
       43.7180936022319
      ],
      [
       -79.6541578937566,
       43.7181224908891
      ],
      [
       -79.6541163664377,
       43.7181569215795
      ],
      [
       -79.6535924204549,
       43.71859131299
      ],
      [
       -79.6533869272404,
       43.7185211237195
      ],
      [
       -79.6533528882777,
       43.7185094962682
      ],
      [
       -79.6532231922119,
       43.7184651984434
      ],
      [
       -79.653110192234,
       43.7184726856215
      ],
      [
       -79.652997197646,
       43.7184801747464
      ],
      [
       -79.6529817708776,
       43.7184812031619
      ],
      [
       -79.6528841967698,
       43.7184876671166
      ],
      [
       -79.6528687708997,
       43.718488690338
      ],
      [
       -79.6527712021818,
       43.7184951549411
      ],
      [
       -79.6527558679399,
       43.7184993341765
      ],
      [
       -79.6526958164614,
       43.7185156881833
      ],
      [
       -79.6526204352327,
       43.7185362214185
      ],
      [
       -79.6525450549022,
       43.7185567552959
      ],
      [
       -79.6524696700802,
       43.7185772924126
      ],
      [
       -79.6523350943658,
       43.7186139445778
      ],
      [
       -79.6522533602514,
       43.7186710682309
      ],
      [
       -79.6521394799245,
       43.7187506532622
      ],
      [
       -79.652015625603,
       43.7188372065709
      ],
      [
       -79.6519240495463,
       43.7188869000195
      ],
      [
       -79.6518324627099,
       43.7189365862851
      ],
      [
       -79.6516905306916,
       43.7188300654878
      ],
      [
       -79.6515118054759,
       43.7186959267157
      ],
      [
       -79.6513383973884,
       43.7185656013455
      ],
      [
       -79.6512353651169,
       43.7184882722196
      ],
      [
       -79.6511617679423,
       43.7184330351208
      ],
      [
       -79.6511595940193,
       43.7184314028994
      ],
      [
       -79.6510824718556,
       43.7183818058117
      ],
      [
       -79.6510096005197,
       43.7183349439893
      ],
      [
       -79.6509360275996,
       43.7182876198613
      ],
      [
       -79.6508624447981,
       43.7182403034869
      ],
      [
       -79.6508439430965,
       43.718228400697
      ],
      [
       -79.6507875145236,
       43.7181986713053
      ],
      [
       -79.650711264624,
       43.7181584888828
      ],
      [
       -79.6506480663471,
       43.7181322673867
      ],
      [
       -79.6506322083874,
       43.7181256839305
      ],
      [
       -79.6505531521508,
       43.7180928854528
      ],
      [
       -79.6504762348029,
       43.7180609660509
      ],
      [
       -79.650440679484,
       43.7180462097412
      ],
      [
       -79.6503835556151,
       43.7180225086124
      ],
      [
       -79.6502842729115,
       43.7179813119314
      ],
      [
       -79.6502752313682,
       43.7179775618192
      ],
      [
       -79.6501814490492,
       43.7179462857705
      ],
      [
       -79.6498375631786,
       43.717831603972
      ],
      [
       -79.6494555474175,
       43.7177042048875
      ],
      [
       -79.6493332453849,
       43.7176634209177
      ],
      [
       -79.6492493660935,
       43.7176354442514
      ],
      [
       -79.649166227014,
       43.7176077181871
      ]
     ]
    ]
   },
   "properties": {
    "OBJECTID": 7810,
    "GlobalID": "7a5aeb8e-bfed-469c-bf7c-32493e68a029",
    "Date_Year": "2026",
    "Last_Notification_Date": null,
    "Type": "Downspout_Survey",
    "Planning_Status": "Completed",
    "Scheduled_Date": null,
    "EditDate_1": 1785958931496,
    "Start_Work_Date": "2026-07-17",
    "End_Work_Date": "2026-07-31"
   }
  },
  {
   "type": "Feature",
   "id": 7811,
   "geometry": {
    "type": "Polygon",
    "coordinates": [
     [
      [
       -79.6403117560406,
       43.7110331941357
      ],
      [
       -79.6398579406338,
       43.7106951231957
      ],
      [
       -79.6401952652095,
       43.7104568447696
      ],
      [
       -79.6402809779623,
       43.7104101027214
      ],
      [
       -79.6404239466365,
       43.7103686008118
      ],
      [
       -79.6406016298064,
       43.7100661218396
      ],
      [
       -79.6411392948601,
       43.7104768177894
      ],
      [
       -79.6413733006017,
       43.7104010269003
      ],
      [
       -79.6416574520992,
       43.7103699897503
      ],
      [
       -79.641870610638,
       43.7103467050592
      ],
      [
       -79.6421162531558,
       43.7103198736606
      ],
      [
       -79.6423907342892,
       43.7104837533782
      ],
      [
       -79.6427190846952,
       43.7106755995897
      ],
      [
       -79.6431067948769,
       43.7109031352095
      ],
      [
       -79.6434605954532,
       43.7111092173356
      ],
      [
       -79.6436979662839,
       43.7108957263044
      ],
      [
       -79.6440489838795,
       43.7108684217865
      ],
      [
       -79.6443362561242,
       43.7110363778149
      ],
      [
       -79.6446592058587,
       43.7107495531601
      ],
      [
       -79.6449114491972,
       43.7105280486619
      ],
      [
       -79.6450079345469,
       43.7104404989527
      ],
      [
       -79.6451270879845,
       43.7103331513765
      ],
      [
       -79.6451982192837,
       43.7103257540891
      ],
      [
       -79.6455656805406,
       43.7102875377866
      ],
      [
       -79.6456639490461,
       43.710290039048
      ],
      [
       -79.6460450323559,
       43.7099467159126
      ],
      [
       -79.6459624403504,
       43.7092147941415
      ],
      [
       -79.646050537232,
       43.7091988200651
      ],
      [
       -79.6461406346617,
       43.7091779160965
      ],
      [
       -79.6462286435085,
       43.709152764701
      ],
      [
       -79.6463058680802,
       43.7091265288744
      ],
      [
       -79.6463808145243,
       43.7090970235397
      ],
      [
       -79.6464515577512,
       43.7090651311642
      ],
      [
       -79.6465196419649,
       43.7090303264165
      ],
      [
       -79.6465848389933,
       43.7089927248765
      ],
      [
       -79.6466535825704,
       43.7089485920957
      ],
      [
       -79.6467183034917,
       43.7089013657505
      ],
      [
       -79.6467787385508,
       43.7088512406405
      ],
      [
       -79.6468741944312,
       43.7087661164296
      ],
      [
       -79.64696964582,
       43.7086809920978
      ],
      [
       -79.6470655517564,
       43.708595466341
      ],
      [
       -79.6471663975285,
       43.7085137846748
      ],
      [
       -79.6471936128883,
       43.7084883193595
      ],
      [
       -79.6482567977732,
       43.7092787014436
      ],
      [
       -79.6482139831684,
       43.7093310800947
      ],
      [
       -79.6481585184878,
       43.7093980788313
      ],
      [
       -79.6480860549871,
       43.7094613963282
      ],
      [
       -79.6472647378993,
       43.7101790100817
      ],
      [
       -79.647105303106,
       43.7103183100483
      ],
      [
       -79.6470086740258,
       43.7104027333651
      ],
      [
       -79.6469362069319,
       43.7104660543461
      ],
      [
       -79.6468755508872,
       43.7105311739274
      ],
      [
       -79.6468166384726,
       43.7105944363324
      ],
      [
       -79.6467942803035,
       43.7106184390944
      ],
      [
       -79.6467297094009,
       43.7106877668612
      ],
      [
       -79.6467003892883,
       43.710719248642
      ],
      [
       -79.6466412801426,
       43.7107827231811
      ],
      [
       -79.6465838562364,
       43.7108443769178
      ],
      [
       -79.6465277546503,
       43.7109257664543
      ],
      [
       -79.6464899751027,
       43.7109807974921
      ],
      [
       -79.6464719216604,
       43.7110070987389
      ],
      [
       -79.6464431153842,
       43.71104905409
      ],
      [
       -79.6464160832807,
       43.7110884276665
      ],
      [
       -79.6463976489527,
       43.7111152807983
      ],
      [
       -79.6463655728089,
       43.7111715992863
      ],
      [
       -79.6463177456048,
       43.7112555876485
      ],
      [
       -79.6462338061264,
       43.7114029776996
      ],
      [
       -79.6461966643826,
       43.7114807380323
      ],
      [
       -79.6461595163507,
       43.7115585002122
      ],
      [
       -79.6459808513222,
       43.7115135933741
      ],
      [
       -79.6457674250854,
       43.7118695446761
      ],
      [
       -79.6457376333573,
       43.7119987840082
      ],
      [
       -79.645667456069,
       43.7120543679323
      ],
      [
       -79.6453294083495,
       43.712294063315
      ],
      [
       -79.6455673334407,
       43.7124706168556
      ],
      [
       -79.6460431360124,
       43.7128236788723
      ],
      [
       -79.6461597732689,
       43.7129102303533
      ],
      [
       -79.6462576905332,
       43.7129545011177
      ],
      [
       -79.6463488461783,
       43.7129957213834
      ],
      [
       -79.6464761976412,
       43.7130533101046
      ],
      [
       -79.6466686904369,
       43.7131403566776
      ],
      [
       -79.6467466228811,
       43.7131599424637
      ],
      [
       -79.6471153840001,
       43.7132526170913
      ],
      [
       -79.6474245248321,
       43.7133260447889
      ],
      [
       -79.6476020885261,
       43.7129543108693
      ],
      [
       -79.6480735414552,
       43.7130147338748
      ],
      [
       -79.6491456025934,
       43.7132841481709
      ],
      [
       -79.649324281995,
       43.7133290504358
      ],
      [
       -79.6494817000704,
       43.7133719956541
      ],
      [
       -79.6495470884399,
       43.7133969108791
      ],
      [
       -79.6496090757878,
       43.7134260446415
      ],
      [
       -79.6496671437861,
       43.7134591586394
      ],
      [
       -79.6497208100395,
       43.7134959723661
      ],
      [
       -79.6497696200004,
       43.7135361825887
      ],
      [
       -79.6498131739187,
       43.7135794510127
      ],
      [
       -79.6498511070782,
       43.7136254205135
      ],
      [
       -79.6498831050686,
       43.7136737073462
      ],
      [
       -79.6499089046836,
       43.713723911534
      ],
      [
       -79.6499282885307,
       43.7137756116743
      ],
      [
       -79.6499495013479,
       43.7138905596575
      ],
      [
       -79.6499667283401,
       43.7140271499076
      ],
      [
       -79.6500041557481,
       43.7141665318319
      ],
      [
       -79.6500434202108,
       43.7143126862535
      ],
      [
       -79.6500925912945,
       43.7144957677071
      ],
      [
       -79.6477584726407,
       43.7165439311405
      ],
      [
       -79.646623342583,
       43.7157184304112
      ],
      [
       -79.6467912278282,
       43.7155878648229
      ],
      [
       -79.6463920228041,
       43.7154875361439
      ],
      [
       -79.6460776501839,
       43.7154250288286
      ],
      [
       -79.6456309440443,
       43.7153127640436
      ],
      [
       -79.6457440087009,
       43.715076081749
      ],
      [
       -79.6453057862508,
       43.7147555762043
      ],
      [
       -79.6451976102259,
       43.7146764546565
      ],
      [
       -79.6447337947734,
       43.7143322943819
      ],
      [
       -79.6440472348596,
       43.7138228341788
      ],
      [
       -79.642578446251,
       43.712722795596
      ],
      [
       -79.6425039633375,
       43.712665908467
      ],
      [
       -79.6422490906301,
       43.7124712629263
      ],
      [
       -79.6420762808206,
       43.7123384449188
      ],
      [
       -79.6405238689404,
       43.7111892968113
      ],
      [
       -79.6403134026525,
       43.7110344051416
      ],
      [
       -79.6403117560406,
       43.7110331941357
      ]
     ]
    ]
   },
   "properties": {
    "OBJECTID": 7811,
    "GlobalID": "c655a1ea-a8c4-4ff3-846c-5141a9dbb9e5",
    "Date_Year": "2026",
    "Last_Notification_Date": null,
    "Type": "Downspout_Survey",
    "Planning_Status": "Completed",
    "Scheduled_Date": null,
    "EditDate_1": 1783616558796,
    "Start_Work_Date": "2026-07-03",
    "End_Work_Date": "2026-07-09"
   }
  },
  {
   "type": "Feature",
   "id": 7812,
   "geometry": {
    "type": "Polygon",
    "coordinates": [
     [
      [
       -79.6328776194478,
       43.7170268462686
      ],
      [
       -79.6336716043948,
       43.7163121836593
      ],
      [
       -79.6342905615919,
       43.7157550531597
      ],
      [
       -79.6344367848623,
       43.7156427487374
      ],
      [
       -79.6369929823257,
       43.7174923397308
      ],
      [
       -79.6372194476089,
       43.7174611062802
      ],
      [
       -79.6377623183997,
       43.7170189680505
      ],
      [
       -79.6382459228396,
       43.7165874752815
      ],
      [
       -79.6383570686948,
       43.7166703646277
      ],
      [
       -79.6385322725145,
       43.7168010174568
      ],
      [
       -79.6396306686636,
       43.7176201106435
      ],
      [
       -79.6403591313921,
       43.7181831372215
      ],
      [
       -79.6405753001854,
       43.7182771973809
      ],
      [
       -79.6409433067196,
       43.7184930377301
      ],
      [
       -79.6411301895364,
       43.718324855883
      ],
      [
       -79.6414624808516,
       43.718568746968
      ],
      [
       -79.641568869229,
       43.7186467947103
      ],
      [
       -79.6415978955925,
       43.7186681018068
      ],
      [
       -79.6424466894499,
       43.7192903100918
      ],
      [
       -79.6424545191659,
       43.7192960526497
      ],
      [
       -79.6412621268988,
       43.7203623598469
      ],
      [
       -79.6409331036546,
       43.7205891315514
      ],
      [
       -79.6401197231823,
       43.7199847439998
      ],
      [
       -79.6384824726101,
       43.7213201781928
      ],
      [
       -79.6383315700154,
       43.7211339695053
      ],
      [
       -79.63790182317,
       43.7208165211108
      ],
      [
       -79.6378652653312,
       43.7207769753883
      ],
      [
       -79.6377983597072,
       43.7207177807581
      ],
      [
       -79.637609706311,
       43.7206007358761
      ],
      [
       -79.6362647280064,
       43.7196071738166
      ],
      [
       -79.635098377001,
       43.7189103339657
      ],
      [
       -79.633980870991,
       43.7189063534287
      ],
      [
       -79.6334864750895,
       43.7185406934635
      ],
      [
       -79.63293972178,
       43.7185884394049
      ],
      [
       -79.6331930763345,
       43.7183655212385
      ],
      [
       -79.6330049789955,
       43.7178452968482
      ],
      [
       -79.6324378375224,
       43.7174226867633
      ],
      [
       -79.6327997624621,
       43.7170969256156
      ],
      [
       -79.6328776194478,
       43.7170268462686
      ]
     ]
    ]
   },
   "properties": {
    "OBJECTID": 7812,
    "GlobalID": "5a578ee0-ee87-42ab-b9b2-a598cb1deffb",
    "Date_Year": "2026",
    "Last_Notification_Date": null,
    "Type": "Downspout_Survey",
    "Planning_Status": "Completed",
    "Scheduled_Date": null,
    "EditDate_1": 1784050538237,
    "Start_Work_Date": "2026-07-07",
    "End_Work_Date": "2026-07-14"
   }
  },
  {
   "type": "Feature",
   "id": 7813,
   "geometry": {
    "type": "Polygon",
    "coordinates": [
     [
      [
       -79.642578446251,
       43.712722795596
      ],
      [
       -79.6405169707774,
       43.7145617412775
      ],
      [
       -79.6399744656009,
       43.7143577143607
      ],
      [
       -79.6403594979047,
       43.7147022140696
      ],
      [
       -79.6390398260399,
       43.7159430627849
      ],
      [
       -79.6398227635056,
       43.7165269227772
      ],
      [
       -79.6405141824067,
       43.7170459269528
      ],
      [
       -79.640216644215,
       43.7173119313662
      ],
      [
       -79.6399285230623,
       43.7173538219218
      ],
      [
       -79.6396306686636,
       43.7176201106435
      ],
      [
       -79.6385322725145,
       43.7168010174568
      ],
      [
       -79.6383570686948,
       43.7166703646277
      ],
      [
       -79.6382459228396,
       43.7165874752815
      ],
      [
       -79.6377623183997,
       43.7170189680505
      ],
      [
       -79.6372194476089,
       43.7174611062802
      ],
      [
       -79.6369929823257,
       43.7174923397308
      ],
      [
       -79.6344367848623,
       43.7156427487374
      ],
      [
       -79.6342905615919,
       43.7157550531597
      ],
      [
       -79.6336716043948,
       43.7163121836593
      ],
      [
       -79.6328776194478,
       43.7170268462686
      ],
      [
       -79.6328436424688,
       43.7170049672325
      ],
      [
       -79.632814350204,
       43.7169861059881
      ],
      [
       -79.632835502834,
       43.7168849485852
      ],
      [
       -79.6328370685976,
       43.7167474357421
      ],
      [
       -79.6328392461138,
       43.7166717073219
      ],
      [
       -79.6326773409535,
       43.7165504602316
      ],
      [
       -79.6327206136991,
       43.7165156143815
      ],
      [
       -79.6326696810191,
       43.7164774727969
      ],
      [
       -79.632633752001,
       43.7163572349366
      ],
      [
       -79.6326489703602,
       43.7163079880396
      ],
      [
       -79.6327963434742,
       43.7162044492429
      ],
      [
       -79.6327822264495,
       43.7161947126859
      ],
      [
       -79.6328211423659,
       43.7161683715127
      ],
      [
       -79.6328224566011,
       43.7161487360661
      ],
      [
       -79.6328168448256,
       43.7161295031653
      ],
      [
       -79.6328046780434,
       43.7161119369546
      ],
      [
       -79.6326031050767,
       43.7159582312557
      ],
      [
       -79.6326107695027,
       43.7159239875931
      ],
      [
       -79.632913659857,
       43.7153584796426
      ],
      [
       -79.633154530524,
       43.7149087421809
      ],
      [
       -79.6334516518975,
       43.7146582062616
      ],
      [
       -79.6332933507781,
       43.7145402742929
      ],
      [
       -79.6331516792713,
       43.7144347241692
      ],
      [
       -79.6337100172547,
       43.7140318203257
      ],
      [
       -79.6335605771173,
       43.7139203885819
      ],
      [
       -79.6334979708302,
       43.7138737011792
      ],
      [
       -79.6335412229145,
       43.7138584815351
      ],
      [
       -79.6335678876071,
       43.7138592262849
      ],
      [
       -79.6335950778141,
       43.7138554051407
      ],
      [
       -79.6336410365223,
       43.7138449474764
      ],
      [
       -79.6336547699664,
       43.7138419937995
      ],
      [
       -79.6336723221487,
       43.713833884011
      ],
      [
       -79.633688352585,
       43.7138268618033
      ],
      [
       -79.633710052289,
       43.7138147023114
      ],
      [
       -79.6337377401627,
       43.7138032732828
      ],
      [
       -79.6337570198053,
       43.7137998969076
      ],
      [
       -79.6337896708709,
       43.7137979308183
      ],
      [
       -79.6338129704745,
       43.7137963114567
      ],
      [
       -79.6338403699889,
       43.7137883068491
      ],
      [
       -79.6338632896051,
       43.7137826228498
      ],
      [
       -79.6338813646069,
       43.7137775284173
      ],
      [
       -79.6338994719481,
       43.7137708724101
      ],
      [
       -79.6339129906948,
       43.7137701490862
      ],
      [
       -79.6339301880426,
       43.7137694575783
      ],
      [
       -79.6339469658772,
       43.713766040295
      ],
      [
       -79.6339674825,
       43.7137608426219
      ],
      [
       -79.6339778939741,
       43.7137573961195
      ],
      [
       -79.6339943924326,
       43.7137563007447
      ],
      [
       -79.6340090538364,
       43.7137532373311
      ],
      [
       -79.6340166706516,
       43.7137462073223
      ],
      [
       -79.6340256789573,
       43.7137421855362
      ],
      [
       -79.6340338347618,
       43.7137390351152
      ],
      [
       -79.6340412368797,
       43.7137314298217
      ],
      [
       -79.6340452164164,
       43.7137225090378
      ],
      [
       -79.6340478709381,
       43.7137165542726
      ],
      [
       -79.6340517813045,
       43.7137041123111
      ],
      [
       -79.6340550996812,
       43.7136887354924
      ],
      [
       -79.6340550367991,
       43.7136740209601
      ],
      [
       -79.6340577622877,
       43.7136544230052
      ],
      [
       -79.6340680767438,
       43.7136382767477
      ],
      [
       -79.6340774830031,
       43.713627419723
      ],
      [
       -79.6340861822883,
       43.7136143654485
      ],
      [
       -79.6340889338281,
       43.7136102358689
      ],
      [
       -79.6340930139761,
       43.713598223076
      ],
      [
       -79.6340955876494,
       43.7135851097083
      ],
      [
       -79.6341096067577,
       43.7135648208633
      ],
      [
       -79.6341137668558,
       43.7135409043403
      ],
      [
       -79.6341156362499,
       43.7135233308778
      ],
      [
       -79.6341184722312,
       43.7135161865642
      ],
      [
       -79.6341266657649,
       43.7135075592346
      ],
      [
       -79.6341331489063,
       43.7134959178243
      ],
      [
       -79.6341371032902,
       43.7134788540541
      ],
      [
       -79.6341400713239,
       43.7134617513207
      ],
      [
       -79.6341437436368,
       43.7134470101111
      ],
      [
       -79.6341480654316,
       43.7134322916237
      ],
      [
       -79.6341469820634,
       43.7134228214815
      ],
      [
       -79.6341473701356,
       43.7134060096217
      ],
      [
       -79.6341467305351,
       43.7133974998009
      ],
      [
       -79.6341462499364,
       43.7133911515231
      ],
      [
       -79.6341484031982,
       43.7133825046963
      ],
      [
       -79.634148328638,
       43.7133686783416
      ],
      [
       -79.6341481031609,
       43.713354185794
      ],
      [
       -79.6341449662439,
       43.7133399711467
      ],
      [
       -79.6341403012926,
       43.7133251260179
      ],
      [
       -79.634139236789,
       43.7133084602251
      ],
      [
       -79.6341384741193,
       43.7132900841491
      ],
      [
       -79.6341396913365,
       43.7132756896282
      ],
      [
       -79.6341435496007,
       43.7132630969355
      ],
      [
       -79.6341483106717,
       43.7132417203889
      ],
      [
       -79.6341503884749,
       43.7132281647637
      ],
      [
       -79.6341550273751,
       43.7132176018018
      ],
      [
       -79.6341718132945,
       43.7131922144543
      ],
      [
       -79.6341997733577,
       43.713174792828
      ],
      [
       -79.634211287963,
       43.7131616598883
      ],
      [
       -79.6342172572681,
       43.7131389431295
      ],
      [
       -79.6342148461898,
       43.7131115688588
      ],
      [
       -79.6342122581435,
       43.7130773417502
      ],
      [
       -79.63421442488,
       43.7130604038272
      ],
      [
       -79.6342143745743,
       43.7130432938319
      ],
      [
       -79.6342141922163,
       43.7130241761611
      ],
      [
       -79.6342117577819,
       43.7130103679045
      ],
      [
       -79.6342147940876,
       43.7129981777293
      ],
      [
       -79.6342157768445,
       43.7129842947959
      ],
      [
       -79.6342125599775,
       43.7129673613918
      ],
      [
       -79.6342065367735,
       43.7129520954164
      ],
      [
       -79.6341970685304,
       43.7129323667136
      ],
      [
       -79.6341822247686,
       43.7129074038956
      ],
      [
       -79.6341599231934,
       43.7128909944651
      ],
      [
       -79.6338589022332,
       43.7127344274168
      ],
      [
       -79.6352270130548,
       43.7121331488018
      ],
      [
       -79.6348902265699,
       43.7119505860819
      ],
      [
       -79.6349699736109,
       43.7119117786325
      ],
      [
       -79.6352432653749,
       43.7115144030857
      ],
      [
       -79.6386341324846,
       43.7110849913998
      ],
      [
       -79.6391326857892,
       43.7110218457433
      ],
      [
       -79.639279269284,
       43.7110058357858
      ],
      [
       -79.6394267205513,
       43.7109947834842
      ],
      [
       -79.6395747206893,
       43.710988715464
      ],
      [
       -79.6397229498977,
       43.7109876421159
      ],
      [
       -79.639871087478,
       43.7109915679855
      ],
      [
       -79.6400188127315,
       43.7110004820333
      ],
      [
       -79.6401658076547,
       43.7110143673743
      ],
      [
       -79.6403117560406,
       43.7110331941357
      ],
      [
       -79.6403134026525,
       43.7110344051416
      ],
      [
       -79.6405238689404,
       43.7111892968113
      ],
      [
       -79.6420762808206,
       43.7123384449188
      ],
      [
       -79.6422490906301,
       43.7124712629263
      ],
      [
       -79.6425039633375,
       43.712665908467
      ],
      [
       -79.642578446251,
       43.712722795596
      ]
     ]
    ]
   },
   "properties": {
    "OBJECTID": 7813,
    "GlobalID": "02ee5353-0080-4e6e-9f4d-dec751684fa4",
    "Date_Year": "2026",
    "Last_Notification_Date": null,
    "Type": "Downspout_Survey",
    "Planning_Status": "Completed",
    "Scheduled_Date": null,
    "EditDate_1": 1782323562389,
    "Start_Work_Date": "2026-06-16",
    "End_Work_Date": "2026-06-24"
   }
  },
  {
   "type": "Feature",
   "id": 7814,
   "geometry": {
    "type": "Polygon",
    "coordinates": [
     [
      [
       -79.6396228200829,
       43.7094652008694
      ],
      [
       -79.6400286394024,
       43.7086092652251
      ],
      [
       -79.6404757533772,
       43.7087205828168
      ],
      [
       -79.6406129692402,
       43.7086676815479
      ],
      [
       -79.6405495113502,
       43.7085649886535
      ],
      [
       -79.6401023605445,
       43.7084537779173
      ],
      [
       -79.6401393801174,
       43.70837569547
      ],
      [
       -79.6401757088858,
       43.7082975947389
      ],
      [
       -79.6402064950489,
       43.7082183854427
      ],
      [
       -79.6402307675279,
       43.7081376084764
      ],
      [
       -79.6402476828047,
       43.7080593691203
      ],
      [
       -79.640259012357,
       43.7079732931129
      ],
      [
       -79.6402628490616,
       43.707886898792
      ],
      [
       -79.6402590851206,
       43.707799511463
      ],
      [
       -79.6402476450754,
       43.7077124207683
      ],
      [
       -79.6402356956855,
       43.7076192434032
      ],
      [
       -79.6402325318191,
       43.7075254632771
      ],
      [
       -79.6402374509936,
       43.7074390819476
      ],
      [
       -79.6402498540327,
       43.7073530998578
      ],
      [
       -79.640271603144,
       43.7072611200288
      ],
      [
       -79.6403019248781,
       43.7071704232232
      ],
      [
       -79.6403413061219,
       43.7070801405821
      ],
      [
       -79.6403891818349,
       43.7069920416589
      ],
      [
       -79.6404461943128,
       43.7069053348718
      ],
      [
       -79.6405114461384,
       43.7068217267939
      ],
      [
       -79.6405846399694,
       43.7067415921298
      ],
      [
       -79.6406653922253,
       43.7066653789659
      ],
      [
       -79.6407610223788,
       43.7065876045931
      ],
      [
       -79.6408813202701,
       43.70650457597
      ],
      [
       -79.6409101067834,
       43.706486748484
      ],
      [
       -79.6410177905314,
       43.7064260597934
      ],
      [
       -79.6412403445498,
       43.7063259352682
      ],
      [
       -79.6413946230133,
       43.7062731481257
      ],
      [
       -79.6416045619902,
       43.7062198362335
      ],
      [
       -79.6417441494055,
       43.7061950719291
      ],
      [
       -79.641898778212,
       43.7061769190089
      ],
      [
       -79.6420557965372,
       43.7061680971059
      ],
      [
       -79.6422209778533,
       43.7061647391328
      ],
      [
       -79.6423770978632,
       43.7061616097432
      ],
      [
       -79.6424904957947,
       43.7061593368933
      ],
      [
       -79.6428307039625,
       43.7061525163947
      ],
      [
       -79.6431476242048,
       43.7061461634532
      ],
      [
       -79.6437152345986,
       43.7061347790686
      ],
      [
       -79.6433589349091,
       43.7064549475814
      ],
      [
       -79.6432680029445,
       43.706536663873
      ],
      [
       -79.6431482395508,
       43.7066442767022
      ],
      [
       -79.6429939170698,
       43.7067829543368
      ],
      [
       -79.6428869932965,
       43.7068790298769
      ],
      [
       -79.6433536501203,
       43.7071522115053
      ],
      [
       -79.6433024245895,
       43.7072036114593
      ],
      [
       -79.6432358845798,
       43.7072703794488
      ],
      [
       -79.6431693095358,
       43.7073371837288
      ],
      [
       -79.6431004824154,
       43.7073991189411
      ],
      [
       -79.6430031787004,
       43.7074866828334
      ],
      [
       -79.6433706489404,
       43.7077018022872
      ],
      [
       -79.6435648790779,
       43.7078155047441
      ],
      [
       -79.6438591716566,
       43.7079877759224
      ],
      [
       -79.6439541038192,
       43.7079023524259
      ],
      [
       -79.6440151928517,
       43.7078473802515
      ],
      [
       -79.6440490359818,
       43.707816924262
      ],
      [
       -79.6440794232929,
       43.7077895780807
      ],
      [
       -79.6441439627545,
       43.7077314966257
      ],
      [
       -79.6442340386246,
       43.7076504430212
      ],
      [
       -79.6454740523816,
       43.7065337871123
      ],
      [
       -79.6455689647812,
       43.7064483641412
      ],
      [
       -79.6455914747656,
       43.7064312568039
      ],
      [
       -79.6459789819281,
       43.7066834051091
      ],
      [
       -79.6471401056368,
       43.7074740486634
      ],
      [
       -79.6476139310165,
       43.7078133507911
      ],
      [
       -79.6477225894366,
       43.7079934624194
      ],
      [
       -79.6476296883649,
       43.7080803767279
      ],
      [
       -79.6475369867192,
       43.7081671038936
      ],
      [
       -79.6474442796835,
       43.7082538315832
      ],
      [
       -79.6473515717496,
       43.7083405578486
      ],
      [
       -79.6472588584257,
       43.708427288534
      ],
      [
       -79.6471936128883,
       43.7084883193595
      ],
      [
       -79.6471663975285,
       43.7085137846748
      ],
      [
       -79.6470655517564,
       43.708595466341
      ],
      [
       -79.64696964582,
       43.7086809920978
      ],
      [
       -79.6468741944312,
       43.7087661164296
      ],
      [
       -79.6467787385508,
       43.7088512406405
      ],
      [
       -79.6467183034917,
       43.7089013657505
      ],
      [
       -79.6466535825704,
       43.7089485920957
      ],
      [
       -79.6465848389933,
       43.7089927248765
      ],
      [
       -79.6465196419649,
       43.7090303264165
      ],
      [
       -79.6464515577512,
       43.7090651311642
      ],
      [
       -79.6463808145243,
       43.7090970235397
      ],
      [
       -79.6463058680802,
       43.7091265288744
      ],
      [
       -79.6462286435085,
       43.709152764701
      ],
      [
       -79.6461406346617,
       43.7091779160965
      ],
      [
       -79.646050537232,
       43.7091988200651
      ],
      [
       -79.6459624403504,
       43.7092147941415
      ],
      [
       -79.6460450323559,
       43.7099467159126
      ],
      [
       -79.6456639490461,
       43.710290039048
      ],
      [
       -79.6455656805406,
       43.7102875377866
      ],
      [
       -79.6451982192837,
       43.7103257540891
      ],
      [
       -79.6451270879845,
       43.7103331513765
      ],
      [
       -79.6450079345469,
       43.7104404989527
      ],
      [
       -79.6449114491972,
       43.7105280486619
      ],
      [
       -79.6446592058587,
       43.7107495531601
      ],
      [
       -79.6443362561242,
       43.7110363778149
      ],
      [
       -79.6440489838795,
       43.7108684217865
      ],
      [
       -79.6436979662839,
       43.7108957263044
      ],
      [
       -79.6434605954532,
       43.7111092173356
      ],
      [
       -79.6431067948769,
       43.7109031352095
      ],
      [
       -79.6427190846952,
       43.7106755995897
      ],
      [
       -79.6423907342892,
       43.7104837533782
      ],
      [
       -79.6421162531558,
       43.7103198736606
      ],
      [
       -79.641870610638,
       43.7103467050592
      ],
      [
       -79.6416574520992,
       43.7103699897503
      ],
      [
       -79.6413733006017,
       43.7104010269003
      ],
      [
       -79.6411392948601,
       43.7104768177894
      ],
      [
       -79.6406016298064,
       43.7100661218396
      ],
      [
       -79.6407319960154,
       43.7097911716851
      ],
      [
       -79.6403050752698,
       43.7096372517228
      ],
      [
       -79.6400698253616,
       43.7095767324553
      ],
      [
       -79.6396228200829,
       43.7094652008694
      ]
     ]
    ]
   },
   "properties": {
    "OBJECTID": 7814,
    "GlobalID": "840db436-281b-475e-bfb2-894939648e02",
    "Date_Year": "2026",
    "Last_Notification_Date": null,
    "Type": "Downspout_Survey",
    "Planning_Status": "Completed",
    "Scheduled_Date": null,
    "EditDate_1": 1783421601879,
    "Start_Work_Date": "2026-06-30",
    "End_Work_Date": "2026-07-06"
   }
  },
  {
   "type": "Feature",
   "id": 7815,
   "geometry": {
    "type": "Polygon",
    "coordinates": [
     [
      [
       -79.6564744530416,
       43.7129521915146
      ],
      [
       -79.6556210265722,
       43.7123121137382
      ],
      [
       -79.6553928652699,
       43.7118892542491
      ],
      [
       -79.6550249916863,
       43.7120566041967
      ],
      [
       -79.6547783664116,
       43.7121054208409
      ],
      [
       -79.654887891706,
       43.7118245815798
      ],
      [
       -79.6539389321011,
       43.711112782818
      ],
      [
       -79.6542266085876,
       43.7108529728134
      ],
      [
       -79.6550022589197,
       43.7101524448384
      ],
      [
       -79.6564271279959,
       43.7088655089503
      ],
      [
       -79.6584192059187,
       43.7070697570631
      ],
      [
       -79.658468318612,
       43.7070381668677
      ],
      [
       -79.6585218653894,
       43.7070106281157
      ],
      [
       -79.6585792129388,
       43.7069874661505
      ],
      [
       -79.6586365011995,
       43.7069699992123
      ],
      [
       -79.6586959912308,
       43.7069569642677
      ],
      [
       -79.6587570299578,
       43.7069485035332
      ],
      [
       -79.6588189535253,
       43.7069447098717
      ],
      [
       -79.6588810828069,
       43.7069456222467
      ],
      [
       -79.658942743168,
       43.7069512341642
      ],
      [
       -79.6590032608721,
       43.7069614826332
      ],
      [
       -79.6590619711658,
       43.7069762553093
      ],
      [
       -79.6591182380419,
       43.7069953917931
      ],
      [
       -79.6591714461545,
       43.7070186823318
      ],
      [
       -79.6592210115986,
       43.7070458736639
      ],
      [
       -79.6599660922616,
       43.7076025325159
      ],
      [
       -79.6612921807924,
       43.7086006131628
      ],
      [
       -79.662767214489,
       43.7097087195745
      ],
      [
       -79.6629948466837,
       43.70987989571
      ],
      [
       -79.6642126882227,
       43.7107951865278
      ],
      [
       -79.6656359286532,
       43.7118635988173
      ],
      [
       -79.6646389864358,
       43.7127766412843
      ],
      [
       -79.6638346555916,
       43.7135132562461
      ],
      [
       -79.6618865331339,
       43.7152981128909
      ],
      [
       -79.6606113215875,
       43.7145590051497
      ],
      [
       -79.6601117226439,
       43.7142696170441
      ],
      [
       -79.6594555554311,
       43.7148557905349
      ],
      [
       -79.6581683989864,
       43.7141267245978
      ],
      [
       -79.6578963199481,
       43.7139956718123
      ],
      [
       -79.65686282618,
       43.7133937396622
      ],
      [
       -79.6573686818895,
       43.7129368865766
      ],
      [
       -79.6573606527475,
       43.7129322063334
      ],
      [
       -79.6568353862413,
       43.7126262177622
      ],
      [
       -79.6564744530416,
       43.7129521915146
      ]
     ]
    ]
   },
   "properties": {
    "OBJECTID": 7815,
    "GlobalID": "7b65c004-a0f7-4b84-b678-e120e6bc37f3",
    "Date_Year": "2026",
    "Last_Notification_Date": null,
    "Type": "Downspout_Survey",
    "Planning_Status": "Completed",
    "Scheduled_Date": null,
    "EditDate_1": 1785175110471,
    "Start_Work_Date": "2026-07-13",
    "End_Work_Date": "2026-07-27"
   }
  },
  {
   "type": "Feature",
   "id": 7816,
   "geometry": {
    "type": "Polygon",
    "coordinates": [
     [
      [
       -79.6238676204543,
       43.7052925403145
      ],
      [
       -79.62838191976,
       43.7052036185768
      ],
      [
       -79.6289049853938,
       43.7051932756447
      ],
      [
       -79.6294732713206,
       43.7052581301568
      ],
      [
       -79.6294920604831,
       43.7052293950494
      ],
      [
       -79.629943001281,
       43.7052500841463
      ],
      [
       -79.6301086398396,
       43.7052532402087
      ],
      [
       -79.6300795317295,
       43.7049228398398
      ],
      [
       -79.6308213425248,
       43.7049081790038
      ],
      [
       -79.6308229774586,
       43.7048157525321
      ],
      [
       -79.6311686527732,
       43.7048059420414
      ],
      [
       -79.6313346299967,
       43.7046884770874
      ],
      [
       -79.6351525490059,
       43.701986328011
      ],
      [
       -79.6358307977067,
       43.7015062563615
      ],
      [
       -79.6374693993451,
       43.7003463762589
      ],
      [
       -79.6374719981712,
       43.7003445363708
      ],
      [
       -79.6375139656646,
       43.7003148903289
      ],
      [
       -79.6378944713577,
       43.7000498489461
      ],
      [
       -79.6380301115757,
       43.7001508672069
      ],
      [
       -79.6379949263627,
       43.7001757392191
      ],
      [
       -79.6396666192412,
       43.7014217925884
      ],
      [
       -79.639706778426,
       43.7013933991944
      ],
      [
       -79.640713680265,
       43.702142947165
      ],
      [
       -79.6409873017107,
       43.70234471929
      ],
      [
       -79.6419614267199,
       43.7029265706215
      ],
      [
       -79.6415603127759,
       43.7032255157751
      ],
      [
       -79.6417710934742,
       43.7033825103012
      ],
      [
       -79.6418842605387,
       43.7035158488536
      ],
      [
       -79.6418886002999,
       43.7036726893581
      ],
      [
       -79.6416738077255,
       43.7039229977991
      ],
      [
       -79.6412317386894,
       43.7047019593135
      ],
      [
       -79.6360081188556,
       43.7048055530506
      ],
      [
       -79.6363790215583,
       43.7050451943001
      ],
      [
       -79.6393400492961,
       43.7067651282324
      ],
      [
       -79.6347329603097,
       43.7109414167022
      ],
      [
       -79.6346069482349,
       43.7107721604375
      ],
      [
       -79.6345541623305,
       43.710736869679
      ],
      [
       -79.632662201646,
       43.7094721067052
      ],
      [
       -79.6324323649856,
       43.7094398554387
      ],
      [
       -79.6317906831068,
       43.7094876216186
      ],
      [
       -79.631255146162,
       43.7092317760087
      ],
      [
       -79.6314253652302,
       43.7090851449078
      ],
      [
       -79.6308381284442,
       43.7087461129692
      ],
      [
       -79.6308136313864,
       43.7086903370137
      ],
      [
       -79.6309452462536,
       43.7085743900818
      ],
      [
       -79.6309159656669,
       43.7085351979732
      ],
      [
       -79.6306725617508,
       43.7084337652617
      ],
      [
       -79.6306712448206,
       43.7083870235839
      ],
      [
       -79.6303138213387,
       43.7084756522832
      ],
      [
       -79.6299158739561,
       43.7081988480426
      ],
      [
       -79.6297658759648,
       43.7080945121015
      ],
      [
       -79.629692423419,
       43.7080434213598
      ],
      [
       -79.6286810183255,
       43.7073398883671
      ],
      [
       -79.628121508939,
       43.7069506854404
      ],
      [
       -79.6275538302733,
       43.7065557959514
      ],
      [
       -79.6273120262566,
       43.7063875819005
      ],
      [
       -79.6258377651113,
       43.7061745786234
      ],
      [
       -79.6249634321503,
       43.7068249671927
      ],
      [
       -79.6238923492775,
       43.7059536994624
      ],
      [
       -79.6238676204543,
       43.7052925403145
      ]
     ]
    ]
   },
   "properties": {
    "OBJECTID": 7816,
    "GlobalID": "ee312150-7844-4038-bf31-c7f98ffa636b",
    "Date_Year": "2026",
    "Last_Notification_Date": null,
    "Type": "Downspout_Survey",
    "Planning_Status": "Completed",
    "Scheduled_Date": null,
    "EditDate_1": 1781547061922,
    "Start_Work_Date": "2026-06-08",
    "End_Work_Date": "2026-06-12"
   }
  },
  {
   "type": "Feature",
   "id": 7817,
   "geometry": {
    "type": "Polygon",
    "coordinates": [
     [
      [
       -79.6412317386894,
       43.7047019593135
      ],
      [
       -79.641975291318,
       43.7058804517047
      ],
      [
       -79.6420703510414,
       43.7061677613735
      ],
      [
       -79.6420703878723,
       43.7061678003367
      ],
      [
       -79.6420557965372,
       43.7061680971059
      ],
      [
       -79.641898778212,
       43.7061769190089
      ],
      [
       -79.6417441494055,
       43.7061950719291
      ],
      [
       -79.6416045619902,
       43.7062198362335
      ],
      [
       -79.6413946230133,
       43.7062731481257
      ],
      [
       -79.6412403445498,
       43.7063259352682
      ],
      [
       -79.6410177905314,
       43.7064260597934
      ],
      [
       -79.6409101067834,
       43.706486748484
      ],
      [
       -79.6408813202701,
       43.70650457597
      ],
      [
       -79.6407610223788,
       43.7065876045931
      ],
      [
       -79.6406653922253,
       43.7066653789659
      ],
      [
       -79.6405846399694,
       43.7067415921298
      ],
      [
       -79.6405114461384,
       43.7068217267939
      ],
      [
       -79.6404461943128,
       43.7069053348718
      ],
      [
       -79.6403891818349,
       43.7069920416589
      ],
      [
       -79.6403413061219,
       43.7070801405821
      ],
      [
       -79.6403019248781,
       43.7071704232232
      ],
      [
       -79.640271603144,
       43.7072611200288
      ],
      [
       -79.6402498540327,
       43.7073530998578
      ],
      [
       -79.6402374509936,
       43.7074390819476
      ],
      [
       -79.6402325318191,
       43.7075254632771
      ],
      [
       -79.6402356956855,
       43.7076192434032
      ],
      [
       -79.6402476450754,
       43.7077124207683
      ],
      [
       -79.6402590851206,
       43.707799511463
      ],
      [
       -79.6402628490616,
       43.707886898792
      ],
      [
       -79.640259012357,
       43.7079732931129
      ],
      [
       -79.6402476828047,
       43.7080593691203
      ],
      [
       -79.6402307675279,
       43.7081376084764
      ],
      [
       -79.6402064950489,
       43.7082183854427
      ],
      [
       -79.6401757088858,
       43.7082975947389
      ],
      [
       -79.6401393801174,
       43.70837569547
      ],
      [
       -79.6401023605445,
       43.7084537779173
      ],
      [
       -79.6405495113502,
       43.7085649886535
      ],
      [
       -79.6406129692402,
       43.7086676815479
      ],
      [
       -79.6404757533772,
       43.7087205828168
      ],
      [
       -79.6400286394024,
       43.7086092652251
      ],
      [
       -79.6396228200829,
       43.7094652008694
      ],
      [
       -79.6400698253616,
       43.7095767324553
      ],
      [
       -79.6403050752698,
       43.7096372517228
      ],
      [
       -79.6407319960154,
       43.7097911716851
      ],
      [
       -79.6406016298064,
       43.7100661218396
      ],
      [
       -79.6404239466365,
       43.7103686008118
      ],
      [
       -79.6402809779623,
       43.7104101027214
      ],
      [
       -79.6401952652095,
       43.7104568447696
      ],
      [
       -79.6398579406338,
       43.7106951231957
      ],
      [
       -79.6403117560406,
       43.7110331941357
      ],
      [
       -79.6401658076547,
       43.7110143673743
      ],
      [
       -79.6400188127315,
       43.7110004820333
      ],
      [
       -79.639871087478,
       43.7109915679855
      ],
      [
       -79.6397229498977,
       43.7109876421159
      ],
      [
       -79.6395747206893,
       43.710988715464
      ],
      [
       -79.6394267205513,
       43.7109947834842
      ],
      [
       -79.639279269284,
       43.7110058357858
      ],
      [
       -79.6391326857892,
       43.7110218457433
      ],
      [
       -79.6388213836106,
       43.7110612738816
      ],
      [
       -79.6386341324846,
       43.7110849913998
      ],
      [
       -79.6352432653749,
       43.7115144030857
      ],
      [
       -79.6349699736109,
       43.7119117786325
      ],
      [
       -79.6348902292649,
       43.7119505847833
      ],
      [
       -79.6352270130548,
       43.7121331488018
      ],
      [
       -79.6338589022332,
       43.7127344274168
      ],
      [
       -79.6341599231934,
       43.7128909944651
      ],
      [
       -79.6341822247686,
       43.7129074038956
      ],
      [
       -79.6341970685304,
       43.7129323667136
      ],
      [
       -79.6342065367735,
       43.7129520954164
      ],
      [
       -79.6342125599775,
       43.7129673613918
      ],
      [
       -79.6342157768445,
       43.7129842947959
      ],
      [
       -79.6342147940876,
       43.7129981777293
      ],
      [
       -79.6342117577819,
       43.7130103679045
      ],
      [
       -79.6342141922163,
       43.7130241761611
      ],
      [
       -79.6342143745743,
       43.7130432938319
      ],
      [
       -79.63421442488,
       43.7130604038272
      ],
      [
       -79.6342122581435,
       43.7130773417502
      ],
      [
       -79.6342148461898,
       43.7131115688588
      ],
      [
       -79.6342172572681,
       43.7131389431295
      ],
      [
       -79.634211287963,
       43.7131616598883
      ],
      [
       -79.6341997733577,
       43.713174792828
      ],
      [
       -79.6341718132945,
       43.7131922144543
      ],
      [
       -79.6341550273751,
       43.7132176018018
      ],
      [
       -79.6341503884749,
       43.7132281647637
      ],
      [
       -79.6341483106717,
       43.7132417203889
      ],
      [
       -79.6341435496007,
       43.7132630969355
      ],
      [
       -79.6341396913365,
       43.7132756896282
      ],
      [
       -79.6341384741193,
       43.7132900841491
      ],
      [
       -79.634139236789,
       43.7133084602251
      ],
      [
       -79.6341403012926,
       43.7133251260179
      ],
      [
       -79.6341449662439,
       43.7133399711467
      ],
      [
       -79.6341481031609,
       43.713354185794
      ],
      [
       -79.634148328638,
       43.7133686783416
      ],
      [
       -79.6341484031982,
       43.7133825046963
      ],
      [
       -79.6341462499364,
       43.7133911515231
      ],
      [
       -79.6341467305351,
       43.7133974998009
      ],
      [
       -79.6341473701356,
       43.7134060096217
      ],
      [
       -79.6341469820634,
       43.7134228214815
      ],
      [
       -79.6341480654316,
       43.7134322916237
      ],
      [
       -79.6341437436368,
       43.7134470101111
      ],
      [
       -79.6341400713239,
       43.7134617513207
      ],
      [
       -79.6341371032902,
       43.7134788540541
      ],
      [
       -79.6341331489063,
       43.7134959178243
      ],
      [
       -79.6341266657649,
       43.7135075592346
      ],
      [
       -79.6341184722312,
       43.7135161865642
      ],
      [
       -79.6341156362499,
       43.7135233308778
      ],
      [
       -79.6341137668558,
       43.7135409043403
      ],
      [
       -79.6341096067577,
       43.7135648208633
      ],
      [
       -79.6340955876494,
       43.7135851097083
      ],
      [
       -79.6340930139761,
       43.713598223076
      ],
      [
       -79.6340889338281,
       43.7136102358689
      ],
      [
       -79.6340861822883,
       43.7136143654485
      ],
      [
       -79.6340774830031,
       43.713627419723
      ],
      [
       -79.6340680767438,
       43.7136382767477
      ],
      [
       -79.6340577622877,
       43.7136544230052
      ],
      [
       -79.6340550367991,
       43.7136740209601
      ],
      [
       -79.6340550996812,
       43.7136887354924
      ],
      [
       -79.6340517813045,
       43.7137041123111
      ],
      [
       -79.6340478709381,
       43.7137165542726
      ],
      [
       -79.6340452164164,
       43.7137225090378
      ],
      [
       -79.6340412368797,
       43.7137314298217
      ],
      [
       -79.6340338347618,
       43.7137390351152
      ],
      [
       -79.6340256789573,
       43.7137421855362
      ],
      [
       -79.6340166706516,
       43.7137462073223
      ],
      [
       -79.6340090538364,
       43.7137532373311
      ],
      [
       -79.6339943924326,
       43.7137563007447
      ],
      [
       -79.6339778939741,
       43.7137573961195
      ],
      [
       -79.6339674825,
       43.7137608426219
      ],
      [
       -79.6339469658772,
       43.713766040295
      ],
      [
       -79.6339301880426,
       43.7137694575783
      ],
      [
       -79.6339129906948,
       43.7137701490862
      ],
      [
       -79.6338994719481,
       43.7137708724101
      ],
      [
       -79.6338813646069,
       43.7137775284173
      ],
      [
       -79.6338632896051,
       43.7137826228498
      ],
      [
       -79.6338403699889,
       43.7137883068491
      ],
      [
       -79.6338129704745,
       43.7137963114567
      ],
      [
       -79.6337896708709,
       43.7137979308183
      ],
      [
       -79.6337570198053,
       43.7137998969076
      ],
      [
       -79.6337377401627,
       43.7138032732828
      ],
      [
       -79.633710052289,
       43.7138147023114
      ],
      [
       -79.633688352585,
       43.7138268618033
      ],
      [
       -79.6336723221487,
       43.713833884011
      ],
      [
       -79.6336547699664,
       43.7138419937995
      ],
      [
       -79.6336410365223,
       43.7138449474764
      ],
      [
       -79.6335950778141,
       43.7138554051407
      ],
      [
       -79.6335678876071,
       43.7138592262849
      ],
      [
       -79.6335412229145,
       43.7138584815351
      ],
      [
       -79.6334979708302,
       43.7138737011792
      ],
      [
       -79.6335605771173,
       43.7139203885819
      ],
      [
       -79.6337100172547,
       43.7140318203257
      ],
      [
       -79.6331516792713,
       43.7144347241692
      ],
      [
       -79.6332933507781,
       43.7145402742929
      ],
      [
       -79.6334516518975,
       43.7146582062616
      ],
      [
       -79.633154530524,
       43.7149087421809
      ],
      [
       -79.632913659857,
       43.7153584796426
      ],
      [
       -79.6326107695027,
       43.7159239875931
      ],
      [
       -79.6326031050767,
       43.7159582312557
      ],
      [
       -79.6328046780434,
       43.7161119369546
      ],
      [
       -79.6328168448256,
       43.7161295031653
      ],
      [
       -79.6328224566011,
       43.7161487360661
      ],
      [
       -79.6328211423659,
       43.7161683715127
      ],
      [
       -79.6327822264495,
       43.7161947126859
      ],
      [
       -79.6327963434742,
       43.7162044492429
      ],
      [
       -79.6326489703602,
       43.7163079880396
      ],
      [
       -79.632633752001,
       43.7163572349366
      ],
      [
       -79.6326696810191,
       43.7164774727969
      ],
      [
       -79.6327206136991,
       43.7165156143815
      ],
      [
       -79.6326773409535,
       43.7165504602316
      ],
      [
       -79.6328392461138,
       43.7166717073219
      ],
      [
       -79.6328370685976,
       43.7167474357421
      ],
      [
       -79.632835502834,
       43.7168849485852
      ],
      [
       -79.632814350204,
       43.7169861059881
      ],
      [
       -79.6328436424688,
       43.7170049672325
      ],
      [
       -79.6328776194478,
       43.7170268462686
      ],
      [
       -79.6327997624621,
       43.7170969256156
      ],
      [
       -79.6324378375224,
       43.7174226867633
      ],
      [
       -79.6330049789955,
       43.7178452968482
      ],
      [
       -79.6331930763345,
       43.7183655212385
      ],
      [
       -79.63293972178,
       43.7185884394049
      ],
      [
       -79.6334864750895,
       43.7185406934635
      ],
      [
       -79.633980870991,
       43.7189063534287
      ],
      [
       -79.635098377001,
       43.7189103339657
      ],
      [
       -79.6362647280064,
       43.7196071738166
      ],
      [
       -79.637609706311,
       43.7206007358761
      ],
      [
       -79.6377983597072,
       43.7207177807581
      ],
      [
       -79.6378652653312,
       43.7207769753883
      ],
      [
       -79.63790182317,
       43.7208165211108
      ],
      [
       -79.6383315700154,
       43.7211339695053
      ],
      [
       -79.6384824726101,
       43.7213201781928
      ],
      [
       -79.6401197231823,
       43.7199847439998
      ],
      [
       -79.6409331036546,
       43.7205891315514
      ],
      [
       -79.6412621268988,
       43.7203623598469
      ],
      [
       -79.6424545191659,
       43.7192960526497
      ],
      [
       -79.6431686798168,
       43.719711631899
      ],
      [
       -79.6429925210879,
       43.7198696285172
      ],
      [
       -79.6428855344325,
       43.7199550881941
      ],
      [
       -79.6431779189895,
       43.7200921541437
      ],
      [
       -79.6429146039151,
       43.7203787075021
      ],
      [
       -79.6431923692892,
       43.7205416280686
      ],
      [
       -79.643368827157,
       43.7206451249617
      ],
      [
       -79.6434570515994,
       43.7206968736659
      ],
      [
       -79.6435992567055,
       43.7208069982497
      ],
      [
       -79.6436638931852,
       43.7208570536314
      ],
      [
       -79.6438578089123,
       43.7210072273164
      ],
      [
       -79.6430807239707,
       43.7217126682799
      ],
      [
       -79.6422875187613,
       43.7215955084822
      ],
      [
       -79.6416518618831,
       43.7221672679137
      ],
      [
       -79.6416434150245,
       43.7221709495964
      ],
      [
       -79.6416471160835,
       43.722171544924
      ],
      [
       -79.6416125210636,
       43.7222026577627
      ],
      [
       -79.6420573623007,
       43.722533917862
      ],
      [
       -79.642241579816,
       43.7226778530118
      ],
      [
       -79.6423711896435,
       43.7233036720551
      ],
      [
       -79.6425374687009,
       43.7240832288882
      ],
      [
       -79.6431645340918,
       43.7242450526372
      ],
      [
       -79.6434535320001,
       43.7243196315098
      ],
      [
       -79.6430059895289,
       43.7245560935729
      ],
      [
       -79.643522403138,
       43.7248137336719
      ],
      [
       -79.6428393206027,
       43.7248217958823
      ],
      [
       -79.6420089799378,
       43.7248244049508
      ],
      [
       -79.6419350791327,
       43.724832467809
      ],
      [
       -79.6415513233349,
       43.723098109028
      ],
      [
       -79.6405236102256,
       43.7229306529333
      ],
      [
       -79.6401461668893,
       43.7229235811537
      ],
      [
       -79.6393607949893,
       43.7226544114502
      ],
      [
       -79.6385346180157,
       43.7224153573776
      ],
      [
       -79.6375434672369,
       43.7219155567506
      ],
      [
       -79.6375320837856,
       43.7210307208111
      ],
      [
       -79.6364512919212,
       43.72072616294
      ],
      [
       -79.6357433754599,
       43.7203500822225
      ],
      [
       -79.6354260725352,
       43.720260662139
      ],
      [
       -79.6344170587569,
       43.7195852392387
      ],
      [
       -79.6330992221503,
       43.719499670611
      ],
      [
       -79.6322134698054,
       43.7191347394735
      ],
      [
       -79.6317442833258,
       43.719553426458
      ],
      [
       -79.6316614847077,
       43.7196363753268
      ],
      [
       -79.6315677437112,
       43.719682412896
      ],
      [
       -79.6314916797628,
       43.7195252974534
      ],
      [
       -79.631504612808,
       43.7193932488503
      ],
      [
       -79.6320397895284,
       43.7189257821602
      ],
      [
       -79.6315539716396,
       43.7182210608692
      ],
      [
       -79.6311785944284,
       43.718543206067
      ],
      [
       -79.6306588085438,
       43.7178565647389
      ],
      [
       -79.6306606914126,
       43.7170612029229
      ],
      [
       -79.6319821455349,
       43.7158964535731
      ],
      [
       -79.6324846693931,
       43.7144096976967
      ],
      [
       -79.6316595335669,
       43.7139235428891
      ],
      [
       -79.6322299242465,
       43.7134494878657
      ],
      [
       -79.6324523686704,
       43.7132541728354
      ],
      [
       -79.6329620754575,
       43.7128066415326
      ],
      [
       -79.6322942552989,
       43.7126881832216
      ],
      [
       -79.6299831218382,
       43.7114784030486
      ],
      [
       -79.6295718757961,
       43.7117905381444
      ],
      [
       -79.6294750733411,
       43.7117351026711
      ],
      [
       -79.6293745222164,
       43.7116832988263
      ],
      [
       -79.6292704784419,
       43.7116352590819
      ],
      [
       -79.6291632115121,
       43.7115911081178
      ],
      [
       -79.6290529972099,
       43.7115509576267
      ],
      [
       -79.6289401185046,
       43.7115149128079
      ],
      [
       -79.6288248655519,
       43.7114830645748
      ],
      [
       -79.6262620618778,
       43.70958544087
      ],
      [
       -79.6239218490531,
       43.7078524836299
      ],
      [
       -79.6211903309889,
       43.7102586628844
      ],
      [
       -79.6209031153381,
       43.7105115626073
      ],
      [
       -79.6187437486513,
       43.7124131327639
      ],
      [
       -79.6178281291199,
       43.7132198419187
      ],
      [
       -79.6174930485358,
       43.713460919559
      ],
      [
       -79.6173019256709,
       43.7131327876695
      ],
      [
       -79.6148743714477,
       43.7089646655902
      ],
      [
       -79.614622267348,
       43.7085317648069
      ],
      [
       -79.6145064170157,
       43.7083328310886
      ],
      [
       -79.6138095112048,
       43.7071300593732
      ],
      [
       -79.6128830040921,
       43.7055309490185
      ],
      [
       -79.6127099400594,
       43.7052317211851
      ],
      [
       -79.6124614947979,
       43.7048040198163
      ],
      [
       -79.612446573781,
       43.7047783314792
      ],
      [
       -79.6123149220829,
       43.7045510460071
      ],
      [
       -79.6108315672919,
       43.70199002652
      ],
      [
       -79.6105618660941,
       43.7015250458443
      ],
      [
       -79.6104514110434,
       43.7013346120973
      ],
      [
       -79.6102609098127,
       43.7010061696289
      ],
      [
       -79.6101716379347,
       43.7008518088666
      ],
      [
       -79.6111828921113,
       43.7008351538931
      ],
      [
       -79.6118489380972,
       43.7008866975951
      ],
      [
       -79.612531517576,
       43.701082014611
      ],
      [
       -79.6126376544251,
       43.7010503381317
      ],
      [
       -79.6132730211475,
       43.7009950356022
      ],
      [
       -79.6138951547874,
       43.700742842588
      ],
      [
       -79.6142794100485,
       43.7007120835949
      ],
      [
       -79.6206489882324,
       43.7054288137743
      ],
      [
       -79.6238676204543,
       43.7052925403145
      ],
      [
       -79.6238923492775,
       43.7059536994624
      ],
      [
       -79.6249634321503,
       43.7068249671927
      ],
      [
       -79.6258377651113,
       43.7061745786234
      ],
      [
       -79.6273120262566,
       43.7063875819005
      ],
      [
       -79.6275538302733,
       43.7065557959514
      ],
      [
       -79.628121508939,
       43.7069506854404
      ],
      [
       -79.6286810183255,
       43.7073398883671
      ],
      [
       -79.629692423419,
       43.7080434213598
      ],
      [
       -79.6297658759648,
       43.7080945121015
      ],
      [
       -79.6299158739561,
       43.7081988480426
      ],
      [
       -79.6303138213387,
       43.7084756522832
      ],
      [
       -79.6306712448206,
       43.7083870235839
      ],
      [
       -79.6306725617508,
       43.7084337652617
      ],
      [
       -79.6309159656669,
       43.7085351979732
      ],
      [
       -79.6309452462536,
       43.7085743900818
      ],
      [
       -79.6308136313864,
       43.7086903370137
      ],
      [
       -79.6308381284442,
       43.7087461129692
      ],
      [
       -79.6314253652302,
       43.7090851449078
      ],
      [
       -79.631255146162,
       43.7092317760087
      ],
      [
       -79.6317906831068,
       43.7094876216186
      ],
      [
       -79.6324323649856,
       43.7094398554387
      ],
      [
       -79.632662201646,
       43.7094721067052
      ],
      [
       -79.6345541623305,
       43.710736869679
      ],
      [
       -79.6346069482349,
       43.7107721604375
      ],
      [
       -79.6347329603097,
       43.7109414167022
      ],
      [
       -79.6393400492961,
       43.7067651282324
      ],
      [
       -79.6364096630926,
       43.7050635027691
      ],
      [
       -79.6360081188556,
       43.7048055530506
      ],
      [
       -79.6412317386894,
       43.7047019593135
      ]
     ]
    ]
   },
   "properties": {
    "OBJECTID": 7817,
    "GlobalID": "aa92a57e-1d73-49dc-ba41-d1ec7fc23fa1",
    "Date_Year": "2026",
    "Last_Notification_Date": null,
    "Type": "Downspout_Survey",
    "Planning_Status": "Completed",
    "Scheduled_Date": null,
    "EditDate_1": 1791292510074,
    "Start_Work_Date": "2026-07-09",
    "End_Work_Date": "2026-06-25"
   }
  },
  {
   "type": "Feature",
   "id": 7818,
   "geometry": {
    "type": "Polygon",
    "coordinates": [
     [
      [
       -79.6483786731061,
       43.7084645521117
      ],
      [
       -79.6481495119788,
       43.7083000084195
      ],
      [
       -79.6477225894366,
       43.7079934624194
      ],
      [
       -79.6476139310165,
       43.7078133507911
      ],
      [
       -79.6459789819281,
       43.7066834051091
      ],
      [
       -79.6455914747656,
       43.7064312568039
      ],
      [
       -79.6455689647812,
       43.7064483641412
      ],
      [
       -79.6454740523816,
       43.7065337871123
      ],
      [
       -79.6442340386246,
       43.7076504430212
      ],
      [
       -79.6441439627545,
       43.7077314966257
      ],
      [
       -79.6440794232929,
       43.7077895780807
      ],
      [
       -79.6440490359818,
       43.707816924262
      ],
      [
       -79.6440151928517,
       43.7078473802515
      ],
      [
       -79.6439541038192,
       43.7079023524259
      ],
      [
       -79.6438591716566,
       43.7079877759224
      ],
      [
       -79.6435648790779,
       43.7078155047441
      ],
      [
       -79.6433706489404,
       43.7077018022872
      ],
      [
       -79.6430031787004,
       43.7074866828334
      ],
      [
       -79.6431004824154,
       43.7073991189411
      ],
      [
       -79.6431693095358,
       43.7073371837288
      ],
      [
       -79.6432358845798,
       43.7072703794488
      ],
      [
       -79.6433024245895,
       43.7072036114593
      ],
      [
       -79.6433536501203,
       43.7071522115053
      ],
      [
       -79.6428869932965,
       43.7068790298769
      ],
      [
       -79.6429939170698,
       43.7067829543368
      ],
      [
       -79.6431482395508,
       43.7066442767022
      ],
      [
       -79.6432680029445,
       43.706536663873
      ],
      [
       -79.6433589349091,
       43.7064549475814
      ],
      [
       -79.6437152345986,
       43.7061347790686
      ],
      [
       -79.6431476242048,
       43.7061461634532
      ],
      [
       -79.6428307039625,
       43.7061525163947
      ],
      [
       -79.6424904957947,
       43.7061593368933
      ],
      [
       -79.6423770978632,
       43.7061616097432
      ],
      [
       -79.6422209778533,
       43.7061647391328
      ],
      [
       -79.6420703878723,
       43.7061678003367
      ],
      [
       -79.6420703510414,
       43.7061677613735
      ],
      [
       -79.641975291318,
       43.7058804517047
      ],
      [
       -79.6412317386894,
       43.7047019593135
      ],
      [
       -79.6416738077255,
       43.7039229977991
      ],
      [
       -79.6418886002999,
       43.7036726893581
      ],
      [
       -79.6418842605387,
       43.7035158488536
      ],
      [
       -79.6417710934742,
       43.7033825103012
      ],
      [
       -79.6415603127759,
       43.7032255157751
      ],
      [
       -79.6419614267199,
       43.7029265706215
      ],
      [
       -79.6409873017107,
       43.70234471929
      ],
      [
       -79.640713680265,
       43.702142947165
      ],
      [
       -79.639706778426,
       43.7013933991944
      ],
      [
       -79.6396666192412,
       43.7014217925884
      ],
      [
       -79.639186908998,
       43.7010642342204
      ],
      [
       -79.6395776950112,
       43.7008392603236
      ],
      [
       -79.6397297806872,
       43.7009536486193
      ],
      [
       -79.6424327089691,
       43.6990453540649
      ],
      [
       -79.6414080061144,
       43.6982806398902
      ],
      [
       -79.6425485386402,
       43.697475826187
      ],
      [
       -79.6445713865565,
       43.6989830432747
      ],
      [
       -79.6455003047475,
       43.698326770503
      ],
      [
       -79.6469903798351,
       43.6994363618553
      ],
      [
       -79.6478521768063,
       43.698652120599
      ],
      [
       -79.648175184033,
       43.6984127005924
      ],
      [
       -79.649287433102,
       43.6973937169487
      ],
      [
       -79.6508412400658,
       43.6959701228587
      ],
      [
       -79.6515759595603,
       43.6953688878116
      ],
      [
       -79.6529706173951,
       43.694103683021
      ],
      [
       -79.6533385224197,
       43.6943460748706
      ],
      [
       -79.6533516602807,
       43.6945201916979
      ],
      [
       -79.6543742871288,
       43.695284977213
      ],
      [
       -79.6540887683955,
       43.6955061314508
      ],
      [
       -79.6535426483983,
       43.6960067771592
      ],
      [
       -79.6536737449376,
       43.6961044703243
      ],
      [
       -79.6530417819319,
       43.6966855625622
      ],
      [
       -79.6527005218369,
       43.6964312620085
      ],
      [
       -79.6519936114887,
       43.6970737461966
      ],
      [
       -79.6545718311514,
       43.6989904127361
      ],
      [
       -79.6562509288428,
       43.7002402055928
      ],
      [
       -79.6547550829777,
       43.7015852595641
      ],
      [
       -79.6530697905041,
       43.7030913044072
      ],
      [
       -79.6532058547269,
       43.7031972674061
      ],
      [
       -79.6519887255519,
       43.7042756348025
      ],
      [
       -79.6517407069901,
       43.7044906846044
      ],
      [
       -79.6516768062307,
       43.7047376153418
      ],
      [
       -79.6516883010731,
       43.7047488317969
      ],
      [
       -79.6508752197397,
       43.704769810043
      ],
      [
       -79.650839704845,
       43.7058681574758
      ],
      [
       -79.6509834020528,
       43.7065546946005
      ],
      [
       -79.6496887545569,
       43.7076862167797
      ],
      [
       -79.6495128051354,
       43.7078399923978
      ],
      [
       -79.6502762338881,
       43.708406739497
      ],
      [
       -79.6513080999089,
       43.7075067042471
      ],
      [
       -79.6525675415304,
       43.7084456167495
      ],
      [
       -79.6509928756858,
       43.7098085202696
      ],
      [
       -79.6522346070215,
       43.7107358904801
      ],
      [
       -79.6527760135584,
       43.7111363418788
      ],
      [
       -79.6533982639793,
       43.7116010661938
      ],
      [
       -79.6539389321011,
       43.711112782818
      ],
      [
       -79.654887891706,
       43.7118245815798
      ],
      [
       -79.6547783664116,
       43.7121054208409
      ],
      [
       -79.6550249916863,
       43.7120566041967
      ],
      [
       -79.6553928652699,
       43.7118892542491
      ],
      [
       -79.6556210265722,
       43.7123121137382
      ],
      [
       -79.6550411541749,
       43.7128391078581
      ],
      [
       -79.6555464205896,
       43.7132215866125
      ],
      [
       -79.6551966372792,
       43.7131283392453
      ],
      [
       -79.6551863560608,
       43.7134835251643
      ],
      [
       -79.6549723764618,
       43.7133224820354
      ],
      [
       -79.6549819686724,
       43.7130182440524
      ],
      [
       -79.6548060704549,
       43.7132605789161
      ],
      [
       -79.6530372005239,
       43.7119259754375
      ],
      [
       -79.652554858217,
       43.7115702705656
      ],
      [
       -79.6507311048153,
       43.7102104674547
      ],
      [
       -79.6503024188803,
       43.7098868904583
      ],
      [
       -79.6500759679702,
       43.7097178669287
      ],
      [
       -79.6488201115249,
       43.708781513992
      ],
      [
       -79.6483786731061,
       43.7084645521117
      ]
     ]
    ]
   },
   "properties": {
    "OBJECTID": 7818,
    "GlobalID": "2999d6a8-6fbc-4d18-931e-1694065daa98",
    "Date_Year": "2026",
    "Last_Notification_Date": null,
    "Type": "Downspout_Survey",
    "Planning_Status": "Completed",
    "Scheduled_Date": null,
    "EditDate_1": 1787068354156,
    "Start_Work_Date": "2026-08-06",
    "End_Work_Date": "2026-08-18"
   }
  },
  {
   "type": "Feature",
   "id": 7819,
   "geometry": {
    "type": "Polygon",
    "coordinates": [
     [
      [
       -79.6295279050596,
       43.7140198972208
      ],
      [
       -79.6288269217956,
       43.7135016654828
      ],
      [
       -79.6286649447701,
       43.713509424691
      ],
      [
       -79.6285486542633,
       43.7134076497717
      ],
      [
       -79.6276713550652,
       43.7127585754175
      ],
      [
       -79.6271551013563,
       43.7132190192439
      ],
      [
       -79.6271345856319,
       43.713237314178
      ],
      [
       -79.6255956251248,
       43.7123283369726
      ],
      [
       -79.6252939915136,
       43.7125973348963
      ],
      [
       -79.6239338765964,
       43.7117935419204
      ],
      [
       -79.6238868093671,
       43.7118355337324
      ],
      [
       -79.6228939769421,
       43.7127257090706
      ],
      [
       -79.6227096246795,
       43.7128856882808
      ],
      [
       -79.6216911013356,
       43.7137946901472
      ],
      [
       -79.6219046515399,
       43.7141689855327
      ],
      [
       -79.62068228878,
       43.7145350111081
      ],
      [
       -79.6210397104652,
       43.7151612943911
      ],
      [
       -79.6208104720828,
       43.7152329342097
      ],
      [
       -79.6209094781052,
       43.7154064112182
      ],
      [
       -79.6208746522183,
       43.7154171133906
      ],
      [
       -79.6195478001194,
       43.7158250132278
      ],
      [
       -79.619006600195,
       43.7160615834856
      ],
      [
       -79.6186376288702,
       43.7154269312346
      ],
      [
       -79.6183379796375,
       43.7149115068616
      ],
      [
       -79.6174930485358,
       43.713460919559
      ],
      [
       -79.6178281291199,
       43.7132198419187
      ],
      [
       -79.6187437486513,
       43.7124131327639
      ],
      [
       -79.6209031153381,
       43.7105115626073
      ],
      [
       -79.6211903309889,
       43.7102586628844
      ],
      [
       -79.6239218490531,
       43.7078524836299
      ],
      [
       -79.6262620618778,
       43.70958544087
      ],
      [
       -79.6272797812295,
       43.7103390305051
      ],
      [
       -79.6288192762342,
       43.7114789257577
      ],
      [
       -79.6288248655519,
       43.7114830645748
      ],
      [
       -79.6289401185046,
       43.7115149128079
      ],
      [
       -79.6290529972099,
       43.7115509576267
      ],
      [
       -79.6291632115121,
       43.7115911081178
      ],
      [
       -79.6292704784419,
       43.7116352590819
      ],
      [
       -79.6293745222164,
       43.7116832988263
      ],
      [
       -79.6294750733411,
       43.7117351026711
      ],
      [
       -79.6295718757961,
       43.7117905381444
      ],
      [
       -79.6299831218382,
       43.7114784030486
      ],
      [
       -79.6322942552989,
       43.7126881832216
      ],
      [
       -79.6329620754575,
       43.7128066415326
      ],
      [
       -79.6324523686704,
       43.7132541728354
      ],
      [
       -79.6322299242465,
       43.7134494878657
      ],
      [
       -79.6316595335669,
       43.7139235428891
      ],
      [
       -79.6324846693931,
       43.7144096976967
      ],
      [
       -79.6319821455349,
       43.7158964535731
      ],
      [
       -79.6306606914126,
       43.7170612029229
      ],
      [
       -79.6308222067041,
       43.7166378990794
      ],
      [
       -79.6294878410962,
       43.7158410556604
      ],
      [
       -79.6304320602914,
       43.7150049319568
      ],
      [
       -79.6300374294887,
       43.7146921539206
      ],
      [
       -79.6298957516937,
       43.7145989374105
      ],
      [
       -79.6293414264847,
       43.7141679953518
      ],
      [
       -79.6295433749471,
       43.7140313333504
      ],
      [
       -79.6295279050596,
       43.7140198972208
      ]
     ]
    ]
   },
   "properties": {
    "OBJECTID": 7819,
    "GlobalID": "d7c81b78-9c0a-41d5-8e00-35a4c01e40fc",
    "Date_Year": "2026",
    "Last_Notification_Date": null,
    "Type": "Downspout_Survey",
    "Planning_Status": "Completed",
    "Scheduled_Date": null,
    "EditDate_1": 1783616611115,
    "Start_Work_Date": "2026-06-18",
    "End_Work_Date": "2026-07-02"
   }
  },
  {
   "type": "Feature",
   "id": 7820,
   "geometry": {
    "type": "Polygon",
    "coordinates": [
     [
      [
       -79.6142315900309,
       43.700715911422
      ],
      [
       -79.6138951547874,
       43.700742842588
      ],
      [
       -79.6139054171412,
       43.7006119923894
      ],
      [
       -79.6135758010089,
       43.6998930437761
      ],
      [
       -79.6160317662496,
       43.6976885051075
      ],
      [
       -79.6170608609677,
       43.6982921563099
      ],
      [
       -79.6185397942509,
       43.6969644970205
      ],
      [
       -79.6189295436083,
       43.6970589788741
      ],
      [
       -79.618805678507,
       43.6968168077745
      ],
      [
       -79.6177118152569,
       43.6961759049489
      ],
      [
       -79.6189015539007,
       43.6951114367691
      ],
      [
       -79.6213839637467,
       43.692980356138
      ],
      [
       -79.6218326722311,
       43.6924797195882
      ],
      [
       -79.6233651127659,
       43.6911033817506
      ],
      [
       -79.6254437487563,
       43.6926504285436
      ],
      [
       -79.6251502790344,
       43.692914047039
      ],
      [
       -79.6278925068135,
       43.6949569978286
      ],
      [
       -79.6291635708382,
       43.6941544264606
      ],
      [
       -79.6298331085757,
       43.6946534025213
      ],
      [
       -79.6305264381934,
       43.6946398797143
      ],
      [
       -79.6357572184984,
       43.6984580530396
      ],
      [
       -79.6378944713577,
       43.7000498489461
      ],
      [
       -79.6375139656646,
       43.7003148903289
      ],
      [
       -79.6374719981712,
       43.7003445363708
      ],
      [
       -79.6374693993451,
       43.7003463762589
      ],
      [
       -79.6358307977067,
       43.7015062563615
      ],
      [
       -79.6351525490059,
       43.701986328011
      ],
      [
       -79.6313346299967,
       43.7046884770874
      ],
      [
       -79.6311686527732,
       43.7048059420414
      ],
      [
       -79.6308229774586,
       43.7048157525321
      ],
      [
       -79.6308213425248,
       43.7049081790038
      ],
      [
       -79.6300795317295,
       43.7049228398398
      ],
      [
       -79.6301086398396,
       43.7052532402087
      ],
      [
       -79.629943001281,
       43.7052500841463
      ],
      [
       -79.6294920604831,
       43.7052293950494
      ],
      [
       -79.6294732713206,
       43.7052581301568
      ],
      [
       -79.6289049853938,
       43.7051932756447
      ],
      [
       -79.62838191976,
       43.7052036185768
      ],
      [
       -79.6238676204543,
       43.7052925403145
      ],
      [
       -79.6206489882324,
       43.7054288137743
      ],
      [
       -79.6142794100485,
       43.7007120835949
      ],
      [
       -79.6142315900309,
       43.700715911422
      ]
     ]
    ]
   },
   "properties": {
    "OBJECTID": 7820,
    "GlobalID": "8a21798d-9525-4e52-8c76-d913ca013983",
    "Date_Year": "2026",
    "Last_Notification_Date": null,
    "Type": "Downspout_Survey",
    "Planning_Status": "Completed",
    "Scheduled_Date": null,
    "EditDate_1": 1781785412292,
    "Start_Work_Date": "2026-05-25",
    "End_Work_Date": "2026-06-18"
   }
  },
  {
   "type": "Feature",
   "id": 7821,
   "geometry": {
    "type": "Polygon",
    "coordinates": [
     [
      [
       -79.6483445901259,
       43.7251631563708
      ],
      [
       -79.648100346285,
       43.7250070771126
      ],
      [
       -79.6483387196355,
       43.7247824079586
      ],
      [
       -79.6484688001802,
       43.7245977122484
      ],
      [
       -79.6486103135836,
       43.724294585795
      ],
      [
       -79.6484643481297,
       43.7242595185307
      ],
      [
       -79.6482741756823,
       43.724213834392
      ],
      [
       -79.6481191947363,
       43.7241218726495
      ],
      [
       -79.648030517543,
       43.7240692511442
      ],
      [
       -79.6479349942889,
       43.7240125695443
      ],
      [
       -79.6478395051709,
       43.723955902173
      ],
      [
       -79.6481148900094,
       43.7237117025765
      ],
      [
       -79.6482729378039,
       43.723571552782
      ],
      [
       -79.648548327134,
       43.723327352268
      ],
      [
       -79.6488059765339,
       43.723098873139
      ],
      [
       -79.6492667143583,
       43.7226903073925
      ],
      [
       -79.649409419826,
       43.7225637535204
      ],
      [
       -79.6491021412016,
       43.7223815082296
      ],
      [
       -79.6490470035078,
       43.7223094231594
      ],
      [
       -79.6488669344125,
       43.7223040872961
      ],
      [
       -79.6485358216869,
       43.7220560304814
      ],
      [
       -79.6482047179446,
       43.7218079882208
      ],
      [
       -79.6480732198583,
       43.7217601325305
      ],
      [
       -79.6479970939262,
       43.721706114432
      ],
      [
       -79.6476676781183,
       43.7214565898519
      ],
      [
       -79.6477378401352,
       43.7213943685774
      ],
      [
       -79.6474084333104,
       43.7211448420497
      ],
      [
       -79.647338959403,
       43.7210853471923
      ],
      [
       -79.6471953628065,
       43.7210478025568
      ],
      [
       -79.6468643722519,
       43.7207997204145
      ],
      [
       -79.6474149802322,
       43.7203114542067
      ],
      [
       -79.6474390685566,
       43.7202900925098
      ],
      [
       -79.6475113937167,
       43.7202259580318
      ],
      [
       -79.647608496209,
       43.7201802454971
      ],
      [
       -79.6479472589875,
       43.7200396660875
      ],
      [
       -79.6480149838751,
       43.7200115632806
      ],
      [
       -79.6495597807366,
       43.7187094655221
      ],
      [
       -79.6496454440821,
       43.7186477400189
      ],
      [
       -79.650002634002,
       43.7188617923026
      ],
      [
       -79.6502906698147,
       43.7186089472944
      ],
      [
       -79.6505178663264,
       43.7185733663906
      ],
      [
       -79.6504976856736,
       43.7187151016588
      ],
      [
       -79.6501972746695,
       43.7189751924637
      ],
      [
       -79.6503661166204,
       43.7190615850843
      ],
      [
       -79.6504396248618,
       43.7190992030307
      ],
      [
       -79.6505096251821,
       43.7191517399549
      ],
      [
       -79.6505710465913,
       43.7191978408732
      ],
      [
       -79.6512981492704,
       43.7197435374369
      ],
      [
       -79.6513595625948,
       43.7197896294597
      ],
      [
       -79.6514295683049,
       43.7198421657786
      ],
      [
       -79.6515422134483,
       43.7199069148454
      ],
      [
       -79.6516145727444,
       43.7199485068859
      ],
      [
       -79.6517999230353,
       43.7200550523135
      ],
      [
       -79.6518516103002,
       43.7200847561132
      ],
      [
       -79.6520135388166,
       43.7201290072942
      ],
      [
       -79.6522767972972,
       43.7202009463134
      ],
      [
       -79.6525225305448,
       43.7202383486482
      ],
      [
       -79.6526370432857,
       43.7199830488448
      ],
      [
       -79.652645107462,
       43.7199715807401
      ],
      [
       -79.6526576632147,
       43.7199624823452
      ],
      [
       -79.6526734807502,
       43.7199566411672
      ],
      [
       -79.6526910131696,
       43.7199546304825
      ],
      [
       -79.6527085428941,
       43.7199566470102
      ],
      [
       -79.6534121519336,
       43.7201226551849
      ],
      [
       -79.6535106423231,
       43.720145892579
      ],
      [
       -79.6535765346475,
       43.7201595829785
      ],
      [
       -79.6536435920868,
       43.7201698726878
      ],
      [
       -79.6537114831627,
       43.7201767123667
      ],
      [
       -79.653779868312,
       43.7201800676071
      ],
      [
       -79.6538409609379,
       43.7205200522078
      ],
      [
       -79.653961232778,
       43.7205058587372
      ],
      [
       -79.6540443125687,
       43.7204960599039
      ],
      [
       -79.6540919223805,
       43.7204904421131
      ],
      [
       -79.6542226065931,
       43.7204750215897
      ],
      [
       -79.6543533015854,
       43.7204596043084
      ],
      [
       -79.6545044539118,
       43.7206004508644
      ],
      [
       -79.6546763869656,
       43.7207606596539
      ],
      [
       -79.6547877286535,
       43.7209278803021
      ],
      [
       -79.655953872148,
       43.7219865633007
      ],
      [
       -79.6560271351493,
       43.7220674923443
      ],
      [
       -79.6553780718138,
       43.7226368705239
      ],
      [
       -79.6551916983418,
       43.7228003731299
      ],
      [
       -79.6540139656818,
       43.7238412370708
      ],
      [
       -79.6564436668785,
       43.7252498782908
      ],
      [
       -79.6563701748068,
       43.7252423828711
      ],
      [
       -79.6562002081652,
       43.7252291558486
      ],
      [
       -79.6560297375687,
       43.7252199758063
      ],
      [
       -79.6558539354709,
       43.7252147641956
      ],
      [
       -79.6556779905411,
       43.7252138579414
      ],
      [
       -79.6555021057983,
       43.7252172596406
      ],
      [
       -79.6553161338733,
       43.7252255574488
      ],
      [
       -79.6551306892593,
       43.7252386708658
      ],
      [
       -79.6549460109082,
       43.7252565823606
      ],
      [
       -79.6547623314838,
       43.7252792698567
      ],
      [
       -79.6545798890394,
       43.7253067041359
      ],
      [
       -79.6543989153406,
       43.7253388501359
      ],
      [
       -79.6542196412543,
       43.7253756676001
      ],
      [
       -79.6540422967492,
       43.7254171078317
      ],
      [
       -79.6538671082008,
       43.7254631188869
      ],
      [
       -79.6536942983913,
       43.725513641031
      ],
      [
       -79.6535526700036,
       43.7255590112758
      ],
      [
       -79.6534048171893,
       43.7256103500012
      ],
      [
       -79.6532587403443,
       43.7256652403156
      ],
      [
       -79.6531151257816,
       43.72572344591
      ],
      [
       -79.6529741154348,
       43.7257849096477
      ],
      [
       -79.6528358503395,
       43.7258495704962
      ],
      [
       -79.6526783325511,
       43.7259288921661
      ],
      [
       -79.652524944318,
       43.7260123619312
      ],
      [
       -79.6523758931511,
       43.7260998674679
      ],
      [
       -79.6522313838663,
       43.726191291259
      ],
      [
       -79.6519567581042,
       43.7263853891293
      ],
      [
       -79.6516089977998,
       43.7266501232119
      ],
      [
       -79.6508594632896,
       43.7273253489674
      ],
      [
       -79.650495689617,
       43.7270686252478
      ],
      [
       -79.649566879224,
       43.726493384381
      ],
      [
       -79.6489918756955,
       43.7261372589793
      ],
      [
       -79.6488195572644,
       43.7260092498073
      ],
      [
       -79.6486736906252,
       43.7259008901466
      ],
      [
       -79.6485273451839,
       43.7257921732447
      ],
      [
       -79.6483812126434,
       43.7256836158423
      ],
      [
       -79.6482352076636,
       43.7255751510754
      ],
      [
       -79.6481599593856,
       43.7255192505606
      ],
      [
       -79.6481382515967,
       43.7254998531802
      ],
      [
       -79.6481217540365,
       43.7254779240055
      ],
      [
       -79.6481110146773,
       43.7254541875152
      ],
      [
       -79.6481063892519,
       43.7254294331059
      ],
      [
       -79.6481080304739,
       43.7254044800383
      ],
      [
       -79.6481158853428,
       43.7253801573115
      ],
      [
       -79.648129693347,
       43.725357270556
      ],
      [
       -79.6481524126389,
       43.7253335508964
      ],
      [
       -79.6483445901259,
       43.7251631563708
      ]
     ]
    ]
   },
   "properties": {
    "OBJECTID": 7821,
    "GlobalID": "60b7f867-1226-4915-91b4-6f2ba8867cf5",
    "Date_Year": "2026",
    "Last_Notification_Date": null,
    "Type": "Downspout_Survey",
    "Planning_Status": "Completed",
    "Scheduled_Date": null,
    "EditDate_1": 1783944653004,
    "Start_Work_Date": "2026-06-23",
    "End_Work_Date": "2026-07-10"
   }
  },
  {
   "type": "Feature",
   "id": 7822,
   "geometry": {
    "type": "Polygon",
    "coordinates": [
     [
      [
       -79.6429925210879,
       43.7198696285172
      ],
      [
       -79.6431686798168,
       43.719711631899
      ],
      [
       -79.6424545191659,
       43.7192960526497
      ],
      [
       -79.6424466894499,
       43.7192903100918
      ],
      [
       -79.6415978955925,
       43.7186681018068
      ],
      [
       -79.641568869229,
       43.7186467947103
      ],
      [
       -79.6414624808516,
       43.718568746968
      ],
      [
       -79.6411301895364,
       43.718324855883
      ],
      [
       -79.6409433067196,
       43.7184930377301
      ],
      [
       -79.6405753001854,
       43.7182771973809
      ],
      [
       -79.6403591313921,
       43.7181831372215
      ],
      [
       -79.6396306686636,
       43.7176201106435
      ],
      [
       -79.6399285230623,
       43.7173538219218
      ],
      [
       -79.640216644215,
       43.7173119313662
      ],
      [
       -79.6405141824067,
       43.7170459269528
      ],
      [
       -79.6398227635056,
       43.7165269227772
      ],
      [
       -79.6390398260399,
       43.7159430627849
      ],
      [
       -79.6403594979047,
       43.7147022140696
      ],
      [
       -79.6399744656009,
       43.7143577143607
      ],
      [
       -79.6405169707774,
       43.7145617412775
      ],
      [
       -79.642578446251,
       43.712722795596
      ],
      [
       -79.6440472348596,
       43.7138228341788
      ],
      [
       -79.6447337947734,
       43.7143322943819
      ],
      [
       -79.6451976102259,
       43.7146764546565
      ],
      [
       -79.6453057862508,
       43.7147555762043
      ],
      [
       -79.6457440087009,
       43.715076081749
      ],
      [
       -79.6456309440443,
       43.7153127640436
      ],
      [
       -79.6460776501839,
       43.7154250288286
      ],
      [
       -79.6463920228041,
       43.7154875361439
      ],
      [
       -79.6467912278282,
       43.7155878648229
      ],
      [
       -79.646623342583,
       43.7157184304112
      ],
      [
       -79.6477584726407,
       43.7165439311405
      ],
      [
       -79.648241379988,
       43.7169078697423
      ],
      [
       -79.6490701593809,
       43.7175350255069
      ],
      [
       -79.649166227014,
       43.7176077181871
      ],
      [
       -79.6492493660935,
       43.7176354442514
      ],
      [
       -79.6493332453849,
       43.7176634209177
      ],
      [
       -79.6494555474175,
       43.7177042048875
      ],
      [
       -79.6498375631786,
       43.717831603972
      ],
      [
       -79.6501814490492,
       43.7179462857705
      ],
      [
       -79.6502752313682,
       43.7179775618192
      ],
      [
       -79.6502842729115,
       43.7179813119314
      ],
      [
       -79.6503835556151,
       43.7180225086124
      ],
      [
       -79.650440679484,
       43.7180462097412
      ],
      [
       -79.6504762348029,
       43.7180609660509
      ],
      [
       -79.6505531521508,
       43.7180928854528
      ],
      [
       -79.6506322083874,
       43.7181256839305
      ],
      [
       -79.6506480663471,
       43.7181322673867
      ],
      [
       -79.650711264624,
       43.7181584888828
      ],
      [
       -79.6507875145236,
       43.7181986713053
      ],
      [
       -79.6508439430965,
       43.718228400697
      ],
      [
       -79.6505715496478,
       43.7184743470581
      ],
      [
       -79.6505178663264,
       43.7185733663906
      ],
      [
       -79.6502906698147,
       43.7186089472944
      ],
      [
       -79.650002634002,
       43.7188617923026
      ],
      [
       -79.6496454440821,
       43.7186477400189
      ],
      [
       -79.6495597807366,
       43.7187094655221
      ],
      [
       -79.6480149838751,
       43.7200115632806
      ],
      [
       -79.6479472589875,
       43.7200396660875
      ],
      [
       -79.647608496209,
       43.7201802454971
      ],
      [
       -79.6475113937167,
       43.7202259580318
      ],
      [
       -79.6474390685566,
       43.7202900925098
      ],
      [
       -79.6474149802322,
       43.7203114542067
      ],
      [
       -79.6467490537222,
       43.7198123261679
      ],
      [
       -79.6461104782177,
       43.7203794632078
      ],
      [
       -79.6457879794374,
       43.7207569765861
      ],
      [
       -79.6452125366327,
       43.7209153781614
      ],
      [
       -79.6452757995883,
       43.7209836955081
      ],
      [
       -79.6453390652388,
       43.7210520140754
      ],
      [
       -79.6454023290927,
       43.7211203338632
      ],
      [
       -79.6454605569911,
       43.7211713108799
      ],
      [
       -79.6455187803979,
       43.721222287204
      ],
      [
       -79.6451790645069,
       43.7214607805667
      ],
      [
       -79.6451303326994,
       43.7215738193877
      ],
      [
       -79.6450395741096,
       43.7216165782147
      ],
      [
       -79.6447096345838,
       43.7218394933746
      ],
      [
       -79.644583688086,
       43.721791102106
      ],
      [
       -79.6444904564343,
       43.7216904228485
      ],
      [
       -79.6444271925804,
       43.7216221050093
      ],
      [
       -79.6443639278282,
       43.721553783846
      ],
      [
       -79.644300660381,
       43.7214854613064
      ],
      [
       -79.6442373920356,
       43.7214171425841
      ],
      [
       -79.6441741299783,
       43.7213488198887
      ],
      [
       -79.6441108661244,
       43.7212805029583
      ],
      [
       -79.6440476085588,
       43.7212121840024
      ],
      [
       -79.6439843411116,
       43.7211438649686
      ],
      [
       -79.6439210772577,
       43.7210755458568
      ],
      [
       -79.6438578089123,
       43.7210072273164
      ],
      [
       -79.6436638931852,
       43.7208570536314
      ],
      [
       -79.6435992567055,
       43.7208069982497
      ],
      [
       -79.6434570515994,
       43.7206968736659
      ],
      [
       -79.643368827157,
       43.7206451249617
      ],
      [
       -79.6431923692892,
       43.7205416280686
      ],
      [
       -79.6429146039151,
       43.7203787075021
      ],
      [
       -79.6431779189895,
       43.7200921541437
      ],
      [
       -79.6428855344325,
       43.7199550881941
      ],
      [
       -79.6429925210879,
       43.7198696285172
      ]
     ]
    ]
   },
   "properties": {
    "OBJECTID": 7822,
    "GlobalID": "62f2386c-e711-47ff-9c26-f7c19c8a72d9",
    "Date_Year": "2026",
    "Last_Notification_Date": null,
    "Type": "Downspout_Survey",
    "Planning_Status": "Completed",
    "Scheduled_Date": null,
    "EditDate_1": 1782759539879,
    "Start_Work_Date": "2026-06-19",
    "End_Work_Date": "2026-06-29"
   }
  },
  {
   "type": "Feature",
   "id": 7823,
   "geometry": {
    "type": "Polygon",
    "coordinates": [
     [
      [
       -79.6351730593405,
       43.726265350322
      ],
      [
       -79.6351053075034,
       43.7260727724188
      ],
      [
       -79.6343722418074,
       43.7262083786742
      ],
      [
       -79.6342600386352,
       43.7258894108403
      ],
      [
       -79.6342800117772,
       43.7258031390738
      ],
      [
       -79.6341983279684,
       43.7257139790087
      ],
      [
       -79.6340858472167,
       43.7253942035625
      ],
      [
       -79.6342691134162,
       43.7253603002683
      ],
      [
       -79.6341566766819,
       43.7250406605604
      ],
      [
       -79.63412724428,
       43.7249401996957
      ],
      [
       -79.6339765447046,
       43.7248305085736
      ],
      [
       -79.6338736992826,
       43.7245381195467
      ],
      [
       -79.6329940339221,
       43.7247008411879
      ],
      [
       -79.6327521283959,
       43.7247455901297
      ],
      [
       -79.632321457184,
       43.7248252540828
      ],
      [
       -79.6322655424475,
       43.7246940435733
      ],
      [
       -79.6322187986117,
       43.7245611371017
      ],
      [
       -79.6321720538776,
       43.7244282322828
      ],
      [
       -79.6321103791434,
       43.724353979438
      ],
      [
       -79.6320487196806,
       43.724279722606
      ],
      [
       -79.6319240622653,
       43.7241977766729
      ],
      [
       -79.6319085923778,
       43.7241876045098
      ],
      [
       -79.631768459685,
       43.724095486921
      ],
      [
       -79.6316283368738,
       43.7240033691907
      ],
      [
       -79.6314881996894,
       43.7239112506695
      ],
      [
       -79.6313480732849,
       43.7238191281114
      ],
      [
       -79.6309031682674,
       43.7235266529986
      ],
      [
       -79.6308354065489,
       43.7234821050467
      ],
      [
       -79.630748334645,
       43.7234248619837
      ],
      [
       -79.6307191959922,
       43.7234057262014
      ],
      [
       -79.6296967865364,
       43.7234801003232
      ],
      [
       -79.6295867761517,
       43.7234483577764
      ],
      [
       -79.6294778257791,
       43.7234169164409
      ],
      [
       -79.6293723896159,
       43.7233864904364
      ],
      [
       -79.6292669489611,
       43.7233560644163
      ],
      [
       -79.6291615136962,
       43.7233256377316
      ],
      [
       -79.6290560766347,
       43.7232952116806
      ],
      [
       -79.6289506413698,
       43.7232647856143
      ],
      [
       -79.628845200715,
       43.7232343562864
      ],
      [
       -79.6287397654501,
       43.7232039262938
      ],
      [
       -79.6285640442007,
       43.7231532178285
      ],
      [
       -79.6284396616699,
       43.7231056904107
      ],
      [
       -79.6283405747991,
       43.7230678230892
      ],
      [
       -79.6282553462382,
       43.7230352480459
      ],
      [
       -79.6281702093055,
       43.7230027158323
      ],
      [
       -79.6280703220358,
       43.7229645452677
      ],
      [
       -79.6290345781533,
       43.7220766722204
      ],
      [
       -79.6293255541519,
       43.7218087380655
      ],
      [
       -79.6294015543199,
       43.7216508952318
      ],
      [
       -79.6294775302334,
       43.7214931006736
      ],
      [
       -79.6294899907647,
       43.7214671994038
      ],
      [
       -79.6295740272612,
       43.7213886872473
      ],
      [
       -79.629658101487,
       43.721310137333
      ],
      [
       -79.6296755000574,
       43.7212938814722
      ],
      [
       -79.6297305730725,
       43.7212424189415
      ],
      [
       -79.6298030554378,
       43.7211747004734
      ],
      [
       -79.6299190162629,
       43.7210663489475
      ],
      [
       -79.6300349815796,
       43.7209580063147
      ],
      [
       -79.630150940608,
       43.7208496530985
      ],
      [
       -79.6302669014331,
       43.7207413055293
      ],
      [
       -79.6303828649531,
       43.720632954518
      ],
      [
       -79.6304988230833,
       43.7205246078554
      ],
      [
       -79.630614785705,
       43.7204162571015
      ],
      [
       -79.6307307483267,
       43.7203079061516
      ],
      [
       -79.6308467046602,
       43.7201995550058
      ],
      [
       -79.6309626672819,
       43.7200912043133
      ],
      [
       -79.6310786191238,
       43.719982856671
      ],
      [
       -79.6311945790506,
       43.7198745003927
      ],
      [
       -79.6312991600176,
       43.7199333790286
      ],
      [
       -79.6315677437112,
       43.719682412896
      ],
      [
       -79.6316614847077,
       43.7196363753268
      ],
      [
       -79.6317442833258,
       43.719553426458
      ],
      [
       -79.6322134698054,
       43.7191347394735
      ],
      [
       -79.6330992221503,
       43.719499670611
      ],
      [
       -79.6344170587569,
       43.7195852392387
      ],
      [
       -79.6354260725352,
       43.720260662139
      ],
      [
       -79.6357433754599,
       43.7203500822225
      ],
      [
       -79.6364512919212,
       43.72072616294
      ],
      [
       -79.6375320837856,
       43.7210307208111
      ],
      [
       -79.6375434672369,
       43.7219155567506
      ],
      [
       -79.6385346180157,
       43.7224153573776
      ],
      [
       -79.6393607949893,
       43.7226544114502
      ],
      [
       -79.6401461668893,
       43.7229235811537
      ],
      [
       -79.6400281381425,
       43.7231186264104
      ],
      [
       -79.639978275356,
       43.7231951471476
      ],
      [
       -79.6399225106381,
       43.7232694955628
      ],
      [
       -79.6398610272451,
       43.7233414308111
      ],
      [
       -79.6397940111283,
       43.7234107217864
      ],
      [
       -79.6397216895614,
       43.7234771458229
      ],
      [
       -79.6396442907165,
       43.7235404893442
      ],
      [
       -79.6395620652236,
       43.7236005491614
      ],
      [
       -79.6394752771874,
       43.7236571305258
      ],
      [
       -79.6393842032889,
       43.7237100529707
      ],
      [
       -79.6392891408706,
       43.7237591457675
      ],
      [
       -79.6391903908681,
       43.7238042505222
      ],
      [
       -79.6390882739799,
       43.7238452218243
      ],
      [
       -79.6389831189893,
       43.723881927896
      ],
      [
       -79.6388752627647,
       43.7239142525395
      ],
      [
       -79.6387650529541,
       43.7239420899435
      ],
      [
       -79.6386528443919,
       43.7239653511748
      ],
      [
       -79.6383952623657,
       43.7240130116442
      ],
      [
       -79.6380601108147,
       43.7240750244053
      ],
      [
       -79.6376019610366,
       43.7241597931875
      ],
      [
       -79.6374885325623,
       43.7242874791202
      ],
      [
       -79.637487551602,
       43.7242868461606
      ],
      [
       -79.6374634884305,
       43.7244985503133
      ],
      [
       -79.6376335871245,
       43.7249620764834
      ],
      [
       -79.6360483741601,
       43.7254133361129
      ],
      [
       -79.6362727984709,
       43.7260512745029
      ],
      [
       -79.6358146334215,
       43.7261360365936
      ],
      [
       -79.6356821256288,
       43.7261694415361
      ],
      [
       -79.6355762241383,
       43.7261907615374
      ],
      [
       -79.6351730593405,
       43.726265350322
      ]
     ]
    ]
   },
   "properties": {
    "OBJECTID": 7823,
    "GlobalID": "6be90e93-3866-4325-bc3c-c72af60363d4",
    "Date_Year": "2026",
    "Last_Notification_Date": null,
    "Type": "Downspout_Survey",
    "Planning_Status": "Completed",
    "Scheduled_Date": null,
    "EditDate_1": 1790944915840,
    "Start_Work_Date": "2026-09-25",
    "End_Work_Date": "2026-10-02"
   }
  },
  {
   "type": "Feature",
   "id": 8368,
   "geometry": {
    "type": "Polygon",
    "coordinates": [
     [
      [
       -79.643522403138,
       43.7248137336719
      ],
      [
       -79.6440434745118,
       43.7251165316098
      ],
      [
       -79.6443496580047,
       43.7254600464155
      ],
      [
       -79.6457703454328,
       43.7270538661182
      ],
      [
       -79.6429347962025,
       43.729572272679
      ],
      [
       -79.6421074919026,
       43.7303171422568
      ],
      [
       -79.6413654635878,
       43.7309472282789
      ],
      [
       -79.6414453957932,
       43.7310061297294
      ],
      [
       -79.6416961838609,
       43.7307923837288
      ],
      [
       -79.642896213019,
       43.7316326531303
      ],
      [
       -79.6426514357132,
       43.7318668380984
      ],
      [
       -79.6431840779376,
       43.7321595753455
      ],
      [
       -79.6424561437483,
       43.7327961332911
      ],
      [
       -79.6427124588029,
       43.732952386679
      ],
      [
       -79.6424265656083,
       43.7332023897224
      ],
      [
       -79.6425289539592,
       43.7332377222478
      ],
      [
       -79.6424461318734,
       43.7339083578755
      ],
      [
       -79.6430523684059,
       43.7342415306807
      ],
      [
       -79.6418638129299,
       43.7353115691067
      ],
      [
       -79.6404347129451,
       43.7344943470139
      ],
      [
       -79.6409293873243,
       43.7341421591345
      ],
      [
       -79.6400513398296,
       43.7335438948655
      ],
      [
       -79.6398200487968,
       43.7336947682681
      ],
      [
       -79.6395389336051,
       43.7337902677635
      ],
      [
       -79.6392317169644,
       43.7338225753766
      ],
      [
       -79.638924771615,
       43.7337889170149
      ],
      [
       -79.6386444559238,
       43.7336921855496
      ],
      [
       -79.6383779810765,
       43.7335297406026
      ],
      [
       -79.6397178862597,
       43.7323580403777
      ],
      [
       -79.6387880308376,
       43.7323690134658
      ],
      [
       -79.638686787235,
       43.7324736245568
      ],
      [
       -79.6383419671165,
       43.7322662995263
      ],
      [
       -79.6378835604203,
       43.7327247779201
      ],
      [
       -79.6375937872658,
       43.732978174801
      ],
      [
       -79.635584205819,
       43.7315647045964
      ],
      [
       -79.6351404119839,
       43.7313207956138
      ],
      [
       -79.6346403278197,
       43.7310348077519
      ],
      [
       -79.6352963585031,
       43.7304316192909
      ],
      [
       -79.6341551558342,
       43.7295906619351
      ],
      [
       -79.6358012775264,
       43.7286765058152
      ],
      [
       -79.636748568384,
       43.7278351616962
      ],
      [
       -79.6376452185108,
       43.7283660615827
      ],
      [
       -79.6388215918538,
       43.7273212518043
      ],
      [
       -79.6388345304548,
       43.7270615260428
      ],
      [
       -79.6392715501756,
       43.726976029236
      ],
      [
       -79.639433871141,
       43.7270008309221
      ],
      [
       -79.6395204750226,
       43.7269113383219
      ],
      [
       -79.6393291680031,
       43.7266438730636
      ],
      [
       -79.6413028089031,
       43.7261356003518
      ],
      [
       -79.6412229181316,
       43.7260766869134
      ],
      [
       -79.6419350791327,
       43.724832467809
      ],
      [
       -79.643522403138,
       43.7248137336719
      ]
     ]
    ]
   },
   "properties": {
    "OBJECTID": 8368,
    "GlobalID": "1d284733-5649-4826-be8c-5e1c20dc4df2",
    "Date_Year": "2026",
    "Last_Notification_Date": null,
    "Type": "Downspout_Survey",
    "Planning_Status": "Completed",
    "Scheduled_Date": null,
    "EditDate_1": 1790944915840,
    "Start_Work_Date": "2026-09-25",
    "End_Work_Date": "2026-10-02"
   }
  }
 ]
}