"REF_DATE","GEO","DGUID","Completed dwelling units","Type of dwelling unit","UOM","UOM_ID","SCALAR_FACTOR","SCALAR_ID","VECTOR","COORDINATE","VALUE","STATUS","SYMBOL","TERMINATED","DECIMALS"
"1988-06","Toronto, Ontario","2011S0503535","Absorptions","Total units","Units","300","units","0","v1930492","24.1.1","2007","","","","0"
"1988-06","Toronto, Ontario","2011S0503535","Absorptions","Single detached units","Units","300","units","0","v1930521","24.1.2","1965","","","","0"
"1988-06","Toronto, Ontario","2011S0503535","Absorptions","Semi-detached units","Units","300","units","0","v1930550","24.1.3","42","","","","0"
"1988-06","Toronto, Ontario","2011S0503535","Unabsorbed inventory","Total units","Units","300","units","0","v1930777","24.2.1","304","","","","0"
"1988-06","Toronto, Ontario","2011S0503535","Unabsorbed inventory","Single detached units","Units","300","units","0","v1930806","24.2.2","294","","","","0"
"1988-06","Toronto, Ontario","2011S0503535","Unabsorbed inventory","Semi-detached units","Units","300","units","0","v1930835","24.2.3","10","","","","0"
"1988-07","Toronto, Ontario","2011S0503535","Absorptions","Total units","Units","300","units","0","v1930492","24.1.1","1771","","","","0"
"1988-07","Toronto, Ontario","2011S0503535","Absorptions","Single detached units","Units","300","units","0","v1930521","24.1.2","1678","","","","0"
"1988-07","Toronto, Ontario","2011S0503535","Absorptions","Semi-detached units","Units","300","units","0","v1930550","24.1.3","93","","","","0"
"1988-07","Toronto, Ontario","2011S0503535","Unabsorbed inventory","Total units","Units","300","units","0","v1930777","24.2.1","283","","","","0"
"1988-07","Toronto, Ontario","2011S0503535","Unabsorbed inventory","Single detached units","Units","300","units","0","v1930806","24.2.2","274","","","","0"
"1988-07","Toronto, Ontario","2011S0503535","Unabsorbed inventory","Semi-detached units","Units","300","units","0","v1930835","24.2.3","9","","","","0"
"1988-08","Toronto, Ontario","2011S0503535","Absorptions","Total units","Units","300","units","0","v1930492","24.1.1","1563","","","","0"
"1988-08","Toronto, Ontario","2011S0503535","Absorptions","Single detached units","Units","300","units","0","v1930521","24.1.2","1493","","","","0"
"1988-08","Toronto, Ontario","2011S0503535","Absorptions","Semi-detached units","Units","300","units","0","v1930550","24.1.3","70","","","","0"
"1988-08","Toronto, Ontario","2011S0503535","Unabsorbed inventory","Total units","Units","300","units","0","v1930777","24.2.1","295","","","","0"
"1988-08","Toronto, Ontario","2011S0503535","Unabsorbed inventory","Single detached units","Units","300","units","0","v1930806","24.2.2","286","","","","0"
"1988-08","Toronto, Ontario","2011S0503535","Unabsorbed inventory","Semi-detached units","Units","300","units","0","v1930835","24.2.3","9","","","","0"
"1988-09","Toronto, Ontario","2011S0503535","Absorptions","Total units","Units","300","units","0","v1930492","24.1.1","1761","","","","0"
"1988-09","Toronto, Ontario","2011S0503535","Absorptions","Single detached units","Units","300","units","0","v1930521","24.1.2","1715","","","","0"
"1988-09","Toronto, Ontario","2011S0503535","Absorptions","Semi-detached units","Units","300","units","0","v1930550","24.1.3","46","","","","0"
"1988-09","Toronto, Ontario","2011S0503535","Unabsorbed inventory","Total units","Units","300","units","0","v1930777","24.2.1","316","","","","0"
"1988-09","Toronto, Ontario","2011S0503535","Unabsorbed inventory","Single detached units","Units","300","units","0","v1930806","24.2.2","278","","","","0"
"1988-09","Toronto, Ontario","2011S0503535","Unabsorbed inventory","Semi-detached units","Units","300","units","0","v1930835","24.2.3","38","","","","0"
"1988-10","Toronto, Ontario","2011S0503535","Absorptions","Total units","Units","300","units","0","v1930492","24.1.1","1854","","","","0"
"1988-10","Toronto, Ontario","2011S0503535","Absorptions","Single detached units","Units","300","units","0","v1930521","24.1.2","1822","","","","0"
"1988-10","Toronto, Ontario","2011S0503535","Absorptions","Semi-detached units","Units","300","units","0","v1930550","24.1.3","32","","","","0"
"1988-10","Toronto, Ontario","2011S0503535","Unabsorbed inventory","Total units","Units","300","units","0","v1930777","24.2.1","370","","","","0"
"1988-10","Toronto, Ontario","2011S0503535","Unabsorbed inventory","Single detached units","Units","300","units","0","v1930806","24.2.2","320","","","","0"
"1988-10","Toronto, Ontario","2011S0503535","Unabsorbed inventory","Semi-detached units","Units","300","units","0","v1930835","24.2.3","50","","","","0"
"1988-11","Toronto, Ontario","2011S0503535","Absorptions","Total units","Units","300","units","0","v1930492","24.1.1","2123","","","","0"
"1988-11","Toronto, Ontario","2011S0503535","Absorptions","Single detached units","Units","300","units","0","v1930521","24.1.2","2094","","","","0"
"1988-11","Toronto, Ontario","2011S0503535","Absorptions","Semi-detached units","Units","300","units","0","v1930550","24.1.3","29","","","","0"
"1988-11","Toronto, Ontario","2011S0503535","Unabsorbed inventory","Total units","Units","300","units","0","v1930777","24.2.1","366","","","","0"
"1988-11","Toronto, Ontario","2011S0503535","Unabsorbed inventory","Single detached units","Units","300","units","0","v1930806","24.2.2","317","","","","0"
"1988-11","Toronto, Ontario","2011S0503535","Unabsorbed inventory","Semi-detached units","Units","300","units","0","v1930835","24.2.3","49","","","","0"
"1988-12","Toronto, Ontario","2011S0503535","Absorptions","Total units","Units","300","units","0","v1930492","24.1.1","1813","","","","0"
"1988-12","Toronto, Ontario","2011S0503535","Absorptions","Single detached units","Units","300","units","0","v1930521","24.1.2","1766","","","","0"
"1988-12","Toronto, Ontario","2011S0503535","Absorptions","Semi-detached units","Units","300","units","0","v1930550","24.1.3","47","","","","0"
"1988-12","Toronto, Ontario","2011S0503535","Unabsorbed inventory","Total units","Units","300","units","0","v1930777","24.2.1","318","","","","0"
"1988-12","Toronto, Ontario","2011S0503535","Unabsorbed inventory","Single detached units","Units","300","units","0","v1930806","24.2.2","298","","","","0"
"1988-12","Toronto, Ontario","2011S0503535","Unabsorbed inventory","Semi-detached units","Units","300","units","0","v1930835","24.2.3","20","","","","0"
"1989-01","Toronto, Ontario","2011S0503535","Absorptions","Total units","Units","300","units","0","v1930492","24.1.1","1850","","","","0"
"1989-01","Toronto, Ontario","2011S0503535","Absorptions","Single detached units","Units","300","units","0","v1930521","24.1.2","1827","","","","0"
"1989-01","Toronto, Ontario","2011S0503535","Absorptions","Semi-detached units","Units","300","units","0","v1930550","24.1.3","23","","","","0"
"1989-01","Toronto, Ontario","2011S0503535","Unabsorbed inventory","Total units","Units","300","units","0","v1930777","24.2.1","306","","","","0"
"1989-01","Toronto, Ontario","2011S0503535","Unabsorbed inventory","Single detached units","Units","300","units","0","v1930806","24.2.2","287","","","","0"
"1989-01","Toronto, Ontario","2011S0503535","Unabsorbed inventory","Semi-detached units","Units","300","units","0","v1930835","24.2.3","19","","","","0"
"1989-02","Toronto, Ontario","2011S0503535","Absorptions","Total units","Units","300","units","0","v1930492","24.1.1","1521","","","","0"
"1989-02","Toronto, Ontario","2011S0503535","Absorptions","Single detached units","Units","300","units","0","v1930521","24.1.2","1492","","","","0"
"1989-02","Toronto, Ontario","2011S0503535","Absorptions","Semi-detached units","Units","300","units","0","v1930550","24.1.3","29","","","","0"
"1989-02","Toronto, Ontario","2011S0503535","Unabsorbed inventory","Total units","Units","300","units","0","v1930777","24.2.1","162","","","","0"
"1989-02","Toronto, Ontario","2011S0503535","Unabsorbed inventory","Single detached units","Units","300","units","0","v1930806","24.2.2","160","","","","0"
"1989-02","Toronto, Ontario","2011S0503535","Unabsorbed inventory","Semi-detached units","Units","300","units","0","v1930835","24.2.3","2","","","","0"
"1989-03","Toronto, Ontario","2011S0503535","Absorptions","Total units","Units","300","units","0","v1930492","24.1.1","1673","","","","0"
"1989-03","Toronto, Ontario","2011S0503535","Absorptions","Single detached units","Units","300","units","0","v1930521","24.1.2","1618","","","","0"
"1989-03","Toronto, Ontario","2011S0503535","Absorptions","Semi-detached units","Units","300","units","0","v1930550","24.1.3","55","","","","0"
"1989-03","Toronto, Ontario","2011S0503535","Unabsorbed inventory","Total units","Units","300","units","0","v1930777","24.2.1","140","","","","0"
"1989-03","Toronto, Ontario","2011S0503535","Unabsorbed inventory","Single detached units","Units","300","units","0","v1930806","24.2.2","135","","","","0"
"1989-03","Toronto, Ontario","2011S0503535","Unabsorbed inventory","Semi-detached units","Units","300","units","0","v1930835","24.2.3","5","","","","0"
"1989-04","Toronto, Ontario","2011S0503535","Absorptions","Total units","Units","300","units","0","v1930492","24.1.1","1508","","","","0"
"1989-04","Toronto, Ontario","2011S0503535","Absorptions","Single detached units","Units","300","units","0","v1930521","24.1.2","1499","","","","0"
"1989-04","Toronto, Ontario","2011S0503535","Absorptions","Semi-detached units","Units","300","units","0","v1930550","24.1.3","9","","","","0"
"1989-04","Toronto, Ontario","2011S0503535","Unabsorbed inventory","Total units","Units","300","units","0","v1930777","24.2.1","132","","","","0"
"1989-04","Toronto, Ontario","2011S0503535","Unabsorbed inventory","Single detached units","Units","300","units","0","v1930806","24.2.2","126","","","","0"
"1989-04","Toronto, Ontario","2011S0503535","Unabsorbed inventory","Semi-detached units","Units","300","units","0","v1930835","24.2.3","6","","","","0"
"1989-05","Toronto, Ontario","2011S0503535","Absorptions","Total units","Units","300","units","0","v1930492","24.1.1","1316","","","","0"
"1989-05","Toronto, Ontario","2011S0503535","Absorptions","Single detached units","Units","300","units","0","v1930521","24.1.2","1301","","","","0"
"1989-05","Toronto, Ontario","2011S0503535","Absorptions","Semi-detached units","Units","300","units","0","v1930550","24.1.3","15","","","","0"
"1989-05","Toronto, Ontario","2011S0503535","Unabsorbed inventory","Total units","Units","300","units","0","v1930777","24.2.1","137","","","","0"
"1989-05","Toronto, Ontario","2011S0503535","Unabsorbed inventory","Single detached units","Units","300","units","0","v1930806","24.2.2","130","","","","0"
"1989-05","Toronto, Ontario","2011S0503535","Unabsorbed inventory","Semi-detached units","Units","300","units","0","v1930835","24.2.3","7","","","","0"
"1989-06","Toronto, Ontario","2011S0503535","Absorptions","Total units","Units","300","units","0","v1930492","24.1.1","1508","","","","0"
"1989-06","Toronto, Ontario","2011S0503535","Absorptions","Single detached units","Units","300","units","0","v1930521","24.1.2","1485","","","","0"
"1989-06","Toronto, Ontario","2011S0503535","Absorptions","Semi-detached units","Units","300","units","0","v1930550","24.1.3","23","","","","0"
"1989-06","Toronto, Ontario","2011S0503535","Unabsorbed inventory","Total units","Units","300","units","0","v1930777","24.2.1","157","","","","0"
"1989-06","Toronto, Ontario","2011S0503535","Unabsorbed inventory","Single detached units","Units","300","units","0","v1930806","24.2.2","151","","","","0"
"1989-06","Toronto, Ontario","2011S0503535","Unabsorbed inventory","Semi-detached units","Units","300","units","0","v1930835","24.2.3","6","","","","0"
"1989-07","Toronto, Ontario","2011S0503535","Absorptions","Total units","Units","300","units","0","v1930492","24.1.1","1541","","","","0"
"1989-07","Toronto, Ontario","2011S0503535","Absorptions","Single detached units","Units","300","units","0","v1930521","24.1.2","1528","","","","0"
"1989-07","Toronto, Ontario","2011S0503535","Absorptions","Semi-detached units","Units","300","units","0","v1930550","24.1.3","13","","","","0"
"1989-07","Toronto, Ontario","2011S0503535","Unabsorbed inventory","Total units","Units","300","units","0","v1930777","24.2.1","147","","","","0"
"1989-07","Toronto, Ontario","2011S0503535","Unabsorbed inventory","Single detached units","Units","300","units","0","v1930806","24.2.2","142","","","","0"
"1989-07","Toronto, Ontario","2011S0503535","Unabsorbed inventory","Semi-detached units","Units","300","units","0","v1930835","24.2.3","5","","","","0"
"1989-08","Toronto, Ontario","2011S0503535","Absorptions","Total units","Units","300","units","0","v1930492","24.1.1","1351","","","","0"
"1989-08","Toronto, Ontario","2011S0503535","Absorptions","Single detached units","Units","300","units","0","v1930521","24.1.2","1339","","","","0"
"1989-08","Toronto, Ontario","2011S0503535","Absorptions","Semi-detached units","Units","300","units","0","v1930550","24.1.3","12","","","","0"
"1989-08","Toronto, Ontario","2011S0503535","Unabsorbed inventory","Total units","Units","300","units","0","v1930777","24.2.1","163","","","","0"
"1989-08","Toronto, Ontario","2011S0503535","Unabsorbed inventory","Single detached units","Units","300","units","0","v1930806","24.2.2","158","","","","0"
"1989-08","Toronto, Ontario","2011S0503535","Unabsorbed inventory","Semi-detached units","Units","300","units","0","v1930835","24.2.3","5","","","","0"
"1989-09","Toronto, Ontario","2011S0503535","Absorptions","Total units","Units","300","units","0","v1930492","24.1.1","1611","","","","0"
"1989-09","Toronto, Ontario","2011S0503535","Absorptions","Single detached units","Units","300","units","0","v1930521","24.1.2","1601","","","","0"
"1989-09","Toronto, Ontario","2011S0503535","Absorptions","Semi-detached units","Units","300","units","0","v1930550","24.1.3","10","","","","0"
"1989-09","Toronto, Ontario","2011S0503535","Unabsorbed inventory","Total units","Units","300","units","0","v1930777","24.2.1","309","","","","0"
"1989-09","Toronto, Ontario","2011S0503535","Unabsorbed inventory","Single detached units","Units","300","units","0","v1930806","24.2.2","302","","","","0"
"1989-09","Toronto, Ontario","2011S0503535","Unabsorbed inventory","Semi-detached units","Units","300","units","0","v1930835","24.2.3","7","","","","0"
"1989-10","Toronto, Ontario","2011S0503535","Absorptions","Total units","Units","300","units","0","v1930492","24.1.1","1383","","","","0"
"1989-10","Toronto, Ontario","2011S0503535","Absorptions","Single detached units","Units","300","units","0","v1930521","24.1.2","1375","","","","0"
"1989-10","Toronto, Ontario","2011S0503535","Absorptions","Semi-detached units","Units","300","units","0","v1930550","24.1.3","8","","","","0"
"1989-10","Toronto, Ontario","2011S0503535","Unabsorbed inventory","Total units","Units","300","units","0","v1930777","24.2.1","367","","","","0"
"1989-10","Toronto, Ontario","2011S0503535","Unabsorbed inventory","Single detached units","Units","300","units","0","v1930806","24.2.2","360","","","","0"
"1989-10","Toronto, Ontario","2011S0503535","Unabsorbed inventory","Semi-detached units","Units","300","units","0","v1930835","24.2.3","7","","","","0"
"1989-11","Toronto, Ontario","2011S0503535","Absorptions","Total units","Units","300","units","0","v1930492","24.1.1","1210","","","","0"
"1989-11","Toronto, Ontario","2011S0503535","Absorptions","Single detached units","Units","300","units","0","v1930521","24.1.2","1199","","","","0"
"1989-11","Toronto, Ontario","2011S0503535","Absorptions","Semi-detached units","Units","300","units","0","v1930550","24.1.3","11","","","","0"
"1989-11","Toronto, Ontario","2011S0503535","Unabsorbed inventory","Total units","Units","300","units","0","v1930777","24.2.1","492","","","","0"
"1989-11","Toronto, Ontario","2011S0503535","Unabsorbed inventory","Single detached units","Units","300","units","0","v1930806","24.2.2","486","","","","0"
"1989-11","Toronto, Ontario","2011S0503535","Unabsorbed inventory","Semi-detached units","Units","300","units","0","v1930835","24.2.3","6","","","","0"
"1989-12","Toronto, Ontario","2011S0503535","Absorptions","Total units","Units","300","units","0","v1930492","24.1.1","1341","","","","0"
"1989-12","Toronto, Ontario","2011S0503535","Absorptions","Single detached units","Units","300","units","0","v1930521","24.1.2","1331","","","","0"
"1989-12","Toronto, Ontario","2011S0503535","Absorptions","Semi-detached units","Units","300","units","0","v1930550","24.1.3","10","","","","0"
"1989-12","Toronto, Ontario","2011S0503535","Unabsorbed inventory","Total units","Units","300","units","0","v1930777","24.2.1","526","","","","0"
"1989-12","Toronto, Ontario","2011S0503535","Unabsorbed inventory","Single detached units","Units","300","units","0","v1930806","24.2.2","520","","","","0"
"1989-12","Toronto, Ontario","2011S0503535","Unabsorbed inventory","Semi-detached units","Units","300","units","0","v1930835","24.2.3","6","","","","0"
"1990-01","Toronto, Ontario","2011S0503535","Absorptions","Total units","Units","300","units","0","v1930492","24.1.1","1079","","","","0"
"1990-01","Toronto, Ontario","2011S0503535","Absorptions","Single detached units","Units","300","units","0","v1930521","24.1.2","1069","","","","0"
"1990-01","Toronto, Ontario","2011S0503535","Absorptions","Semi-detached units","Units","300","units","0","v1930550","24.1.3","10","","","","0"
"1990-01","Toronto, Ontario","2011S0503535","Unabsorbed inventory","Total units","Units","300","units","0","v1930777","24.2.1","543","","","","0"
"1990-01","Toronto, Ontario","2011S0503535","Unabsorbed inventory","Single detached units","Units","300","units","0","v1930806","24.2.2","527","","","","0"
"1990-01","Toronto, Ontario","2011S0503535","Unabsorbed inventory","Semi-detached units","Units","300","units","0","v1930835","24.2.3","16","","","","0"
"1990-02","Toronto, Ontario","2011S0503535","Absorptions","Total units","Units","300","units","0","v1930492","24.1.1","1080","","","","0"
"1990-02","Toronto, Ontario","2011S0503535","Absorptions","Single detached units","Units","300","units","0","v1930521","24.1.2","1073","","","","0"
"1990-02","Toronto, Ontario","2011S0503535","Absorptions","Semi-detached units","Units","300","units","0","v1930550","24.1.3","7","","","","0"
"1990-02","Toronto, Ontario","2011S0503535","Unabsorbed inventory","Total units","Units","300","units","0","v1930777","24.2.1","541","","","","0"
"1990-02","Toronto, Ontario","2011S0503535","Unabsorbed inventory","Single detached units","Units","300","units","0","v1930806","24.2.2","522","","","","0"
"1990-02","Toronto, Ontario","2011S0503535","Unabsorbed inventory","Semi-detached units","Units","300","units","0","v1930835","24.2.3","19","","","","0"
"1990-03","Toronto, Ontario","2011S0503535","Absorptions","Total units","Units","300","units","0","v1930492","24.1.1","1012","","","","0"
"1990-03","Toronto, Ontario","2011S0503535","Absorptions","Single detached units","Units","300","units","0","v1930521","24.1.2","1007","","","","0"
"1990-03","Toronto, Ontario","2011S0503535","Absorptions","Semi-detached units","Units","300","units","0","v1930550","24.1.3","5","","","","0"
"1990-03","Toronto, Ontario","2011S0503535","Unabsorbed inventory","Total units","Units","300","units","0","v1930777","24.2.1","624","","","","0"
"1990-03","Toronto, Ontario","2011S0503535","Unabsorbed inventory","Single detached units","Units","300","units","0","v1930806","24.2.2","602","","","","0"
"1990-03","Toronto, Ontario","2011S0503535","Unabsorbed inventory","Semi-detached units","Units","300","units","0","v1930835","24.2.3","22","","","","0"
"1990-04","Toronto, Ontario","2011S0503535","Absorptions","Total units","Units","300","units","0","v1930492","24.1.1","961","","","","0"
"1990-04","Toronto, Ontario","2011S0503535","Absorptions","Single detached units","Units","300","units","0","v1930521","24.1.2","952","","","","0"
"1990-04","Toronto, Ontario","2011S0503535","Absorptions","Semi-detached units","Units","300","units","0","v1930550","24.1.3","9","","","","0"
"1990-04","Toronto, Ontario","2011S0503535","Unabsorbed inventory","Total units","Units","300","units","0","v1930777","24.2.1","775","","","","0"
"1990-04","Toronto, Ontario","2011S0503535","Unabsorbed inventory","Single detached units","Units","300","units","0","v1930806","24.2.2","748","","","","0"
"1990-04","Toronto, Ontario","2011S0503535","Unabsorbed inventory","Semi-detached units","Units","300","units","0","v1930835","24.2.3","27","","","","0"
"1990-05","Toronto, Ontario","2011S0503535","Absorptions","Total units","Units","300","units","0","v1930492","24.1.1","629","","","","0"
"1990-05","Toronto, Ontario","2011S0503535","Absorptions","Single detached units","Units","300","units","0","v1930521","24.1.2","606","","","","0"
"1990-05","Toronto, Ontario","2011S0503535","Absorptions","Semi-detached units","Units","300","units","0","v1930550","24.1.3","23","","","","0"
"1990-05","Toronto, Ontario","2011S0503535","Unabsorbed inventory","Total units","Units","300","units","0","v1930777","24.2.1","1051","","","","0"
"1990-05","Toronto, Ontario","2011S0503535","Unabsorbed inventory","Single detached units","Units","300","units","0","v1930806","24.2.2","1019","","","","0"
"1990-05","Toronto, Ontario","2011S0503535","Unabsorbed inventory","Semi-detached units","Units","300","units","0","v1930835","24.2.3","32","","","","0"
"1990-06","Toronto, Ontario","2011S0503535","Absorptions","Total units","Units","300","units","0","v1930492","24.1.1","983","","","","0"
"1990-06","Toronto, Ontario","2011S0503535","Absorptions","Single detached units","Units","300","units","0","v1930521","24.1.2","971","","","","0"
"1990-06","Toronto, Ontario","2011S0503535","Absorptions","Semi-detached units","Units","300","units","0","v1930550","24.1.3","12","","","","0"
"1990-06","Toronto, Ontario","2011S0503535","Unabsorbed inventory","Total units","Units","300","units","0","v1930777","24.2.1","1060","","","","0"
"1990-06","Toronto, Ontario","2011S0503535","Unabsorbed inventory","Single detached units","Units","300","units","0","v1930806","24.2.2","1024","","","","0"
"1990-06","Toronto, Ontario","2011S0503535","Unabsorbed inventory","Semi-detached units","Units","300","units","0","v1930835","24.2.3","36","","","","0"
"1990-07","Toronto, Ontario","2011S0503535","Absorptions","Total units","Units","300","units","0","v1930492","24.1.1","873","","","","0"
"1990-07","Toronto, Ontario","2011S0503535","Absorptions","Single detached units","Units","300","units","0","v1930521","24.1.2","855","","","","0"
"1990-07","Toronto, Ontario","2011S0503535","Absorptions","Semi-detached units","Units","300","units","0","v1930550","24.1.3","18","","","","0"
"1990-07","Toronto, Ontario","2011S0503535","Unabsorbed inventory","Total units","Units","300","units","0","v1930777","24.2.1","973","","","","0"
"1990-07","Toronto, Ontario","2011S0503535","Unabsorbed inventory","Single detached units","Units","300","units","0","v1930806","24.2.2","941","","","","0"
"1990-07","Toronto, Ontario","2011S0503535","Unabsorbed inventory","Semi-detached units","Units","300","units","0","v1930835","24.2.3","32","","","","0"
"1990-08","Toronto, Ontario","2011S0503535","Absorptions","Total units","Units","300","units","0","v1930492","24.1.1","941","","","","0"
"1990-08","Toronto, Ontario","2011S0503535","Absorptions","Single detached units","Units","300","units","0","v1930521","24.1.2","928","","","","0"
"1990-08","Toronto, Ontario","2011S0503535","Absorptions","Semi-detached units","Units","300","units","0","v1930550","24.1.3","13","","","","0"
"1990-08","Toronto, Ontario","2011S0503535","Unabsorbed inventory","Total units","Units","300","units","0","v1930777","24.2.1","974","","","","0"
"1990-08","Toronto, Ontario","2011S0503535","Unabsorbed inventory","Single detached units","Units","300","units","0","v1930806","24.2.2","939","","","","0"
"1990-08","Toronto, Ontario","2011S0503535","Unabsorbed inventory","Semi-detached units","Units","300","units","0","v1930835","24.2.3","35","","","","0"
"1990-09","Toronto, Ontario","2011S0503535","Absorptions","Total units","Units","300","units","0","v1930492","24.1.1","1066","","","","0"
"1990-09","Toronto, Ontario","2011S0503535","Absorptions","Single detached units","Units","300","units","0","v1930521","24.1.2","1043","","","","0"
"1990-09","Toronto, Ontario","2011S0503535","Absorptions","Semi-detached units","Units","300","units","0","v1930550","24.1.3","23","","","","0"
"1990-09","Toronto, Ontario","2011S0503535","Unabsorbed inventory","Total units","Units","300","units","0","v1930777","24.2.1","1044","","","","0"
"1990-09","Toronto, Ontario","2011S0503535","Unabsorbed inventory","Single detached units","Units","300","units","0","v1930806","24.2.2","1012","","","","0"
"1990-09","Toronto, Ontario","2011S0503535","Unabsorbed inventory","Semi-detached units","Units","300","units","0","v1930835","24.2.3","32","","","","0"
"1990-10","Toronto, Ontario","2011S0503535","Absorptions","Total units","Units","300","units","0","v1930492","24.1.1","816","","","","0"
"1990-10","Toronto, Ontario","2011S0503535","Absorptions","Single detached units","Units","300","units","0","v1930521","24.1.2","775","","","","0"
"1990-10","Toronto, Ontario","2011S0503535","Absorptions","Semi-detached units","Units","300","units","0","v1930550","24.1.3","41","","","","0"
"1990-10","Toronto, Ontario","2011S0503535","Unabsorbed inventory","Total units","Units","300","units","0","v1930777","24.2.1","1070","","","","0"
"1990-10","Toronto, Ontario","2011S0503535","Unabsorbed inventory","Single detached units","Units","300","units","0","v1930806","24.2.2","1033","","","","0"
"1990-10","Toronto, Ontario","2011S0503535","Unabsorbed inventory","Semi-detached units","Units","300","units","0","v1930835","24.2.3","37","","","","0"
"1990-11","Toronto, Ontario","2011S0503535","Absorptions","Total units","Units","300","units","0","v1930492","24.1.1","763","","","","0"
"1990-11","Toronto, Ontario","2011S0503535","Absorptions","Single detached units","Units","300","units","0","v1930521","24.1.2","761","","","","0"
"1990-11","Toronto, Ontario","2011S0503535","Absorptions","Semi-detached units","Units","300","units","0","v1930550","24.1.3","2","","","","0"
"1990-11","Toronto, Ontario","2011S0503535","Unabsorbed inventory","Total units","Units","300","units","0","v1930777","24.2.1","1151","","","","0"
"1990-11","Toronto, Ontario","2011S0503535","Unabsorbed inventory","Single detached units","Units","300","units","0","v1930806","24.2.2","1110","","","","0"
"1990-11","Toronto, Ontario","2011S0503535","Unabsorbed inventory","Semi-detached units","Units","300","units","0","v1930835","24.2.3","41","","","","0"
"1990-12","Toronto, Ontario","2011S0503535","Absorptions","Total units","Units","300","units","0","v1930492","24.1.1","889","","","","0"
"1990-12","Toronto, Ontario","2011S0503535","Absorptions","Single detached units","Units","300","units","0","v1930521","24.1.2","875","","","","0"
"1990-12","Toronto, Ontario","2011S0503535","Absorptions","Semi-detached units","Units","300","units","0","v1930550","24.1.3","14","","","","0"
"1990-12","Toronto, Ontario","2011S0503535","Unabsorbed inventory","Total units","Units","300","units","0","v1930777","24.2.1","1092","","","","0"
"1990-12","Toronto, Ontario","2011S0503535","Unabsorbed inventory","Single detached units","Units","300","units","0","v1930806","24.2.2","1055","","","","0"
"1990-12","Toronto, Ontario","2011S0503535","Unabsorbed inventory","Semi-detached units","Units","300","units","0","v1930835","24.2.3","37","","","","0"
"1991-01","Toronto, Ontario","2011S0503535","Absorptions","Total units","Units","300","units","0","v1930492","24.1.1","1466","","","","0"
"1991-01","Toronto, Ontario","2011S0503535","Absorptions","Single detached units","Units","300","units","0","v1930521","24.1.2","1432","","","","0"
"1991-01","Toronto, Ontario","2011S0503535","Absorptions","Semi-detached units","Units","300","units","0","v1930550","24.1.3","34","","","","0"
"1991-01","Toronto, Ontario","2011S0503535","Unabsorbed inventory","Total units","Units","300","units","0","v1930777","24.2.1","906","","","","0"
"1991-01","Toronto, Ontario","2011S0503535","Unabsorbed inventory","Single detached units","Units","300","units","0","v1930806","24.2.2","871","","","","0"
"1991-01","Toronto, Ontario","2011S0503535","Unabsorbed inventory","Semi-detached units","Units","300","units","0","v1930835","24.2.3","35","","","","0"
"1991-02","Toronto, Ontario","2011S0503535","Absorptions","Total units","Units","300","units","0","v1930492","24.1.1","730","","","","0"
"1991-02","Toronto, Ontario","2011S0503535","Absorptions","Single detached units","Units","300","units","0","v1930521","24.1.2","713","","","","0"
"1991-02","Toronto, Ontario","2011S0503535","Absorptions","Semi-detached units","Units","300","units","0","v1930550","24.1.3","17","","","","0"
"1991-02","Toronto, Ontario","2011S0503535","Unabsorbed inventory","Total units","Units","300","units","0","v1930777","24.2.1","800","","","","0"
"1991-02","Toronto, Ontario","2011S0503535","Unabsorbed inventory","Single detached units","Units","300","units","0","v1930806","24.2.2","756","","","","0"
"1991-02","Toronto, Ontario","2011S0503535","Unabsorbed inventory","Semi-detached units","Units","300","units","0","v1930835","24.2.3","44","","","","0"
"1991-03","Toronto, Ontario","2011S0503535","Absorptions","Total units","Units","300","units","0","v1930492","24.1.1","570","","","","0"
"1991-03","Toronto, Ontario","2011S0503535","Absorptions","Single detached units","Units","300","units","0","v1930521","24.1.2","553","","","","0"
"1991-03","Toronto, Ontario","2011S0503535","Absorptions","Semi-detached units","Units","300","units","0","v1930550","24.1.3","17","","","","0"
"1991-03","Toronto, Ontario","2011S0503535","Unabsorbed inventory","Total units","Units","300","units","0","v1930777","24.2.1","767","","","","0"
"1991-03","Toronto, Ontario","2011S0503535","Unabsorbed inventory","Single detached units","Units","300","units","0","v1930806","24.2.2","724","","","","0"
"1991-03","Toronto, Ontario","2011S0503535","Unabsorbed inventory","Semi-detached units","Units","300","units","0","v1930835","24.2.3","43","","","","0"
"1991-04","Toronto, Ontario","2011S0503535","Absorptions","Total units","Units","300","units","0","v1930492","24.1.1","622","","","","0"
"1991-04","Toronto, Ontario","2011S0503535","Absorptions","Single detached units","Units","300","units","0","v1930521","24.1.2","611","","","","0"
"1991-04","Toronto, Ontario","2011S0503535","Absorptions","Semi-detached units","Units","300","units","0","v1930550","24.1.3","11","","","","0"
"1991-04","Toronto, Ontario","2011S0503535","Unabsorbed inventory","Total units","Units","300","units","0","v1930777","24.2.1","712","","","","0"
"1991-04","Toronto, Ontario","2011S0503535","Unabsorbed inventory","Single detached units","Units","300","units","0","v1930806","24.2.2","670","","","","0"
"1991-04","Toronto, Ontario","2011S0503535","Unabsorbed inventory","Semi-detached units","Units","300","units","0","v1930835","24.2.3","42","","","","0"
"1991-05","Toronto, Ontario","2011S0503535","Absorptions","Total units","Units","300","units","0","v1930492","24.1.1","618","","","","0"
"1991-05","Toronto, Ontario","2011S0503535","Absorptions","Single detached units","Units","300","units","0","v1930521","24.1.2","614","","","","0"
"1991-05","Toronto, Ontario","2011S0503535","Absorptions","Semi-detached units","Units","300","units","0","v1930550","24.1.3","4","","","","0"
"1991-05","Toronto, Ontario","2011S0503535","Unabsorbed inventory","Total units","Units","300","units","0","v1930777","24.2.1","615","","","","0"
"1991-05","Toronto, Ontario","2011S0503535","Unabsorbed inventory","Single detached units","Units","300","units","0","v1930806","24.2.2","575","","","","0"
"1991-05","Toronto, Ontario","2011S0503535","Unabsorbed inventory","Semi-detached units","Units","300","units","0","v1930835","24.2.3","40","","","","0"
"1991-06","Toronto, Ontario","2011S0503535","Absorptions","Total units","Units","300","units","0","v1930492","24.1.1","643","","","","0"
"1991-06","Toronto, Ontario","2011S0503535","Absorptions","Single detached units","Units","300","units","0","v1930521","24.1.2","637","","","","0"
"1991-06","Toronto, Ontario","2011S0503535","Absorptions","Semi-detached units","Units","300","units","0","v1930550","24.1.3","6","","","","0"
"1991-06","Toronto, Ontario","2011S0503535","Unabsorbed inventory","Total units","Units","300","units","0","v1930777","24.2.1","536","","","","0"
"1991-06","Toronto, Ontario","2011S0503535","Unabsorbed inventory","Single detached units","Units","300","units","0","v1930806","24.2.2","496","","","","0"
"1991-06","Toronto, Ontario","2011S0503535","Unabsorbed inventory","Semi-detached units","Units","300","units","0","v1930835","24.2.3","40","","","","0"
"1991-07","Toronto, Ontario","2011S0503535","Absorptions","Total units","Units","300","units","0","v1930492","24.1.1","720","","","","0"
"1991-07","Toronto, Ontario","2011S0503535","Absorptions","Single detached units","Units","300","units","0","v1930521","24.1.2","706","","","","0"
"1991-07","Toronto, Ontario","2011S0503535","Absorptions","Semi-detached units","Units","300","units","0","v1930550","24.1.3","14","","","","0"
"1991-07","Toronto, Ontario","2011S0503535","Unabsorbed inventory","Total units","Units","300","units","0","v1930777","24.2.1","478","","","","0"
"1991-07","Toronto, Ontario","2011S0503535","Unabsorbed inventory","Single detached units","Units","300","units","0","v1930806","24.2.2","436","","","","0"
"1991-07","Toronto, Ontario","2011S0503535","Unabsorbed inventory","Semi-detached units","Units","300","units","0","v1930835","24.2.3","42","","","","0"
"1991-08","Toronto, Ontario","2011S0503535","Absorptions","Total units","Units","300","units","0","v1930492","24.1.1","792","","","","0"
"1991-08","Toronto, Ontario","2011S0503535","Absorptions","Single detached units","Units","300","units","0","v1930521","24.1.2","777","","","","0"
"1991-08","Toronto, Ontario","2011S0503535","Absorptions","Semi-detached units","Units","300","units","0","v1930550","24.1.3","15","","","","0"
"1991-08","Toronto, Ontario","2011S0503535","Unabsorbed inventory","Total units","Units","300","units","0","v1930777","24.2.1","397","","","","0"
"1991-08","Toronto, Ontario","2011S0503535","Unabsorbed inventory","Single detached units","Units","300","units","0","v1930806","24.2.2","360","","","","0"
"1991-08","Toronto, Ontario","2011S0503535","Unabsorbed inventory","Semi-detached units","Units","300","units","0","v1930835","24.2.3","37","","","","0"
"1991-09","Toronto, Ontario","2011S0503535","Absorptions","Total units","Units","300","units","0","v1930492","24.1.1","998","","","","0"
"1991-09","Toronto, Ontario","2011S0503535","Absorptions","Single detached units","Units","300","units","0","v1930521","24.1.2","994","","","","0"
"1991-09","Toronto, Ontario","2011S0503535","Absorptions","Semi-detached units","Units","300","units","0","v1930550","24.1.3","4","","","","0"
"1991-09","Toronto, Ontario","2011S0503535","Unabsorbed inventory","Total units","Units","300","units","0","v1930777","24.2.1","392","","","","0"
"1991-09","Toronto, Ontario","2011S0503535","Unabsorbed inventory","Single detached units","Units","300","units","0","v1930806","24.2.2","355","","","","0"
"1991-09","Toronto, Ontario","2011S0503535","Unabsorbed inventory","Semi-detached units","Units","300","units","0","v1930835","24.2.3","37","","","","0"
"1991-10","Toronto, Ontario","2011S0503535","Absorptions","Total units","Units","300","units","0","v1930492","24.1.1","1266","","","","0"
"1991-10","Toronto, Ontario","2011S0503535","Absorptions","Single detached units","Units","300","units","0","v1930521","24.1.2","1249","","","","0"
"1991-10","Toronto, Ontario","2011S0503535","Absorptions","Semi-detached units","Units","300","units","0","v1930550","24.1.3","17","","","","0"
"1991-10","Toronto, Ontario","2011S0503535","Unabsorbed inventory","Total units","Units","300","units","0","v1930777","24.2.1","380","","","","0"
"1991-10","Toronto, Ontario","2011S0503535","Unabsorbed inventory","Single detached units","Units","300","units","0","v1930806","24.2.2","336","","","","0"
"1991-10","Toronto, Ontario","2011S0503535","Unabsorbed inventory","Semi-detached units","Units","300","units","0","v1930835","24.2.3","44","","","","0"
"1991-11","Toronto, Ontario","2011S0503535","Absorptions","Total units","Units","300","units","0","v1930492","24.1.1","1263","","","","0"
"1991-11","Toronto, Ontario","2011S0503535","Absorptions","Single detached units","Units","300","units","0","v1930521","24.1.2","1247","","","","0"
"1991-11","Toronto, Ontario","2011S0503535","Absorptions","Semi-detached units","Units","300","units","0","v1930550","24.1.3","16","","","","0"
"1991-11","Toronto, Ontario","2011S0503535","Unabsorbed inventory","Total units","Units","300","units","0","v1930777","24.2.1","382","","","","0"
"1991-11","Toronto, Ontario","2011S0503535","Unabsorbed inventory","Single detached units","Units","300","units","0","v1930806","24.2.2","338","","","","0"
"1991-11","Toronto, Ontario","2011S0503535","Unabsorbed inventory","Semi-detached units","Units","300","units","0","v1930835","24.2.3","44","","","","0"
"1991-12","Toronto, Ontario","2011S0503535","Absorptions","Total units","Units","300","units","0","v1930492","24.1.1","976","","","","0"
"1991-12","Toronto, Ontario","2011S0503535","Absorptions","Single detached units","Units","300","units","0","v1930521","24.1.2","968","","","","0"
"1991-12","Toronto, Ontario","2011S0503535","Absorptions","Semi-detached units","Units","300","units","0","v1930550","24.1.3","8","","","","0"
"1991-12","Toronto, Ontario","2011S0503535","Unabsorbed inventory","Total units","Units","300","units","0","v1930777","24.2.1","404","","","","0"
"1991-12","Toronto, Ontario","2011S0503535","Unabsorbed inventory","Single detached units","Units","300","units","0","v1930806","24.2.2","356","","","","0"
"1991-12","Toronto, Ontario","2011S0503535","Unabsorbed inventory","Semi-detached units","Units","300","units","0","v1930835","24.2.3","48","","","","0"
"1992-01","Toronto, Ontario","2011S0503535","Absorptions","Total units","Units","300","units","0","v1930492","24.1.1","1004","","","","0"
"1992-01","Toronto, Ontario","2011S0503535","Absorptions","Single detached units","Units","300","units","0","v1930521","24.1.2","977","","","","0"
"1992-01","Toronto, Ontario","2011S0503535","Absorptions","Semi-detached units","Units","300","units","0","v1930550","24.1.3","27","","","","0"
"1992-01","Toronto, Ontario","2011S0503535","Unabsorbed inventory","Total units","Units","300","units","0","v1930777","24.2.1","429","","","","0"
"1992-01","Toronto, Ontario","2011S0503535","Unabsorbed inventory","Single detached units","Units","300","units","0","v1930806","24.2.2","378","","","","0"
"1992-01","Toronto, Ontario","2011S0503535","Unabsorbed inventory","Semi-detached units","Units","300","units","0","v1930835","24.2.3","51","","","","0"
"1992-02","Toronto, Ontario","2011S0503535","Absorptions","Total units","Units","300","units","0","v1930492","24.1.1","796","","","","0"
"1992-02","Toronto, Ontario","2011S0503535","Absorptions","Single detached units","Units","300","units","0","v1930521","24.1.2","759","","","","0"
"1992-02","Toronto, Ontario","2011S0503535","Absorptions","Semi-detached units","Units","300","units","0","v1930550","24.1.3","37","","","","0"
"1992-02","Toronto, Ontario","2011S0503535","Unabsorbed inventory","Total units","Units","300","units","0","v1930777","24.2.1","474","","","","0"
"1992-02","Toronto, Ontario","2011S0503535","Unabsorbed inventory","Single detached units","Units","300","units","0","v1930806","24.2.2","404","","","","0"
"1992-02","Toronto, Ontario","2011S0503535","Unabsorbed inventory","Semi-detached units","Units","300","units","0","v1930835","24.2.3","70","","","","0"
"1992-03","Toronto, Ontario","2011S0503535","Absorptions","Total units","Units","300","units","0","v1930492","24.1.1","588","","","","0"
"1992-03","Toronto, Ontario","2011S0503535","Absorptions","Single detached units","Units","300","units","0","v1930521","24.1.2","582","","","","0"
"1992-03","Toronto, Ontario","2011S0503535","Absorptions","Semi-detached units","Units","300","units","0","v1930550","24.1.3","6","","","","0"
"1992-03","Toronto, Ontario","2011S0503535","Unabsorbed inventory","Total units","Units","300","units","0","v1930777","24.2.1","530","","","","0"
"1992-03","Toronto, Ontario","2011S0503535","Unabsorbed inventory","Single detached units","Units","300","units","0","v1930806","24.2.2","460","","","","0"
"1992-03","Toronto, Ontario","2011S0503535","Unabsorbed inventory","Semi-detached units","Units","300","units","0","v1930835","24.2.3","70","","","","0"
"1992-04","Toronto, Ontario","2011S0503535","Absorptions","Total units","Units","300","units","0","v1930492","24.1.1","550","","","","0"
"1992-04","Toronto, Ontario","2011S0503535","Absorptions","Single detached units","Units","300","units","0","v1930521","24.1.2","538","","","","0"
"1992-04","Toronto, Ontario","2011S0503535","Absorptions","Semi-detached units","Units","300","units","0","v1930550","24.1.3","12","","","","0"
"1992-04","Toronto, Ontario","2011S0503535","Unabsorbed inventory","Total units","Units","300","units","0","v1930777","24.2.1","566","","","","0"
"1992-04","Toronto, Ontario","2011S0503535","Unabsorbed inventory","Single detached units","Units","300","units","0","v1930806","24.2.2","498","","","","0"
"1992-04","Toronto, Ontario","2011S0503535","Unabsorbed inventory","Semi-detached units","Units","300","units","0","v1930835","24.2.3","68","","","","0"
"1992-05","Toronto, Ontario","2011S0503535","Absorptions","Total units","Units","300","units","0","v1930492","24.1.1","649","","","","0"
"1992-05","Toronto, Ontario","2011S0503535","Absorptions","Single detached units","Units","300","units","0","v1930521","24.1.2","646","","","","0"
"1992-05","Toronto, Ontario","2011S0503535","Absorptions","Semi-detached units","Units","300","units","0","v1930550","24.1.3","3","","","","0"
"1992-05","Toronto, Ontario","2011S0503535","Unabsorbed inventory","Total units","Units","300","units","0","v1930777","24.2.1","555","","","","0"
"1992-05","Toronto, Ontario","2011S0503535","Unabsorbed inventory","Single detached units","Units","300","units","0","v1930806","24.2.2","482","","","","0"
"1992-05","Toronto, Ontario","2011S0503535","Unabsorbed inventory","Semi-detached units","Units","300","units","0","v1930835","24.2.3","73","","","","0"
"1992-06","Toronto, Ontario","2011S0503535","Absorptions","Total units","Units","300","units","0","v1930492","24.1.1","920","","","","0"
"1992-06","Toronto, Ontario","2011S0503535","Absorptions","Single detached units","Units","300","units","0","v1930521","24.1.2","907","","","","0"
"1992-06","Toronto, Ontario","2011S0503535","Absorptions","Semi-detached units","Units","300","units","0","v1930550","24.1.3","13","","","","0"
"1992-06","Toronto, Ontario","2011S0503535","Unabsorbed inventory","Total units","Units","300","units","0","v1930777","24.2.1","602","","","","0"
"1992-06","Toronto, Ontario","2011S0503535","Unabsorbed inventory","Single detached units","Units","300","units","0","v1930806","24.2.2","534","","","","0"
"1992-06","Toronto, Ontario","2011S0503535","Unabsorbed inventory","Semi-detached units","Units","300","units","0","v1930835","24.2.3","68","","","","0"
"1992-07","Toronto, Ontario","2011S0503535","Absorptions","Total units","Units","300","units","0","v1930492","24.1.1","653","","","","0"
"1992-07","Toronto, Ontario","2011S0503535","Absorptions","Single detached units","Units","300","units","0","v1930521","24.1.2","644","","","","0"
"1992-07","Toronto, Ontario","2011S0503535","Absorptions","Semi-detached units","Units","300","units","0","v1930550","24.1.3","9","","","","0"
"1992-07","Toronto, Ontario","2011S0503535","Unabsorbed inventory","Total units","Units","300","units","0","v1930777","24.2.1","519","","","","0"
"1992-07","Toronto, Ontario","2011S0503535","Unabsorbed inventory","Single detached units","Units","300","units","0","v1930806","24.2.2","458","","","","0"
"1992-07","Toronto, Ontario","2011S0503535","Unabsorbed inventory","Semi-detached units","Units","300","units","0","v1930835","24.2.3","61","","","","0"
"1992-08","Toronto, Ontario","2011S0503535","Absorptions","Total units","Units","300","units","0","v1930492","24.1.1","928","","","","0"
"1992-08","Toronto, Ontario","2011S0503535","Absorptions","Single detached units","Units","300","units","0","v1930521","24.1.2","898","","","","0"
"1992-08","Toronto, Ontario","2011S0503535","Absorptions","Semi-detached units","Units","300","units","0","v1930550","24.1.3","30","","","","0"
"1992-08","Toronto, Ontario","2011S0503535","Unabsorbed inventory","Total units","Units","300","units","0","v1930777","24.2.1","609","","","","0"
"1992-08","Toronto, Ontario","2011S0503535","Unabsorbed inventory","Single detached units","Units","300","units","0","v1930806","24.2.2","546","","","","0"
"1992-08","Toronto, Ontario","2011S0503535","Unabsorbed inventory","Semi-detached units","Units","300","units","0","v1930835","24.2.3","63","","","","0"
"1992-09","Toronto, Ontario","2011S0503535","Absorptions","Total units","Units","300","units","0","v1930492","24.1.1","1434","","","","0"
"1992-09","Toronto, Ontario","2011S0503535","Absorptions","Single detached units","Units","300","units","0","v1930521","24.1.2","1283","","","","0"
"1992-09","Toronto, Ontario","2011S0503535","Absorptions","Semi-detached units","Units","300","units","0","v1930550","24.1.3","151","","","","0"
"1992-09","Toronto, Ontario","2011S0503535","Unabsorbed inventory","Total units","Units","300","units","0","v1930777","24.2.1","535","","","","0"
"1992-09","Toronto, Ontario","2011S0503535","Unabsorbed inventory","Single detached units","Units","300","units","0","v1930806","24.2.2","467","","","","0"
"1992-09","Toronto, Ontario","2011S0503535","Unabsorbed inventory","Semi-detached units","Units","300","units","0","v1930835","24.2.3","68","","","","0"
"1992-10","Toronto, Ontario","2011S0503535","Absorptions","Total units","Units","300","units","0","v1930492","24.1.1","1083","","","","0"
"1992-10","Toronto, Ontario","2011S0503535","Absorptions","Single detached units","Units","300","units","0","v1930521","24.1.2","1003","","","","0"
"1992-10","Toronto, Ontario","2011S0503535","Absorptions","Semi-detached units","Units","300","units","0","v1930550","24.1.3","80","","","","0"
"1992-10","Toronto, Ontario","2011S0503535","Unabsorbed inventory","Total units","Units","300","units","0","v1930777","24.2.1","510","","","","0"
"1992-10","Toronto, Ontario","2011S0503535","Unabsorbed inventory","Single detached units","Units","300","units","0","v1930806","24.2.2","438","","","","0"
"1992-10","Toronto, Ontario","2011S0503535","Unabsorbed inventory","Semi-detached units","Units","300","units","0","v1930835","24.2.3","72","","","","0"
"1992-11","Toronto, Ontario","2011S0503535","Absorptions","Total units","Units","300","units","0","v1930492","24.1.1","874","","","","0"
"1992-11","Toronto, Ontario","2011S0503535","Absorptions","Single detached units","Units","300","units","0","v1930521","24.1.2","799","","","","0"
"1992-11","Toronto, Ontario","2011S0503535","Absorptions","Semi-detached units","Units","300","units","0","v1930550","24.1.3","75","","","","0"
"1992-11","Toronto, Ontario","2011S0503535","Unabsorbed inventory","Total units","Units","300","units","0","v1930777","24.2.1","488","","","","0"
"1992-11","Toronto, Ontario","2011S0503535","Unabsorbed inventory","Single detached units","Units","300","units","0","v1930806","24.2.2","413","","","","0"
"1992-11","Toronto, Ontario","2011S0503535","Unabsorbed inventory","Semi-detached units","Units","300","units","0","v1930835","24.2.3","75","","","","0"
"1992-12","Toronto, Ontario","2011S0503535","Absorptions","Total units","Units","300","units","0","v1930492","24.1.1","800","","","","0"
"1992-12","Toronto, Ontario","2011S0503535","Absorptions","Single detached units","Units","300","units","0","v1930521","24.1.2","747","","","","0"
"1992-12","Toronto, Ontario","2011S0503535","Absorptions","Semi-detached units","Units","300","units","0","v1930550","24.1.3","53","","","","0"
"1992-12","Toronto, Ontario","2011S0503535","Unabsorbed inventory","Total units","Units","300","units","0","v1930777","24.2.1","525","","","","0"
"1992-12","Toronto, Ontario","2011S0503535","Unabsorbed inventory","Single detached units","Units","300","units","0","v1930806","24.2.2","423","","","","0"
"1992-12","Toronto, Ontario","2011S0503535","Unabsorbed inventory","Semi-detached units","Units","300","units","0","v1930835","24.2.3","102","","","","0"
"1993-01","Toronto, Ontario","2011S0503535","Absorptions","Total units","Units","300","units","0","v1930492","24.1.1","1051","","","","0"
"1993-01","Toronto, Ontario","2011S0503535","Absorptions","Single detached units","Units","300","units","0","v1930521","24.1.2","933","","","","0"
"1993-01","Toronto, Ontario","2011S0503535","Absorptions","Semi-detached units","Units","300","units","0","v1930550","24.1.3","118","","","","0"
"1993-01","Toronto, Ontario","2011S0503535","Unabsorbed inventory","Total units","Units","300","units","0","v1930777","24.2.1","466","","","","0"
"1993-01","Toronto, Ontario","2011S0503535","Unabsorbed inventory","Single detached units","Units","300","units","0","v1930806","24.2.2","374","","","","0"
"1993-01","Toronto, Ontario","2011S0503535","Unabsorbed inventory","Semi-detached units","Units","300","units","0","v1930835","24.2.3","92","","","","0"
"1993-02","Toronto, Ontario","2011S0503535","Absorptions","Total units","Units","300","units","0","v1930492","24.1.1","741","","","","0"
"1993-02","Toronto, Ontario","2011S0503535","Absorptions","Single detached units","Units","300","units","0","v1930521","24.1.2","652","","","","0"
"1993-02","Toronto, Ontario","2011S0503535","Absorptions","Semi-detached units","Units","300","units","0","v1930550","24.1.3","89","","","","0"
"1993-02","Toronto, Ontario","2011S0503535","Unabsorbed inventory","Total units","Units","300","units","0","v1930777","24.2.1","459","","","","0"
"1993-02","Toronto, Ontario","2011S0503535","Unabsorbed inventory","Single detached units","Units","300","units","0","v1930806","24.2.2","364","","","","0"
"1993-02","Toronto, Ontario","2011S0503535","Unabsorbed inventory","Semi-detached units","Units","300","units","0","v1930835","24.2.3","95","","","","0"
"1993-03","Toronto, Ontario","2011S0503535","Absorptions","Total units","Units","300","units","0","v1930492","24.1.1","678","","","","0"
"1993-03","Toronto, Ontario","2011S0503535","Absorptions","Single detached units","Units","300","units","0","v1930521","24.1.2","587","","","","0"
"1993-03","Toronto, Ontario","2011S0503535","Absorptions","Semi-detached units","Units","300","units","0","v1930550","24.1.3","91","","","","0"
"1993-03","Toronto, Ontario","2011S0503535","Unabsorbed inventory","Total units","Units","300","units","0","v1930777","24.2.1","449","","","","0"
"1993-03","Toronto, Ontario","2011S0503535","Unabsorbed inventory","Single detached units","Units","300","units","0","v1930806","24.2.2","361","","","","0"
"1993-03","Toronto, Ontario","2011S0503535","Unabsorbed inventory","Semi-detached units","Units","300","units","0","v1930835","24.2.3","88","","","","0"
"1993-04","Toronto, Ontario","2011S0503535","Absorptions","Total units","Units","300","units","0","v1930492","24.1.1","730","","","","0"
"1993-04","Toronto, Ontario","2011S0503535","Absorptions","Single detached units","Units","300","units","0","v1930521","24.1.2","606","","","","0"
"1993-04","Toronto, Ontario","2011S0503535","Absorptions","Semi-detached units","Units","300","units","0","v1930550","24.1.3","124","","","","0"
"1993-04","Toronto, Ontario","2011S0503535","Unabsorbed inventory","Total units","Units","300","units","0","v1930777","24.2.1","423","","","","0"
"1993-04","Toronto, Ontario","2011S0503535","Unabsorbed inventory","Single detached units","Units","300","units","0","v1930806","24.2.2","333","","","","0"
"1993-04","Toronto, Ontario","2011S0503535","Unabsorbed inventory","Semi-detached units","Units","300","units","0","v1930835","24.2.3","90","","","","0"
"1993-05","Toronto, Ontario","2011S0503535","Absorptions","Total units","Units","300","units","0","v1930492","24.1.1","735","","","","0"
"1993-05","Toronto, Ontario","2011S0503535","Absorptions","Single detached units","Units","300","units","0","v1930521","24.1.2","668","","","","0"
"1993-05","Toronto, Ontario","2011S0503535","Absorptions","Semi-detached units","Units","300","units","0","v1930550","24.1.3","67","","","","0"
"1993-05","Toronto, Ontario","2011S0503535","Unabsorbed inventory","Total units","Units","300","units","0","v1930777","24.2.1","402","","","","0"
"1993-05","Toronto, Ontario","2011S0503535","Unabsorbed inventory","Single detached units","Units","300","units","0","v1930806","24.2.2","311","","","","0"
"1993-05","Toronto, Ontario","2011S0503535","Unabsorbed inventory","Semi-detached units","Units","300","units","0","v1930835","24.2.3","91","","","","0"
"1993-06","Toronto, Ontario","2011S0503535","Absorptions","Total units","Units","300","units","0","v1930492","24.1.1","735","","","","0"
"1993-06","Toronto, Ontario","2011S0503535","Absorptions","Single detached units","Units","300","units","0","v1930521","24.1.2","667","","","","0"
"1993-06","Toronto, Ontario","2011S0503535","Absorptions","Semi-detached units","Units","300","units","0","v1930550","24.1.3","68","","","","0"
"1993-06","Toronto, Ontario","2011S0503535","Unabsorbed inventory","Total units","Units","300","units","0","v1930777","24.2.1","381","","","","0"
"1993-06","Toronto, Ontario","2011S0503535","Unabsorbed inventory","Single detached units","Units","300","units","0","v1930806","24.2.2","322","","","","0"
"1993-06","Toronto, Ontario","2011S0503535","Unabsorbed inventory","Semi-detached units","Units","300","units","0","v1930835","24.2.3","59","","","","0"
"1993-07","Toronto, Ontario","2011S0503535","Absorptions","Total units","Units","300","units","0","v1930492","24.1.1","818","","","","0"
"1993-07","Toronto, Ontario","2011S0503535","Absorptions","Single detached units","Units","300","units","0","v1930521","24.1.2","751","","","","0"
"1993-07","Toronto, Ontario","2011S0503535","Absorptions","Semi-detached units","Units","300","units","0","v1930550","24.1.3","67","","","","0"
"1993-07","Toronto, Ontario","2011S0503535","Unabsorbed inventory","Total units","Units","300","units","0","v1930777","24.2.1","384","","","","0"
"1993-07","Toronto, Ontario","2011S0503535","Unabsorbed inventory","Single detached units","Units","300","units","0","v1930806","24.2.2","324","","","","0"
"1993-07","Toronto, Ontario","2011S0503535","Unabsorbed inventory","Semi-detached units","Units","300","units","0","v1930835","24.2.3","60","","","","0"
"1993-08","Toronto, Ontario","2011S0503535","Absorptions","Total units","Units","300","units","0","v1930492","24.1.1","1082","","","","0"
"1993-08","Toronto, Ontario","2011S0503535","Absorptions","Single detached units","Units","300","units","0","v1930521","24.1.2","1027","","","","0"
"1993-08","Toronto, Ontario","2011S0503535","Absorptions","Semi-detached units","Units","300","units","0","v1930550","24.1.3","55","","","","0"
"1993-08","Toronto, Ontario","2011S0503535","Unabsorbed inventory","Total units","Units","300","units","0","v1930777","24.2.1","375","","","","0"
"1993-08","Toronto, Ontario","2011S0503535","Unabsorbed inventory","Single detached units","Units","300","units","0","v1930806","24.2.2","312","","","","0"
"1993-08","Toronto, Ontario","2011S0503535","Unabsorbed inventory","Semi-detached units","Units","300","units","0","v1930835","24.2.3","63","","","","0"
"1993-09","Toronto, Ontario","2011S0503535","Absorptions","Total units","Units","300","units","0","v1930492","24.1.1","884","","","","0"
"1993-09","Toronto, Ontario","2011S0503535","Absorptions","Single detached units","Units","300","units","0","v1930521","24.1.2","835","","","","0"
"1993-09","Toronto, Ontario","2011S0503535","Absorptions","Semi-detached units","Units","300","units","0","v1930550","24.1.3","49","","","","0"
"1993-09","Toronto, Ontario","2011S0503535","Unabsorbed inventory","Total units","Units","300","units","0","v1930777","24.2.1","412","","","","0"
"1993-09","Toronto, Ontario","2011S0503535","Unabsorbed inventory","Single detached units","Units","300","units","0","v1930806","24.2.2","344","","","","0"
"1993-09","Toronto, Ontario","2011S0503535","Unabsorbed inventory","Semi-detached units","Units","300","units","0","v1930835","24.2.3","68","","","","0"
"1993-10","Toronto, Ontario","2011S0503535","Absorptions","Total units","Units","300","units","0","v1930492","24.1.1","858","","","","0"
"1993-10","Toronto, Ontario","2011S0503535","Absorptions","Single detached units","Units","300","units","0","v1930521","24.1.2","816","","","","0"
"1993-10","Toronto, Ontario","2011S0503535","Absorptions","Semi-detached units","Units","300","units","0","v1930550","24.1.3","42","","","","0"
"1993-10","Toronto, Ontario","2011S0503535","Unabsorbed inventory","Total units","Units","300","units","0","v1930777","24.2.1","427","","","","0"
"1993-10","Toronto, Ontario","2011S0503535","Unabsorbed inventory","Single detached units","Units","300","units","0","v1930806","24.2.2","353","","","","0"
"1993-10","Toronto, Ontario","2011S0503535","Unabsorbed inventory","Semi-detached units","Units","300","units","0","v1930835","24.2.3","74","","","","0"
"1993-11","Toronto, Ontario","2011S0503535","Absorptions","Total units","Units","300","units","0","v1930492","24.1.1","722","","","","0"
"1993-11","Toronto, Ontario","2011S0503535","Absorptions","Single detached units","Units","300","units","0","v1930521","24.1.2","646","","","","0"
"1993-11","Toronto, Ontario","2011S0503535","Absorptions","Semi-detached units","Units","300","units","0","v1930550","24.1.3","76","","","","0"
"1993-11","Toronto, Ontario","2011S0503535","Unabsorbed inventory","Total units","Units","300","units","0","v1930777","24.2.1","470","","","","0"
"1993-11","Toronto, Ontario","2011S0503535","Unabsorbed inventory","Single detached units","Units","300","units","0","v1930806","24.2.2","386","","","","0"
"1993-11","Toronto, Ontario","2011S0503535","Unabsorbed inventory","Semi-detached units","Units","300","units","0","v1930835","24.2.3","84","","","","0"
"1993-12","Toronto, Ontario","2011S0503535","Absorptions","Total units","Units","300","units","0","v1930492","24.1.1","670","","","","0"
"1993-12","Toronto, Ontario","2011S0503535","Absorptions","Single detached units","Units","300","units","0","v1930521","24.1.2","592","","","","0"
"1993-12","Toronto, Ontario","2011S0503535","Absorptions","Semi-detached units","Units","300","units","0","v1930550","24.1.3","78","","","","0"
"1993-12","Toronto, Ontario","2011S0503535","Unabsorbed inventory","Total units","Units","300","units","0","v1930777","24.2.1","447","","","","0"
"1993-12","Toronto, Ontario","2011S0503535","Unabsorbed inventory","Single detached units","Units","300","units","0","v1930806","24.2.2","357","","","","0"
"1993-12","Toronto, Ontario","2011S0503535","Unabsorbed inventory","Semi-detached units","Units","300","units","0","v1930835","24.2.3","90","","","","0"
"1994-01","Toronto, Ontario","2011S0503535","Absorptions","Total units","Units","300","units","0","v1930492","24.1.1","796","","","","0"
"1994-01","Toronto, Ontario","2011S0503535","Absorptions","Single detached units","Units","300","units","0","v1930521","24.1.2","734","","","","0"
"1994-01","Toronto, Ontario","2011S0503535","Absorptions","Semi-detached units","Units","300","units","0","v1930550","24.1.3","62","","","","0"
"1994-01","Toronto, Ontario","2011S0503535","Unabsorbed inventory","Total units","Units","300","units","0","v1930777","24.2.1","478","","","","0"
"1994-01","Toronto, Ontario","2011S0503535","Unabsorbed inventory","Single detached units","Units","300","units","0","v1930806","24.2.2","352","","","","0"
"1994-01","Toronto, Ontario","2011S0503535","Unabsorbed inventory","Semi-detached units","Units","300","units","0","v1930835","24.2.3","126","","","","0"
"1994-02","Toronto, Ontario","2011S0503535","Absorptions","Total units","Units","300","units","0","v1930492","24.1.1","560","","","","0"
"1994-02","Toronto, Ontario","2011S0503535","Absorptions","Single detached units","Units","300","units","0","v1930521","24.1.2","454","","","","0"
"1994-02","Toronto, Ontario","2011S0503535","Absorptions","Semi-detached units","Units","300","units","0","v1930550","24.1.3","106","","","","0"
"1994-02","Toronto, Ontario","2011S0503535","Unabsorbed inventory","Total units","Units","300","units","0","v1930777","24.2.1","455","","","","0"
"1994-02","Toronto, Ontario","2011S0503535","Unabsorbed inventory","Single detached units","Units","300","units","0","v1930806","24.2.2","339","","","","0"
"1994-02","Toronto, Ontario","2011S0503535","Unabsorbed inventory","Semi-detached units","Units","300","units","0","v1930835","24.2.3","116","","","","0"
"1994-03","Toronto, Ontario","2011S0503535","Absorptions","Total units","Units","300","units","0","v1930492","24.1.1","546","","","","0"
"1994-03","Toronto, Ontario","2011S0503535","Absorptions","Single detached units","Units","300","units","0","v1930521","24.1.2","509","","","","0"
"1994-03","Toronto, Ontario","2011S0503535","Absorptions","Semi-detached units","Units","300","units","0","v1930550","24.1.3","37","","","","0"
"1994-03","Toronto, Ontario","2011S0503535","Unabsorbed inventory","Total units","Units","300","units","0","v1930777","24.2.1","441","","","","0"
"1994-03","Toronto, Ontario","2011S0503535","Unabsorbed inventory","Single detached units","Units","300","units","0","v1930806","24.2.2","318","","","","0"
"1994-03","Toronto, Ontario","2011S0503535","Unabsorbed inventory","Semi-detached units","Units","300","units","0","v1930835","24.2.3","123","","","","0"
"1994-04","Toronto, Ontario","2011S0503535","Absorptions","Total units","Units","300","units","0","v1930492","24.1.1","548","","","","0"
"1994-04","Toronto, Ontario","2011S0503535","Absorptions","Single detached units","Units","300","units","0","v1930521","24.1.2","508","","","","0"
"1994-04","Toronto, Ontario","2011S0503535","Absorptions","Semi-detached units","Units","300","units","0","v1930550","24.1.3","40","","","","0"
"1994-04","Toronto, Ontario","2011S0503535","Unabsorbed inventory","Total units","Units","300","units","0","v1930777","24.2.1","473","","","","0"
"1994-04","Toronto, Ontario","2011S0503535","Unabsorbed inventory","Single detached units","Units","300","units","0","v1930806","24.2.2","354","","","","0"
"1994-04","Toronto, Ontario","2011S0503535","Unabsorbed inventory","Semi-detached units","Units","300","units","0","v1930835","24.2.3","119","","","","0"
"1994-05","Toronto, Ontario","2011S0503535","Absorptions","Total units","Units","300","units","0","v1930492","24.1.1","714","","","","0"
"1994-05","Toronto, Ontario","2011S0503535","Absorptions","Single detached units","Units","300","units","0","v1930521","24.1.2","640","","","","0"
"1994-05","Toronto, Ontario","2011S0503535","Absorptions","Semi-detached units","Units","300","units","0","v1930550","24.1.3","74","","","","0"
"1994-05","Toronto, Ontario","2011S0503535","Unabsorbed inventory","Total units","Units","300","units","0","v1930777","24.2.1","518","","","","0"
"1994-05","Toronto, Ontario","2011S0503535","Unabsorbed inventory","Single detached units","Units","300","units","0","v1930806","24.2.2","399","","","","0"
"1994-05","Toronto, Ontario","2011S0503535","Unabsorbed inventory","Semi-detached units","Units","300","units","0","v1930835","24.2.3","119","","","","0"
"1994-06","Toronto, Ontario","2011S0503535","Absorptions","Total units","Units","300","units","0","v1930492","24.1.1","670","","","","0"
"1994-06","Toronto, Ontario","2011S0503535","Absorptions","Single detached units","Units","300","units","0","v1930521","24.1.2","547","","","","0"
"1994-06","Toronto, Ontario","2011S0503535","Absorptions","Semi-detached units","Units","300","units","0","v1930550","24.1.3","123","","","","0"
"1994-06","Toronto, Ontario","2011S0503535","Unabsorbed inventory","Total units","Units","300","units","0","v1930777","24.2.1","433","","","","0"
"1994-06","Toronto, Ontario","2011S0503535","Unabsorbed inventory","Single detached units","Units","300","units","0","v1930806","24.2.2","370","","","","0"
"1994-06","Toronto, Ontario","2011S0503535","Unabsorbed inventory","Semi-detached units","Units","300","units","0","v1930835","24.2.3","63","","","","0"
"1994-07","Toronto, Ontario","2011S0503535","Absorptions","Total units","Units","300","units","0","v1930492","24.1.1","1052","","","","0"
"1994-07","Toronto, Ontario","2011S0503535","Absorptions","Single detached units","Units","300","units","0","v1930521","24.1.2","899","","","","0"
"1994-07","Toronto, Ontario","2011S0503535","Absorptions","Semi-detached units","Units","300","units","0","v1930550","24.1.3","153","","","","0"
"1994-07","Toronto, Ontario","2011S0503535","Unabsorbed inventory","Total units","Units","300","units","0","v1930777","24.2.1","368","","","","0"
"1994-07","Toronto, Ontario","2011S0503535","Unabsorbed inventory","Single detached units","Units","300","units","0","v1930806","24.2.2","308","","","","0"
"1994-07","Toronto, Ontario","2011S0503535","Unabsorbed inventory","Semi-detached units","Units","300","units","0","v1930835","24.2.3","60","","","","0"
"1994-08","Toronto, Ontario","2011S0503535","Absorptions","Total units","Units","300","units","0","v1930492","24.1.1","831","","","","0"
"1994-08","Toronto, Ontario","2011S0503535","Absorptions","Single detached units","Units","300","units","0","v1930521","24.1.2","734","","","","0"
"1994-08","Toronto, Ontario","2011S0503535","Absorptions","Semi-detached units","Units","300","units","0","v1930550","24.1.3","97","","","","0"
"1994-08","Toronto, Ontario","2011S0503535","Unabsorbed inventory","Total units","Units","300","units","0","v1930777","24.2.1","402","","","","0"
"1994-08","Toronto, Ontario","2011S0503535","Unabsorbed inventory","Single detached units","Units","300","units","0","v1930806","24.2.2","349","","","","0"
"1994-08","Toronto, Ontario","2011S0503535","Unabsorbed inventory","Semi-detached units","Units","300","units","0","v1930835","24.2.3","53","","","","0"
"1994-09","Toronto, Ontario","2011S0503535","Absorptions","Total units","Units","300","units","0","v1930492","24.1.1","1155","","","","0"
"1994-09","Toronto, Ontario","2011S0503535","Absorptions","Single detached units","Units","300","units","0","v1930521","24.1.2","991","","","","0"
"1994-09","Toronto, Ontario","2011S0503535","Absorptions","Semi-detached units","Units","300","units","0","v1930550","24.1.3","164","","","","0"
"1994-09","Toronto, Ontario","2011S0503535","Unabsorbed inventory","Total units","Units","300","units","0","v1930777","24.2.1","387","","","","0"
"1994-09","Toronto, Ontario","2011S0503535","Unabsorbed inventory","Single detached units","Units","300","units","0","v1930806","24.2.2","328","","","","0"
"1994-09","Toronto, Ontario","2011S0503535","Unabsorbed inventory","Semi-detached units","Units","300","units","0","v1930835","24.2.3","59","","","","0"
"1994-10","Toronto, Ontario","2011S0503535","Absorptions","Total units","Units","300","units","0","v1930492","24.1.1","1103","","","","0"
"1994-10","Toronto, Ontario","2011S0503535","Absorptions","Single detached units","Units","300","units","0","v1930521","24.1.2","920","","","","0"
"1994-10","Toronto, Ontario","2011S0503535","Absorptions","Semi-detached units","Units","300","units","0","v1930550","24.1.3","183","","","","0"
"1994-10","Toronto, Ontario","2011S0503535","Unabsorbed inventory","Total units","Units","300","units","0","v1930777","24.2.1","496","","","","0"
"1994-10","Toronto, Ontario","2011S0503535","Unabsorbed inventory","Single detached units","Units","300","units","0","v1930806","24.2.2","434","","","","0"
"1994-10","Toronto, Ontario","2011S0503535","Unabsorbed inventory","Semi-detached units","Units","300","units","0","v1930835","24.2.3","62","","","","0"
"1994-11","Toronto, Ontario","2011S0503535","Absorptions","Total units","Units","300","units","0","v1930492","24.1.1","1273","","","","0"
"1994-11","Toronto, Ontario","2011S0503535","Absorptions","Single detached units","Units","300","units","0","v1930521","24.1.2","1136","","","","0"
"1994-11","Toronto, Ontario","2011S0503535","Absorptions","Semi-detached units","Units","300","units","0","v1930550","24.1.3","137","","","","0"
"1994-11","Toronto, Ontario","2011S0503535","Unabsorbed inventory","Total units","Units","300","units","0","v1930777","24.2.1","492","","","","0"
"1994-11","Toronto, Ontario","2011S0503535","Unabsorbed inventory","Single detached units","Units","300","units","0","v1930806","24.2.2","407","","","","0"
"1994-11","Toronto, Ontario","2011S0503535","Unabsorbed inventory","Semi-detached units","Units","300","units","0","v1930835","24.2.3","85","","","","0"
"1994-12","Toronto, Ontario","2011S0503535","Absorptions","Total units","Units","300","units","0","v1930492","24.1.1","1251","","","","0"
"1994-12","Toronto, Ontario","2011S0503535","Absorptions","Single detached units","Units","300","units","0","v1930521","24.1.2","1141","","","","0"
"1994-12","Toronto, Ontario","2011S0503535","Absorptions","Semi-detached units","Units","300","units","0","v1930550","24.1.3","110","","","","0"
"1994-12","Toronto, Ontario","2011S0503535","Unabsorbed inventory","Total units","Units","300","units","0","v1930777","24.2.1","483","","","","0"
"1994-12","Toronto, Ontario","2011S0503535","Unabsorbed inventory","Single detached units","Units","300","units","0","v1930806","24.2.2","392","","","","0"
"1994-12","Toronto, Ontario","2011S0503535","Unabsorbed inventory","Semi-detached units","Units","300","units","0","v1930835","24.2.3","91","","","","0"
"1995-01","Toronto, Ontario","2011S0503535","Absorptions","Total units","Units","300","units","0","v1930492","24.1.1","867","","","","0"
"1995-01","Toronto, Ontario","2011S0503535","Absorptions","Single detached units","Units","300","units","0","v1930521","24.1.2","789","","","","0"
"1995-01","Toronto, Ontario","2011S0503535","Absorptions","Semi-detached units","Units","300","units","0","v1930550","24.1.3","78","","","","0"
"1995-01","Toronto, Ontario","2011S0503535","Unabsorbed inventory","Total units","Units","300","units","0","v1930777","24.2.1","458","","","","0"
"1995-01","Toronto, Ontario","2011S0503535","Unabsorbed inventory","Single detached units","Units","300","units","0","v1930806","24.2.2","369","","","","0"
"1995-01","Toronto, Ontario","2011S0503535","Unabsorbed inventory","Semi-detached units","Units","300","units","0","v1930835","24.2.3","89","","","","0"
"1995-02","Toronto, Ontario","2011S0503535","Absorptions","Total units","Units","300","units","0","v1930492","24.1.1","574","","","","0"
"1995-02","Toronto, Ontario","2011S0503535","Absorptions","Single detached units","Units","300","units","0","v1930521","24.1.2","492","","","","0"
"1995-02","Toronto, Ontario","2011S0503535","Absorptions","Semi-detached units","Units","300","units","0","v1930550","24.1.3","82","","","","0"
"1995-02","Toronto, Ontario","2011S0503535","Unabsorbed inventory","Total units","Units","300","units","0","v1930777","24.2.1","537","","","","0"
"1995-02","Toronto, Ontario","2011S0503535","Unabsorbed inventory","Single detached units","Units","300","units","0","v1930806","24.2.2","440","","","","0"
"1995-02","Toronto, Ontario","2011S0503535","Unabsorbed inventory","Semi-detached units","Units","300","units","0","v1930835","24.2.3","97","","","","0"
"1995-03","Toronto, Ontario","2011S0503535","Absorptions","Total units","Units","300","units","0","v1930492","24.1.1","734","","","","0"
"1995-03","Toronto, Ontario","2011S0503535","Absorptions","Single detached units","Units","300","units","0","v1930521","24.1.2","695","","","","0"
"1995-03","Toronto, Ontario","2011S0503535","Absorptions","Semi-detached units","Units","300","units","0","v1930550","24.1.3","39","","","","0"
"1995-03","Toronto, Ontario","2011S0503535","Unabsorbed inventory","Total units","Units","300","units","0","v1930777","24.2.1","556","","","","0"
"1995-03","Toronto, Ontario","2011S0503535","Unabsorbed inventory","Single detached units","Units","300","units","0","v1930806","24.2.2","460","","","","0"
"1995-03","Toronto, Ontario","2011S0503535","Unabsorbed inventory","Semi-detached units","Units","300","units","0","v1930835","24.2.3","96","","","","0"
"1995-04","Toronto, Ontario","2011S0503535","Absorptions","Total units","Units","300","units","0","v1930492","24.1.1","676","","","","0"
"1995-04","Toronto, Ontario","2011S0503535","Absorptions","Single detached units","Units","300","units","0","v1930521","24.1.2","615","","","","0"
"1995-04","Toronto, Ontario","2011S0503535","Absorptions","Semi-detached units","Units","300","units","0","v1930550","24.1.3","61","","","","0"
"1995-04","Toronto, Ontario","2011S0503535","Unabsorbed inventory","Total units","Units","300","units","0","v1930777","24.2.1","560","","","","0"
"1995-04","Toronto, Ontario","2011S0503535","Unabsorbed inventory","Single detached units","Units","300","units","0","v1930806","24.2.2","455","","","","0"
"1995-04","Toronto, Ontario","2011S0503535","Unabsorbed inventory","Semi-detached units","Units","300","units","0","v1930835","24.2.3","105","","","","0"
"1995-05","Toronto, Ontario","2011S0503535","Absorptions","Total units","Units","300","units","0","v1930492","24.1.1","665","","","","0"
"1995-05","Toronto, Ontario","2011S0503535","Absorptions","Single detached units","Units","300","units","0","v1930521","24.1.2","615","","","","0"
"1995-05","Toronto, Ontario","2011S0503535","Absorptions","Semi-detached units","Units","300","units","0","v1930550","24.1.3","50","","","","0"
"1995-05","Toronto, Ontario","2011S0503535","Unabsorbed inventory","Total units","Units","300","units","0","v1930777","24.2.1","550","","","","0"
"1995-05","Toronto, Ontario","2011S0503535","Unabsorbed inventory","Single detached units","Units","300","units","0","v1930806","24.2.2","443","","","","0"
"1995-05","Toronto, Ontario","2011S0503535","Unabsorbed inventory","Semi-detached units","Units","300","units","0","v1930835","24.2.3","107","","","","0"
"1995-06","Toronto, Ontario","2011S0503535","Absorptions","Total units","Units","300","units","0","v1930492","24.1.1","786","","","","0"
"1995-06","Toronto, Ontario","2011S0503535","Absorptions","Single detached units","Units","300","units","0","v1930521","24.1.2","702","","","","0"
"1995-06","Toronto, Ontario","2011S0503535","Absorptions","Semi-detached units","Units","300","units","0","v1930550","24.1.3","84","","","","0"
"1995-06","Toronto, Ontario","2011S0503535","Unabsorbed inventory","Total units","Units","300","units","0","v1930777","24.2.1","576","","","","0"
"1995-06","Toronto, Ontario","2011S0503535","Unabsorbed inventory","Single detached units","Units","300","units","0","v1930806","24.2.2","459","","","","0"
"1995-06","Toronto, Ontario","2011S0503535","Unabsorbed inventory","Semi-detached units","Units","300","units","0","v1930835","24.2.3","117","","","","0"
"1995-07","Toronto, Ontario","2011S0503535","Absorptions","Total units","Units","300","units","0","v1930492","24.1.1","845","","","","0"
"1995-07","Toronto, Ontario","2011S0503535","Absorptions","Single detached units","Units","300","units","0","v1930521","24.1.2","792","","","","0"
"1995-07","Toronto, Ontario","2011S0503535","Absorptions","Semi-detached units","Units","300","units","0","v1930550","24.1.3","53","","","","0"
"1995-07","Toronto, Ontario","2011S0503535","Unabsorbed inventory","Total units","Units","300","units","0","v1930777","24.2.1","585","","","","0"
"1995-07","Toronto, Ontario","2011S0503535","Unabsorbed inventory","Single detached units","Units","300","units","0","v1930806","24.2.2","473","","","","0"
"1995-07","Toronto, Ontario","2011S0503535","Unabsorbed inventory","Semi-detached units","Units","300","units","0","v1930835","24.2.3","112","","","","0"
"1995-08","Toronto, Ontario","2011S0503535","Absorptions","Total units","Units","300","units","0","v1930492","24.1.1","936","","","","0"
"1995-08","Toronto, Ontario","2011S0503535","Absorptions","Single detached units","Units","300","units","0","v1930521","24.1.2","838","","","","0"
"1995-08","Toronto, Ontario","2011S0503535","Absorptions","Semi-detached units","Units","300","units","0","v1930550","24.1.3","98","","","","0"
"1995-08","Toronto, Ontario","2011S0503535","Unabsorbed inventory","Total units","Units","300","units","0","v1930777","24.2.1","601","","","","0"
"1995-08","Toronto, Ontario","2011S0503535","Unabsorbed inventory","Single detached units","Units","300","units","0","v1930806","24.2.2","497","","","","0"
"1995-08","Toronto, Ontario","2011S0503535","Unabsorbed inventory","Semi-detached units","Units","300","units","0","v1930835","24.2.3","104","","","","0"
"1995-09","Toronto, Ontario","2011S0503535","Absorptions","Total units","Units","300","units","0","v1930492","24.1.1","836","","","","0"
"1995-09","Toronto, Ontario","2011S0503535","Absorptions","Single detached units","Units","300","units","0","v1930521","24.1.2","743","","","","0"
"1995-09","Toronto, Ontario","2011S0503535","Absorptions","Semi-detached units","Units","300","units","0","v1930550","24.1.3","93","","","","0"
"1995-09","Toronto, Ontario","2011S0503535","Unabsorbed inventory","Total units","Units","300","units","0","v1930777","24.2.1","635","","","","0"
"1995-09","Toronto, Ontario","2011S0503535","Unabsorbed inventory","Single detached units","Units","300","units","0","v1930806","24.2.2","532","","","","0"
"1995-09","Toronto, Ontario","2011S0503535","Unabsorbed inventory","Semi-detached units","Units","300","units","0","v1930835","24.2.3","103","","","","0"
"1995-10","Toronto, Ontario","2011S0503535","Absorptions","Total units","Units","300","units","0","v1930492","24.1.1","833","","","","0"
"1995-10","Toronto, Ontario","2011S0503535","Absorptions","Single detached units","Units","300","units","0","v1930521","24.1.2","767","","","","0"
"1995-10","Toronto, Ontario","2011S0503535","Absorptions","Semi-detached units","Units","300","units","0","v1930550","24.1.3","66","","","","0"
"1995-10","Toronto, Ontario","2011S0503535","Unabsorbed inventory","Total units","Units","300","units","0","v1930777","24.2.1","646","","","","0"
"1995-10","Toronto, Ontario","2011S0503535","Unabsorbed inventory","Single detached units","Units","300","units","0","v1930806","24.2.2","515","","","","0"
"1995-10","Toronto, Ontario","2011S0503535","Unabsorbed inventory","Semi-detached units","Units","300","units","0","v1930835","24.2.3","131","","","","0"
"1995-11","Toronto, Ontario","2011S0503535","Absorptions","Total units","Units","300","units","0","v1930492","24.1.1","524","","","","0"
"1995-11","Toronto, Ontario","2011S0503535","Absorptions","Single detached units","Units","300","units","0","v1930521","24.1.2","470","","","","0"
"1995-11","Toronto, Ontario","2011S0503535","Absorptions","Semi-detached units","Units","300","units","0","v1930550","24.1.3","54","","","","0"
"1995-11","Toronto, Ontario","2011S0503535","Unabsorbed inventory","Total units","Units","300","units","0","v1930777","24.2.1","625","","","","0"
"1995-11","Toronto, Ontario","2011S0503535","Unabsorbed inventory","Single detached units","Units","300","units","0","v1930806","24.2.2","488","","","","0"
"1995-11","Toronto, Ontario","2011S0503535","Unabsorbed inventory","Semi-detached units","Units","300","units","0","v1930835","24.2.3","137","","","","0"
"1995-12","Toronto, Ontario","2011S0503535","Absorptions","Total units","Units","300","units","0","v1930492","24.1.1","653","","","","0"
"1995-12","Toronto, Ontario","2011S0503535","Absorptions","Single detached units","Units","300","units","0","v1930521","24.1.2","565","","","","0"
"1995-12","Toronto, Ontario","2011S0503535","Absorptions","Semi-detached units","Units","300","units","0","v1930550","24.1.3","88","","","","0"
"1995-12","Toronto, Ontario","2011S0503535","Unabsorbed inventory","Total units","Units","300","units","0","v1930777","24.2.1","674","","","","0"
"1995-12","Toronto, Ontario","2011S0503535","Unabsorbed inventory","Single detached units","Units","300","units","0","v1930806","24.2.2","529","","","","0"
"1995-12","Toronto, Ontario","2011S0503535","Unabsorbed inventory","Semi-detached units","Units","300","units","0","v1930835","24.2.3","145","","","","0"
"1996-01","Toronto, Ontario","2011S0503535","Absorptions","Total units","Units","300","units","0","v1930492","24.1.1","660","","","","0"
"1996-01","Toronto, Ontario","2011S0503535","Absorptions","Single detached units","Units","300","units","0","v1930521","24.1.2","593","","","","0"
"1996-01","Toronto, Ontario","2011S0503535","Absorptions","Semi-detached units","Units","300","units","0","v1930550","24.1.3","67","","","","0"
"1996-01","Toronto, Ontario","2011S0503535","Unabsorbed inventory","Total units","Units","300","units","0","v1930777","24.2.1","679","","","","0"
"1996-01","Toronto, Ontario","2011S0503535","Unabsorbed inventory","Single detached units","Units","300","units","0","v1930806","24.2.2","529","","","","0"
"1996-01","Toronto, Ontario","2011S0503535","Unabsorbed inventory","Semi-detached units","Units","300","units","0","v1930835","24.2.3","150","","","","0"
"1996-02","Toronto, Ontario","2011S0503535","Absorptions","Total units","Units","300","units","0","v1930492","24.1.1","602","","","","0"
"1996-02","Toronto, Ontario","2011S0503535","Absorptions","Single detached units","Units","300","units","0","v1930521","24.1.2","522","","","","0"
"1996-02","Toronto, Ontario","2011S0503535","Absorptions","Semi-detached units","Units","300","units","0","v1930550","24.1.3","80","","","","0"
"1996-02","Toronto, Ontario","2011S0503535","Unabsorbed inventory","Total units","Units","300","units","0","v1930777","24.2.1","668","","","","0"
"1996-02","Toronto, Ontario","2011S0503535","Unabsorbed inventory","Single detached units","Units","300","units","0","v1930806","24.2.2","516","","","","0"
"1996-02","Toronto, Ontario","2011S0503535","Unabsorbed inventory","Semi-detached units","Units","300","units","0","v1930835","24.2.3","152","","","","0"
"1996-03","Toronto, Ontario","2011S0503535","Absorptions","Total units","Units","300","units","0","v1930492","24.1.1","605","","","","0"
"1996-03","Toronto, Ontario","2011S0503535","Absorptions","Single detached units","Units","300","units","0","v1930521","24.1.2","548","","","","0"
"1996-03","Toronto, Ontario","2011S0503535","Absorptions","Semi-detached units","Units","300","units","0","v1930550","24.1.3","57","","","","0"
"1996-03","Toronto, Ontario","2011S0503535","Unabsorbed inventory","Total units","Units","300","units","0","v1930777","24.2.1","664","","","","0"
"1996-03","Toronto, Ontario","2011S0503535","Unabsorbed inventory","Single detached units","Units","300","units","0","v1930806","24.2.2","513","","","","0"
"1996-03","Toronto, Ontario","2011S0503535","Unabsorbed inventory","Semi-detached units","Units","300","units","0","v1930835","24.2.3","151","","","","0"
"1996-04","Toronto, Ontario","2011S0503535","Absorptions","Total units","Units","300","units","0","v1930492","24.1.1","544","","","","0"
"1996-04","Toronto, Ontario","2011S0503535","Absorptions","Single detached units","Units","300","units","0","v1930521","24.1.2","437","","","","0"
"1996-04","Toronto, Ontario","2011S0503535","Absorptions","Semi-detached units","Units","300","units","0","v1930550","24.1.3","107","","","","0"
"1996-04","Toronto, Ontario","2011S0503535","Unabsorbed inventory","Total units","Units","300","units","0","v1930777","24.2.1","576","","","","0"
"1996-04","Toronto, Ontario","2011S0503535","Unabsorbed inventory","Single detached units","Units","300","units","0","v1930806","24.2.2","484","","","","0"
"1996-04","Toronto, Ontario","2011S0503535","Unabsorbed inventory","Semi-detached units","Units","300","units","0","v1930835","24.2.3","92","","","","0"
"1996-05","Toronto, Ontario","2011S0503535","Absorptions","Total units","Units","300","units","0","v1930492","24.1.1","592","","","","0"
"1996-05","Toronto, Ontario","2011S0503535","Absorptions","Single detached units","Units","300","units","0","v1930521","24.1.2","501","","","","0"
"1996-05","Toronto, Ontario","2011S0503535","Absorptions","Semi-detached units","Units","300","units","0","v1930550","24.1.3","91","","","","0"
"1996-05","Toronto, Ontario","2011S0503535","Unabsorbed inventory","Total units","Units","300","units","0","v1930777","24.2.1","537","","","","0"
"1996-05","Toronto, Ontario","2011S0503535","Unabsorbed inventory","Single detached units","Units","300","units","0","v1930806","24.2.2","440","","","","0"
"1996-05","Toronto, Ontario","2011S0503535","Unabsorbed inventory","Semi-detached units","Units","300","units","0","v1930835","24.2.3","97","","","","0"
"1996-06","Toronto, Ontario","2011S0503535","Absorptions","Total units","Units","300","units","0","v1930492","24.1.1","618","","","","0"
"1996-06","Toronto, Ontario","2011S0503535","Absorptions","Single detached units","Units","300","units","0","v1930521","24.1.2","555","","","","0"
"1996-06","Toronto, Ontario","2011S0503535","Absorptions","Semi-detached units","Units","300","units","0","v1930550","24.1.3","63","","","","0"
"1996-06","Toronto, Ontario","2011S0503535","Unabsorbed inventory","Total units","Units","300","units","0","v1930777","24.2.1","548","","","","0"
"1996-06","Toronto, Ontario","2011S0503535","Unabsorbed inventory","Single detached units","Units","300","units","0","v1930806","24.2.2","448","","","","0"
"1996-06","Toronto, Ontario","2011S0503535","Unabsorbed inventory","Semi-detached units","Units","300","units","0","v1930835","24.2.3","100","","","","0"
"1996-07","Toronto, Ontario","2011S0503535","Absorptions","Total units","Units","300","units","0","v1930492","24.1.1","801","","","","0"
"1996-07","Toronto, Ontario","2011S0503535","Absorptions","Single detached units","Units","300","units","0","v1930521","24.1.2","713","","","","0"
"1996-07","Toronto, Ontario","2011S0503535","Absorptions","Semi-detached units","Units","300","units","0","v1930550","24.1.3","88","","","","0"
"1996-07","Toronto, Ontario","2011S0503535","Unabsorbed inventory","Total units","Units","300","units","0","v1930777","24.2.1","532","","","","0"
"1996-07","Toronto, Ontario","2011S0503535","Unabsorbed inventory","Single detached units","Units","300","units","0","v1930806","24.2.2","430","","","","0"
"1996-07","Toronto, Ontario","2011S0503535","Unabsorbed inventory","Semi-detached units","Units","300","units","0","v1930835","24.2.3","102","","","","0"
"1996-08","Toronto, Ontario","2011S0503535","Absorptions","Total units","Units","300","units","0","v1930492","24.1.1","941","","","","0"
"1996-08","Toronto, Ontario","2011S0503535","Absorptions","Single detached units","Units","300","units","0","v1930521","24.1.2","833","","","","0"
"1996-08","Toronto, Ontario","2011S0503535","Absorptions","Semi-detached units","Units","300","units","0","v1930550","24.1.3","108","","","","0"
"1996-08","Toronto, Ontario","2011S0503535","Unabsorbed inventory","Total units","Units","300","units","0","v1930777","24.2.1","502","","","","0"
"1996-08","Toronto, Ontario","2011S0503535","Unabsorbed inventory","Single detached units","Units","300","units","0","v1930806","24.2.2","406","","","","0"
"1996-08","Toronto, Ontario","2011S0503535","Unabsorbed inventory","Semi-detached units","Units","300","units","0","v1930835","24.2.3","96","","","","0"
"1996-09","Toronto, Ontario","2011S0503535","Absorptions","Total units","Units","300","units","0","v1930492","24.1.1","1351","","","","0"
"1996-09","Toronto, Ontario","2011S0503535","Absorptions","Single detached units","Units","300","units","0","v1930521","24.1.2","1237","","","","0"
"1996-09","Toronto, Ontario","2011S0503535","Absorptions","Semi-detached units","Units","300","units","0","v1930550","24.1.3","114","","","","0"
"1996-09","Toronto, Ontario","2011S0503535","Unabsorbed inventory","Total units","Units","300","units","0","v1930777","24.2.1","539","","","","0"
"1996-09","Toronto, Ontario","2011S0503535","Unabsorbed inventory","Single detached units","Units","300","units","0","v1930806","24.2.2","433","","","","0"
"1996-09","Toronto, Ontario","2011S0503535","Unabsorbed inventory","Semi-detached units","Units","300","units","0","v1930835","24.2.3","106","","","","0"
"1996-10","Toronto, Ontario","2011S0503535","Absorptions","Total units","Units","300","units","0","v1930492","24.1.1","1148","","","","0"
"1996-10","Toronto, Ontario","2011S0503535","Absorptions","Single detached units","Units","300","units","0","v1930521","24.1.2","959","","","","0"
"1996-10","Toronto, Ontario","2011S0503535","Absorptions","Semi-detached units","Units","300","units","0","v1930550","24.1.3","189","","","","0"
"1996-10","Toronto, Ontario","2011S0503535","Unabsorbed inventory","Total units","Units","300","units","0","v1930777","24.2.1","541","","","","0"
"1996-10","Toronto, Ontario","2011S0503535","Unabsorbed inventory","Single detached units","Units","300","units","0","v1930806","24.2.2","434","","","","0"
"1996-10","Toronto, Ontario","2011S0503535","Unabsorbed inventory","Semi-detached units","Units","300","units","0","v1930835","24.2.3","107","","","","0"
"1996-11","Toronto, Ontario","2011S0503535","Absorptions","Total units","Units","300","units","0","v1930492","24.1.1","1151","","","","0"
"1996-11","Toronto, Ontario","2011S0503535","Absorptions","Single detached units","Units","300","units","0","v1930521","24.1.2","991","","","","0"
"1996-11","Toronto, Ontario","2011S0503535","Absorptions","Semi-detached units","Units","300","units","0","v1930550","24.1.3","160","","","","0"
"1996-11","Toronto, Ontario","2011S0503535","Unabsorbed inventory","Total units","Units","300","units","0","v1930777","24.2.1","533","","","","0"
"1996-11","Toronto, Ontario","2011S0503535","Unabsorbed inventory","Single detached units","Units","300","units","0","v1930806","24.2.2","412","","","","0"
"1996-11","Toronto, Ontario","2011S0503535","Unabsorbed inventory","Semi-detached units","Units","300","units","0","v1930835","24.2.3","121","","","","0"
"1996-12","Toronto, Ontario","2011S0503535","Absorptions","Total units","Units","300","units","0","v1930492","24.1.1","953","","","","0"
"1996-12","Toronto, Ontario","2011S0503535","Absorptions","Single detached units","Units","300","units","0","v1930521","24.1.2","797","","","","0"
"1996-12","Toronto, Ontario","2011S0503535","Absorptions","Semi-detached units","Units","300","units","0","v1930550","24.1.3","156","","","","0"
"1996-12","Toronto, Ontario","2011S0503535","Unabsorbed inventory","Total units","Units","300","units","0","v1930777","24.2.1","575","","","","0"
"1996-12","Toronto, Ontario","2011S0503535","Unabsorbed inventory","Single detached units","Units","300","units","0","v1930806","24.2.2","434","","","","0"
"1996-12","Toronto, Ontario","2011S0503535","Unabsorbed inventory","Semi-detached units","Units","300","units","0","v1930835","24.2.3","141","","","","0"
"1997-01","Toronto, Ontario","2011S0503535","Absorptions","Total units","Units","300","units","0","v1930492","24.1.1","1089","","","","0"
"1997-01","Toronto, Ontario","2011S0503535","Absorptions","Single detached units","Units","300","units","0","v1930521","24.1.2","935","","","","0"
"1997-01","Toronto, Ontario","2011S0503535","Absorptions","Semi-detached units","Units","300","units","0","v1930550","24.1.3","154","","","","0"
"1997-01","Toronto, Ontario","2011S0503535","Unabsorbed inventory","Total units","Units","300","units","0","v1930777","24.2.1","564","","","","0"
"1997-01","Toronto, Ontario","2011S0503535","Unabsorbed inventory","Single detached units","Units","300","units","0","v1930806","24.2.2","421","","","","0"
"1997-01","Toronto, Ontario","2011S0503535","Unabsorbed inventory","Semi-detached units","Units","300","units","0","v1930835","24.2.3","143","","","","0"
"1997-02","Toronto, Ontario","2011S0503535","Absorptions","Total units","Units","300","units","0","v1930492","24.1.1","888","","","","0"
"1997-02","Toronto, Ontario","2011S0503535","Absorptions","Single detached units","Units","300","units","0","v1930521","24.1.2","742","","","","0"
"1997-02","Toronto, Ontario","2011S0503535","Absorptions","Semi-detached units","Units","300","units","0","v1930550","24.1.3","146","","","","0"
"1997-02","Toronto, Ontario","2011S0503535","Unabsorbed inventory","Total units","Units","300","units","0","v1930777","24.2.1","589","","","","0"
"1997-02","Toronto, Ontario","2011S0503535","Unabsorbed inventory","Single detached units","Units","300","units","0","v1930806","24.2.2","438","","","","0"
"1997-02","Toronto, Ontario","2011S0503535","Unabsorbed inventory","Semi-detached units","Units","300","units","0","v1930835","24.2.3","151","","","","0"
"1997-03","Toronto, Ontario","2011S0503535","Absorptions","Total units","Units","300","units","0","v1930492","24.1.1","828","","","","0"
"1997-03","Toronto, Ontario","2011S0503535","Absorptions","Single detached units","Units","300","units","0","v1930521","24.1.2","686","","","","0"
"1997-03","Toronto, Ontario","2011S0503535","Absorptions","Semi-detached units","Units","300","units","0","v1930550","24.1.3","142","","","","0"
"1997-03","Toronto, Ontario","2011S0503535","Unabsorbed inventory","Total units","Units","300","units","0","v1930777","24.2.1","534","","","","0"
"1997-03","Toronto, Ontario","2011S0503535","Unabsorbed inventory","Single detached units","Units","300","units","0","v1930806","24.2.2","397","","","","0"
"1997-03","Toronto, Ontario","2011S0503535","Unabsorbed inventory","Semi-detached units","Units","300","units","0","v1930835","24.2.3","137","","","","0"
"1997-04","Toronto, Ontario","2011S0503535","Absorptions","Total units","Units","300","units","0","v1930492","24.1.1","1065","","","","0"
"1997-04","Toronto, Ontario","2011S0503535","Absorptions","Single detached units","Units","300","units","0","v1930521","24.1.2","926","","","","0"
"1997-04","Toronto, Ontario","2011S0503535","Absorptions","Semi-detached units","Units","300","units","0","v1930550","24.1.3","139","","","","0"
"1997-04","Toronto, Ontario","2011S0503535","Unabsorbed inventory","Total units","Units","300","units","0","v1930777","24.2.1","506","","","","0"
"1997-04","Toronto, Ontario","2011S0503535","Unabsorbed inventory","Single detached units","Units","300","units","0","v1930806","24.2.2","368","","","","0"
"1997-04","Toronto, Ontario","2011S0503535","Unabsorbed inventory","Semi-detached units","Units","300","units","0","v1930835","24.2.3","138","","","","0"
"1997-05","Toronto, Ontario","2011S0503535","Absorptions","Total units","Units","300","units","0","v1930492","24.1.1","992","","","","0"
"1997-05","Toronto, Ontario","2011S0503535","Absorptions","Single detached units","Units","300","units","0","v1930521","24.1.2","795","","","","0"
"1997-05","Toronto, Ontario","2011S0503535","Absorptions","Semi-detached units","Units","300","units","0","v1930550","24.1.3","197","","","","0"
"1997-05","Toronto, Ontario","2011S0503535","Unabsorbed inventory","Total units","Units","300","units","0","v1930777","24.2.1","465","","","","0"
"1997-05","Toronto, Ontario","2011S0503535","Unabsorbed inventory","Single detached units","Units","300","units","0","v1930806","24.2.2","346","","","","0"
"1997-05","Toronto, Ontario","2011S0503535","Unabsorbed inventory","Semi-detached units","Units","300","units","0","v1930835","24.2.3","119","","","","0"
"1997-06","Toronto, Ontario","2011S0503535","Absorptions","Total units","Units","300","units","0","v1930492","24.1.1","998","","","","0"
"1997-06","Toronto, Ontario","2011S0503535","Absorptions","Single detached units","Units","300","units","0","v1930521","24.1.2","861","","","","0"
"1997-06","Toronto, Ontario","2011S0503535","Absorptions","Semi-detached units","Units","300","units","0","v1930550","24.1.3","137","","","","0"
"1997-06","Toronto, Ontario","2011S0503535","Unabsorbed inventory","Total units","Units","300","units","0","v1930777","24.2.1","458","","","","0"
"1997-06","Toronto, Ontario","2011S0503535","Unabsorbed inventory","Single detached units","Units","300","units","0","v1930806","24.2.2","330","","","","0"
"1997-06","Toronto, Ontario","2011S0503535","Unabsorbed inventory","Semi-detached units","Units","300","units","0","v1930835","24.2.3","128","","","","0"
"1997-07","Toronto, Ontario","2011S0503535","Absorptions","Total units","Units","300","units","0","v1930492","24.1.1","1420","","","","0"
"1997-07","Toronto, Ontario","2011S0503535","Absorptions","Single detached units","Units","300","units","0","v1930521","24.1.2","1209","","","","0"
"1997-07","Toronto, Ontario","2011S0503535","Absorptions","Semi-detached units","Units","300","units","0","v1930550","24.1.3","211","","","","0"
"1997-07","Toronto, Ontario","2011S0503535","Unabsorbed inventory","Total units","Units","300","units","0","v1930777","24.2.1","449","","","","0"
"1997-07","Toronto, Ontario","2011S0503535","Unabsorbed inventory","Single detached units","Units","300","units","0","v1930806","24.2.2","334","","","","0"
"1997-07","Toronto, Ontario","2011S0503535","Unabsorbed inventory","Semi-detached units","Units","300","units","0","v1930835","24.2.3","115","","","","0"
"1997-08","Toronto, Ontario","2011S0503535","Absorptions","Total units","Units","300","units","0","v1930492","24.1.1","1554","","","","0"
"1997-08","Toronto, Ontario","2011S0503535","Absorptions","Single detached units","Units","300","units","0","v1930521","24.1.2","1324","","","","0"
"1997-08","Toronto, Ontario","2011S0503535","Absorptions","Semi-detached units","Units","300","units","0","v1930550","24.1.3","230","","","","0"
"1997-08","Toronto, Ontario","2011S0503535","Unabsorbed inventory","Total units","Units","300","units","0","v1930777","24.2.1","422","","","","0"
"1997-08","Toronto, Ontario","2011S0503535","Unabsorbed inventory","Single detached units","Units","300","units","0","v1930806","24.2.2","313","","","","0"
"1997-08","Toronto, Ontario","2011S0503535","Unabsorbed inventory","Semi-detached units","Units","300","units","0","v1930835","24.2.3","109","","","","0"
"1997-09","Toronto, Ontario","2011S0503535","Absorptions","Total units","Units","300","units","0","v1930492","24.1.1","1648","","","","0"
"1997-09","Toronto, Ontario","2011S0503535","Absorptions","Single detached units","Units","300","units","0","v1930521","24.1.2","1406","","","","0"
"1997-09","Toronto, Ontario","2011S0503535","Absorptions","Semi-detached units","Units","300","units","0","v1930550","24.1.3","242","","","","0"
"1997-09","Toronto, Ontario","2011S0503535","Unabsorbed inventory","Total units","Units","300","units","0","v1930777","24.2.1","398","","","","0"
"1997-09","Toronto, Ontario","2011S0503535","Unabsorbed inventory","Single detached units","Units","300","units","0","v1930806","24.2.2","293","","","","0"
"1997-09","Toronto, Ontario","2011S0503535","Unabsorbed inventory","Semi-detached units","Units","300","units","0","v1930835","24.2.3","105","","","","0"
"1997-10","Toronto, Ontario","2011S0503535","Absorptions","Total units","Units","300","units","0","v1930492","24.1.1","1352","","","","0"
"1997-10","Toronto, Ontario","2011S0503535","Absorptions","Single detached units","Units","300","units","0","v1930521","24.1.2","1195","","","","0"
"1997-10","Toronto, Ontario","2011S0503535","Absorptions","Semi-detached units","Units","300","units","0","v1930550","24.1.3","157","","","","0"
"1997-10","Toronto, Ontario","2011S0503535","Unabsorbed inventory","Total units","Units","300","units","0","v1930777","24.2.1","391","","","","0"
"1997-10","Toronto, Ontario","2011S0503535","Unabsorbed inventory","Single detached units","Units","300","units","0","v1930806","24.2.2","301","","","","0"
"1997-10","Toronto, Ontario","2011S0503535","Unabsorbed inventory","Semi-detached units","Units","300","units","0","v1930835","24.2.3","90","","","","0"
"1997-11","Toronto, Ontario","2011S0503535","Absorptions","Total units","Units","300","units","0","v1930492","24.1.1","1503","","","","0"
"1997-11","Toronto, Ontario","2011S0503535","Absorptions","Single detached units","Units","300","units","0","v1930521","24.1.2","1243","","","","0"
"1997-11","Toronto, Ontario","2011S0503535","Absorptions","Semi-detached units","Units","300","units","0","v1930550","24.1.3","260","","","","0"
"1997-11","Toronto, Ontario","2011S0503535","Unabsorbed inventory","Total units","Units","300","units","0","v1930777","24.2.1","405","","","","0"
"1997-11","Toronto, Ontario","2011S0503535","Unabsorbed inventory","Single detached units","Units","300","units","0","v1930806","24.2.2","309","","","","0"
"1997-11","Toronto, Ontario","2011S0503535","Unabsorbed inventory","Semi-detached units","Units","300","units","0","v1930835","24.2.3","96","","","","0"
"1997-12","Toronto, Ontario","2011S0503535","Absorptions","Total units","Units","300","units","0","v1930492","24.1.1","1300","","","","0"
"1997-12","Toronto, Ontario","2011S0503535","Absorptions","Single detached units","Units","300","units","0","v1930521","24.1.2","1115","","","","0"
"1997-12","Toronto, Ontario","2011S0503535","Absorptions","Semi-detached units","Units","300","units","0","v1930550","24.1.3","185","","","","0"
"1997-12","Toronto, Ontario","2011S0503535","Unabsorbed inventory","Total units","Units","300","units","0","v1930777","24.2.1","437","","","","0"
"1997-12","Toronto, Ontario","2011S0503535","Unabsorbed inventory","Single detached units","Units","300","units","0","v1930806","24.2.2","324","","","","0"
"1997-12","Toronto, Ontario","2011S0503535","Unabsorbed inventory","Semi-detached units","Units","300","units","0","v1930835","24.2.3","113","","","","0"
"1998-01","Toronto, Ontario","2011S0503535","Absorptions","Total units","Units","300","units","0","v1930492","24.1.1","1419","","","","0"
"1998-01","Toronto, Ontario","2011S0503535","Absorptions","Single detached units","Units","300","units","0","v1930521","24.1.2","1145","","","","0"
"1998-01","Toronto, Ontario","2011S0503535","Absorptions","Semi-detached units","Units","300","units","0","v1930550","24.1.3","274","","","","0"
"1998-01","Toronto, Ontario","2011S0503535","Unabsorbed inventory","Total units","Units","300","units","0","v1930777","24.2.1","451","","","","0"
"1998-01","Toronto, Ontario","2011S0503535","Unabsorbed inventory","Single detached units","Units","300","units","0","v1930806","24.2.2","330","","","","0"
"1998-01","Toronto, Ontario","2011S0503535","Unabsorbed inventory","Semi-detached units","Units","300","units","0","v1930835","24.2.3","121","","","","0"
"1998-02","Toronto, Ontario","2011S0503535","Absorptions","Total units","Units","300","units","0","v1930492","24.1.1","1279","","","","0"
"1998-02","Toronto, Ontario","2011S0503535","Absorptions","Single detached units","Units","300","units","0","v1930521","24.1.2","1144","","","","0"
"1998-02","Toronto, Ontario","2011S0503535","Absorptions","Semi-detached units","Units","300","units","0","v1930550","24.1.3","135","","","","0"
"1998-02","Toronto, Ontario","2011S0503535","Unabsorbed inventory","Total units","Units","300","units","0","v1930777","24.2.1","460","","","","0"
"1998-02","Toronto, Ontario","2011S0503535","Unabsorbed inventory","Single detached units","Units","300","units","0","v1930806","24.2.2","346","","","","0"
"1998-02","Toronto, Ontario","2011S0503535","Unabsorbed inventory","Semi-detached units","Units","300","units","0","v1930835","24.2.3","114","","","","0"
"1998-03","Toronto, Ontario","2011S0503535","Absorptions","Total units","Units","300","units","0","v1930492","24.1.1","1222","","","","0"
"1998-03","Toronto, Ontario","2011S0503535","Absorptions","Single detached units","Units","300","units","0","v1930521","24.1.2","943","","","","0"
"1998-03","Toronto, Ontario","2011S0503535","Absorptions","Semi-detached units","Units","300","units","0","v1930550","24.1.3","279","","","","0"
"1998-03","Toronto, Ontario","2011S0503535","Unabsorbed inventory","Total units","Units","300","units","0","v1930777","24.2.1","458","","","","0"
"1998-03","Toronto, Ontario","2011S0503535","Unabsorbed inventory","Single detached units","Units","300","units","0","v1930806","24.2.2","355","","","","0"
"1998-03","Toronto, Ontario","2011S0503535","Unabsorbed inventory","Semi-detached units","Units","300","units","0","v1930835","24.2.3","103","","","","0"
"1998-04","Toronto, Ontario","2011S0503535","Absorptions","Total units","Units","300","units","0","v1930492","24.1.1","1395","","","","0"
"1998-04","Toronto, Ontario","2011S0503535","Absorptions","Single detached units","Units","300","units","0","v1930521","24.1.2","1219","","","","0"
"1998-04","Toronto, Ontario","2011S0503535","Absorptions","Semi-detached units","Units","300","units","0","v1930550","24.1.3","176","","","","0"
"1998-04","Toronto, Ontario","2011S0503535","Unabsorbed inventory","Total units","Units","300","units","0","v1930777","24.2.1","431","","","","0"
"1998-04","Toronto, Ontario","2011S0503535","Unabsorbed inventory","Single detached units","Units","300","units","0","v1930806","24.2.2","334","","","","0"
"1998-04","Toronto, Ontario","2011S0503535","Unabsorbed inventory","Semi-detached units","Units","300","units","0","v1930835","24.2.3","97","","","","0"
"1998-05","Toronto, Ontario","2011S0503535","Absorptions","Total units","Units","300","units","0","v1930492","24.1.1","1088","","","","0"
"1998-05","Toronto, Ontario","2011S0503535","Absorptions","Single detached units","Units","300","units","0","v1930521","24.1.2","923","","","","0"
"1998-05","Toronto, Ontario","2011S0503535","Absorptions","Semi-detached units","Units","300","units","0","v1930550","24.1.3","165","","","","0"
"1998-05","Toronto, Ontario","2011S0503535","Unabsorbed inventory","Total units","Units","300","units","0","v1930777","24.2.1","428","","","","0"
"1998-05","Toronto, Ontario","2011S0503535","Unabsorbed inventory","Single detached units","Units","300","units","0","v1930806","24.2.2","336","","","","0"
"1998-05","Toronto, Ontario","2011S0503535","Unabsorbed inventory","Semi-detached units","Units","300","units","0","v1930835","24.2.3","92","","","","0"
"1998-06","Toronto, Ontario","2011S0503535","Absorptions","Total units","Units","300","units","0","v1930492","24.1.1","1214","","","","0"
"1998-06","Toronto, Ontario","2011S0503535","Absorptions","Single detached units","Units","300","units","0","v1930521","24.1.2","994","","","","0"
"1998-06","Toronto, Ontario","2011S0503535","Absorptions","Semi-detached units","Units","300","units","0","v1930550","24.1.3","220","","","","0"
"1998-06","Toronto, Ontario","2011S0503535","Unabsorbed inventory","Total units","Units","300","units","0","v1930777","24.2.1","352","","","","0"
"1998-06","Toronto, Ontario","2011S0503535","Unabsorbed inventory","Single detached units","Units","300","units","0","v1930806","24.2.2","286","","","","0"
"1998-06","Toronto, Ontario","2011S0503535","Unabsorbed inventory","Semi-detached units","Units","300","units","0","v1930835","24.2.3","66","","","","0"
"1998-07","Toronto, Ontario","2011S0503535","Absorptions","Total units","Units","300","units","0","v1930492","24.1.1","850","","","","0"
"1998-07","Toronto, Ontario","2011S0503535","Absorptions","Single detached units","Units","300","units","0","v1930521","24.1.2","731","","","","0"
"1998-07","Toronto, Ontario","2011S0503535","Absorptions","Semi-detached units","Units","300","units","0","v1930550","24.1.3","119","","","","0"
"1998-07","Toronto, Ontario","2011S0503535","Unabsorbed inventory","Total units","Units","300","units","0","v1930777","24.2.1","335","","","","0"
"1998-07","Toronto, Ontario","2011S0503535","Unabsorbed inventory","Single detached units","Units","300","units","0","v1930806","24.2.2","280","","","","0"
"1998-07","Toronto, Ontario","2011S0503535","Unabsorbed inventory","Semi-detached units","Units","300","units","0","v1930835","24.2.3","55","","","","0"
"1998-08","Toronto, Ontario","2011S0503535","Absorptions","Total units","Units","300","units","0","v1930492","24.1.1","1004","","","","0"
"1998-08","Toronto, Ontario","2011S0503535","Absorptions","Single detached units","Units","300","units","0","v1930521","24.1.2","865","","","","0"
"1998-08","Toronto, Ontario","2011S0503535","Absorptions","Semi-detached units","Units","300","units","0","v1930550","24.1.3","139","","","","0"
"1998-08","Toronto, Ontario","2011S0503535","Unabsorbed inventory","Total units","Units","300","units","0","v1930777","24.2.1","338","","","","0"
"1998-08","Toronto, Ontario","2011S0503535","Unabsorbed inventory","Single detached units","Units","300","units","0","v1930806","24.2.2","266","","","","0"
"1998-08","Toronto, Ontario","2011S0503535","Unabsorbed inventory","Semi-detached units","Units","300","units","0","v1930835","24.2.3","72","","","","0"
"1998-09","Toronto, Ontario","2011S0503535","Absorptions","Total units","Units","300","units","0","v1930492","24.1.1","1017","","","","0"
"1998-09","Toronto, Ontario","2011S0503535","Absorptions","Single detached units","Units","300","units","0","v1930521","24.1.2","875","","","","0"
"1998-09","Toronto, Ontario","2011S0503535","Absorptions","Semi-detached units","Units","300","units","0","v1930550","24.1.3","142","","","","0"
"1998-09","Toronto, Ontario","2011S0503535","Unabsorbed inventory","Total units","Units","300","units","0","v1930777","24.2.1","355","","","","0"
"1998-09","Toronto, Ontario","2011S0503535","Unabsorbed inventory","Single detached units","Units","300","units","0","v1930806","24.2.2","275","","","","0"
"1998-09","Toronto, Ontario","2011S0503535","Unabsorbed inventory","Semi-detached units","Units","300","units","0","v1930835","24.2.3","80","","","","0"
"1998-10","Toronto, Ontario","2011S0503535","Absorptions","Total units","Units","300","units","0","v1930492","24.1.1","1193","","","","0"
"1998-10","Toronto, Ontario","2011S0503535","Absorptions","Single detached units","Units","300","units","0","v1930521","24.1.2","1003","","","","0"
"1998-10","Toronto, Ontario","2011S0503535","Absorptions","Semi-detached units","Units","300","units","0","v1930550","24.1.3","190","","","","0"
"1998-10","Toronto, Ontario","2011S0503535","Unabsorbed inventory","Total units","Units","300","units","0","v1930777","24.2.1","355","","","","0"
"1998-10","Toronto, Ontario","2011S0503535","Unabsorbed inventory","Single detached units","Units","300","units","0","v1930806","24.2.2","259","","","","0"
"1998-10","Toronto, Ontario","2011S0503535","Unabsorbed inventory","Semi-detached units","Units","300","units","0","v1930835","24.2.3","96","","","","0"
"1998-11","Toronto, Ontario","2011S0503535","Absorptions","Total units","Units","300","units","0","v1930492","24.1.1","1289","","","","0"
"1998-11","Toronto, Ontario","2011S0503535","Absorptions","Single detached units","Units","300","units","0","v1930521","24.1.2","1065","","","","0"
"1998-11","Toronto, Ontario","2011S0503535","Absorptions","Semi-detached units","Units","300","units","0","v1930550","24.1.3","224","","","","0"
"1998-11","Toronto, Ontario","2011S0503535","Unabsorbed inventory","Total units","Units","300","units","0","v1930777","24.2.1","337","","","","0"
"1998-11","Toronto, Ontario","2011S0503535","Unabsorbed inventory","Single detached units","Units","300","units","0","v1930806","24.2.2","235","","","","0"
"1998-11","Toronto, Ontario","2011S0503535","Unabsorbed inventory","Semi-detached units","Units","300","units","0","v1930835","24.2.3","102","","","","0"
"1998-12","Toronto, Ontario","2011S0503535","Absorptions","Total units","Units","300","units","0","v1930492","24.1.1","1368","","","","0"
"1998-12","Toronto, Ontario","2011S0503535","Absorptions","Single detached units","Units","300","units","0","v1930521","24.1.2","1140","","","","0"
"1998-12","Toronto, Ontario","2011S0503535","Absorptions","Semi-detached units","Units","300","units","0","v1930550","24.1.3","228","","","","0"
"1998-12","Toronto, Ontario","2011S0503535","Unabsorbed inventory","Total units","Units","300","units","0","v1930777","24.2.1","349","","","","0"
"1998-12","Toronto, Ontario","2011S0503535","Unabsorbed inventory","Single detached units","Units","300","units","0","v1930806","24.2.2","243","","","","0"
"1998-12","Toronto, Ontario","2011S0503535","Unabsorbed inventory","Semi-detached units","Units","300","units","0","v1930835","24.2.3","106","","","","0"
"1999-01","Toronto, Ontario","2011S0503535","Absorptions","Total units","Units","300","units","0","v1930492","24.1.1","1076","","","","0"
"1999-01","Toronto, Ontario","2011S0503535","Absorptions","Single detached units","Units","300","units","0","v1930521","24.1.2","919","","","","0"
"1999-01","Toronto, Ontario","2011S0503535","Absorptions","Semi-detached units","Units","300","units","0","v1930550","24.1.3","157","","","","0"
"1999-01","Toronto, Ontario","2011S0503535","Unabsorbed inventory","Total units","Units","300","units","0","v1930777","24.2.1","371","","","","0"
"1999-01","Toronto, Ontario","2011S0503535","Unabsorbed inventory","Single detached units","Units","300","units","0","v1930806","24.2.2","254","","","","0"
"1999-01","Toronto, Ontario","2011S0503535","Unabsorbed inventory","Semi-detached units","Units","300","units","0","v1930835","24.2.3","117","","","","0"
"1999-02","Toronto, Ontario","2011S0503535","Absorptions","Total units","Units","300","units","0","v1930492","24.1.1","1636","","","","0"
"1999-02","Toronto, Ontario","2011S0503535","Absorptions","Single detached units","Units","300","units","0","v1930521","24.1.2","1338","","","","0"
"1999-02","Toronto, Ontario","2011S0503535","Absorptions","Semi-detached units","Units","300","units","0","v1930550","24.1.3","298","","","","0"
"1999-02","Toronto, Ontario","2011S0503535","Unabsorbed inventory","Total units","Units","300","units","0","v1930777","24.2.1","436","","","","0"
"1999-02","Toronto, Ontario","2011S0503535","Unabsorbed inventory","Single detached units","Units","300","units","0","v1930806","24.2.2","281","","","","0"
"1999-02","Toronto, Ontario","2011S0503535","Unabsorbed inventory","Semi-detached units","Units","300","units","0","v1930835","24.2.3","155","","","","0"
"1999-03","Toronto, Ontario","2011S0503535","Absorptions","Total units","Units","300","units","0","v1930492","24.1.1","1752","","","","0"
"1999-03","Toronto, Ontario","2011S0503535","Absorptions","Single detached units","Units","300","units","0","v1930521","24.1.2","1410","","","","0"
"1999-03","Toronto, Ontario","2011S0503535","Absorptions","Semi-detached units","Units","300","units","0","v1930550","24.1.3","342","","","","0"
"1999-03","Toronto, Ontario","2011S0503535","Unabsorbed inventory","Total units","Units","300","units","0","v1930777","24.2.1","448","","","","0"
"1999-03","Toronto, Ontario","2011S0503535","Unabsorbed inventory","Single detached units","Units","300","units","0","v1930806","24.2.2","315","","","","0"
"1999-03","Toronto, Ontario","2011S0503535","Unabsorbed inventory","Semi-detached units","Units","300","units","0","v1930835","24.2.3","133","","","","0"
"1999-04","Toronto, Ontario","2011S0503535","Absorptions","Total units","Units","300","units","0","v1930492","24.1.1","1498","","","","0"
"1999-04","Toronto, Ontario","2011S0503535","Absorptions","Single detached units","Units","300","units","0","v1930521","24.1.2","1193","","","","0"
"1999-04","Toronto, Ontario","2011S0503535","Absorptions","Semi-detached units","Units","300","units","0","v1930550","24.1.3","305","","","","0"
"1999-04","Toronto, Ontario","2011S0503535","Unabsorbed inventory","Total units","Units","300","units","0","v1930777","24.2.1","478","","","","0"
"1999-04","Toronto, Ontario","2011S0503535","Unabsorbed inventory","Single detached units","Units","300","units","0","v1930806","24.2.2","370","","","","0"
"1999-04","Toronto, Ontario","2011S0503535","Unabsorbed inventory","Semi-detached units","Units","300","units","0","v1930835","24.2.3","108","","","","0"
"1999-05","Toronto, Ontario","2011S0503535","Absorptions","Total units","Units","300","units","0","v1930492","24.1.1","1274","","","","0"
"1999-05","Toronto, Ontario","2011S0503535","Absorptions","Single detached units","Units","300","units","0","v1930521","24.1.2","1049","","","","0"
"1999-05","Toronto, Ontario","2011S0503535","Absorptions","Semi-detached units","Units","300","units","0","v1930550","24.1.3","225","","","","0"
"1999-05","Toronto, Ontario","2011S0503535","Unabsorbed inventory","Total units","Units","300","units","0","v1930777","24.2.1","554","","","","0"
"1999-05","Toronto, Ontario","2011S0503535","Unabsorbed inventory","Single detached units","Units","300","units","0","v1930806","24.2.2","441","","","","0"
"1999-05","Toronto, Ontario","2011S0503535","Unabsorbed inventory","Semi-detached units","Units","300","units","0","v1930835","24.2.3","113","","","","0"
"1999-06","Toronto, Ontario","2011S0503535","Absorptions","Total units","Units","300","units","0","v1930492","24.1.1","1700","","","","0"
"1999-06","Toronto, Ontario","2011S0503535","Absorptions","Single detached units","Units","300","units","0","v1930521","24.1.2","1140","","","","0"
"1999-06","Toronto, Ontario","2011S0503535","Absorptions","Semi-detached units","Units","300","units","0","v1930550","24.1.3","560","","","","0"
"1999-06","Toronto, Ontario","2011S0503535","Unabsorbed inventory","Total units","Units","300","units","0","v1930777","24.2.1","665","","","","0"
"1999-06","Toronto, Ontario","2011S0503535","Unabsorbed inventory","Single detached units","Units","300","units","0","v1930806","24.2.2","540","","","","0"
"1999-06","Toronto, Ontario","2011S0503535","Unabsorbed inventory","Semi-detached units","Units","300","units","0","v1930835","24.2.3","125","","","","0"
"1999-07","Toronto, Ontario","2011S0503535","Absorptions","Total units","Units","300","units","0","v1930492","24.1.1","1570","","","","0"
"1999-07","Toronto, Ontario","2011S0503535","Absorptions","Single detached units","Units","300","units","0","v1930521","24.1.2","1205","","","","0"
"1999-07","Toronto, Ontario","2011S0503535","Absorptions","Semi-detached units","Units","300","units","0","v1930550","24.1.3","365","","","","0"
"1999-07","Toronto, Ontario","2011S0503535","Unabsorbed inventory","Total units","Units","300","units","0","v1930777","24.2.1","677","","","","0"
"1999-07","Toronto, Ontario","2011S0503535","Unabsorbed inventory","Single detached units","Units","300","units","0","v1930806","24.2.2","559","","","","0"
"1999-07","Toronto, Ontario","2011S0503535","Unabsorbed inventory","Semi-detached units","Units","300","units","0","v1930835","24.2.3","118","","","","0"
"1999-08","Toronto, Ontario","2011S0503535","Absorptions","Total units","Units","300","units","0","v1930492","24.1.1","2320","","","","0"
"1999-08","Toronto, Ontario","2011S0503535","Absorptions","Single detached units","Units","300","units","0","v1930521","24.1.2","1849","","","","0"
"1999-08","Toronto, Ontario","2011S0503535","Absorptions","Semi-detached units","Units","300","units","0","v1930550","24.1.3","471","","","","0"
"1999-08","Toronto, Ontario","2011S0503535","Unabsorbed inventory","Total units","Units","300","units","0","v1930777","24.2.1","562","","","","0"
"1999-08","Toronto, Ontario","2011S0503535","Unabsorbed inventory","Single detached units","Units","300","units","0","v1930806","24.2.2","437","","","","0"
"1999-08","Toronto, Ontario","2011S0503535","Unabsorbed inventory","Semi-detached units","Units","300","units","0","v1930835","24.2.3","125","","","","0"
"1999-09","Toronto, Ontario","2011S0503535","Absorptions","Total units","Units","300","units","0","v1930492","24.1.1","1569","","","","0"
"1999-09","Toronto, Ontario","2011S0503535","Absorptions","Single detached units","Units","300","units","0","v1930521","24.1.2","1174","","","","0"
"1999-09","Toronto, Ontario","2011S0503535","Absorptions","Semi-detached units","Units","300","units","0","v1930550","24.1.3","395","","","","0"
"1999-09","Toronto, Ontario","2011S0503535","Unabsorbed inventory","Total units","Units","300","units","0","v1930777","24.2.1","549","","","","0"
"1999-09","Toronto, Ontario","2011S0503535","Unabsorbed inventory","Single detached units","Units","300","units","0","v1930806","24.2.2","439","","","","0"
"1999-09","Toronto, Ontario","2011S0503535","Unabsorbed inventory","Semi-detached units","Units","300","units","0","v1930835","24.2.3","110","","","","0"
"1999-10","Toronto, Ontario","2011S0503535","Absorptions","Total units","Units","300","units","0","v1930492","24.1.1","1682","","","","0"
"1999-10","Toronto, Ontario","2011S0503535","Absorptions","Single detached units","Units","300","units","0","v1930521","24.1.2","1294","","","","0"
"1999-10","Toronto, Ontario","2011S0503535","Absorptions","Semi-detached units","Units","300","units","0","v1930550","24.1.3","388","","","","0"
"1999-10","Toronto, Ontario","2011S0503535","Unabsorbed inventory","Total units","Units","300","units","0","v1930777","24.2.1","565","","","","0"
"1999-10","Toronto, Ontario","2011S0503535","Unabsorbed inventory","Single detached units","Units","300","units","0","v1930806","24.2.2","451","","","","0"
"1999-10","Toronto, Ontario","2011S0503535","Unabsorbed inventory","Semi-detached units","Units","300","units","0","v1930835","24.2.3","114","","","","0"
"1999-11","Toronto, Ontario","2011S0503535","Absorptions","Total units","Units","300","units","0","v1930492","24.1.1","1764","","","","0"
"1999-11","Toronto, Ontario","2011S0503535","Absorptions","Single detached units","Units","300","units","0","v1930521","24.1.2","1442","","","","0"
"1999-11","Toronto, Ontario","2011S0503535","Absorptions","Semi-detached units","Units","300","units","0","v1930550","24.1.3","322","","","","0"
"1999-11","Toronto, Ontario","2011S0503535","Unabsorbed inventory","Total units","Units","300","units","0","v1930777","24.2.1","662","","","","0"
"1999-11","Toronto, Ontario","2011S0503535","Unabsorbed inventory","Single detached units","Units","300","units","0","v1930806","24.2.2","392","","","","0"
"1999-11","Toronto, Ontario","2011S0503535","Unabsorbed inventory","Semi-detached units","Units","300","units","0","v1930835","24.2.3","270","","","","0"
"1999-12","Toronto, Ontario","2011S0503535","Absorptions","Total units","Units","300","units","0","v1930492","24.1.1","1330","","","","0"
"1999-12","Toronto, Ontario","2011S0503535","Absorptions","Single detached units","Units","300","units","0","v1930521","24.1.2","1090","","","","0"
"1999-12","Toronto, Ontario","2011S0503535","Absorptions","Semi-detached units","Units","300","units","0","v1930550","24.1.3","240","","","","0"
"1999-12","Toronto, Ontario","2011S0503535","Unabsorbed inventory","Total units","Units","300","units","0","v1930777","24.2.1","645","","","","0"
"1999-12","Toronto, Ontario","2011S0503535","Unabsorbed inventory","Single detached units","Units","300","units","0","v1930806","24.2.2","383","","","","0"
"1999-12","Toronto, Ontario","2011S0503535","Unabsorbed inventory","Semi-detached units","Units","300","units","0","v1930835","24.2.3","262","","","","0"
"2000-01","Toronto, Ontario","2011S0503535","Absorptions","Total units","Units","300","units","0","v1930492","24.1.1","1631","","","","0"
"2000-01","Toronto, Ontario","2011S0503535","Absorptions","Single detached units","Units","300","units","0","v1930521","24.1.2","1178","","","","0"
"2000-01","Toronto, Ontario","2011S0503535","Absorptions","Semi-detached units","Units","300","units","0","v1930550","24.1.3","453","","","","0"
"2000-01","Toronto, Ontario","2011S0503535","Unabsorbed inventory","Total units","Units","300","units","0","v1930777","24.2.1","620","","","","0"
"2000-01","Toronto, Ontario","2011S0503535","Unabsorbed inventory","Single detached units","Units","300","units","0","v1930806","24.2.2","355","","","","0"
"2000-01","Toronto, Ontario","2011S0503535","Unabsorbed inventory","Semi-detached units","Units","300","units","0","v1930835","24.2.3","265","","","","0"
"2000-02","Toronto, Ontario","2011S0503535","Absorptions","Total units","Units","300","units","0","v1930492","24.1.1","1726","","","","0"
"2000-02","Toronto, Ontario","2011S0503535","Absorptions","Single detached units","Units","300","units","0","v1930521","24.1.2","1240","","","","0"
"2000-02","Toronto, Ontario","2011S0503535","Absorptions","Semi-detached units","Units","300","units","0","v1930550","24.1.3","486","","","","0"
"2000-02","Toronto, Ontario","2011S0503535","Unabsorbed inventory","Total units","Units","300","units","0","v1930777","24.2.1","585","","","","0"
"2000-02","Toronto, Ontario","2011S0503535","Unabsorbed inventory","Single detached units","Units","300","units","0","v1930806","24.2.2","334","","","","0"
"2000-02","Toronto, Ontario","2011S0503535","Unabsorbed inventory","Semi-detached units","Units","300","units","0","v1930835","24.2.3","251","","","","0"
"2000-03","Toronto, Ontario","2011S0503535","Absorptions","Total units","Units","300","units","0","v1930492","24.1.1","1693","","","","0"
"2000-03","Toronto, Ontario","2011S0503535","Absorptions","Single detached units","Units","300","units","0","v1930521","24.1.2","1386","","","","0"
"2000-03","Toronto, Ontario","2011S0503535","Absorptions","Semi-detached units","Units","300","units","0","v1930550","24.1.3","307","","","","0"
"2000-03","Toronto, Ontario","2011S0503535","Unabsorbed inventory","Total units","Units","300","units","0","v1930777","24.2.1","601","","","","0"
"2000-03","Toronto, Ontario","2011S0503535","Unabsorbed inventory","Single detached units","Units","300","units","0","v1930806","24.2.2","327","","","","0"
"2000-03","Toronto, Ontario","2011S0503535","Unabsorbed inventory","Semi-detached units","Units","300","units","0","v1930835","24.2.3","274","","","","0"
"2000-04","Toronto, Ontario","2011S0503535","Absorptions","Total units","Units","300","units","0","v1930492","24.1.1","1398","","","","0"
"2000-04","Toronto, Ontario","2011S0503535","Absorptions","Single detached units","Units","300","units","0","v1930521","24.1.2","1062","","","","0"
"2000-04","Toronto, Ontario","2011S0503535","Absorptions","Semi-detached units","Units","300","units","0","v1930550","24.1.3","336","","","","0"
"2000-04","Toronto, Ontario","2011S0503535","Unabsorbed inventory","Total units","Units","300","units","0","v1930777","24.2.1","548","","","","0"
"2000-04","Toronto, Ontario","2011S0503535","Unabsorbed inventory","Single detached units","Units","300","units","0","v1930806","24.2.2","278","","","","0"
"2000-04","Toronto, Ontario","2011S0503535","Unabsorbed inventory","Semi-detached units","Units","300","units","0","v1930835","24.2.3","270","","","","0"
"2000-05","Toronto, Ontario","2011S0503535","Absorptions","Total units","Units","300","units","0","v1930492","24.1.1","1523","","","","0"
"2000-05","Toronto, Ontario","2011S0503535","Absorptions","Single detached units","Units","300","units","0","v1930521","24.1.2","1174","","","","0"
"2000-05","Toronto, Ontario","2011S0503535","Absorptions","Semi-detached units","Units","300","units","0","v1930550","24.1.3","349","","","","0"
"2000-05","Toronto, Ontario","2011S0503535","Unabsorbed inventory","Total units","Units","300","units","0","v1930777","24.2.1","518","","","","0"
"2000-05","Toronto, Ontario","2011S0503535","Unabsorbed inventory","Single detached units","Units","300","units","0","v1930806","24.2.2","239","","","","0"
"2000-05","Toronto, Ontario","2011S0503535","Unabsorbed inventory","Semi-detached units","Units","300","units","0","v1930835","24.2.3","279","","","","0"
"2000-06","Toronto, Ontario","2011S0503535","Absorptions","Total units","Units","300","units","0","v1930492","24.1.1","1743","","","","0"
"2000-06","Toronto, Ontario","2011S0503535","Absorptions","Single detached units","Units","300","units","0","v1930521","24.1.2","1269","","","","0"
"2000-06","Toronto, Ontario","2011S0503535","Absorptions","Semi-detached units","Units","300","units","0","v1930550","24.1.3","474","","","","0"
"2000-06","Toronto, Ontario","2011S0503535","Unabsorbed inventory","Total units","Units","300","units","0","v1930777","24.2.1","459","","","","0"
"2000-06","Toronto, Ontario","2011S0503535","Unabsorbed inventory","Single detached units","Units","300","units","0","v1930806","24.2.2","204","","","","0"
"2000-06","Toronto, Ontario","2011S0503535","Unabsorbed inventory","Semi-detached units","Units","300","units","0","v1930835","24.2.3","255","","","","0"
"2000-07","Toronto, Ontario","2011S0503535","Absorptions","Total units","Units","300","units","0","v1930492","24.1.1","2012","","","","0"
"2000-07","Toronto, Ontario","2011S0503535","Absorptions","Single detached units","Units","300","units","0","v1930521","24.1.2","1503","","","","0"
"2000-07","Toronto, Ontario","2011S0503535","Absorptions","Semi-detached units","Units","300","units","0","v1930550","24.1.3","509","","","","0"
"2000-07","Toronto, Ontario","2011S0503535","Unabsorbed inventory","Total units","Units","300","units","0","v1930777","24.2.1","441","","","","0"
"2000-07","Toronto, Ontario","2011S0503535","Unabsorbed inventory","Single detached units","Units","300","units","0","v1930806","24.2.2","205","","","","0"
"2000-07","Toronto, Ontario","2011S0503535","Unabsorbed inventory","Semi-detached units","Units","300","units","0","v1930835","24.2.3","236","","","","0"
"2000-08","Toronto, Ontario","2011S0503535","Absorptions","Total units","Units","300","units","0","v1930492","24.1.1","1946","","","","0"
"2000-08","Toronto, Ontario","2011S0503535","Absorptions","Single detached units","Units","300","units","0","v1930521","24.1.2","1446","","","","0"
"2000-08","Toronto, Ontario","2011S0503535","Absorptions","Semi-detached units","Units","300","units","0","v1930550","24.1.3","500","","","","0"
"2000-08","Toronto, Ontario","2011S0503535","Unabsorbed inventory","Total units","Units","300","units","0","v1930777","24.2.1","474","","","","0"
"2000-08","Toronto, Ontario","2011S0503535","Unabsorbed inventory","Single detached units","Units","300","units","0","v1930806","24.2.2","234","","","","0"
"2000-08","Toronto, Ontario","2011S0503535","Unabsorbed inventory","Semi-detached units","Units","300","units","0","v1930835","24.2.3","240","","","","0"
"2000-09","Toronto, Ontario","2011S0503535","Absorptions","Total units","Units","300","units","0","v1930492","24.1.1","2203","","","","0"
"2000-09","Toronto, Ontario","2011S0503535","Absorptions","Single detached units","Units","300","units","0","v1930521","24.1.2","1670","","","","0"
"2000-09","Toronto, Ontario","2011S0503535","Absorptions","Semi-detached units","Units","300","units","0","v1930550","24.1.3","533","","","","0"
"2000-09","Toronto, Ontario","2011S0503535","Unabsorbed inventory","Total units","Units","300","units","0","v1930777","24.2.1","481","","","","0"
"2000-09","Toronto, Ontario","2011S0503535","Unabsorbed inventory","Single detached units","Units","300","units","0","v1930806","24.2.2","238","","","","0"
"2000-09","Toronto, Ontario","2011S0503535","Unabsorbed inventory","Semi-detached units","Units","300","units","0","v1930835","24.2.3","243","","","","0"
"2000-10","Toronto, Ontario","2011S0503535","Absorptions","Total units","Units","300","units","0","v1930492","24.1.1","1775","","","","0"
"2000-10","Toronto, Ontario","2011S0503535","Absorptions","Single detached units","Units","300","units","0","v1930521","24.1.2","1333","","","","0"
"2000-10","Toronto, Ontario","2011S0503535","Absorptions","Semi-detached units","Units","300","units","0","v1930550","24.1.3","442","","","","0"
"2000-10","Toronto, Ontario","2011S0503535","Unabsorbed inventory","Total units","Units","300","units","0","v1930777","24.2.1","456","","","","0"
"2000-10","Toronto, Ontario","2011S0503535","Unabsorbed inventory","Single detached units","Units","300","units","0","v1930806","24.2.2","213","","","","0"
"2000-10","Toronto, Ontario","2011S0503535","Unabsorbed inventory","Semi-detached units","Units","300","units","0","v1930835","24.2.3","243","","","","0"
"2000-11","Toronto, Ontario","2011S0503535","Absorptions","Total units","Units","300","units","0","v1930492","24.1.1","1858","","","","0"
"2000-11","Toronto, Ontario","2011S0503535","Absorptions","Single detached units","Units","300","units","0","v1930521","24.1.2","1451","","","","0"
"2000-11","Toronto, Ontario","2011S0503535","Absorptions","Semi-detached units","Units","300","units","0","v1930550","24.1.3","407","","","","0"
"2000-11","Toronto, Ontario","2011S0503535","Unabsorbed inventory","Total units","Units","300","units","0","v1930777","24.2.1","491","","","","0"
"2000-11","Toronto, Ontario","2011S0503535","Unabsorbed inventory","Single detached units","Units","300","units","0","v1930806","24.2.2","233","","","","0"
"2000-11","Toronto, Ontario","2011S0503535","Unabsorbed inventory","Semi-detached units","Units","300","units","0","v1930835","24.2.3","258","","","","0"
"2000-12","Toronto, Ontario","2011S0503535","Absorptions","Total units","Units","300","units","0","v1930492","24.1.1","1258","","","","0"
"2000-12","Toronto, Ontario","2011S0503535","Absorptions","Single detached units","Units","300","units","0","v1930521","24.1.2","995","","","","0"
"2000-12","Toronto, Ontario","2011S0503535","Absorptions","Semi-detached units","Units","300","units","0","v1930550","24.1.3","263","","","","0"
"2000-12","Toronto, Ontario","2011S0503535","Unabsorbed inventory","Total units","Units","300","units","0","v1930777","24.2.1","498","","","","0"
"2000-12","Toronto, Ontario","2011S0503535","Unabsorbed inventory","Single detached units","Units","300","units","0","v1930806","24.2.2","237","","","","0"
"2000-12","Toronto, Ontario","2011S0503535","Unabsorbed inventory","Semi-detached units","Units","300","units","0","v1930835","24.2.3","261","","","","0"
"2001-01","Toronto, Ontario","2011S0503535","Absorptions","Total units","Units","300","units","0","v1930492","24.1.1","2615","","","","0"
"2001-01","Toronto, Ontario","2011S0503535","Absorptions","Single detached units","Units","300","units","0","v1930521","24.1.2","1811","","","","0"
"2001-01","Toronto, Ontario","2011S0503535","Absorptions","Semi-detached units","Units","300","units","0","v1930550","24.1.3","804","","","","0"
"2001-01","Toronto, Ontario","2011S0503535","Unabsorbed inventory","Total units","Units","300","units","0","v1930777","24.2.1","500","","","","0"
"2001-01","Toronto, Ontario","2011S0503535","Unabsorbed inventory","Single detached units","Units","300","units","0","v1930806","24.2.2","234","","","","0"
"2001-01","Toronto, Ontario","2011S0503535","Unabsorbed inventory","Semi-detached units","Units","300","units","0","v1930835","24.2.3","266","","","","0"
"2001-02","Toronto, Ontario","2011S0503535","Absorptions","Total units","Units","300","units","0","v1930492","24.1.1","1635","","","","0"
"2001-02","Toronto, Ontario","2011S0503535","Absorptions","Single detached units","Units","300","units","0","v1930521","24.1.2","1230","","","","0"
"2001-02","Toronto, Ontario","2011S0503535","Absorptions","Semi-detached units","Units","300","units","0","v1930550","24.1.3","405","","","","0"
"2001-02","Toronto, Ontario","2011S0503535","Unabsorbed inventory","Total units","Units","300","units","0","v1930777","24.2.1","696","","","","0"
"2001-02","Toronto, Ontario","2011S0503535","Unabsorbed inventory","Single detached units","Units","300","units","0","v1930806","24.2.2","361","","","","0"
"2001-02","Toronto, Ontario","2011S0503535","Unabsorbed inventory","Semi-detached units","Units","300","units","0","v1930835","24.2.3","335","","","","0"
"2001-03","Toronto, Ontario","2011S0503535","Absorptions","Total units","Units","300","units","0","v1930492","24.1.1","1694","","","","0"
"2001-03","Toronto, Ontario","2011S0503535","Absorptions","Single detached units","Units","300","units","0","v1930521","24.1.2","1218","","","","0"
"2001-03","Toronto, Ontario","2011S0503535","Absorptions","Semi-detached units","Units","300","units","0","v1930550","24.1.3","476","","","","0"
"2001-03","Toronto, Ontario","2011S0503535","Unabsorbed inventory","Total units","Units","300","units","0","v1930777","24.2.1","646","","","","0"
"2001-03","Toronto, Ontario","2011S0503535","Unabsorbed inventory","Single detached units","Units","300","units","0","v1930806","24.2.2","323","","","","0"
"2001-03","Toronto, Ontario","2011S0503535","Unabsorbed inventory","Semi-detached units","Units","300","units","0","v1930835","24.2.3","323","","","","0"
"2001-04","Toronto, Ontario","2011S0503535","Absorptions","Total units","Units","300","units","0","v1930492","24.1.1","1575","","","","0"
"2001-04","Toronto, Ontario","2011S0503535","Absorptions","Single detached units","Units","300","units","0","v1930521","24.1.2","1279","","","","0"
"2001-04","Toronto, Ontario","2011S0503535","Absorptions","Semi-detached units","Units","300","units","0","v1930550","24.1.3","296","","","","0"
"2001-04","Toronto, Ontario","2011S0503535","Unabsorbed inventory","Total units","Units","300","units","0","v1930777","24.2.1","618","","","","0"
"2001-04","Toronto, Ontario","2011S0503535","Unabsorbed inventory","Single detached units","Units","300","units","0","v1930806","24.2.2","297","","","","0"
"2001-04","Toronto, Ontario","2011S0503535","Unabsorbed inventory","Semi-detached units","Units","300","units","0","v1930835","24.2.3","321","","","","0"
"2001-05","Toronto, Ontario","2011S0503535","Absorptions","Total units","Units","300","units","0","v1930492","24.1.1","1567","","","","0"
"2001-05","Toronto, Ontario","2011S0503535","Absorptions","Single detached units","Units","300","units","0","v1930521","24.1.2","1275","","","","0"
"2001-05","Toronto, Ontario","2011S0503535","Absorptions","Semi-detached units","Units","300","units","0","v1930550","24.1.3","292","","","","0"
"2001-05","Toronto, Ontario","2011S0503535","Unabsorbed inventory","Total units","Units","300","units","0","v1930777","24.2.1","594","","","","0"
"2001-05","Toronto, Ontario","2011S0503535","Unabsorbed inventory","Single detached units","Units","300","units","0","v1930806","24.2.2","287","","","","0"
"2001-05","Toronto, Ontario","2011S0503535","Unabsorbed inventory","Semi-detached units","Units","300","units","0","v1930835","24.2.3","307","","","","0"
"2001-06","Toronto, Ontario","2011S0503535","Absorptions","Total units","Units","300","units","0","v1930492","24.1.1","1683","","","","0"
"2001-06","Toronto, Ontario","2011S0503535","Absorptions","Single detached units","Units","300","units","0","v1930521","24.1.2","1188","","","","0"
"2001-06","Toronto, Ontario","2011S0503535","Absorptions","Semi-detached units","Units","300","units","0","v1930550","24.1.3","495","","","","0"
"2001-06","Toronto, Ontario","2011S0503535","Unabsorbed inventory","Total units","Units","300","units","0","v1930777","24.2.1","717","","","","0"
"2001-06","Toronto, Ontario","2011S0503535","Unabsorbed inventory","Single detached units","Units","300","units","0","v1930806","24.2.2","379","","","","0"
"2001-06","Toronto, Ontario","2011S0503535","Unabsorbed inventory","Semi-detached units","Units","300","units","0","v1930835","24.2.3","338","","","","0"
"2001-07","Toronto, Ontario","2011S0503535","Absorptions","Total units","Units","300","units","0","v1930492","24.1.1","1471","","","","0"
"2001-07","Toronto, Ontario","2011S0503535","Absorptions","Single detached units","Units","300","units","0","v1930521","24.1.2","1176","","","","0"
"2001-07","Toronto, Ontario","2011S0503535","Absorptions","Semi-detached units","Units","300","units","0","v1930550","24.1.3","295","","","","0"
"2001-07","Toronto, Ontario","2011S0503535","Unabsorbed inventory","Total units","Units","300","units","0","v1930777","24.2.1","905","","","","0"
"2001-07","Toronto, Ontario","2011S0503535","Unabsorbed inventory","Single detached units","Units","300","units","0","v1930806","24.2.2","476","","","","0"
"2001-07","Toronto, Ontario","2011S0503535","Unabsorbed inventory","Semi-detached units","Units","300","units","0","v1930835","24.2.3","429","","","","0"
"2001-08","Toronto, Ontario","2011S0503535","Absorptions","Total units","Units","300","units","0","v1930492","24.1.1","3357","","","","0"
"2001-08","Toronto, Ontario","2011S0503535","Absorptions","Single detached units","Units","300","units","0","v1930521","24.1.2","2500","","","","0"
"2001-08","Toronto, Ontario","2011S0503535","Absorptions","Semi-detached units","Units","300","units","0","v1930550","24.1.3","857","","","","0"
"2001-08","Toronto, Ontario","2011S0503535","Unabsorbed inventory","Total units","Units","300","units","0","v1930777","24.2.1","939","","","","0"
"2001-08","Toronto, Ontario","2011S0503535","Unabsorbed inventory","Single detached units","Units","300","units","0","v1930806","24.2.2","499","","","","0"
"2001-08","Toronto, Ontario","2011S0503535","Unabsorbed inventory","Semi-detached units","Units","300","units","0","v1930835","24.2.3","440","","","","0"
"2001-09","Toronto, Ontario","2011S0503535","Absorptions","Total units","Units","300","units","0","v1930492","24.1.1","2675","","","","0"
"2001-09","Toronto, Ontario","2011S0503535","Absorptions","Single detached units","Units","300","units","0","v1930521","24.1.2","1934","","","","0"
"2001-09","Toronto, Ontario","2011S0503535","Absorptions","Semi-detached units","Units","300","units","0","v1930550","24.1.3","741","","","","0"
"2001-09","Toronto, Ontario","2011S0503535","Unabsorbed inventory","Total units","Units","300","units","0","v1930777","24.2.1","879","","","","0"
"2001-09","Toronto, Ontario","2011S0503535","Unabsorbed inventory","Single detached units","Units","300","units","0","v1930806","24.2.2","472","","","","0"
"2001-09","Toronto, Ontario","2011S0503535","Unabsorbed inventory","Semi-detached units","Units","300","units","0","v1930835","24.2.3","407","","","","0"
"2001-10","Toronto, Ontario","2011S0503535","Absorptions","Total units","Units","300","units","0","v1930492","24.1.1","3544","","","","0"
"2001-10","Toronto, Ontario","2011S0503535","Absorptions","Single detached units","Units","300","units","0","v1930521","24.1.2","2512","","","","0"
"2001-10","Toronto, Ontario","2011S0503535","Absorptions","Semi-detached units","Units","300","units","0","v1930550","24.1.3","1032","","","","0"
"2001-10","Toronto, Ontario","2011S0503535","Unabsorbed inventory","Total units","Units","300","units","0","v1930777","24.2.1","639","","","","0"
"2001-10","Toronto, Ontario","2011S0503535","Unabsorbed inventory","Single detached units","Units","300","units","0","v1930806","24.2.2","404","","","","0"
"2001-10","Toronto, Ontario","2011S0503535","Unabsorbed inventory","Semi-detached units","Units","300","units","0","v1930835","24.2.3","235","","","","0"
"2001-11","Toronto, Ontario","2011S0503535","Absorptions","Total units","Units","300","units","0","v1930492","24.1.1","1975","","","","0"
"2001-11","Toronto, Ontario","2011S0503535","Absorptions","Single detached units","Units","300","units","0","v1930521","24.1.2","1339","","","","0"
"2001-11","Toronto, Ontario","2011S0503535","Absorptions","Semi-detached units","Units","300","units","0","v1930550","24.1.3","636","","","","0"
"2001-11","Toronto, Ontario","2011S0503535","Unabsorbed inventory","Total units","Units","300","units","0","v1930777","24.2.1","593","","","","0"
"2001-11","Toronto, Ontario","2011S0503535","Unabsorbed inventory","Single detached units","Units","300","units","0","v1930806","24.2.2","398","","","","0"
"2001-11","Toronto, Ontario","2011S0503535","Unabsorbed inventory","Semi-detached units","Units","300","units","0","v1930835","24.2.3","195","","","","0"
"2001-12","Toronto, Ontario","2011S0503535","Absorptions","Total units","Units","300","units","0","v1930492","24.1.1","1727","","","","0"
"2001-12","Toronto, Ontario","2011S0503535","Absorptions","Single detached units","Units","300","units","0","v1930521","24.1.2","1351","","","","0"
"2001-12","Toronto, Ontario","2011S0503535","Absorptions","Semi-detached units","Units","300","units","0","v1930550","24.1.3","376","","","","0"
"2001-12","Toronto, Ontario","2011S0503535","Unabsorbed inventory","Total units","Units","300","units","0","v1930777","24.2.1","576","","","","0"
"2001-12","Toronto, Ontario","2011S0503535","Unabsorbed inventory","Single detached units","Units","300","units","0","v1930806","24.2.2","385","","","","0"
"2001-12","Toronto, Ontario","2011S0503535","Unabsorbed inventory","Semi-detached units","Units","300","units","0","v1930835","24.2.3","191","","","","0"
"2002-01","Toronto, Ontario","2011S0503535","Absorptions","Total units","Units","300","units","0","v1930492","24.1.1","1512","","","","0"
"2002-01","Toronto, Ontario","2011S0503535","Absorptions","Single detached units","Units","300","units","0","v1930521","24.1.2","1194","","","","0"
"2002-01","Toronto, Ontario","2011S0503535","Absorptions","Semi-detached units","Units","300","units","0","v1930550","24.1.3","318","","","","0"
"2002-01","Toronto, Ontario","2011S0503535","Unabsorbed inventory","Total units","Units","300","units","0","v1930777","24.2.1","593","","","","0"
"2002-01","Toronto, Ontario","2011S0503535","Unabsorbed inventory","Single detached units","Units","300","units","0","v1930806","24.2.2","386","","","","0"
"2002-01","Toronto, Ontario","2011S0503535","Unabsorbed inventory","Semi-detached units","Units","300","units","0","v1930835","24.2.3","207","","","","0"
"2002-02","Toronto, Ontario","2011S0503535","Absorptions","Total units","Units","300","units","0","v1930492","24.1.1","1747","","","","0"
"2002-02","Toronto, Ontario","2011S0503535","Absorptions","Single detached units","Units","300","units","0","v1930521","24.1.2","1335","","","","0"
"2002-02","Toronto, Ontario","2011S0503535","Absorptions","Semi-detached units","Units","300","units","0","v1930550","24.1.3","412","","","","0"
"2002-02","Toronto, Ontario","2011S0503535","Unabsorbed inventory","Total units","Units","300","units","0","v1930777","24.2.1","593","","","","0"
"2002-02","Toronto, Ontario","2011S0503535","Unabsorbed inventory","Single detached units","Units","300","units","0","v1930806","24.2.2","390","","","","0"
"2002-02","Toronto, Ontario","2011S0503535","Unabsorbed inventory","Semi-detached units","Units","300","units","0","v1930835","24.2.3","203","","","","0"
"2002-03","Toronto, Ontario","2011S0503535","Absorptions","Total units","Units","300","units","0","v1930492","24.1.1","1902","","","","0"
"2002-03","Toronto, Ontario","2011S0503535","Absorptions","Single detached units","Units","300","units","0","v1930521","24.1.2","1468","","","","0"
"2002-03","Toronto, Ontario","2011S0503535","Absorptions","Semi-detached units","Units","300","units","0","v1930550","24.1.3","434","","","","0"
"2002-03","Toronto, Ontario","2011S0503535","Unabsorbed inventory","Total units","Units","300","units","0","v1930777","24.2.1","614","","","","0"
"2002-03","Toronto, Ontario","2011S0503535","Unabsorbed inventory","Single detached units","Units","300","units","0","v1930806","24.2.2","371","","","","0"
"2002-03","Toronto, Ontario","2011S0503535","Unabsorbed inventory","Semi-detached units","Units","300","units","0","v1930835","24.2.3","243","","","","0"
"2002-04","Toronto, Ontario","2011S0503535","Absorptions","Total units","Units","300","units","0","v1930492","24.1.1","1743","","","","0"
"2002-04","Toronto, Ontario","2011S0503535","Absorptions","Single detached units","Units","300","units","0","v1930521","24.1.2","1185","","","","0"
"2002-04","Toronto, Ontario","2011S0503535","Absorptions","Semi-detached units","Units","300","units","0","v1930550","24.1.3","558","","","","0"
"2002-04","Toronto, Ontario","2011S0503535","Unabsorbed inventory","Total units","Units","300","units","0","v1930777","24.2.1","666","","","","0"
"2002-04","Toronto, Ontario","2011S0503535","Unabsorbed inventory","Single detached units","Units","300","units","0","v1930806","24.2.2","411","","","","0"
"2002-04","Toronto, Ontario","2011S0503535","Unabsorbed inventory","Semi-detached units","Units","300","units","0","v1930835","24.2.3","255","","","","0"
"2002-05","Toronto, Ontario","2011S0503535","Absorptions","Total units","Units","300","units","0","v1930492","24.1.1","2106","","","","0"
"2002-05","Toronto, Ontario","2011S0503535","Absorptions","Single detached units","Units","300","units","0","v1930521","24.1.2","1678","","","","0"
"2002-05","Toronto, Ontario","2011S0503535","Absorptions","Semi-detached units","Units","300","units","0","v1930550","24.1.3","428","","","","0"
"2002-05","Toronto, Ontario","2011S0503535","Unabsorbed inventory","Total units","Units","300","units","0","v1930777","24.2.1","680","","","","0"
"2002-05","Toronto, Ontario","2011S0503535","Unabsorbed inventory","Single detached units","Units","300","units","0","v1930806","24.2.2","423","","","","0"
"2002-05","Toronto, Ontario","2011S0503535","Unabsorbed inventory","Semi-detached units","Units","300","units","0","v1930835","24.2.3","257","","","","0"
"2002-06","Toronto, Ontario","2011S0503535","Absorptions","Total units","Units","300","units","0","v1930492","24.1.1","1883","","","","0"
"2002-06","Toronto, Ontario","2011S0503535","Absorptions","Single detached units","Units","300","units","0","v1930521","24.1.2","1421","","","","0"
"2002-06","Toronto, Ontario","2011S0503535","Absorptions","Semi-detached units","Units","300","units","0","v1930550","24.1.3","462","","","","0"
"2002-06","Toronto, Ontario","2011S0503535","Unabsorbed inventory","Total units","Units","300","units","0","v1930777","24.2.1","678","","","","0"
"2002-06","Toronto, Ontario","2011S0503535","Unabsorbed inventory","Single detached units","Units","300","units","0","v1930806","24.2.2","403","","","","0"
"2002-06","Toronto, Ontario","2011S0503535","Unabsorbed inventory","Semi-detached units","Units","300","units","0","v1930835","24.2.3","275","","","","0"
"2002-07","Toronto, Ontario","2011S0503535","Absorptions","Total units","Units","300","units","0","v1930492","24.1.1","2184","","","","0"
"2002-07","Toronto, Ontario","2011S0503535","Absorptions","Single detached units","Units","300","units","0","v1930521","24.1.2","1817","","","","0"
"2002-07","Toronto, Ontario","2011S0503535","Absorptions","Semi-detached units","Units","300","units","0","v1930550","24.1.3","367","","","","0"
"2002-07","Toronto, Ontario","2011S0503535","Unabsorbed inventory","Total units","Units","300","units","0","v1930777","24.2.1","700","","","","0"
"2002-07","Toronto, Ontario","2011S0503535","Unabsorbed inventory","Single detached units","Units","300","units","0","v1930806","24.2.2","406","","","","0"
"2002-07","Toronto, Ontario","2011S0503535","Unabsorbed inventory","Semi-detached units","Units","300","units","0","v1930835","24.2.3","294","","","","0"
"2002-08","Toronto, Ontario","2011S0503535","Absorptions","Total units","Units","300","units","0","v1930492","24.1.1","2802","","","","0"
"2002-08","Toronto, Ontario","2011S0503535","Absorptions","Single detached units","Units","300","units","0","v1930521","24.1.2","2245","","","","0"
"2002-08","Toronto, Ontario","2011S0503535","Absorptions","Semi-detached units","Units","300","units","0","v1930550","24.1.3","557","","","","0"
"2002-08","Toronto, Ontario","2011S0503535","Unabsorbed inventory","Total units","Units","300","units","0","v1930777","24.2.1","691","","","","0"
"2002-08","Toronto, Ontario","2011S0503535","Unabsorbed inventory","Single detached units","Units","300","units","0","v1930806","24.2.2","398","","","","0"
"2002-08","Toronto, Ontario","2011S0503535","Unabsorbed inventory","Semi-detached units","Units","300","units","0","v1930835","24.2.3","293","","","","0"
"2002-09","Toronto, Ontario","2011S0503535","Absorptions","Total units","Units","300","units","0","v1930492","24.1.1","2497","","","","0"
"2002-09","Toronto, Ontario","2011S0503535","Absorptions","Single detached units","Units","300","units","0","v1930521","24.1.2","2114","","","","0"
"2002-09","Toronto, Ontario","2011S0503535","Absorptions","Semi-detached units","Units","300","units","0","v1930550","24.1.3","383","","","","0"
"2002-09","Toronto, Ontario","2011S0503535","Unabsorbed inventory","Total units","Units","300","units","0","v1930777","24.2.1","783","","","","0"
"2002-09","Toronto, Ontario","2011S0503535","Unabsorbed inventory","Single detached units","Units","300","units","0","v1930806","24.2.2","435","","","","0"
"2002-09","Toronto, Ontario","2011S0503535","Unabsorbed inventory","Semi-detached units","Units","300","units","0","v1930835","24.2.3","348","","","","0"
"2002-10","Toronto, Ontario","2011S0503535","Absorptions","Total units","Units","300","units","0","v1930492","24.1.1","2522","","","","0"
"2002-10","Toronto, Ontario","2011S0503535","Absorptions","Single detached units","Units","300","units","0","v1930521","24.1.2","1986","","","","0"
"2002-10","Toronto, Ontario","2011S0503535","Absorptions","Semi-detached units","Units","300","units","0","v1930550","24.1.3","536","","","","0"
"2002-10","Toronto, Ontario","2011S0503535","Unabsorbed inventory","Total units","Units","300","units","0","v1930777","24.2.1","824","","","","0"
"2002-10","Toronto, Ontario","2011S0503535","Unabsorbed inventory","Single detached units","Units","300","units","0","v1930806","24.2.2","464","","","","0"
"2002-10","Toronto, Ontario","2011S0503535","Unabsorbed inventory","Semi-detached units","Units","300","units","0","v1930835","24.2.3","360","","","","0"
"2002-11","Toronto, Ontario","2011S0503535","Absorptions","Total units","Units","300","units","0","v1930492","24.1.1","2251","","","","0"
"2002-11","Toronto, Ontario","2011S0503535","Absorptions","Single detached units","Units","300","units","0","v1930521","24.1.2","1767","","","","0"
"2002-11","Toronto, Ontario","2011S0503535","Absorptions","Semi-detached units","Units","300","units","0","v1930550","24.1.3","484","","","","0"
"2002-11","Toronto, Ontario","2011S0503535","Unabsorbed inventory","Total units","Units","300","units","0","v1930777","24.2.1","852","","","","0"
"2002-11","Toronto, Ontario","2011S0503535","Unabsorbed inventory","Single detached units","Units","300","units","0","v1930806","24.2.2","504","","","","0"
"2002-11","Toronto, Ontario","2011S0503535","Unabsorbed inventory","Semi-detached units","Units","300","units","0","v1930835","24.2.3","348","","","","0"
"2002-12","Toronto, Ontario","2011S0503535","Absorptions","Total units","Units","300","units","0","v1930492","24.1.1","2401","","","","0"
"2002-12","Toronto, Ontario","2011S0503535","Absorptions","Single detached units","Units","300","units","0","v1930521","24.1.2","1913","","","","0"
"2002-12","Toronto, Ontario","2011S0503535","Absorptions","Semi-detached units","Units","300","units","0","v1930550","24.1.3","488","","","","0"
"2002-12","Toronto, Ontario","2011S0503535","Unabsorbed inventory","Total units","Units","300","units","0","v1930777","24.2.1","792","","","","0"
"2002-12","Toronto, Ontario","2011S0503535","Unabsorbed inventory","Single detached units","Units","300","units","0","v1930806","24.2.2","522","","","","0"
"2002-12","Toronto, Ontario","2011S0503535","Unabsorbed inventory","Semi-detached units","Units","300","units","0","v1930835","24.2.3","270","","","","0"
"2003-01","Toronto, Ontario","2011S0503535","Absorptions","Total units","Units","300","units","0","v1930492","24.1.1","1734","","","","0"
"2003-01","Toronto, Ontario","2011S0503535","Absorptions","Single detached units","Units","300","units","0","v1930521","24.1.2","1413","","","","0"
"2003-01","Toronto, Ontario","2011S0503535","Absorptions","Semi-detached units","Units","300","units","0","v1930550","24.1.3","321","","","","0"
"2003-01","Toronto, Ontario","2011S0503535","Unabsorbed inventory","Total units","Units","300","units","0","v1930777","24.2.1","764","","","","0"
"2003-01","Toronto, Ontario","2011S0503535","Unabsorbed inventory","Single detached units","Units","300","units","0","v1930806","24.2.2","523","","","","0"
"2003-01","Toronto, Ontario","2011S0503535","Unabsorbed inventory","Semi-detached units","Units","300","units","0","v1930835","24.2.3","241","","","","0"
"2003-02","Toronto, Ontario","2011S0503535","Absorptions","Total units","Units","300","units","0","v1930492","24.1.1","1855","","","","0"
"2003-02","Toronto, Ontario","2011S0503535","Absorptions","Single detached units","Units","300","units","0","v1930521","24.1.2","1441","","","","0"
"2003-02","Toronto, Ontario","2011S0503535","Absorptions","Semi-detached units","Units","300","units","0","v1930550","24.1.3","414","","","","0"
"2003-02","Toronto, Ontario","2011S0503535","Unabsorbed inventory","Total units","Units","300","units","0","v1930777","24.2.1","685","","","","0"
"2003-02","Toronto, Ontario","2011S0503535","Unabsorbed inventory","Single detached units","Units","300","units","0","v1930806","24.2.2","440","","","","0"
"2003-02","Toronto, Ontario","2011S0503535","Unabsorbed inventory","Semi-detached units","Units","300","units","0","v1930835","24.2.3","245","","","","0"
"2003-03","Toronto, Ontario","2011S0503535","Absorptions","Total units","Units","300","units","0","v1930492","24.1.1","1424","","","","0"
"2003-03","Toronto, Ontario","2011S0503535","Absorptions","Single detached units","Units","300","units","0","v1930521","24.1.2","1238","","","","0"
"2003-03","Toronto, Ontario","2011S0503535","Absorptions","Semi-detached units","Units","300","units","0","v1930550","24.1.3","186","","","","0"
"2003-03","Toronto, Ontario","2011S0503535","Unabsorbed inventory","Total units","Units","300","units","0","v1930777","24.2.1","653","","","","0"
"2003-03","Toronto, Ontario","2011S0503535","Unabsorbed inventory","Single detached units","Units","300","units","0","v1930806","24.2.2","410","","","","0"
"2003-03","Toronto, Ontario","2011S0503535","Unabsorbed inventory","Semi-detached units","Units","300","units","0","v1930835","24.2.3","243","","","","0"
"2003-04","Toronto, Ontario","2011S0503535","Absorptions","Total units","Units","300","units","0","v1930492","24.1.1","1868","","","","0"
"2003-04","Toronto, Ontario","2011S0503535","Absorptions","Single detached units","Units","300","units","0","v1930521","24.1.2","1480","","","","0"
"2003-04","Toronto, Ontario","2011S0503535","Absorptions","Semi-detached units","Units","300","units","0","v1930550","24.1.3","388","","","","0"
"2003-04","Toronto, Ontario","2011S0503535","Unabsorbed inventory","Total units","Units","300","units","0","v1930777","24.2.1","652","","","","0"
"2003-04","Toronto, Ontario","2011S0503535","Unabsorbed inventory","Single detached units","Units","300","units","0","v1930806","24.2.2","415","","","","0"
"2003-04","Toronto, Ontario","2011S0503535","Unabsorbed inventory","Semi-detached units","Units","300","units","0","v1930835","24.2.3","237","","","","0"
"2003-05","Toronto, Ontario","2011S0503535","Absorptions","Total units","Units","300","units","0","v1930492","24.1.1","1493","","","","0"
"2003-05","Toronto, Ontario","2011S0503535","Absorptions","Single detached units","Units","300","units","0","v1930521","24.1.2","1247","","","","0"
"2003-05","Toronto, Ontario","2011S0503535","Absorptions","Semi-detached units","Units","300","units","0","v1930550","24.1.3","246","","","","0"
"2003-05","Toronto, Ontario","2011S0503535","Unabsorbed inventory","Total units","Units","300","units","0","v1930777","24.2.1","606","","","","0"
"2003-05","Toronto, Ontario","2011S0503535","Unabsorbed inventory","Single detached units","Units","300","units","0","v1930806","24.2.2","417","","","","0"
"2003-05","Toronto, Ontario","2011S0503535","Unabsorbed inventory","Semi-detached units","Units","300","units","0","v1930835","24.2.3","189","","","","0"
"2003-06","Toronto, Ontario","2011S0503535","Absorptions","Total units","Units","300","units","0","v1930492","24.1.1","1796","","","","0"
"2003-06","Toronto, Ontario","2011S0503535","Absorptions","Single detached units","Units","300","units","0","v1930521","24.1.2","1508","","","","0"
"2003-06","Toronto, Ontario","2011S0503535","Absorptions","Semi-detached units","Units","300","units","0","v1930550","24.1.3","288","","","","0"
"2003-06","Toronto, Ontario","2011S0503535","Unabsorbed inventory","Total units","Units","300","units","0","v1930777","24.2.1","621","","","","0"
"2003-06","Toronto, Ontario","2011S0503535","Unabsorbed inventory","Single detached units","Units","300","units","0","v1930806","24.2.2","416","","","","0"
"2003-06","Toronto, Ontario","2011S0503535","Unabsorbed inventory","Semi-detached units","Units","300","units","0","v1930835","24.2.3","205","","","","0"
"2003-07","Toronto, Ontario","2011S0503535","Absorptions","Total units","Units","300","units","0","v1930492","24.1.1","1920","","","","0"
"2003-07","Toronto, Ontario","2011S0503535","Absorptions","Single detached units","Units","300","units","0","v1930521","24.1.2","1508","","","","0"
"2003-07","Toronto, Ontario","2011S0503535","Absorptions","Semi-detached units","Units","300","units","0","v1930550","24.1.3","412","","","","0"
"2003-07","Toronto, Ontario","2011S0503535","Unabsorbed inventory","Total units","Units","300","units","0","v1930777","24.2.1","576","","","","0"
"2003-07","Toronto, Ontario","2011S0503535","Unabsorbed inventory","Single detached units","Units","300","units","0","v1930806","24.2.2","407","","","","0"
"2003-07","Toronto, Ontario","2011S0503535","Unabsorbed inventory","Semi-detached units","Units","300","units","0","v1930835","24.2.3","169","","","","0"
"2003-08","Toronto, Ontario","2011S0503535","Absorptions","Total units","Units","300","units","0","v1930492","24.1.1","1958","","","","0"
"2003-08","Toronto, Ontario","2011S0503535","Absorptions","Single detached units","Units","300","units","0","v1930521","24.1.2","1611","","","","0"
"2003-08","Toronto, Ontario","2011S0503535","Absorptions","Semi-detached units","Units","300","units","0","v1930550","24.1.3","347","","","","0"
"2003-08","Toronto, Ontario","2011S0503535","Unabsorbed inventory","Total units","Units","300","units","0","v1930777","24.2.1","568","","","","0"
"2003-08","Toronto, Ontario","2011S0503535","Unabsorbed inventory","Single detached units","Units","300","units","0","v1930806","24.2.2","434","","","","0"
"2003-08","Toronto, Ontario","2011S0503535","Unabsorbed inventory","Semi-detached units","Units","300","units","0","v1930835","24.2.3","134","","","","0"
"2003-09","Toronto, Ontario","2011S0503535","Absorptions","Total units","Units","300","units","0","v1930492","24.1.1","1935","","","","0"
"2003-09","Toronto, Ontario","2011S0503535","Absorptions","Single detached units","Units","300","units","0","v1930521","24.1.2","1516","","","","0"
"2003-09","Toronto, Ontario","2011S0503535","Absorptions","Semi-detached units","Units","300","units","0","v1930550","24.1.3","419","","","","0"
"2003-09","Toronto, Ontario","2011S0503535","Unabsorbed inventory","Total units","Units","300","units","0","v1930777","24.2.1","541","","","","0"
"2003-09","Toronto, Ontario","2011S0503535","Unabsorbed inventory","Single detached units","Units","300","units","0","v1930806","24.2.2","372","","","","0"
"2003-09","Toronto, Ontario","2011S0503535","Unabsorbed inventory","Semi-detached units","Units","300","units","0","v1930835","24.2.3","169","","","","0"
"2003-10","Toronto, Ontario","2011S0503535","Absorptions","Total units","Units","300","units","0","v1930492","24.1.1","2239","","","","0"
"2003-10","Toronto, Ontario","2011S0503535","Absorptions","Single detached units","Units","300","units","0","v1930521","24.1.2","1802","","","","0"
"2003-10","Toronto, Ontario","2011S0503535","Absorptions","Semi-detached units","Units","300","units","0","v1930550","24.1.3","437","","","","0"
"2003-10","Toronto, Ontario","2011S0503535","Unabsorbed inventory","Total units","Units","300","units","0","v1930777","24.2.1","586","","","","0"
"2003-10","Toronto, Ontario","2011S0503535","Unabsorbed inventory","Single detached units","Units","300","units","0","v1930806","24.2.2","416","","","","0"
"2003-10","Toronto, Ontario","2011S0503535","Unabsorbed inventory","Semi-detached units","Units","300","units","0","v1930835","24.2.3","170","","","","0"
"2003-11","Toronto, Ontario","2011S0503535","Absorptions","Total units","Units","300","units","0","v1930492","24.1.1","2096","","","","0"
"2003-11","Toronto, Ontario","2011S0503535","Absorptions","Single detached units","Units","300","units","0","v1930521","24.1.2","1717","","","","0"
"2003-11","Toronto, Ontario","2011S0503535","Absorptions","Semi-detached units","Units","300","units","0","v1930550","24.1.3","379","","","","0"
"2003-11","Toronto, Ontario","2011S0503535","Unabsorbed inventory","Total units","Units","300","units","0","v1930777","24.2.1","614","","","","0"
"2003-11","Toronto, Ontario","2011S0503535","Unabsorbed inventory","Single detached units","Units","300","units","0","v1930806","24.2.2","441","","","","0"
"2003-11","Toronto, Ontario","2011S0503535","Unabsorbed inventory","Semi-detached units","Units","300","units","0","v1930835","24.2.3","173","","","","0"
"2003-12","Toronto, Ontario","2011S0503535","Absorptions","Total units","Units","300","units","0","v1930492","24.1.1","2113","","","","0"
"2003-12","Toronto, Ontario","2011S0503535","Absorptions","Single detached units","Units","300","units","0","v1930521","24.1.2","1727","","","","0"
"2003-12","Toronto, Ontario","2011S0503535","Absorptions","Semi-detached units","Units","300","units","0","v1930550","24.1.3","386","","","","0"
"2003-12","Toronto, Ontario","2011S0503535","Unabsorbed inventory","Total units","Units","300","units","0","v1930777","24.2.1","674","","","","0"
"2003-12","Toronto, Ontario","2011S0503535","Unabsorbed inventory","Single detached units","Units","300","units","0","v1930806","24.2.2","511","","","","0"
"2003-12","Toronto, Ontario","2011S0503535","Unabsorbed inventory","Semi-detached units","Units","300","units","0","v1930835","24.2.3","163","","","","0"
"2004-01","Toronto, Ontario","2011S0503535","Absorptions","Total units","Units","300","units","0","v1930492","24.1.1","2281","","","","0"
"2004-01","Toronto, Ontario","2011S0503535","Absorptions","Single detached units","Units","300","units","0","v1930521","24.1.2","1859","","","","0"
"2004-01","Toronto, Ontario","2011S0503535","Absorptions","Semi-detached units","Units","300","units","0","v1930550","24.1.3","422","","","","0"
"2004-01","Toronto, Ontario","2011S0503535","Unabsorbed inventory","Total units","Units","300","units","0","v1930777","24.2.1","597","","","","0"
"2004-01","Toronto, Ontario","2011S0503535","Unabsorbed inventory","Single detached units","Units","300","units","0","v1930806","24.2.2","460","","","","0"
"2004-01","Toronto, Ontario","2011S0503535","Unabsorbed inventory","Semi-detached units","Units","300","units","0","v1930835","24.2.3","137","","","","0"
"2004-02","Toronto, Ontario","2011S0503535","Absorptions","Total units","Units","300","units","0","v1930492","24.1.1","1720","","","","0"
"2004-02","Toronto, Ontario","2011S0503535","Absorptions","Single detached units","Units","300","units","0","v1930521","24.1.2","1415","","","","0"
"2004-02","Toronto, Ontario","2011S0503535","Absorptions","Semi-detached units","Units","300","units","0","v1930550","24.1.3","305","","","","0"
"2004-02","Toronto, Ontario","2011S0503535","Unabsorbed inventory","Total units","Units","300","units","0","v1930777","24.2.1","537","","","","0"
"2004-02","Toronto, Ontario","2011S0503535","Unabsorbed inventory","Single detached units","Units","300","units","0","v1930806","24.2.2","399","","","","0"
"2004-02","Toronto, Ontario","2011S0503535","Unabsorbed inventory","Semi-detached units","Units","300","units","0","v1930835","24.2.3","138","","","","0"
"2004-03","Toronto, Ontario","2011S0503535","Absorptions","Total units","Units","300","units","0","v1930492","24.1.1","1778","","","","0"
"2004-03","Toronto, Ontario","2011S0503535","Absorptions","Single detached units","Units","300","units","0","v1930521","24.1.2","1344","","","","0"
"2004-03","Toronto, Ontario","2011S0503535","Absorptions","Semi-detached units","Units","300","units","0","v1930550","24.1.3","434","","","","0"
"2004-03","Toronto, Ontario","2011S0503535","Unabsorbed inventory","Total units","Units","300","units","0","v1930777","24.2.1","563","","","","0"
"2004-03","Toronto, Ontario","2011S0503535","Unabsorbed inventory","Single detached units","Units","300","units","0","v1930806","24.2.2","411","","","","0"
"2004-03","Toronto, Ontario","2011S0503535","Unabsorbed inventory","Semi-detached units","Units","300","units","0","v1930835","24.2.3","152","","","","0"
"2004-04","Toronto, Ontario","2011S0503535","Absorptions","Total units","Units","300","units","0","v1930492","24.1.1","1749","","","","0"
"2004-04","Toronto, Ontario","2011S0503535","Absorptions","Single detached units","Units","300","units","0","v1930521","24.1.2","1395","","","","0"
"2004-04","Toronto, Ontario","2011S0503535","Absorptions","Semi-detached units","Units","300","units","0","v1930550","24.1.3","354","","","","0"
"2004-04","Toronto, Ontario","2011S0503535","Unabsorbed inventory","Total units","Units","300","units","0","v1930777","24.2.1","550","","","","0"
"2004-04","Toronto, Ontario","2011S0503535","Unabsorbed inventory","Single detached units","Units","300","units","0","v1930806","24.2.2","417","","","","0"
"2004-04","Toronto, Ontario","2011S0503535","Unabsorbed inventory","Semi-detached units","Units","300","units","0","v1930835","24.2.3","133","","","","0"
"2004-05","Toronto, Ontario","2011S0503535","Absorptions","Total units","Units","300","units","0","v1930492","24.1.1","1773","","","","0"
"2004-05","Toronto, Ontario","2011S0503535","Absorptions","Single detached units","Units","300","units","0","v1930521","24.1.2","1290","","","","0"
"2004-05","Toronto, Ontario","2011S0503535","Absorptions","Semi-detached units","Units","300","units","0","v1930550","24.1.3","483","","","","0"
"2004-05","Toronto, Ontario","2011S0503535","Unabsorbed inventory","Total units","Units","300","units","0","v1930777","24.2.1","571","","","","0"
"2004-05","Toronto, Ontario","2011S0503535","Unabsorbed inventory","Single detached units","Units","300","units","0","v1930806","24.2.2","425","","","","0"
"2004-05","Toronto, Ontario","2011S0503535","Unabsorbed inventory","Semi-detached units","Units","300","units","0","v1930835","24.2.3","146","","","","0"
"2004-06","Toronto, Ontario","2011S0503535","Absorptions","Total units","Units","300","units","0","v1930492","24.1.1","1644","","","","0"
"2004-06","Toronto, Ontario","2011S0503535","Absorptions","Single detached units","Units","300","units","0","v1930521","24.1.2","1385","","","","0"
"2004-06","Toronto, Ontario","2011S0503535","Absorptions","Semi-detached units","Units","300","units","0","v1930550","24.1.3","259","","","","0"
"2004-06","Toronto, Ontario","2011S0503535","Unabsorbed inventory","Total units","Units","300","units","0","v1930777","24.2.1","549","","","","0"
"2004-06","Toronto, Ontario","2011S0503535","Unabsorbed inventory","Single detached units","Units","300","units","0","v1930806","24.2.2","392","","","","0"
"2004-06","Toronto, Ontario","2011S0503535","Unabsorbed inventory","Semi-detached units","Units","300","units","0","v1930835","24.2.3","157","","","","0"
"2004-07","Toronto, Ontario","2011S0503535","Absorptions","Total units","Units","300","units","0","v1930492","24.1.1","2412","","","","0"
"2004-07","Toronto, Ontario","2011S0503535","Absorptions","Single detached units","Units","300","units","0","v1930521","24.1.2","1940","","","","0"
"2004-07","Toronto, Ontario","2011S0503535","Absorptions","Semi-detached units","Units","300","units","0","v1930550","24.1.3","472","","","","0"
"2004-07","Toronto, Ontario","2011S0503535","Unabsorbed inventory","Total units","Units","300","units","0","v1930777","24.2.1","524","","","","0"
"2004-07","Toronto, Ontario","2011S0503535","Unabsorbed inventory","Single detached units","Units","300","units","0","v1930806","24.2.2","417","","","","0"
"2004-07","Toronto, Ontario","2011S0503535","Unabsorbed inventory","Semi-detached units","Units","300","units","0","v1930835","24.2.3","107","","","","0"
"2004-08","Toronto, Ontario","2011S0503535","Absorptions","Total units","Units","300","units","0","v1930492","24.1.1","1897","","","","0"
"2004-08","Toronto, Ontario","2011S0503535","Absorptions","Single detached units","Units","300","units","0","v1930521","24.1.2","1702","","","","0"
"2004-08","Toronto, Ontario","2011S0503535","Absorptions","Semi-detached units","Units","300","units","0","v1930550","24.1.3","195","","","","0"
"2004-08","Toronto, Ontario","2011S0503535","Unabsorbed inventory","Total units","Units","300","units","0","v1930777","24.2.1","573","","","","0"
"2004-08","Toronto, Ontario","2011S0503535","Unabsorbed inventory","Single detached units","Units","300","units","0","v1930806","24.2.2","455","","","","0"
"2004-08","Toronto, Ontario","2011S0503535","Unabsorbed inventory","Semi-detached units","Units","300","units","0","v1930835","24.2.3","118","","","","0"
"2004-09","Toronto, Ontario","2011S0503535","Absorptions","Total units","Units","300","units","0","v1930492","24.1.1","2012","","","","0"
"2004-09","Toronto, Ontario","2011S0503535","Absorptions","Single detached units","Units","300","units","0","v1930521","24.1.2","1651","","","","0"
"2004-09","Toronto, Ontario","2011S0503535","Absorptions","Semi-detached units","Units","300","units","0","v1930550","24.1.3","361","","","","0"
"2004-09","Toronto, Ontario","2011S0503535","Unabsorbed inventory","Total units","Units","300","units","0","v1930777","24.2.1","612","","","","0"
"2004-09","Toronto, Ontario","2011S0503535","Unabsorbed inventory","Single detached units","Units","300","units","0","v1930806","24.2.2","425","","","","0"
"2004-09","Toronto, Ontario","2011S0503535","Unabsorbed inventory","Semi-detached units","Units","300","units","0","v1930835","24.2.3","187","","","","0"
"2004-10","Toronto, Ontario","2011S0503535","Absorptions","Total units","Units","300","units","0","v1930492","24.1.1","1957","","","","0"
"2004-10","Toronto, Ontario","2011S0503535","Absorptions","Single detached units","Units","300","units","0","v1930521","24.1.2","1664","","","","0"
"2004-10","Toronto, Ontario","2011S0503535","Absorptions","Semi-detached units","Units","300","units","0","v1930550","24.1.3","293","","","","0"
"2004-10","Toronto, Ontario","2011S0503535","Unabsorbed inventory","Total units","Units","300","units","0","v1930777","24.2.1","615","","","","0"
"2004-10","Toronto, Ontario","2011S0503535","Unabsorbed inventory","Single detached units","Units","300","units","0","v1930806","24.2.2","437","","","","0"
"2004-10","Toronto, Ontario","2011S0503535","Unabsorbed inventory","Semi-detached units","Units","300","units","0","v1930835","24.2.3","178","","","","0"
"2004-11","Toronto, Ontario","2011S0503535","Absorptions","Total units","Units","300","units","0","v1930492","24.1.1","2221","","","","0"
"2004-11","Toronto, Ontario","2011S0503535","Absorptions","Single detached units","Units","300","units","0","v1930521","24.1.2","1721","","","","0"
"2004-11","Toronto, Ontario","2011S0503535","Absorptions","Semi-detached units","Units","300","units","0","v1930550","24.1.3","500","","","","0"
"2004-11","Toronto, Ontario","2011S0503535","Unabsorbed inventory","Total units","Units","300","units","0","v1930777","24.2.1","722","","","","0"
"2004-11","Toronto, Ontario","2011S0503535","Unabsorbed inventory","Single detached units","Units","300","units","0","v1930806","24.2.2","550","","","","0"
"2004-11","Toronto, Ontario","2011S0503535","Unabsorbed inventory","Semi-detached units","Units","300","units","0","v1930835","24.2.3","172","","","","0"
"2004-12","Toronto, Ontario","2011S0503535","Absorptions","Total units","Units","300","units","0","v1930492","24.1.1","2055","","","","0"
"2004-12","Toronto, Ontario","2011S0503535","Absorptions","Single detached units","Units","300","units","0","v1930521","24.1.2","1672","","","","0"
"2004-12","Toronto, Ontario","2011S0503535","Absorptions","Semi-detached units","Units","300","units","0","v1930550","24.1.3","383","","","","0"
"2004-12","Toronto, Ontario","2011S0503535","Unabsorbed inventory","Total units","Units","300","units","0","v1930777","24.2.1","721","","","","0"
"2004-12","Toronto, Ontario","2011S0503535","Unabsorbed inventory","Single detached units","Units","300","units","0","v1930806","24.2.2","594","","","","0"
"2004-12","Toronto, Ontario","2011S0503535","Unabsorbed inventory","Semi-detached units","Units","300","units","0","v1930835","24.2.3","127","","","","0"
"2005-01","Toronto, Ontario","2011S0503535","Absorptions","Total units","Units","300","units","0","v1930492","24.1.1","1748","","","","0"
"2005-01","Toronto, Ontario","2011S0503535","Absorptions","Single detached units","Units","300","units","0","v1930521","24.1.2","1546","","","","0"
"2005-01","Toronto, Ontario","2011S0503535","Absorptions","Semi-detached units","Units","300","units","0","v1930550","24.1.3","202","","","","0"
"2005-01","Toronto, Ontario","2011S0503535","Unabsorbed inventory","Total units","Units","300","units","0","v1930777","24.2.1","756","","","","0"
"2005-01","Toronto, Ontario","2011S0503535","Unabsorbed inventory","Single detached units","Units","300","units","0","v1930806","24.2.2","633","","","","0"
"2005-01","Toronto, Ontario","2011S0503535","Unabsorbed inventory","Semi-detached units","Units","300","units","0","v1930835","24.2.3","123","","","","0"
"2005-02","Toronto, Ontario","2011S0503535","Absorptions","Total units","Units","300","units","0","v1930492","24.1.1","1744","","","","0"
"2005-02","Toronto, Ontario","2011S0503535","Absorptions","Single detached units","Units","300","units","0","v1930521","24.1.2","1525","","","","0"
"2005-02","Toronto, Ontario","2011S0503535","Absorptions","Semi-detached units","Units","300","units","0","v1930550","24.1.3","219","","","","0"
"2005-02","Toronto, Ontario","2011S0503535","Unabsorbed inventory","Total units","Units","300","units","0","v1930777","24.2.1","753","","","","0"
"2005-02","Toronto, Ontario","2011S0503535","Unabsorbed inventory","Single detached units","Units","300","units","0","v1930806","24.2.2","603","","","","0"
"2005-02","Toronto, Ontario","2011S0503535","Unabsorbed inventory","Semi-detached units","Units","300","units","0","v1930835","24.2.3","150","","","","0"
"2005-03","Toronto, Ontario","2011S0503535","Absorptions","Total units","Units","300","units","0","v1930492","24.1.1","1949","","","","0"
"2005-03","Toronto, Ontario","2011S0503535","Absorptions","Single detached units","Units","300","units","0","v1930521","24.1.2","1571","","","","0"
"2005-03","Toronto, Ontario","2011S0503535","Absorptions","Semi-detached units","Units","300","units","0","v1930550","24.1.3","378","","","","0"
"2005-03","Toronto, Ontario","2011S0503535","Unabsorbed inventory","Total units","Units","300","units","0","v1930777","24.2.1","695","","","","0"
"2005-03","Toronto, Ontario","2011S0503535","Unabsorbed inventory","Single detached units","Units","300","units","0","v1930806","24.2.2","551","","","","0"
"2005-03","Toronto, Ontario","2011S0503535","Unabsorbed inventory","Semi-detached units","Units","300","units","0","v1930835","24.2.3","144","","","","0"
"2005-04","Toronto, Ontario","2011S0503535","Absorptions","Total units","Units","300","units","0","v1930492","24.1.1","1715","","","","0"
"2005-04","Toronto, Ontario","2011S0503535","Absorptions","Single detached units","Units","300","units","0","v1930521","24.1.2","1368","","","","0"
"2005-04","Toronto, Ontario","2011S0503535","Absorptions","Semi-detached units","Units","300","units","0","v1930550","24.1.3","347","","","","0"
"2005-04","Toronto, Ontario","2011S0503535","Unabsorbed inventory","Total units","Units","300","units","0","v1930777","24.2.1","629","","","","0"
"2005-04","Toronto, Ontario","2011S0503535","Unabsorbed inventory","Single detached units","Units","300","units","0","v1930806","24.2.2","532","","","","0"
"2005-04","Toronto, Ontario","2011S0503535","Unabsorbed inventory","Semi-detached units","Units","300","units","0","v1930835","24.2.3","97","","","","0"
"2005-05","Toronto, Ontario","2011S0503535","Absorptions","Total units","Units","300","units","0","v1930492","24.1.1","1703","","","","0"
"2005-05","Toronto, Ontario","2011S0503535","Absorptions","Single detached units","Units","300","units","0","v1930521","24.1.2","1346","","","","0"
"2005-05","Toronto, Ontario","2011S0503535","Absorptions","Semi-detached units","Units","300","units","0","v1930550","24.1.3","357","","","","0"
"2005-05","Toronto, Ontario","2011S0503535","Unabsorbed inventory","Total units","Units","300","units","0","v1930777","24.2.1","615","","","","0"
"2005-05","Toronto, Ontario","2011S0503535","Unabsorbed inventory","Single detached units","Units","300","units","0","v1930806","24.2.2","513","","","","0"
"2005-05","Toronto, Ontario","2011S0503535","Unabsorbed inventory","Semi-detached units","Units","300","units","0","v1930835","24.2.3","102","","","","0"
"2005-06","Toronto, Ontario","2011S0503535","Absorptions","Total units","Units","300","units","0","v1930492","24.1.1","1363","","","","0"
"2005-06","Toronto, Ontario","2011S0503535","Absorptions","Single detached units","Units","300","units","0","v1930521","24.1.2","1152","","","","0"
"2005-06","Toronto, Ontario","2011S0503535","Absorptions","Semi-detached units","Units","300","units","0","v1930550","24.1.3","211","","","","0"
"2005-06","Toronto, Ontario","2011S0503535","Unabsorbed inventory","Total units","Units","300","units","0","v1930777","24.2.1","641","","","","0"
"2005-06","Toronto, Ontario","2011S0503535","Unabsorbed inventory","Single detached units","Units","300","units","0","v1930806","24.2.2","534","","","","0"
"2005-06","Toronto, Ontario","2011S0503535","Unabsorbed inventory","Semi-detached units","Units","300","units","0","v1930835","24.2.3","107","","","","0"
"2005-07","Toronto, Ontario","2011S0503535","Absorptions","Total units","Units","300","units","0","v1930492","24.1.1","1637","","","","0"
"2005-07","Toronto, Ontario","2011S0503535","Absorptions","Single detached units","Units","300","units","0","v1930521","24.1.2","1442","","","","0"
"2005-07","Toronto, Ontario","2011S0503535","Absorptions","Semi-detached units","Units","300","units","0","v1930550","24.1.3","195","","","","0"
"2005-07","Toronto, Ontario","2011S0503535","Unabsorbed inventory","Total units","Units","300","units","0","v1930777","24.2.1","565","","","","0"
"2005-07","Toronto, Ontario","2011S0503535","Unabsorbed inventory","Single detached units","Units","300","units","0","v1930806","24.2.2","451","","","","0"
"2005-07","Toronto, Ontario","2011S0503535","Unabsorbed inventory","Semi-detached units","Units","300","units","0","v1930835","24.2.3","114","","","","0"
"2005-08","Toronto, Ontario","2011S0503535","Absorptions","Total units","Units","300","units","0","v1930492","24.1.1","1765","","","","0"
"2005-08","Toronto, Ontario","2011S0503535","Absorptions","Single detached units","Units","300","units","0","v1930521","24.1.2","1487","","","","0"
"2005-08","Toronto, Ontario","2011S0503535","Absorptions","Semi-detached units","Units","300","units","0","v1930550","24.1.3","278","","","","0"
"2005-08","Toronto, Ontario","2011S0503535","Unabsorbed inventory","Total units","Units","300","units","0","v1930777","24.2.1","511","","","","0"
"2005-08","Toronto, Ontario","2011S0503535","Unabsorbed inventory","Single detached units","Units","300","units","0","v1930806","24.2.2","409","","","","0"
"2005-08","Toronto, Ontario","2011S0503535","Unabsorbed inventory","Semi-detached units","Units","300","units","0","v1930835","24.2.3","102","","","","0"
"2005-09","Toronto, Ontario","2011S0503535","Absorptions","Total units","Units","300","units","0","v1930492","24.1.1","1916","","","","0"
"2005-09","Toronto, Ontario","2011S0503535","Absorptions","Single detached units","Units","300","units","0","v1930521","24.1.2","1715","","","","0"
"2005-09","Toronto, Ontario","2011S0503535","Absorptions","Semi-detached units","Units","300","units","0","v1930550","24.1.3","201","","","","0"
"2005-09","Toronto, Ontario","2011S0503535","Unabsorbed inventory","Total units","Units","300","units","0","v1930777","24.2.1","520","","","","0"
"2005-09","Toronto, Ontario","2011S0503535","Unabsorbed inventory","Single detached units","Units","300","units","0","v1930806","24.2.2","401","","","","0"
"2005-09","Toronto, Ontario","2011S0503535","Unabsorbed inventory","Semi-detached units","Units","300","units","0","v1930835","24.2.3","119","","","","0"
"2005-10","Toronto, Ontario","2011S0503535","Absorptions","Total units","Units","300","units","0","v1930492","24.1.1","1687","","","","0"
"2005-10","Toronto, Ontario","2011S0503535","Absorptions","Single detached units","Units","300","units","0","v1930521","24.1.2","1253","","","","0"
"2005-10","Toronto, Ontario","2011S0503535","Absorptions","Semi-detached units","Units","300","units","0","v1930550","24.1.3","434","","","","0"
"2005-10","Toronto, Ontario","2011S0503535","Unabsorbed inventory","Total units","Units","300","units","0","v1930777","24.2.1","541","","","","0"
"2005-10","Toronto, Ontario","2011S0503535","Unabsorbed inventory","Single detached units","Units","300","units","0","v1930806","24.2.2","430","","","","0"
"2005-10","Toronto, Ontario","2011S0503535","Unabsorbed inventory","Semi-detached units","Units","300","units","0","v1930835","24.2.3","111","","","","0"
"2005-11","Toronto, Ontario","2011S0503535","Absorptions","Total units","Units","300","units","0","v1930492","24.1.1","1800","","","","0"
"2005-11","Toronto, Ontario","2011S0503535","Absorptions","Single detached units","Units","300","units","0","v1930521","24.1.2","1459","","","","0"
"2005-11","Toronto, Ontario","2011S0503535","Absorptions","Semi-detached units","Units","300","units","0","v1930550","24.1.3","341","","","","0"
"2005-11","Toronto, Ontario","2011S0503535","Unabsorbed inventory","Total units","Units","300","units","0","v1930777","24.2.1","517","","","","0"
"2005-11","Toronto, Ontario","2011S0503535","Unabsorbed inventory","Single detached units","Units","300","units","0","v1930806","24.2.2","401","","","","0"
"2005-11","Toronto, Ontario","2011S0503535","Unabsorbed inventory","Semi-detached units","Units","300","units","0","v1930835","24.2.3","116","","","","0"
"2005-12","Toronto, Ontario","2011S0503535","Absorptions","Total units","Units","300","units","0","v1930492","24.1.1","1788","","","","0"
"2005-12","Toronto, Ontario","2011S0503535","Absorptions","Single detached units","Units","300","units","0","v1930521","24.1.2","1321","","","","0"
"2005-12","Toronto, Ontario","2011S0503535","Absorptions","Semi-detached units","Units","300","units","0","v1930550","24.1.3","467","","","","0"
"2005-12","Toronto, Ontario","2011S0503535","Unabsorbed inventory","Total units","Units","300","units","0","v1930777","24.2.1","462","","","","0"
"2005-12","Toronto, Ontario","2011S0503535","Unabsorbed inventory","Single detached units","Units","300","units","0","v1930806","24.2.2","355","","","","0"
"2005-12","Toronto, Ontario","2011S0503535","Unabsorbed inventory","Semi-detached units","Units","300","units","0","v1930835","24.2.3","107","","","","0"
"2006-01","Toronto, Ontario","2011S0503535","Absorptions","Total units","Units","300","units","0","v1930492","24.1.1","1427","","","","0"
"2006-01","Toronto, Ontario","2011S0503535","Absorptions","Single detached units","Units","300","units","0","v1930521","24.1.2","1173","","","","0"
"2006-01","Toronto, Ontario","2011S0503535","Absorptions","Semi-detached units","Units","300","units","0","v1930550","24.1.3","254","","","","0"
"2006-01","Toronto, Ontario","2011S0503535","Unabsorbed inventory","Total units","Units","300","units","0","v1930777","24.2.1","417","","","","0"
"2006-01","Toronto, Ontario","2011S0503535","Unabsorbed inventory","Single detached units","Units","300","units","0","v1930806","24.2.2","322","","","","0"
"2006-01","Toronto, Ontario","2011S0503535","Unabsorbed inventory","Semi-detached units","Units","300","units","0","v1930835","24.2.3","95","","","","0"
"2006-02","Toronto, Ontario","2011S0503535","Absorptions","Total units","Units","300","units","0","v1930492","24.1.1","1410","","","","0"
"2006-02","Toronto, Ontario","2011S0503535","Absorptions","Single detached units","Units","300","units","0","v1930521","24.1.2","1199","","","","0"
"2006-02","Toronto, Ontario","2011S0503535","Absorptions","Semi-detached units","Units","300","units","0","v1930550","24.1.3","211","","","","0"
"2006-02","Toronto, Ontario","2011S0503535","Unabsorbed inventory","Total units","Units","300","units","0","v1930777","24.2.1","364","","","","0"
"2006-02","Toronto, Ontario","2011S0503535","Unabsorbed inventory","Single detached units","Units","300","units","0","v1930806","24.2.2","268","","","","0"
"2006-02","Toronto, Ontario","2011S0503535","Unabsorbed inventory","Semi-detached units","Units","300","units","0","v1930835","24.2.3","96","","","","0"
"2006-03","Toronto, Ontario","2011S0503535","Absorptions","Total units","Units","300","units","0","v1930492","24.1.1","1439","","","","0"
"2006-03","Toronto, Ontario","2011S0503535","Absorptions","Single detached units","Units","300","units","0","v1930521","24.1.2","1197","","","","0"
"2006-03","Toronto, Ontario","2011S0503535","Absorptions","Semi-detached units","Units","300","units","0","v1930550","24.1.3","242","","","","0"
"2006-03","Toronto, Ontario","2011S0503535","Unabsorbed inventory","Total units","Units","300","units","0","v1930777","24.2.1","320","","","","0"
"2006-03","Toronto, Ontario","2011S0503535","Unabsorbed inventory","Single detached units","Units","300","units","0","v1930806","24.2.2","236","","","","0"
"2006-03","Toronto, Ontario","2011S0503535","Unabsorbed inventory","Semi-detached units","Units","300","units","0","v1930835","24.2.3","84","","","","0"
"2006-04","Toronto, Ontario","2011S0503535","Absorptions","Total units","Units","300","units","0","v1930492","24.1.1","1330","","","","0"
"2006-04","Toronto, Ontario","2011S0503535","Absorptions","Single detached units","Units","300","units","0","v1930521","24.1.2","1166","","","","0"
"2006-04","Toronto, Ontario","2011S0503535","Absorptions","Semi-detached units","Units","300","units","0","v1930550","24.1.3","164","","","","0"
"2006-04","Toronto, Ontario","2011S0503535","Unabsorbed inventory","Total units","Units","300","units","0","v1930777","24.2.1","362","","","","0"
"2006-04","Toronto, Ontario","2011S0503535","Unabsorbed inventory","Single detached units","Units","300","units","0","v1930806","24.2.2","270","","","","0"
"2006-04","Toronto, Ontario","2011S0503535","Unabsorbed inventory","Semi-detached units","Units","300","units","0","v1930835","24.2.3","92","","","","0"
"2006-05","Toronto, Ontario","2011S0503535","Absorptions","Total units","Units","300","units","0","v1930492","24.1.1","1510","","","","0"
"2006-05","Toronto, Ontario","2011S0503535","Absorptions","Single detached units","Units","300","units","0","v1930521","24.1.2","1224","","","","0"
"2006-05","Toronto, Ontario","2011S0503535","Absorptions","Semi-detached units","Units","300","units","0","v1930550","24.1.3","286","","","","0"
"2006-05","Toronto, Ontario","2011S0503535","Unabsorbed inventory","Total units","Units","300","units","0","v1930777","24.2.1","338","","","","0"
"2006-05","Toronto, Ontario","2011S0503535","Unabsorbed inventory","Single detached units","Units","300","units","0","v1930806","24.2.2","270","","","","0"
"2006-05","Toronto, Ontario","2011S0503535","Unabsorbed inventory","Semi-detached units","Units","300","units","0","v1930835","24.2.3","68","","","","0"
"2006-06","Toronto, Ontario","2011S0503535","Absorptions","Total units","Units","300","units","0","v1930492","24.1.1","1767","","","","0"
"2006-06","Toronto, Ontario","2011S0503535","Absorptions","Single detached units","Units","300","units","0","v1930521","24.1.2","1420","","","","0"
"2006-06","Toronto, Ontario","2011S0503535","Absorptions","Semi-detached units","Units","300","units","0","v1930550","24.1.3","347","","","","0"
"2006-06","Toronto, Ontario","2011S0503535","Unabsorbed inventory","Total units","Units","300","units","0","v1930777","24.2.1","351","","","","0"
"2006-06","Toronto, Ontario","2011S0503535","Unabsorbed inventory","Single detached units","Units","300","units","0","v1930806","24.2.2","282","","","","0"
"2006-06","Toronto, Ontario","2011S0503535","Unabsorbed inventory","Semi-detached units","Units","300","units","0","v1930835","24.2.3","69","","","","0"
"2006-07","Toronto, Ontario","2011S0503535","Absorptions","Total units","Units","300","units","0","v1930492","24.1.1","1680","","","","0"
"2006-07","Toronto, Ontario","2011S0503535","Absorptions","Single detached units","Units","300","units","0","v1930521","24.1.2","1394","","","","0"
"2006-07","Toronto, Ontario","2011S0503535","Absorptions","Semi-detached units","Units","300","units","0","v1930550","24.1.3","286","","","","0"
"2006-07","Toronto, Ontario","2011S0503535","Unabsorbed inventory","Total units","Units","300","units","0","v1930777","24.2.1","334","","","","0"
"2006-07","Toronto, Ontario","2011S0503535","Unabsorbed inventory","Single detached units","Units","300","units","0","v1930806","24.2.2","281","","","","0"
"2006-07","Toronto, Ontario","2011S0503535","Unabsorbed inventory","Semi-detached units","Units","300","units","0","v1930835","24.2.3","53","","","","0"
"2006-08","Toronto, Ontario","2011S0503535","Absorptions","Total units","Units","300","units","0","v1930492","24.1.1","2015","","","","0"
"2006-08","Toronto, Ontario","2011S0503535","Absorptions","Single detached units","Units","300","units","0","v1930521","24.1.2","1592","","","","0"
"2006-08","Toronto, Ontario","2011S0503535","Absorptions","Semi-detached units","Units","300","units","0","v1930550","24.1.3","423","","","","0"
"2006-08","Toronto, Ontario","2011S0503535","Unabsorbed inventory","Total units","Units","300","units","0","v1930777","24.2.1","328","","","","0"
"2006-08","Toronto, Ontario","2011S0503535","Unabsorbed inventory","Single detached units","Units","300","units","0","v1930806","24.2.2","274","","","","0"
"2006-08","Toronto, Ontario","2011S0503535","Unabsorbed inventory","Semi-detached units","Units","300","units","0","v1930835","24.2.3","54","","","","0"
"2006-09","Toronto, Ontario","2011S0503535","Absorptions","Total units","Units","300","units","0","v1930492","24.1.1","1409","","","","0"
"2006-09","Toronto, Ontario","2011S0503535","Absorptions","Single detached units","Units","300","units","0","v1930521","24.1.2","1150","","","","0"
"2006-09","Toronto, Ontario","2011S0503535","Absorptions","Semi-detached units","Units","300","units","0","v1930550","24.1.3","259","","","","0"
"2006-09","Toronto, Ontario","2011S0503535","Unabsorbed inventory","Total units","Units","300","units","0","v1930777","24.2.1","305","","","","0"
"2006-09","Toronto, Ontario","2011S0503535","Unabsorbed inventory","Single detached units","Units","300","units","0","v1930806","24.2.2","270","","","","0"
"2006-09","Toronto, Ontario","2011S0503535","Unabsorbed inventory","Semi-detached units","Units","300","units","0","v1930835","24.2.3","35","","","","0"
"2006-10","Toronto, Ontario","2011S0503535","Absorptions","Total units","Units","300","units","0","v1930492","24.1.1","1075","","","","0"
"2006-10","Toronto, Ontario","2011S0503535","Absorptions","Single detached units","Units","300","units","0","v1930521","24.1.2","873","","","","0"
"2006-10","Toronto, Ontario","2011S0503535","Absorptions","Semi-detached units","Units","300","units","0","v1930550","24.1.3","202","","","","0"
"2006-10","Toronto, Ontario","2011S0503535","Unabsorbed inventory","Total units","Units","300","units","0","v1930777","24.2.1","302","","","","0"
"2006-10","Toronto, Ontario","2011S0503535","Unabsorbed inventory","Single detached units","Units","300","units","0","v1930806","24.2.2","262","","","","0"
"2006-10","Toronto, Ontario","2011S0503535","Unabsorbed inventory","Semi-detached units","Units","300","units","0","v1930835","24.2.3","40","","","","0"
"2006-11","Toronto, Ontario","2011S0503535","Absorptions","Total units","Units","300","units","0","v1930492","24.1.1","1744","","","","0"
"2006-11","Toronto, Ontario","2011S0503535","Absorptions","Single detached units","Units","300","units","0","v1930521","24.1.2","1427","","","","0"
"2006-11","Toronto, Ontario","2011S0503535","Absorptions","Semi-detached units","Units","300","units","0","v1930550","24.1.3","317","","","","0"
"2006-11","Toronto, Ontario","2011S0503535","Unabsorbed inventory","Total units","Units","300","units","0","v1930777","24.2.1","329","","","","0"
"2006-11","Toronto, Ontario","2011S0503535","Unabsorbed inventory","Single detached units","Units","300","units","0","v1930806","24.2.2","294","","","","0"
"2006-11","Toronto, Ontario","2011S0503535","Unabsorbed inventory","Semi-detached units","Units","300","units","0","v1930835","24.2.3","35","","","","0"
"2006-12","Toronto, Ontario","2011S0503535","Absorptions","Total units","Units","300","units","0","v1930492","24.1.1","1159","","","","0"
"2006-12","Toronto, Ontario","2011S0503535","Absorptions","Single detached units","Units","300","units","0","v1930521","24.1.2","968","","","","0"
"2006-12","Toronto, Ontario","2011S0503535","Absorptions","Semi-detached units","Units","300","units","0","v1930550","24.1.3","191","","","","0"
"2006-12","Toronto, Ontario","2011S0503535","Unabsorbed inventory","Total units","Units","300","units","0","v1930777","24.2.1","407","","","","0"
"2006-12","Toronto, Ontario","2011S0503535","Unabsorbed inventory","Single detached units","Units","300","units","0","v1930806","24.2.2","351","","","","0"
"2006-12","Toronto, Ontario","2011S0503535","Unabsorbed inventory","Semi-detached units","Units","300","units","0","v1930835","24.2.3","56","","","","0"
"2007-01","Toronto, Ontario","2011S0503535","Absorptions","Total units","Units","300","units","0","v1930492","24.1.1","1514","","","","0"
"2007-01","Toronto, Ontario","2011S0503535","Absorptions","Single detached units","Units","300","units","0","v1930521","24.1.2","1404","","","","0"
"2007-01","Toronto, Ontario","2011S0503535","Absorptions","Semi-detached units","Units","300","units","0","v1930550","24.1.3","110","","","","0"
"2007-01","Toronto, Ontario","2011S0503535","Unabsorbed inventory","Total units","Units","300","units","0","v1930777","24.2.1","624","","","","0"
"2007-01","Toronto, Ontario","2011S0503535","Unabsorbed inventory","Single detached units","Units","300","units","0","v1930806","24.2.2","484","","","","0"
"2007-01","Toronto, Ontario","2011S0503535","Unabsorbed inventory","Semi-detached units","Units","300","units","0","v1930835","24.2.3","140","","","","0"
"2007-02","Toronto, Ontario","2011S0503535","Absorptions","Total units","Units","300","units","0","v1930492","24.1.1","1085","","","","0"
"2007-02","Toronto, Ontario","2011S0503535","Absorptions","Single detached units","Units","300","units","0","v1930521","24.1.2","897","","","","0"
"2007-02","Toronto, Ontario","2011S0503535","Absorptions","Semi-detached units","Units","300","units","0","v1930550","24.1.3","188","","","","0"
"2007-02","Toronto, Ontario","2011S0503535","Unabsorbed inventory","Total units","Units","300","units","0","v1930777","24.2.1","617","","","","0"
"2007-02","Toronto, Ontario","2011S0503535","Unabsorbed inventory","Single detached units","Units","300","units","0","v1930806","24.2.2","499","","","","0"
"2007-02","Toronto, Ontario","2011S0503535","Unabsorbed inventory","Semi-detached units","Units","300","units","0","v1930835","24.2.3","118","","","","0"
"2007-03","Toronto, Ontario","2011S0503535","Absorptions","Total units","Units","300","units","0","v1930492","24.1.1","1064","","","","0"
"2007-03","Toronto, Ontario","2011S0503535","Absorptions","Single detached units","Units","300","units","0","v1930521","24.1.2","900","","","","0"
"2007-03","Toronto, Ontario","2011S0503535","Absorptions","Semi-detached units","Units","300","units","0","v1930550","24.1.3","164","","","","0"
"2007-03","Toronto, Ontario","2011S0503535","Unabsorbed inventory","Total units","Units","300","units","0","v1930777","24.2.1","719","","","","0"
"2007-03","Toronto, Ontario","2011S0503535","Unabsorbed inventory","Single detached units","Units","300","units","0","v1930806","24.2.2","593","","","","0"
"2007-03","Toronto, Ontario","2011S0503535","Unabsorbed inventory","Semi-detached units","Units","300","units","0","v1930835","24.2.3","126","","","","0"
"2007-04","Toronto, Ontario","2011S0503535","Absorptions","Total units","Units","300","units","0","v1930492","24.1.1","1284","","","","0"
"2007-04","Toronto, Ontario","2011S0503535","Absorptions","Single detached units","Units","300","units","0","v1930521","24.1.2","1116","","","","0"
"2007-04","Toronto, Ontario","2011S0503535","Absorptions","Semi-detached units","Units","300","units","0","v1930550","24.1.3","168","","","","0"
"2007-04","Toronto, Ontario","2011S0503535","Unabsorbed inventory","Total units","Units","300","units","0","v1930777","24.2.1","671","","","","0"
"2007-04","Toronto, Ontario","2011S0503535","Unabsorbed inventory","Single detached units","Units","300","units","0","v1930806","24.2.2","579","","","","0"
"2007-04","Toronto, Ontario","2011S0503535","Unabsorbed inventory","Semi-detached units","Units","300","units","0","v1930835","24.2.3","92","","","","0"
"2007-05","Toronto, Ontario","2011S0503535","Absorptions","Total units","Units","300","units","0","v1930492","24.1.1","1320","","","","0"
"2007-05","Toronto, Ontario","2011S0503535","Absorptions","Single detached units","Units","300","units","0","v1930521","24.1.2","1093","","","","0"
"2007-05","Toronto, Ontario","2011S0503535","Absorptions","Semi-detached units","Units","300","units","0","v1930550","24.1.3","227","","","","0"
"2007-05","Toronto, Ontario","2011S0503535","Unabsorbed inventory","Total units","Units","300","units","0","v1930777","24.2.1","688","","","","0"
"2007-05","Toronto, Ontario","2011S0503535","Unabsorbed inventory","Single detached units","Units","300","units","0","v1930806","24.2.2","577","","","","0"
"2007-05","Toronto, Ontario","2011S0503535","Unabsorbed inventory","Semi-detached units","Units","300","units","0","v1930835","24.2.3","111","","","","0"
"2007-06","Toronto, Ontario","2011S0503535","Absorptions","Total units","Units","300","units","0","v1930492","24.1.1","1505","","","","0"
"2007-06","Toronto, Ontario","2011S0503535","Absorptions","Single detached units","Units","300","units","0","v1930521","24.1.2","1173","","","","0"
"2007-06","Toronto, Ontario","2011S0503535","Absorptions","Semi-detached units","Units","300","units","0","v1930550","24.1.3","332","","","","0"
"2007-06","Toronto, Ontario","2011S0503535","Unabsorbed inventory","Total units","Units","300","units","0","v1930777","24.2.1","542","","","","0"
"2007-06","Toronto, Ontario","2011S0503535","Unabsorbed inventory","Single detached units","Units","300","units","0","v1930806","24.2.2","473","","","","0"
"2007-06","Toronto, Ontario","2011S0503535","Unabsorbed inventory","Semi-detached units","Units","300","units","0","v1930835","24.2.3","69","","","","0"
"2007-07","Toronto, Ontario","2011S0503535","Absorptions","Total units","Units","300","units","0","v1930492","24.1.1","1681","","","","0"
"2007-07","Toronto, Ontario","2011S0503535","Absorptions","Single detached units","Units","300","units","0","v1930521","24.1.2","1384","","","","0"
"2007-07","Toronto, Ontario","2011S0503535","Absorptions","Semi-detached units","Units","300","units","0","v1930550","24.1.3","297","","","","0"
"2007-07","Toronto, Ontario","2011S0503535","Unabsorbed inventory","Total units","Units","300","units","0","v1930777","24.2.1","357","","","","0"
"2007-07","Toronto, Ontario","2011S0503535","Unabsorbed inventory","Single detached units","Units","300","units","0","v1930806","24.2.2","311","","","","0"
"2007-07","Toronto, Ontario","2011S0503535","Unabsorbed inventory","Semi-detached units","Units","300","units","0","v1930835","24.2.3","46","","","","0"
"2007-08","Toronto, Ontario","2011S0503535","Absorptions","Total units","Units","300","units","0","v1930492","24.1.1","1337","","","","0"
"2007-08","Toronto, Ontario","2011S0503535","Absorptions","Single detached units","Units","300","units","0","v1930521","24.1.2","1093","","","","0"
"2007-08","Toronto, Ontario","2011S0503535","Absorptions","Semi-detached units","Units","300","units","0","v1930550","24.1.3","244","","","","0"
"2007-08","Toronto, Ontario","2011S0503535","Unabsorbed inventory","Total units","Units","300","units","0","v1930777","24.2.1","354","","","","0"
"2007-08","Toronto, Ontario","2011S0503535","Unabsorbed inventory","Single detached units","Units","300","units","0","v1930806","24.2.2","308","","","","0"
"2007-08","Toronto, Ontario","2011S0503535","Unabsorbed inventory","Semi-detached units","Units","300","units","0","v1930835","24.2.3","46","","","","0"
"2007-09","Toronto, Ontario","2011S0503535","Absorptions","Total units","Units","300","units","0","v1930492","24.1.1","1489","","","","0"
"2007-09","Toronto, Ontario","2011S0503535","Absorptions","Single detached units","Units","300","units","0","v1930521","24.1.2","1239","","","","0"
"2007-09","Toronto, Ontario","2011S0503535","Absorptions","Semi-detached units","Units","300","units","0","v1930550","24.1.3","250","","","","0"
"2007-09","Toronto, Ontario","2011S0503535","Unabsorbed inventory","Total units","Units","300","units","0","v1930777","24.2.1","369","","","","0"
"2007-09","Toronto, Ontario","2011S0503535","Unabsorbed inventory","Single detached units","Units","300","units","0","v1930806","24.2.2","313","","","","0"
"2007-09","Toronto, Ontario","2011S0503535","Unabsorbed inventory","Semi-detached units","Units","300","units","0","v1930835","24.2.3","56","","","","0"
"2007-10","Toronto, Ontario","2011S0503535","Absorptions","Total units","Units","300","units","0","v1930492","24.1.1","1487","","","","0"
"2007-10","Toronto, Ontario","2011S0503535","Absorptions","Single detached units","Units","300","units","0","v1930521","24.1.2","1206","","","","0"
"2007-10","Toronto, Ontario","2011S0503535","Absorptions","Semi-detached units","Units","300","units","0","v1930550","24.1.3","281","","","","0"
"2007-10","Toronto, Ontario","2011S0503535","Unabsorbed inventory","Total units","Units","300","units","0","v1930777","24.2.1","418","","","","0"
"2007-10","Toronto, Ontario","2011S0503535","Unabsorbed inventory","Single detached units","Units","300","units","0","v1930806","24.2.2","351","","","","0"
"2007-10","Toronto, Ontario","2011S0503535","Unabsorbed inventory","Semi-detached units","Units","300","units","0","v1930835","24.2.3","67","","","","0"
"2007-11","Toronto, Ontario","2011S0503535","Absorptions","Total units","Units","300","units","0","v1930492","24.1.1","1616","","","","0"
"2007-11","Toronto, Ontario","2011S0503535","Absorptions","Single detached units","Units","300","units","0","v1930521","24.1.2","1344","","","","0"
"2007-11","Toronto, Ontario","2011S0503535","Absorptions","Semi-detached units","Units","300","units","0","v1930550","24.1.3","272","","","","0"
"2007-11","Toronto, Ontario","2011S0503535","Unabsorbed inventory","Total units","Units","300","units","0","v1930777","24.2.1","448","","","","0"
"2007-11","Toronto, Ontario","2011S0503535","Unabsorbed inventory","Single detached units","Units","300","units","0","v1930806","24.2.2","381","","","","0"
"2007-11","Toronto, Ontario","2011S0503535","Unabsorbed inventory","Semi-detached units","Units","300","units","0","v1930835","24.2.3","67","","","","0"
"2007-12","Toronto, Ontario","2011S0503535","Absorptions","Total units","Units","300","units","0","v1930492","24.1.1","1377","","","","0"
"2007-12","Toronto, Ontario","2011S0503535","Absorptions","Single detached units","Units","300","units","0","v1930521","24.1.2","1179","","","","0"
"2007-12","Toronto, Ontario","2011S0503535","Absorptions","Semi-detached units","Units","300","units","0","v1930550","24.1.3","198","","","","0"
"2007-12","Toronto, Ontario","2011S0503535","Unabsorbed inventory","Total units","Units","300","units","0","v1930777","24.2.1","477","","","","0"
"2007-12","Toronto, Ontario","2011S0503535","Unabsorbed inventory","Single detached units","Units","300","units","0","v1930806","24.2.2","422","","","","0"
"2007-12","Toronto, Ontario","2011S0503535","Unabsorbed inventory","Semi-detached units","Units","300","units","0","v1930835","24.2.3","55","","","","0"
"2008-01","Toronto, Ontario","2011S0503535","Absorptions","Total units","Units","300","units","0","v1930492","24.1.1","1034","","","","0"
"2008-01","Toronto, Ontario","2011S0503535","Absorptions","Single detached units","Units","300","units","0","v1930521","24.1.2","909","","","","0"
"2008-01","Toronto, Ontario","2011S0503535","Absorptions","Semi-detached units","Units","300","units","0","v1930550","24.1.3","125","","","","0"
"2008-01","Toronto, Ontario","2011S0503535","Unabsorbed inventory","Total units","Units","300","units","0","v1930777","24.2.1","516","","","","0"
"2008-01","Toronto, Ontario","2011S0503535","Unabsorbed inventory","Single detached units","Units","300","units","0","v1930806","24.2.2","462","","","","0"
"2008-01","Toronto, Ontario","2011S0503535","Unabsorbed inventory","Semi-detached units","Units","300","units","0","v1930835","24.2.3","54","","","","0"
"2008-02","Toronto, Ontario","2011S0503535","Absorptions","Total units","Units","300","units","0","v1930492","24.1.1","1105","","","","0"
"2008-02","Toronto, Ontario","2011S0503535","Absorptions","Single detached units","Units","300","units","0","v1930521","24.1.2","993","","","","0"
"2008-02","Toronto, Ontario","2011S0503535","Absorptions","Semi-detached units","Units","300","units","0","v1930550","24.1.3","112","","","","0"
"2008-02","Toronto, Ontario","2011S0503535","Unabsorbed inventory","Total units","Units","300","units","0","v1930777","24.2.1","546","","","","0"
"2008-02","Toronto, Ontario","2011S0503535","Unabsorbed inventory","Single detached units","Units","300","units","0","v1930806","24.2.2","494","","","","0"
"2008-02","Toronto, Ontario","2011S0503535","Unabsorbed inventory","Semi-detached units","Units","300","units","0","v1930835","24.2.3","52","","","","0"
"2008-03","Toronto, Ontario","2011S0503535","Absorptions","Total units","Units","300","units","0","v1930492","24.1.1","1030","","","","0"
"2008-03","Toronto, Ontario","2011S0503535","Absorptions","Single detached units","Units","300","units","0","v1930521","24.1.2","879","","","","0"
"2008-03","Toronto, Ontario","2011S0503535","Absorptions","Semi-detached units","Units","300","units","0","v1930550","24.1.3","151","","","","0"
"2008-03","Toronto, Ontario","2011S0503535","Unabsorbed inventory","Total units","Units","300","units","0","v1930777","24.2.1","551","","","","0"
"2008-03","Toronto, Ontario","2011S0503535","Unabsorbed inventory","Single detached units","Units","300","units","0","v1930806","24.2.2","496","","","","0"
"2008-03","Toronto, Ontario","2011S0503535","Unabsorbed inventory","Semi-detached units","Units","300","units","0","v1930835","24.2.3","55","","","","0"
"2008-04","Toronto, Ontario","2011S0503535","Absorptions","Total units","Units","300","units","0","v1930492","24.1.1","1195","","","","0"
"2008-04","Toronto, Ontario","2011S0503535","Absorptions","Single detached units","Units","300","units","0","v1930521","24.1.2","1049","","","","0"
"2008-04","Toronto, Ontario","2011S0503535","Absorptions","Semi-detached units","Units","300","units","0","v1930550","24.1.3","146","","","","0"
"2008-04","Toronto, Ontario","2011S0503535","Unabsorbed inventory","Total units","Units","300","units","0","v1930777","24.2.1","508","","","","0"
"2008-04","Toronto, Ontario","2011S0503535","Unabsorbed inventory","Single detached units","Units","300","units","0","v1930806","24.2.2","449","","","","0"
"2008-04","Toronto, Ontario","2011S0503535","Unabsorbed inventory","Semi-detached units","Units","300","units","0","v1930835","24.2.3","59","","","","0"
"2008-05","Toronto, Ontario","2011S0503535","Absorptions","Total units","Units","300","units","0","v1930492","24.1.1","1333","","","","0"
"2008-05","Toronto, Ontario","2011S0503535","Absorptions","Single detached units","Units","300","units","0","v1930521","24.1.2","1072","","","","0"
"2008-05","Toronto, Ontario","2011S0503535","Absorptions","Semi-detached units","Units","300","units","0","v1930550","24.1.3","261","","","","0"
"2008-05","Toronto, Ontario","2011S0503535","Unabsorbed inventory","Total units","Units","300","units","0","v1930777","24.2.1","613","","","","0"
"2008-05","Toronto, Ontario","2011S0503535","Unabsorbed inventory","Single detached units","Units","300","units","0","v1930806","24.2.2","539","","","","0"
"2008-05","Toronto, Ontario","2011S0503535","Unabsorbed inventory","Semi-detached units","Units","300","units","0","v1930835","24.2.3","74","","","","0"
"2008-06","Toronto, Ontario","2011S0503535","Absorptions","Total units","Units","300","units","0","v1930492","24.1.1","1464","","","","0"
"2008-06","Toronto, Ontario","2011S0503535","Absorptions","Single detached units","Units","300","units","0","v1930521","24.1.2","1267","","","","0"
"2008-06","Toronto, Ontario","2011S0503535","Absorptions","Semi-detached units","Units","300","units","0","v1930550","24.1.3","197","","","","0"
"2008-06","Toronto, Ontario","2011S0503535","Unabsorbed inventory","Total units","Units","300","units","0","v1930777","24.2.1","563","","","","0"
"2008-06","Toronto, Ontario","2011S0503535","Unabsorbed inventory","Single detached units","Units","300","units","0","v1930806","24.2.2","510","","","","0"
"2008-06","Toronto, Ontario","2011S0503535","Unabsorbed inventory","Semi-detached units","Units","300","units","0","v1930835","24.2.3","53","","","","0"
"2008-07","Toronto, Ontario","2011S0503535","Absorptions","Total units","Units","300","units","0","v1930492","24.1.1","1457","","","","0"
"2008-07","Toronto, Ontario","2011S0503535","Absorptions","Single detached units","Units","300","units","0","v1930521","24.1.2","1171","","","","0"
"2008-07","Toronto, Ontario","2011S0503535","Absorptions","Semi-detached units","Units","300","units","0","v1930550","24.1.3","286","","","","0"
"2008-07","Toronto, Ontario","2011S0503535","Unabsorbed inventory","Total units","Units","300","units","0","v1930777","24.2.1","521","","","","0"
"2008-07","Toronto, Ontario","2011S0503535","Unabsorbed inventory","Single detached units","Units","300","units","0","v1930806","24.2.2","470","","","","0"
"2008-07","Toronto, Ontario","2011S0503535","Unabsorbed inventory","Semi-detached units","Units","300","units","0","v1930835","24.2.3","51","","","","0"
"2008-08","Toronto, Ontario","2011S0503535","Absorptions","Total units","Units","300","units","0","v1930492","24.1.1","1652","","","","0"
"2008-08","Toronto, Ontario","2011S0503535","Absorptions","Single detached units","Units","300","units","0","v1930521","24.1.2","1398","","","","0"
"2008-08","Toronto, Ontario","2011S0503535","Absorptions","Semi-detached units","Units","300","units","0","v1930550","24.1.3","254","","","","0"
"2008-08","Toronto, Ontario","2011S0503535","Unabsorbed inventory","Total units","Units","300","units","0","v1930777","24.2.1","515","","","","0"
"2008-08","Toronto, Ontario","2011S0503535","Unabsorbed inventory","Single detached units","Units","300","units","0","v1930806","24.2.2","470","","","","0"
"2008-08","Toronto, Ontario","2011S0503535","Unabsorbed inventory","Semi-detached units","Units","300","units","0","v1930835","24.2.3","45","","","","0"
"2008-09","Toronto, Ontario","2011S0503535","Absorptions","Total units","Units","300","units","0","v1930492","24.1.1","1477","","","","0"
"2008-09","Toronto, Ontario","2011S0503535","Absorptions","Single detached units","Units","300","units","0","v1930521","24.1.2","1318","","","","0"
"2008-09","Toronto, Ontario","2011S0503535","Absorptions","Semi-detached units","Units","300","units","0","v1930550","24.1.3","159","","","","0"
"2008-09","Toronto, Ontario","2011S0503535","Unabsorbed inventory","Total units","Units","300","units","0","v1930777","24.2.1","586","","","","0"
"2008-09","Toronto, Ontario","2011S0503535","Unabsorbed inventory","Single detached units","Units","300","units","0","v1930806","24.2.2","532","","","","0"
"2008-09","Toronto, Ontario","2011S0503535","Unabsorbed inventory","Semi-detached units","Units","300","units","0","v1930835","24.2.3","54","","","","0"
"2008-10","Toronto, Ontario","2011S0503535","Absorptions","Total units","Units","300","units","0","v1930492","24.1.1","1534","","","","0"
"2008-10","Toronto, Ontario","2011S0503535","Absorptions","Single detached units","Units","300","units","0","v1930521","24.1.2","1375","","","","0"
"2008-10","Toronto, Ontario","2011S0503535","Absorptions","Semi-detached units","Units","300","units","0","v1930550","24.1.3","159","","","","0"
"2008-10","Toronto, Ontario","2011S0503535","Unabsorbed inventory","Total units","Units","300","units","0","v1930777","24.2.1","618","","","","0"
"2008-10","Toronto, Ontario","2011S0503535","Unabsorbed inventory","Single detached units","Units","300","units","0","v1930806","24.2.2","563","","","","0"
"2008-10","Toronto, Ontario","2011S0503535","Unabsorbed inventory","Semi-detached units","Units","300","units","0","v1930835","24.2.3","55","","","","0"
"2008-11","Toronto, Ontario","2011S0503535","Absorptions","Total units","Units","300","units","0","v1930492","24.1.1","1204","","","","0"
"2008-11","Toronto, Ontario","2011S0503535","Absorptions","Single detached units","Units","300","units","0","v1930521","24.1.2","1093","","","","0"
"2008-11","Toronto, Ontario","2011S0503535","Absorptions","Semi-detached units","Units","300","units","0","v1930550","24.1.3","111","","","","0"
"2008-11","Toronto, Ontario","2011S0503535","Unabsorbed inventory","Total units","Units","300","units","0","v1930777","24.2.1","660","","","","0"
"2008-11","Toronto, Ontario","2011S0503535","Unabsorbed inventory","Single detached units","Units","300","units","0","v1930806","24.2.2","596","","","","0"
"2008-11","Toronto, Ontario","2011S0503535","Unabsorbed inventory","Semi-detached units","Units","300","units","0","v1930835","24.2.3","64","","","","0"
"2008-12","Toronto, Ontario","2011S0503535","Absorptions","Total units","Units","300","units","0","v1930492","24.1.1","1416","","","","0"
"2008-12","Toronto, Ontario","2011S0503535","Absorptions","Single detached units","Units","300","units","0","v1930521","24.1.2","1157","","","","0"
"2008-12","Toronto, Ontario","2011S0503535","Absorptions","Semi-detached units","Units","300","units","0","v1930550","24.1.3","259","","","","0"
"2008-12","Toronto, Ontario","2011S0503535","Unabsorbed inventory","Total units","Units","300","units","0","v1930777","24.2.1","667","","","","0"
"2008-12","Toronto, Ontario","2011S0503535","Unabsorbed inventory","Single detached units","Units","300","units","0","v1930806","24.2.2","610","","","","0"
"2008-12","Toronto, Ontario","2011S0503535","Unabsorbed inventory","Semi-detached units","Units","300","units","0","v1930835","24.2.3","57","","","","0"
"2009-01","Toronto, Ontario","2011S0503535","Absorptions","Total units","Units","300","units","0","v1930492","24.1.1","1086","","","","0"
"2009-01","Toronto, Ontario","2011S0503535","Absorptions","Single detached units","Units","300","units","0","v1930521","24.1.2","916","","","","0"
"2009-01","Toronto, Ontario","2011S0503535","Absorptions","Semi-detached units","Units","300","units","0","v1930550","24.1.3","170","","","","0"
"2009-01","Toronto, Ontario","2011S0503535","Unabsorbed inventory","Total units","Units","300","units","0","v1930777","24.2.1","650","","","","0"
"2009-01","Toronto, Ontario","2011S0503535","Unabsorbed inventory","Single detached units","Units","300","units","0","v1930806","24.2.2","601","","","","0"
"2009-01","Toronto, Ontario","2011S0503535","Unabsorbed inventory","Semi-detached units","Units","300","units","0","v1930835","24.2.3","49","","","","0"
"2009-02","Toronto, Ontario","2011S0503535","Absorptions","Total units","Units","300","units","0","v1930492","24.1.1","827","","","","0"
"2009-02","Toronto, Ontario","2011S0503535","Absorptions","Single detached units","Units","300","units","0","v1930521","24.1.2","693","","","","0"
"2009-02","Toronto, Ontario","2011S0503535","Absorptions","Semi-detached units","Units","300","units","0","v1930550","24.1.3","134","","","","0"
"2009-02","Toronto, Ontario","2011S0503535","Unabsorbed inventory","Total units","Units","300","units","0","v1930777","24.2.1","693","","","","0"
"2009-02","Toronto, Ontario","2011S0503535","Unabsorbed inventory","Single detached units","Units","300","units","0","v1930806","24.2.2","634","","","","0"
"2009-02","Toronto, Ontario","2011S0503535","Unabsorbed inventory","Semi-detached units","Units","300","units","0","v1930835","24.2.3","59","","","","0"
"2009-03","Toronto, Ontario","2011S0503535","Absorptions","Total units","Units","300","units","0","v1930492","24.1.1","956","","","","0"
"2009-03","Toronto, Ontario","2011S0503535","Absorptions","Single detached units","Units","300","units","0","v1930521","24.1.2","745","","","","0"
"2009-03","Toronto, Ontario","2011S0503535","Absorptions","Semi-detached units","Units","300","units","0","v1930550","24.1.3","211","","","","0"
"2009-03","Toronto, Ontario","2011S0503535","Unabsorbed inventory","Total units","Units","300","units","0","v1930777","24.2.1","716","","","","0"
"2009-03","Toronto, Ontario","2011S0503535","Unabsorbed inventory","Single detached units","Units","300","units","0","v1930806","24.2.2","648","","","","0"
"2009-03","Toronto, Ontario","2011S0503535","Unabsorbed inventory","Semi-detached units","Units","300","units","0","v1930835","24.2.3","68","","","","0"
"2009-04","Toronto, Ontario","2011S0503535","Absorptions","Total units","Units","300","units","0","v1930492","24.1.1","1103","","","","0"
"2009-04","Toronto, Ontario","2011S0503535","Absorptions","Single detached units","Units","300","units","0","v1930521","24.1.2","786","","","","0"
"2009-04","Toronto, Ontario","2011S0503535","Absorptions","Semi-detached units","Units","300","units","0","v1930550","24.1.3","317","","","","0"
"2009-04","Toronto, Ontario","2011S0503535","Unabsorbed inventory","Total units","Units","300","units","0","v1930777","24.2.1","728","","","","0"
"2009-04","Toronto, Ontario","2011S0503535","Unabsorbed inventory","Single detached units","Units","300","units","0","v1930806","24.2.2","655","","","","0"
"2009-04","Toronto, Ontario","2011S0503535","Unabsorbed inventory","Semi-detached units","Units","300","units","0","v1930835","24.2.3","73","","","","0"
"2009-05","Toronto, Ontario","2011S0503535","Absorptions","Total units","Units","300","units","0","v1930492","24.1.1","944","","","","0"
"2009-05","Toronto, Ontario","2011S0503535","Absorptions","Single detached units","Units","300","units","0","v1930521","24.1.2","798","","","","0"
"2009-05","Toronto, Ontario","2011S0503535","Absorptions","Semi-detached units","Units","300","units","0","v1930550","24.1.3","146","","","","0"
"2009-05","Toronto, Ontario","2011S0503535","Unabsorbed inventory","Total units","Units","300","units","0","v1930777","24.2.1","724","","","","0"
"2009-05","Toronto, Ontario","2011S0503535","Unabsorbed inventory","Single detached units","Units","300","units","0","v1930806","24.2.2","637","","","","0"
"2009-05","Toronto, Ontario","2011S0503535","Unabsorbed inventory","Semi-detached units","Units","300","units","0","v1930835","24.2.3","87","","","","0"
"2009-06","Toronto, Ontario","2011S0503535","Absorptions","Total units","Units","300","units","0","v1930492","24.1.1","1100","","","","0"
"2009-06","Toronto, Ontario","2011S0503535","Absorptions","Single detached units","Units","300","units","0","v1930521","24.1.2","937","","","","0"
"2009-06","Toronto, Ontario","2011S0503535","Absorptions","Semi-detached units","Units","300","units","0","v1930550","24.1.3","163","","","","0"
"2009-06","Toronto, Ontario","2011S0503535","Unabsorbed inventory","Total units","Units","300","units","0","v1930777","24.2.1","616","","","","0"
"2009-06","Toronto, Ontario","2011S0503535","Unabsorbed inventory","Single detached units","Units","300","units","0","v1930806","24.2.2","548","","","","0"
"2009-06","Toronto, Ontario","2011S0503535","Unabsorbed inventory","Semi-detached units","Units","300","units","0","v1930835","24.2.3","68","","","","0"
"2009-07","Toronto, Ontario","2011S0503535","Absorptions","Total units","Units","300","units","0","v1930492","24.1.1","1006","","","","0"
"2009-07","Toronto, Ontario","2011S0503535","Absorptions","Single detached units","Units","300","units","0","v1930521","24.1.2","735","","","","0"
"2009-07","Toronto, Ontario","2011S0503535","Absorptions","Semi-detached units","Units","300","units","0","v1930550","24.1.3","271","","","","0"
"2009-07","Toronto, Ontario","2011S0503535","Unabsorbed inventory","Total units","Units","300","units","0","v1930777","24.2.1","626","","","","0"
"2009-07","Toronto, Ontario","2011S0503535","Unabsorbed inventory","Single detached units","Units","300","units","0","v1930806","24.2.2","555","","","","0"
"2009-07","Toronto, Ontario","2011S0503535","Unabsorbed inventory","Semi-detached units","Units","300","units","0","v1930835","24.2.3","71","","","","0"
"2009-08","Toronto, Ontario","2011S0503535","Absorptions","Total units","Units","300","units","0","v1930492","24.1.1","924","","","","0"
"2009-08","Toronto, Ontario","2011S0503535","Absorptions","Single detached units","Units","300","units","0","v1930521","24.1.2","682","","","","0"
"2009-08","Toronto, Ontario","2011S0503535","Absorptions","Semi-detached units","Units","300","units","0","v1930550","24.1.3","242","","","","0"
"2009-08","Toronto, Ontario","2011S0503535","Unabsorbed inventory","Total units","Units","300","units","0","v1930777","24.2.1","574","","","","0"
"2009-08","Toronto, Ontario","2011S0503535","Unabsorbed inventory","Single detached units","Units","300","units","0","v1930806","24.2.2","527","","","","0"
"2009-08","Toronto, Ontario","2011S0503535","Unabsorbed inventory","Semi-detached units","Units","300","units","0","v1930835","24.2.3","47","","","","0"
"2009-09","Toronto, Ontario","2011S0503535","Absorptions","Total units","Units","300","units","0","v1930492","24.1.1","922","","","","0"
"2009-09","Toronto, Ontario","2011S0503535","Absorptions","Single detached units","Units","300","units","0","v1930521","24.1.2","694","","","","0"
"2009-09","Toronto, Ontario","2011S0503535","Absorptions","Semi-detached units","Units","300","units","0","v1930550","24.1.3","228","","","","0"
"2009-09","Toronto, Ontario","2011S0503535","Unabsorbed inventory","Total units","Units","300","units","0","v1930777","24.2.1","544","","","","0"
"2009-09","Toronto, Ontario","2011S0503535","Unabsorbed inventory","Single detached units","Units","300","units","0","v1930806","24.2.2","499","","","","0"
"2009-09","Toronto, Ontario","2011S0503535","Unabsorbed inventory","Semi-detached units","Units","300","units","0","v1930835","24.2.3","45","","","","0"
"2009-10","Toronto, Ontario","2011S0503535","Absorptions","Total units","Units","300","units","0","v1930492","24.1.1","909","","","","0"
"2009-10","Toronto, Ontario","2011S0503535","Absorptions","Single detached units","Units","300","units","0","v1930521","24.1.2","687","","","","0"
"2009-10","Toronto, Ontario","2011S0503535","Absorptions","Semi-detached units","Units","300","units","0","v1930550","24.1.3","222","","","","0"
"2009-10","Toronto, Ontario","2011S0503535","Unabsorbed inventory","Total units","Units","300","units","0","v1930777","24.2.1","484","","","","0"
"2009-10","Toronto, Ontario","2011S0503535","Unabsorbed inventory","Single detached units","Units","300","units","0","v1930806","24.2.2","457","","","","0"
"2009-10","Toronto, Ontario","2011S0503535","Unabsorbed inventory","Semi-detached units","Units","300","units","0","v1930835","24.2.3","27","","","","0"
"2009-11","Toronto, Ontario","2011S0503535","Absorptions","Total units","Units","300","units","0","v1930492","24.1.1","876","","","","0"
"2009-11","Toronto, Ontario","2011S0503535","Absorptions","Single detached units","Units","300","units","0","v1930521","24.1.2","688","","","","0"
"2009-11","Toronto, Ontario","2011S0503535","Absorptions","Semi-detached units","Units","300","units","0","v1930550","24.1.3","188","","","","0"
"2009-11","Toronto, Ontario","2011S0503535","Unabsorbed inventory","Total units","Units","300","units","0","v1930777","24.2.1","495","","","","0"
"2009-11","Toronto, Ontario","2011S0503535","Unabsorbed inventory","Single detached units","Units","300","units","0","v1930806","24.2.2","452","","","","0"
"2009-11","Toronto, Ontario","2011S0503535","Unabsorbed inventory","Semi-detached units","Units","300","units","0","v1930835","24.2.3","43","","","","0"
"2009-12","Toronto, Ontario","2011S0503535","Absorptions","Total units","Units","300","units","0","v1930492","24.1.1","877","","","","0"
"2009-12","Toronto, Ontario","2011S0503535","Absorptions","Single detached units","Units","300","units","0","v1930521","24.1.2","691","","","","0"
"2009-12","Toronto, Ontario","2011S0503535","Absorptions","Semi-detached units","Units","300","units","0","v1930550","24.1.3","186","","","","0"
"2009-12","Toronto, Ontario","2011S0503535","Unabsorbed inventory","Total units","Units","300","units","0","v1930777","24.2.1","458","","","","0"
"2009-12","Toronto, Ontario","2011S0503535","Unabsorbed inventory","Single detached units","Units","300","units","0","v1930806","24.2.2","423","","","","0"
"2009-12","Toronto, Ontario","2011S0503535","Unabsorbed inventory","Semi-detached units","Units","300","units","0","v1930835","24.2.3","35","","","","0"
"2010-01","Toronto, Ontario","2011S0503535","Absorptions","Total units","Units","300","units","0","v1930492","24.1.1","807","","","","0"
"2010-01","Toronto, Ontario","2011S0503535","Absorptions","Single detached units","Units","300","units","0","v1930521","24.1.2","633","","","","0"
"2010-01","Toronto, Ontario","2011S0503535","Absorptions","Semi-detached units","Units","300","units","0","v1930550","24.1.3","174","","","","0"
"2010-01","Toronto, Ontario","2011S0503535","Unabsorbed inventory","Total units","Units","300","units","0","v1930777","24.2.1","445","","","","0"
"2010-01","Toronto, Ontario","2011S0503535","Unabsorbed inventory","Single detached units","Units","300","units","0","v1930806","24.2.2","418","","","","0"
"2010-01","Toronto, Ontario","2011S0503535","Unabsorbed inventory","Semi-detached units","Units","300","units","0","v1930835","24.2.3","27","","","","0"
"2010-02","Toronto, Ontario","2011S0503535","Absorptions","Total units","Units","300","units","0","v1930492","24.1.1","837","","","","0"
"2010-02","Toronto, Ontario","2011S0503535","Absorptions","Single detached units","Units","300","units","0","v1930521","24.1.2","648","","","","0"
"2010-02","Toronto, Ontario","2011S0503535","Absorptions","Semi-detached units","Units","300","units","0","v1930550","24.1.3","189","","","","0"
"2010-02","Toronto, Ontario","2011S0503535","Unabsorbed inventory","Total units","Units","300","units","0","v1930777","24.2.1","455","","","","0"
"2010-02","Toronto, Ontario","2011S0503535","Unabsorbed inventory","Single detached units","Units","300","units","0","v1930806","24.2.2","427","","","","0"
"2010-02","Toronto, Ontario","2011S0503535","Unabsorbed inventory","Semi-detached units","Units","300","units","0","v1930835","24.2.3","28","","","","0"
"2010-03","Toronto, Ontario","2011S0503535","Absorptions","Total units","Units","300","units","0","v1930492","24.1.1","790","","","","0"
"2010-03","Toronto, Ontario","2011S0503535","Absorptions","Single detached units","Units","300","units","0","v1930521","24.1.2","689","","","","0"
"2010-03","Toronto, Ontario","2011S0503535","Absorptions","Semi-detached units","Units","300","units","0","v1930550","24.1.3","101","","","","0"
"2010-03","Toronto, Ontario","2011S0503535","Unabsorbed inventory","Total units","Units","300","units","0","v1930777","24.2.1","450","","","","0"
"2010-03","Toronto, Ontario","2011S0503535","Unabsorbed inventory","Single detached units","Units","300","units","0","v1930806","24.2.2","417","","","","0"
"2010-03","Toronto, Ontario","2011S0503535","Unabsorbed inventory","Semi-detached units","Units","300","units","0","v1930835","24.2.3","33","","","","0"
"2010-04","Toronto, Ontario","2011S0503535","Absorptions","Total units","Units","300","units","0","v1930492","24.1.1","864","","","","0"
"2010-04","Toronto, Ontario","2011S0503535","Absorptions","Single detached units","Units","300","units","0","v1930521","24.1.2","723","","","","0"
"2010-04","Toronto, Ontario","2011S0503535","Absorptions","Semi-detached units","Units","300","units","0","v1930550","24.1.3","141","","","","0"
"2010-04","Toronto, Ontario","2011S0503535","Unabsorbed inventory","Total units","Units","300","units","0","v1930777","24.2.1","462","","","","0"
"2010-04","Toronto, Ontario","2011S0503535","Unabsorbed inventory","Single detached units","Units","300","units","0","v1930806","24.2.2","428","","","","0"
"2010-04","Toronto, Ontario","2011S0503535","Unabsorbed inventory","Semi-detached units","Units","300","units","0","v1930835","24.2.3","34","","","","0"
"2010-05","Toronto, Ontario","2011S0503535","Absorptions","Total units","Units","300","units","0","v1930492","24.1.1","1171","","","","0"
"2010-05","Toronto, Ontario","2011S0503535","Absorptions","Single detached units","Units","300","units","0","v1930521","24.1.2","1024","","","","0"
"2010-05","Toronto, Ontario","2011S0503535","Absorptions","Semi-detached units","Units","300","units","0","v1930550","24.1.3","147","","","","0"
"2010-05","Toronto, Ontario","2011S0503535","Unabsorbed inventory","Total units","Units","300","units","0","v1930777","24.2.1","456","","","","0"
"2010-05","Toronto, Ontario","2011S0503535","Unabsorbed inventory","Single detached units","Units","300","units","0","v1930806","24.2.2","429","","","","0"
"2010-05","Toronto, Ontario","2011S0503535","Unabsorbed inventory","Semi-detached units","Units","300","units","0","v1930835","24.2.3","27","","","","0"
"2010-06","Toronto, Ontario","2011S0503535","Absorptions","Total units","Units","300","units","0","v1930492","24.1.1","1268","","","","0"
"2010-06","Toronto, Ontario","2011S0503535","Absorptions","Single detached units","Units","300","units","0","v1930521","24.1.2","1104","","","","0"
"2010-06","Toronto, Ontario","2011S0503535","Absorptions","Semi-detached units","Units","300","units","0","v1930550","24.1.3","164","","","","0"
"2010-06","Toronto, Ontario","2011S0503535","Unabsorbed inventory","Total units","Units","300","units","0","v1930777","24.2.1","434","","","","0"
"2010-06","Toronto, Ontario","2011S0503535","Unabsorbed inventory","Single detached units","Units","300","units","0","v1930806","24.2.2","403","","","","0"
"2010-06","Toronto, Ontario","2011S0503535","Unabsorbed inventory","Semi-detached units","Units","300","units","0","v1930835","24.2.3","31","","","","0"
"2010-07","Toronto, Ontario","2011S0503535","Absorptions","Total units","Units","300","units","0","v1930492","24.1.1","1301","","","","0"
"2010-07","Toronto, Ontario","2011S0503535","Absorptions","Single detached units","Units","300","units","0","v1930521","24.1.2","1036","","","","0"
"2010-07","Toronto, Ontario","2011S0503535","Absorptions","Semi-detached units","Units","300","units","0","v1930550","24.1.3","265","","","","0"
"2010-07","Toronto, Ontario","2011S0503535","Unabsorbed inventory","Total units","Units","300","units","0","v1930777","24.2.1","364","","","","0"
"2010-07","Toronto, Ontario","2011S0503535","Unabsorbed inventory","Single detached units","Units","300","units","0","v1930806","24.2.2","336","","","","0"
"2010-07","Toronto, Ontario","2011S0503535","Unabsorbed inventory","Semi-detached units","Units","300","units","0","v1930835","24.2.3","28","","","","0"
"2010-08","Toronto, Ontario","2011S0503535","Absorptions","Total units","Units","300","units","0","v1930492","24.1.1","1036","","","","0"
"2010-08","Toronto, Ontario","2011S0503535","Absorptions","Single detached units","Units","300","units","0","v1930521","24.1.2","924","","","","0"
"2010-08","Toronto, Ontario","2011S0503535","Absorptions","Semi-detached units","Units","300","units","0","v1930550","24.1.3","112","","","","0"
"2010-08","Toronto, Ontario","2011S0503535","Unabsorbed inventory","Total units","Units","300","units","0","v1930777","24.2.1","348","","","","0"
"2010-08","Toronto, Ontario","2011S0503535","Unabsorbed inventory","Single detached units","Units","300","units","0","v1930806","24.2.2","324","","","","0"
"2010-08","Toronto, Ontario","2011S0503535","Unabsorbed inventory","Semi-detached units","Units","300","units","0","v1930835","24.2.3","24","","","","0"
"2010-09","Toronto, Ontario","2011S0503535","Absorptions","Total units","Units","300","units","0","v1930492","24.1.1","937","","","","0"
"2010-09","Toronto, Ontario","2011S0503535","Absorptions","Single detached units","Units","300","units","0","v1930521","24.1.2","838","","","","0"
"2010-09","Toronto, Ontario","2011S0503535","Absorptions","Semi-detached units","Units","300","units","0","v1930550","24.1.3","99","","","","0"
"2010-09","Toronto, Ontario","2011S0503535","Unabsorbed inventory","Total units","Units","300","units","0","v1930777","24.2.1","321","","","","0"
"2010-09","Toronto, Ontario","2011S0503535","Unabsorbed inventory","Single detached units","Units","300","units","0","v1930806","24.2.2","296","","","","0"
"2010-09","Toronto, Ontario","2011S0503535","Unabsorbed inventory","Semi-detached units","Units","300","units","0","v1930835","24.2.3","25","","","","0"
"2010-10","Toronto, Ontario","2011S0503535","Absorptions","Total units","Units","300","units","0","v1930492","24.1.1","989","","","","0"
"2010-10","Toronto, Ontario","2011S0503535","Absorptions","Single detached units","Units","300","units","0","v1930521","24.1.2","815","","","","0"
"2010-10","Toronto, Ontario","2011S0503535","Absorptions","Semi-detached units","Units","300","units","0","v1930550","24.1.3","174","","","","0"
"2010-10","Toronto, Ontario","2011S0503535","Unabsorbed inventory","Total units","Units","300","units","0","v1930777","24.2.1","264","","","","0"
"2010-10","Toronto, Ontario","2011S0503535","Unabsorbed inventory","Single detached units","Units","300","units","0","v1930806","24.2.2","237","","","","0"
"2010-10","Toronto, Ontario","2011S0503535","Unabsorbed inventory","Semi-detached units","Units","300","units","0","v1930835","24.2.3","27","","","","0"
"2010-11","Toronto, Ontario","2011S0503535","Absorptions","Total units","Units","300","units","0","v1930492","24.1.1","1093","","","","0"
"2010-11","Toronto, Ontario","2011S0503535","Absorptions","Single detached units","Units","300","units","0","v1930521","24.1.2","945","","","","0"
"2010-11","Toronto, Ontario","2011S0503535","Absorptions","Semi-detached units","Units","300","units","0","v1930550","24.1.3","148","","","","0"
"2010-11","Toronto, Ontario","2011S0503535","Unabsorbed inventory","Total units","Units","300","units","0","v1930777","24.2.1","214","","","","0"
"2010-11","Toronto, Ontario","2011S0503535","Unabsorbed inventory","Single detached units","Units","300","units","0","v1930806","24.2.2","187","","","","0"
"2010-11","Toronto, Ontario","2011S0503535","Unabsorbed inventory","Semi-detached units","Units","300","units","0","v1930835","24.2.3","27","","","","0"
"2010-12","Toronto, Ontario","2011S0503535","Absorptions","Total units","Units","300","units","0","v1930492","24.1.1","742","","","","0"
"2010-12","Toronto, Ontario","2011S0503535","Absorptions","Single detached units","Units","300","units","0","v1930521","24.1.2","658","","","","0"
"2010-12","Toronto, Ontario","2011S0503535","Absorptions","Semi-detached units","Units","300","units","0","v1930550","24.1.3","84","","","","0"
"2010-12","Toronto, Ontario","2011S0503535","Unabsorbed inventory","Total units","Units","300","units","0","v1930777","24.2.1","202","","","","0"
"2010-12","Toronto, Ontario","2011S0503535","Unabsorbed inventory","Single detached units","Units","300","units","0","v1930806","24.2.2","179","","","","0"
"2010-12","Toronto, Ontario","2011S0503535","Unabsorbed inventory","Semi-detached units","Units","300","units","0","v1930835","24.2.3","23","","","","0"
"2011-01","Toronto, Ontario","2011S0503535","Absorptions","Total units","Units","300","units","0","v1930492","24.1.1","772","","","","0"
"2011-01","Toronto, Ontario","2011S0503535","Absorptions","Single detached units","Units","300","units","0","v1930521","24.1.2","701","","","","0"
"2011-01","Toronto, Ontario","2011S0503535","Absorptions","Semi-detached units","Units","300","units","0","v1930550","24.1.3","71","","","","0"
"2011-01","Toronto, Ontario","2011S0503535","Unabsorbed inventory","Total units","Units","300","units","0","v1930777","24.2.1","187","","","","0"
"2011-01","Toronto, Ontario","2011S0503535","Unabsorbed inventory","Single detached units","Units","300","units","0","v1930806","24.2.2","167","","","","0"
"2011-01","Toronto, Ontario","2011S0503535","Unabsorbed inventory","Semi-detached units","Units","300","units","0","v1930835","24.2.3","20","","","","0"
"2011-02","Toronto, Ontario","2011S0503535","Absorptions","Total units","Units","300","units","0","v1930492","24.1.1","685","","","","0"
"2011-02","Toronto, Ontario","2011S0503535","Absorptions","Single detached units","Units","300","units","0","v1930521","24.1.2","593","","","","0"
"2011-02","Toronto, Ontario","2011S0503535","Absorptions","Semi-detached units","Units","300","units","0","v1930550","24.1.3","92","","","","0"
"2011-02","Toronto, Ontario","2011S0503535","Unabsorbed inventory","Total units","Units","300","units","0","v1930777","24.2.1","174","","","","0"
"2011-02","Toronto, Ontario","2011S0503535","Unabsorbed inventory","Single detached units","Units","300","units","0","v1930806","24.2.2","162","","","","0"
"2011-02","Toronto, Ontario","2011S0503535","Unabsorbed inventory","Semi-detached units","Units","300","units","0","v1930835","24.2.3","12","","","","0"
"2011-03","Toronto, Ontario","2011S0503535","Absorptions","Total units","Units","300","units","0","v1930492","24.1.1","833","","","","0"
"2011-03","Toronto, Ontario","2011S0503535","Absorptions","Single detached units","Units","300","units","0","v1930521","24.1.2","694","","","","0"
"2011-03","Toronto, Ontario","2011S0503535","Absorptions","Semi-detached units","Units","300","units","0","v1930550","24.1.3","139","","","","0"
"2011-03","Toronto, Ontario","2011S0503535","Unabsorbed inventory","Total units","Units","300","units","0","v1930777","24.2.1","132","","","","0"
"2011-03","Toronto, Ontario","2011S0503535","Unabsorbed inventory","Single detached units","Units","300","units","0","v1930806","24.2.2","119","","","","0"
"2011-03","Toronto, Ontario","2011S0503535","Unabsorbed inventory","Semi-detached units","Units","300","units","0","v1930835","24.2.3","13","","","","0"
"2011-04","Toronto, Ontario","2011S0503535","Absorptions","Total units","Units","300","units","0","v1930492","24.1.1","669","","","","0"
"2011-04","Toronto, Ontario","2011S0503535","Absorptions","Single detached units","Units","300","units","0","v1930521","24.1.2","567","","","","0"
"2011-04","Toronto, Ontario","2011S0503535","Absorptions","Semi-detached units","Units","300","units","0","v1930550","24.1.3","102","","","","0"
"2011-04","Toronto, Ontario","2011S0503535","Unabsorbed inventory","Total units","Units","300","units","0","v1930777","24.2.1","125","","","","0"
"2011-04","Toronto, Ontario","2011S0503535","Unabsorbed inventory","Single detached units","Units","300","units","0","v1930806","24.2.2","112","","","","0"
"2011-04","Toronto, Ontario","2011S0503535","Unabsorbed inventory","Semi-detached units","Units","300","units","0","v1930835","24.2.3","13","","","","0"
"2011-05","Toronto, Ontario","2011S0503535","Absorptions","Total units","Units","300","units","0","v1930492","24.1.1","1068","","","","0"
"2011-05","Toronto, Ontario","2011S0503535","Absorptions","Single detached units","Units","300","units","0","v1930521","24.1.2","932","","","","0"
"2011-05","Toronto, Ontario","2011S0503535","Absorptions","Semi-detached units","Units","300","units","0","v1930550","24.1.3","136","","","","0"
"2011-05","Toronto, Ontario","2011S0503535","Unabsorbed inventory","Total units","Units","300","units","0","v1930777","24.2.1","103","","","","0"
"2011-05","Toronto, Ontario","2011S0503535","Unabsorbed inventory","Single detached units","Units","300","units","0","v1930806","24.2.2","92","","","","0"
"2011-05","Toronto, Ontario","2011S0503535","Unabsorbed inventory","Semi-detached units","Units","300","units","0","v1930835","24.2.3","11","","","","0"
"2011-06","Toronto, Ontario","2011S0503535","Absorptions","Total units","Units","300","units","0","v1930492","24.1.1","922","","","","0"
"2011-06","Toronto, Ontario","2011S0503535","Absorptions","Single detached units","Units","300","units","0","v1930521","24.1.2","747","","","","0"
"2011-06","Toronto, Ontario","2011S0503535","Absorptions","Semi-detached units","Units","300","units","0","v1930550","24.1.3","175","","","","0"
"2011-06","Toronto, Ontario","2011S0503535","Unabsorbed inventory","Total units","Units","300","units","0","v1930777","24.2.1","100","","","","0"
"2011-06","Toronto, Ontario","2011S0503535","Unabsorbed inventory","Single detached units","Units","300","units","0","v1930806","24.2.2","90","","","","0"
"2011-06","Toronto, Ontario","2011S0503535","Unabsorbed inventory","Semi-detached units","Units","300","units","0","v1930835","24.2.3","10","","","","0"
"2011-07","Toronto, Ontario","2011S0503535","Absorptions","Total units","Units","300","units","0","v1930492","24.1.1","1014","","","","0"
"2011-07","Toronto, Ontario","2011S0503535","Absorptions","Single detached units","Units","300","units","0","v1930521","24.1.2","829","","","","0"
"2011-07","Toronto, Ontario","2011S0503535","Absorptions","Semi-detached units","Units","300","units","0","v1930550","24.1.3","185","","","","0"
"2011-07","Toronto, Ontario","2011S0503535","Unabsorbed inventory","Total units","Units","300","units","0","v1930777","24.2.1","124","","","","0"
"2011-07","Toronto, Ontario","2011S0503535","Unabsorbed inventory","Single detached units","Units","300","units","0","v1930806","24.2.2","99","","","","0"
"2011-07","Toronto, Ontario","2011S0503535","Unabsorbed inventory","Semi-detached units","Units","300","units","0","v1930835","24.2.3","25","","","","0"
"2011-08","Toronto, Ontario","2011S0503535","Absorptions","Total units","Units","300","units","0","v1930492","24.1.1","855","","","","0"
"2011-08","Toronto, Ontario","2011S0503535","Absorptions","Single detached units","Units","300","units","0","v1930521","24.1.2","750","","","","0"
"2011-08","Toronto, Ontario","2011S0503535","Absorptions","Semi-detached units","Units","300","units","0","v1930550","24.1.3","105","","","","0"
"2011-08","Toronto, Ontario","2011S0503535","Unabsorbed inventory","Total units","Units","300","units","0","v1930777","24.2.1","156","","","","0"
"2011-08","Toronto, Ontario","2011S0503535","Unabsorbed inventory","Single detached units","Units","300","units","0","v1930806","24.2.2","130","","","","0"
"2011-08","Toronto, Ontario","2011S0503535","Unabsorbed inventory","Semi-detached units","Units","300","units","0","v1930835","24.2.3","26","","","","0"
"2011-09","Toronto, Ontario","2011S0503535","Absorptions","Total units","Units","300","units","0","v1930492","24.1.1","824","","","","0"
"2011-09","Toronto, Ontario","2011S0503535","Absorptions","Single detached units","Units","300","units","0","v1930521","24.1.2","782","","","","0"
"2011-09","Toronto, Ontario","2011S0503535","Absorptions","Semi-detached units","Units","300","units","0","v1930550","24.1.3","42","","","","0"
"2011-09","Toronto, Ontario","2011S0503535","Unabsorbed inventory","Total units","Units","300","units","0","v1930777","24.2.1","167","","","","0"
"2011-09","Toronto, Ontario","2011S0503535","Unabsorbed inventory","Single detached units","Units","300","units","0","v1930806","24.2.2","141","","","","0"
"2011-09","Toronto, Ontario","2011S0503535","Unabsorbed inventory","Semi-detached units","Units","300","units","0","v1930835","24.2.3","26","","","","0"
"2011-10","Toronto, Ontario","2011S0503535","Absorptions","Total units","Units","300","units","0","v1930492","24.1.1","953","","","","0"
"2011-10","Toronto, Ontario","2011S0503535","Absorptions","Single detached units","Units","300","units","0","v1930521","24.1.2","806","","","","0"
"2011-10","Toronto, Ontario","2011S0503535","Absorptions","Semi-detached units","Units","300","units","0","v1930550","24.1.3","147","","","","0"
"2011-10","Toronto, Ontario","2011S0503535","Unabsorbed inventory","Total units","Units","300","units","0","v1930777","24.2.1","84","","","","0"
"2011-10","Toronto, Ontario","2011S0503535","Unabsorbed inventory","Single detached units","Units","300","units","0","v1930806","24.2.2","69","","","","0"
"2011-10","Toronto, Ontario","2011S0503535","Unabsorbed inventory","Semi-detached units","Units","300","units","0","v1930835","24.2.3","15","","","","0"
"2011-11","Toronto, Ontario","2011S0503535","Absorptions","Total units","Units","300","units","0","v1930492","24.1.1","1168","","","","0"
"2011-11","Toronto, Ontario","2011S0503535","Absorptions","Single detached units","Units","300","units","0","v1930521","24.1.2","970","","","","0"
"2011-11","Toronto, Ontario","2011S0503535","Absorptions","Semi-detached units","Units","300","units","0","v1930550","24.1.3","198","","","","0"
"2011-11","Toronto, Ontario","2011S0503535","Unabsorbed inventory","Total units","Units","300","units","0","v1930777","24.2.1","109","","","","0"
"2011-11","Toronto, Ontario","2011S0503535","Unabsorbed inventory","Single detached units","Units","300","units","0","v1930806","24.2.2","96","","","","0"
"2011-11","Toronto, Ontario","2011S0503535","Unabsorbed inventory","Semi-detached units","Units","300","units","0","v1930835","24.2.3","13","","","","0"
"2011-12","Toronto, Ontario","2011S0503535","Absorptions","Total units","Units","300","units","0","v1930492","24.1.1","933","","","","0"
"2011-12","Toronto, Ontario","2011S0503535","Absorptions","Single detached units","Units","300","units","0","v1930521","24.1.2","813","","","","0"
"2011-12","Toronto, Ontario","2011S0503535","Absorptions","Semi-detached units","Units","300","units","0","v1930550","24.1.3","120","","","","0"
"2011-12","Toronto, Ontario","2011S0503535","Unabsorbed inventory","Total units","Units","300","units","0","v1930777","24.2.1","112","","","","0"
"2011-12","Toronto, Ontario","2011S0503535","Unabsorbed inventory","Single detached units","Units","300","units","0","v1930806","24.2.2","87","","","","0"
"2011-12","Toronto, Ontario","2011S0503535","Unabsorbed inventory","Semi-detached units","Units","300","units","0","v1930835","24.2.3","25","","","","0"
"2012-01","Toronto, Ontario","2011S0503535","Absorptions","Total units","Units","300","units","0","v1930492","24.1.1","1290","","","","0"
"2012-01","Toronto, Ontario","2011S0503535","Absorptions","Single detached units","Units","300","units","0","v1930521","24.1.2","1024","","","","0"
"2012-01","Toronto, Ontario","2011S0503535","Absorptions","Semi-detached units","Units","300","units","0","v1930550","24.1.3","266","","","","0"
"2012-01","Toronto, Ontario","2011S0503535","Unabsorbed inventory","Total units","Units","300","units","0","v1930777","24.2.1","110","","","","0"
"2012-01","Toronto, Ontario","2011S0503535","Unabsorbed inventory","Single detached units","Units","300","units","0","v1930806","24.2.2","101","","","","0"
"2012-01","Toronto, Ontario","2011S0503535","Unabsorbed inventory","Semi-detached units","Units","300","units","0","v1930835","24.2.3","9","","","","0"
"2012-02","Toronto, Ontario","2011S0503535","Absorptions","Total units","Units","300","units","0","v1930492","24.1.1","947","","","","0"
"2012-02","Toronto, Ontario","2011S0503535","Absorptions","Single detached units","Units","300","units","0","v1930521","24.1.2","801","","","","0"
"2012-02","Toronto, Ontario","2011S0503535","Absorptions","Semi-detached units","Units","300","units","0","v1930550","24.1.3","146","","","","0"
"2012-02","Toronto, Ontario","2011S0503535","Unabsorbed inventory","Total units","Units","300","units","0","v1930777","24.2.1","100","","","","0"
"2012-02","Toronto, Ontario","2011S0503535","Unabsorbed inventory","Single detached units","Units","300","units","0","v1930806","24.2.2","89","","","","0"
"2012-02","Toronto, Ontario","2011S0503535","Unabsorbed inventory","Semi-detached units","Units","300","units","0","v1930835","24.2.3","11","","","","0"
"2012-03","Toronto, Ontario","2011S0503535","Absorptions","Total units","Units","300","units","0","v1930492","24.1.1","940","","","","0"
"2012-03","Toronto, Ontario","2011S0503535","Absorptions","Single detached units","Units","300","units","0","v1930521","24.1.2","794","","","","0"
"2012-03","Toronto, Ontario","2011S0503535","Absorptions","Semi-detached units","Units","300","units","0","v1930550","24.1.3","146","","","","0"
"2012-03","Toronto, Ontario","2011S0503535","Unabsorbed inventory","Total units","Units","300","units","0","v1930777","24.2.1","99","","","","0"
"2012-03","Toronto, Ontario","2011S0503535","Unabsorbed inventory","Single detached units","Units","300","units","0","v1930806","24.2.2","84","","","","0"
"2012-03","Toronto, Ontario","2011S0503535","Unabsorbed inventory","Semi-detached units","Units","300","units","0","v1930835","24.2.3","15","","","","0"
"2012-04","Toronto, Ontario","2011S0503535","Absorptions","Total units","Units","300","units","0","v1930492","24.1.1","999","","","","0"
"2012-04","Toronto, Ontario","2011S0503535","Absorptions","Single detached units","Units","300","units","0","v1930521","24.1.2","865","","","","0"
"2012-04","Toronto, Ontario","2011S0503535","Absorptions","Semi-detached units","Units","300","units","0","v1930550","24.1.3","134","","","","0"
"2012-04","Toronto, Ontario","2011S0503535","Unabsorbed inventory","Total units","Units","300","units","0","v1930777","24.2.1","105","","","","0"
"2012-04","Toronto, Ontario","2011S0503535","Unabsorbed inventory","Single detached units","Units","300","units","0","v1930806","24.2.2","92","","","","0"
"2012-04","Toronto, Ontario","2011S0503535","Unabsorbed inventory","Semi-detached units","Units","300","units","0","v1930835","24.2.3","13","","","","0"
"2012-05","Toronto, Ontario","2011S0503535","Absorptions","Total units","Units","300","units","0","v1930492","24.1.1","1200","","","","0"
"2012-05","Toronto, Ontario","2011S0503535","Absorptions","Single detached units","Units","300","units","0","v1930521","24.1.2","1069","","","","0"
"2012-05","Toronto, Ontario","2011S0503535","Absorptions","Semi-detached units","Units","300","units","0","v1930550","24.1.3","131","","","","0"
"2012-05","Toronto, Ontario","2011S0503535","Unabsorbed inventory","Total units","Units","300","units","0","v1930777","24.2.1","122","","","","0"
"2012-05","Toronto, Ontario","2011S0503535","Unabsorbed inventory","Single detached units","Units","300","units","0","v1930806","24.2.2","110","","","","0"
"2012-05","Toronto, Ontario","2011S0503535","Unabsorbed inventory","Semi-detached units","Units","300","units","0","v1930835","24.2.3","12","","","","0"
"2012-06","Toronto, Ontario","2011S0503535","Absorptions","Total units","Units","300","units","0","v1930492","24.1.1","1205","","","","0"
"2012-06","Toronto, Ontario","2011S0503535","Absorptions","Single detached units","Units","300","units","0","v1930521","24.1.2","997","","","","0"
"2012-06","Toronto, Ontario","2011S0503535","Absorptions","Semi-detached units","Units","300","units","0","v1930550","24.1.3","208","","","","0"
"2012-06","Toronto, Ontario","2011S0503535","Unabsorbed inventory","Total units","Units","300","units","0","v1930777","24.2.1","144","","","","0"
"2012-06","Toronto, Ontario","2011S0503535","Unabsorbed inventory","Single detached units","Units","300","units","0","v1930806","24.2.2","136","","","","0"
"2012-06","Toronto, Ontario","2011S0503535","Unabsorbed inventory","Semi-detached units","Units","300","units","0","v1930835","24.2.3","8","","","","0"
"2012-07","Toronto, Ontario","2011S0503535","Absorptions","Total units","Units","300","units","0","v1930492","24.1.1","1236","","","","0"
"2012-07","Toronto, Ontario","2011S0503535","Absorptions","Single detached units","Units","300","units","0","v1930521","24.1.2","1088","","","","0"
"2012-07","Toronto, Ontario","2011S0503535","Absorptions","Semi-detached units","Units","300","units","0","v1930550","24.1.3","148","","","","0"
"2012-07","Toronto, Ontario","2011S0503535","Unabsorbed inventory","Total units","Units","300","units","0","v1930777","24.2.1","129","","","","0"
"2012-07","Toronto, Ontario","2011S0503535","Unabsorbed inventory","Single detached units","Units","300","units","0","v1930806","24.2.2","119","","","","0"
"2012-07","Toronto, Ontario","2011S0503535","Unabsorbed inventory","Semi-detached units","Units","300","units","0","v1930835","24.2.3","10","","","","0"
"2012-08","Toronto, Ontario","2011S0503535","Absorptions","Total units","Units","300","units","0","v1930492","24.1.1","987","","","","0"
"2012-08","Toronto, Ontario","2011S0503535","Absorptions","Single detached units","Units","300","units","0","v1930521","24.1.2","877","","","","0"
"2012-08","Toronto, Ontario","2011S0503535","Absorptions","Semi-detached units","Units","300","units","0","v1930550","24.1.3","110","","","","0"
"2012-08","Toronto, Ontario","2011S0503535","Unabsorbed inventory","Total units","Units","300","units","0","v1930777","24.2.1","129","","","","0"
"2012-08","Toronto, Ontario","2011S0503535","Unabsorbed inventory","Single detached units","Units","300","units","0","v1930806","24.2.2","119","","","","0"
"2012-08","Toronto, Ontario","2011S0503535","Unabsorbed inventory","Semi-detached units","Units","300","units","0","v1930835","24.2.3","10","","","","0"
"2012-09","Toronto, Ontario","2011S0503535","Absorptions","Total units","Units","300","units","0","v1930492","24.1.1","889","","","","0"
"2012-09","Toronto, Ontario","2011S0503535","Absorptions","Single detached units","Units","300","units","0","v1930521","24.1.2","729","","","","0"
"2012-09","Toronto, Ontario","2011S0503535","Absorptions","Semi-detached units","Units","300","units","0","v1930550","24.1.3","160","","","","0"
"2012-09","Toronto, Ontario","2011S0503535","Unabsorbed inventory","Total units","Units","300","units","0","v1930777","24.2.1","140","","","","0"
"2012-09","Toronto, Ontario","2011S0503535","Unabsorbed inventory","Single detached units","Units","300","units","0","v1930806","24.2.2","130","","","","0"
"2012-09","Toronto, Ontario","2011S0503535","Unabsorbed inventory","Semi-detached units","Units","300","units","0","v1930835","24.2.3","10","","","","0"
"2012-10","Toronto, Ontario","2011S0503535","Absorptions","Total units","Units","300","units","0","v1930492","24.1.1","1128","","","","0"
"2012-10","Toronto, Ontario","2011S0503535","Absorptions","Single detached units","Units","300","units","0","v1930521","24.1.2","1038","","","","0"
"2012-10","Toronto, Ontario","2011S0503535","Absorptions","Semi-detached units","Units","300","units","0","v1930550","24.1.3","90","","","","0"
"2012-10","Toronto, Ontario","2011S0503535","Unabsorbed inventory","Total units","Units","300","units","0","v1930777","24.2.1","175","","","","0"
"2012-10","Toronto, Ontario","2011S0503535","Unabsorbed inventory","Single detached units","Units","300","units","0","v1930806","24.2.2","161","","","","0"
"2012-10","Toronto, Ontario","2011S0503535","Unabsorbed inventory","Semi-detached units","Units","300","units","0","v1930835","24.2.3","14","","","","0"
"2012-11","Toronto, Ontario","2011S0503535","Absorptions","Total units","Units","300","units","0","v1930492","24.1.1","1075","","","","0"
"2012-11","Toronto, Ontario","2011S0503535","Absorptions","Single detached units","Units","300","units","0","v1930521","24.1.2","838","","","","0"
"2012-11","Toronto, Ontario","2011S0503535","Absorptions","Semi-detached units","Units","300","units","0","v1930550","24.1.3","237","","","","0"
"2012-11","Toronto, Ontario","2011S0503535","Unabsorbed inventory","Total units","Units","300","units","0","v1930777","24.2.1","148","","","","0"
"2012-11","Toronto, Ontario","2011S0503535","Unabsorbed inventory","Single detached units","Units","300","units","0","v1930806","24.2.2","137","","","","0"
"2012-11","Toronto, Ontario","2011S0503535","Unabsorbed inventory","Semi-detached units","Units","300","units","0","v1930835","24.2.3","11","","","","0"
"2012-12","Toronto, Ontario","2011S0503535","Absorptions","Total units","Units","300","units","0","v1930492","24.1.1","1008","","","","0"
"2012-12","Toronto, Ontario","2011S0503535","Absorptions","Single detached units","Units","300","units","0","v1930521","24.1.2","857","","","","0"
"2012-12","Toronto, Ontario","2011S0503535","Absorptions","Semi-detached units","Units","300","units","0","v1930550","24.1.3","151","","","","0"
"2012-12","Toronto, Ontario","2011S0503535","Unabsorbed inventory","Total units","Units","300","units","0","v1930777","24.2.1","152","","","","0"
"2012-12","Toronto, Ontario","2011S0503535","Unabsorbed inventory","Single detached units","Units","300","units","0","v1930806","24.2.2","134","","","","0"
"2012-12","Toronto, Ontario","2011S0503535","Unabsorbed inventory","Semi-detached units","Units","300","units","0","v1930835","24.2.3","18","","","","0"
"2013-01","Toronto, Ontario","2011S0503535","Absorptions","Total units","Units","300","units","0","v1930492","24.1.1","942","","","","0"
"2013-01","Toronto, Ontario","2011S0503535","Absorptions","Single detached units","Units","300","units","0","v1930521","24.1.2","759","","","","0"
"2013-01","Toronto, Ontario","2011S0503535","Absorptions","Semi-detached units","Units","300","units","0","v1930550","24.1.3","183","","","","0"
"2013-01","Toronto, Ontario","2011S0503535","Unabsorbed inventory","Total units","Units","300","units","0","v1930777","24.2.1","153","","","","0"
"2013-01","Toronto, Ontario","2011S0503535","Unabsorbed inventory","Single detached units","Units","300","units","0","v1930806","24.2.2","138","","","","0"
"2013-01","Toronto, Ontario","2011S0503535","Unabsorbed inventory","Semi-detached units","Units","300","units","0","v1930835","24.2.3","15","","","","0"
"2013-02","Toronto, Ontario","2011S0503535","Absorptions","Total units","Units","300","units","0","v1930492","24.1.1","900","","","","0"
"2013-02","Toronto, Ontario","2011S0503535","Absorptions","Single detached units","Units","300","units","0","v1930521","24.1.2","670","","","","0"
"2013-02","Toronto, Ontario","2011S0503535","Absorptions","Semi-detached units","Units","300","units","0","v1930550","24.1.3","230","","","","0"
"2013-02","Toronto, Ontario","2011S0503535","Unabsorbed inventory","Total units","Units","300","units","0","v1930777","24.2.1","168","","","","0"
"2013-02","Toronto, Ontario","2011S0503535","Unabsorbed inventory","Single detached units","Units","300","units","0","v1930806","24.2.2","149","","","","0"
"2013-02","Toronto, Ontario","2011S0503535","Unabsorbed inventory","Semi-detached units","Units","300","units","0","v1930835","24.2.3","19","","","","0"
"2013-03","Toronto, Ontario","2011S0503535","Absorptions","Total units","Units","300","units","0","v1930492","24.1.1","982","","","","0"
"2013-03","Toronto, Ontario","2011S0503535","Absorptions","Single detached units","Units","300","units","0","v1930521","24.1.2","891","","","","0"
"2013-03","Toronto, Ontario","2011S0503535","Absorptions","Semi-detached units","Units","300","units","0","v1930550","24.1.3","91","","","","0"
"2013-03","Toronto, Ontario","2011S0503535","Unabsorbed inventory","Total units","Units","300","units","0","v1930777","24.2.1","179","","","","0"
"2013-03","Toronto, Ontario","2011S0503535","Unabsorbed inventory","Single detached units","Units","300","units","0","v1930806","24.2.2","156","","","","0"
"2013-03","Toronto, Ontario","2011S0503535","Unabsorbed inventory","Semi-detached units","Units","300","units","0","v1930835","24.2.3","23","","","","0"
"2013-04","Toronto, Ontario","2011S0503535","Absorptions","Total units","Units","300","units","0","v1930492","24.1.1","966","","","","0"
"2013-04","Toronto, Ontario","2011S0503535","Absorptions","Single detached units","Units","300","units","0","v1930521","24.1.2","786","","","","0"
"2013-04","Toronto, Ontario","2011S0503535","Absorptions","Semi-detached units","Units","300","units","0","v1930550","24.1.3","180","","","","0"
"2013-04","Toronto, Ontario","2011S0503535","Unabsorbed inventory","Total units","Units","300","units","0","v1930777","24.2.1","203","","","","0"
"2013-04","Toronto, Ontario","2011S0503535","Unabsorbed inventory","Single detached units","Units","300","units","0","v1930806","24.2.2","186","","","","0"
"2013-04","Toronto, Ontario","2011S0503535","Unabsorbed inventory","Semi-detached units","Units","300","units","0","v1930835","24.2.3","17","","","","0"
"2013-05","Toronto, Ontario","2011S0503535","Absorptions","Total units","Units","300","units","0","v1930492","24.1.1","930","","","","0"
"2013-05","Toronto, Ontario","2011S0503535","Absorptions","Single detached units","Units","300","units","0","v1930521","24.1.2","766","","","","0"
"2013-05","Toronto, Ontario","2011S0503535","Absorptions","Semi-detached units","Units","300","units","0","v1930550","24.1.3","164","","","","0"
"2013-05","Toronto, Ontario","2011S0503535","Unabsorbed inventory","Total units","Units","300","units","0","v1930777","24.2.1","185","","","","0"
"2013-05","Toronto, Ontario","2011S0503535","Unabsorbed inventory","Single detached units","Units","300","units","0","v1930806","24.2.2","166","","","","0"
"2013-05","Toronto, Ontario","2011S0503535","Unabsorbed inventory","Semi-detached units","Units","300","units","0","v1930835","24.2.3","19","","","","0"
"2013-06","Toronto, Ontario","2011S0503535","Absorptions","Total units","Units","300","units","0","v1930492","24.1.1","996","","","","0"
"2013-06","Toronto, Ontario","2011S0503535","Absorptions","Single detached units","Units","300","units","0","v1930521","24.1.2","830","","","","0"
"2013-06","Toronto, Ontario","2011S0503535","Absorptions","Semi-detached units","Units","300","units","0","v1930550","24.1.3","166","","","","0"
"2013-06","Toronto, Ontario","2011S0503535","Unabsorbed inventory","Total units","Units","300","units","0","v1930777","24.2.1","205","","","","0"
"2013-06","Toronto, Ontario","2011S0503535","Unabsorbed inventory","Single detached units","Units","300","units","0","v1930806","24.2.2","154","","","","0"
"2013-06","Toronto, Ontario","2011S0503535","Unabsorbed inventory","Semi-detached units","Units","300","units","0","v1930835","24.2.3","51","","","","0"
"2013-07","Toronto, Ontario","2011S0503535","Absorptions","Total units","Units","300","units","0","v1930492","24.1.1","1085","","","","0"
"2013-07","Toronto, Ontario","2011S0503535","Absorptions","Single detached units","Units","300","units","0","v1930521","24.1.2","799","","","","0"
"2013-07","Toronto, Ontario","2011S0503535","Absorptions","Semi-detached units","Units","300","units","0","v1930550","24.1.3","286","","","","0"
"2013-07","Toronto, Ontario","2011S0503535","Unabsorbed inventory","Total units","Units","300","units","0","v1930777","24.2.1","171","","","","0"
"2013-07","Toronto, Ontario","2011S0503535","Unabsorbed inventory","Single detached units","Units","300","units","0","v1930806","24.2.2","137","","","","0"
"2013-07","Toronto, Ontario","2011S0503535","Unabsorbed inventory","Semi-detached units","Units","300","units","0","v1930835","24.2.3","34","","","","0"
"2013-08","Toronto, Ontario","2011S0503535","Absorptions","Total units","Units","300","units","0","v1930492","24.1.1","1221","","","","0"
"2013-08","Toronto, Ontario","2011S0503535","Absorptions","Single detached units","Units","300","units","0","v1930521","24.1.2","1019","","","","0"
"2013-08","Toronto, Ontario","2011S0503535","Absorptions","Semi-detached units","Units","300","units","0","v1930550","24.1.3","202","","","","0"
"2013-08","Toronto, Ontario","2011S0503535","Unabsorbed inventory","Total units","Units","300","units","0","v1930777","24.2.1","176","","","","0"
"2013-08","Toronto, Ontario","2011S0503535","Unabsorbed inventory","Single detached units","Units","300","units","0","v1930806","24.2.2","150","","","","0"
"2013-08","Toronto, Ontario","2011S0503535","Unabsorbed inventory","Semi-detached units","Units","300","units","0","v1930835","24.2.3","26","","","","0"
"2013-09","Toronto, Ontario","2011S0503535","Absorptions","Total units","Units","300","units","0","v1930492","24.1.1","915","","","","0"
"2013-09","Toronto, Ontario","2011S0503535","Absorptions","Single detached units","Units","300","units","0","v1930521","24.1.2","775","","","","0"
"2013-09","Toronto, Ontario","2011S0503535","Absorptions","Semi-detached units","Units","300","units","0","v1930550","24.1.3","140","","","","0"
"2013-09","Toronto, Ontario","2011S0503535","Unabsorbed inventory","Total units","Units","300","units","0","v1930777","24.2.1","161","","","","0"
"2013-09","Toronto, Ontario","2011S0503535","Unabsorbed inventory","Single detached units","Units","300","units","0","v1930806","24.2.2","147","","","","0"
"2013-09","Toronto, Ontario","2011S0503535","Unabsorbed inventory","Semi-detached units","Units","300","units","0","v1930835","24.2.3","14","","","","0"
"2013-10","Toronto, Ontario","2011S0503535","Absorptions","Total units","Units","300","units","0","v1930492","24.1.1","926","","","","0"
"2013-10","Toronto, Ontario","2011S0503535","Absorptions","Single detached units","Units","300","units","0","v1930521","24.1.2","820","","","","0"
"2013-10","Toronto, Ontario","2011S0503535","Absorptions","Semi-detached units","Units","300","units","0","v1930550","24.1.3","106","","","","0"
"2013-10","Toronto, Ontario","2011S0503535","Unabsorbed inventory","Total units","Units","300","units","0","v1930777","24.2.1","167","","","","0"
"2013-10","Toronto, Ontario","2011S0503535","Unabsorbed inventory","Single detached units","Units","300","units","0","v1930806","24.2.2","149","","","","0"
"2013-10","Toronto, Ontario","2011S0503535","Unabsorbed inventory","Semi-detached units","Units","300","units","0","v1930835","24.2.3","18","","","","0"
"2013-11","Toronto, Ontario","2011S0503535","Absorptions","Total units","Units","300","units","0","v1930492","24.1.1","1233","","","","0"
"2013-11","Toronto, Ontario","2011S0503535","Absorptions","Single detached units","Units","300","units","0","v1930521","24.1.2","979","","","","0"
"2013-11","Toronto, Ontario","2011S0503535","Absorptions","Semi-detached units","Units","300","units","0","v1930550","24.1.3","254","","","","0"
"2013-11","Toronto, Ontario","2011S0503535","Unabsorbed inventory","Total units","Units","300","units","0","v1930777","24.2.1","182","","","","0"
"2013-11","Toronto, Ontario","2011S0503535","Unabsorbed inventory","Single detached units","Units","300","units","0","v1930806","24.2.2","166","","","","0"
"2013-11","Toronto, Ontario","2011S0503535","Unabsorbed inventory","Semi-detached units","Units","300","units","0","v1930835","24.2.3","16","","","","0"
"2013-12","Toronto, Ontario","2011S0503535","Absorptions","Total units","Units","300","units","0","v1930492","24.1.1","980","","","","0"
"2013-12","Toronto, Ontario","2011S0503535","Absorptions","Single detached units","Units","300","units","0","v1930521","24.1.2","790","","","","0"
"2013-12","Toronto, Ontario","2011S0503535","Absorptions","Semi-detached units","Units","300","units","0","v1930550","24.1.3","190","","","","0"
"2013-12","Toronto, Ontario","2011S0503535","Unabsorbed inventory","Total units","Units","300","units","0","v1930777","24.2.1","166","","","","0"
"2013-12","Toronto, Ontario","2011S0503535","Unabsorbed inventory","Single detached units","Units","300","units","0","v1930806","24.2.2","150","","","","0"
"2013-12","Toronto, Ontario","2011S0503535","Unabsorbed inventory","Semi-detached units","Units","300","units","0","v1930835","24.2.3","16","","","","0"
"2014-01","Toronto, Ontario","2011S0503535","Absorptions","Total units","Units","300","units","0","v1930492","24.1.1","786","","","","0"
"2014-01","Toronto, Ontario","2011S0503535","Absorptions","Single detached units","Units","300","units","0","v1930521","24.1.2","628","","","","0"
"2014-01","Toronto, Ontario","2011S0503535","Absorptions","Semi-detached units","Units","300","units","0","v1930550","24.1.3","158","","","","0"
"2014-01","Toronto, Ontario","2011S0503535","Unabsorbed inventory","Total units","Units","300","units","0","v1930777","24.2.1","161","","","","0"
"2014-01","Toronto, Ontario","2011S0503535","Unabsorbed inventory","Single detached units","Units","300","units","0","v1930806","24.2.2","147","","","","0"
"2014-01","Toronto, Ontario","2011S0503535","Unabsorbed inventory","Semi-detached units","Units","300","units","0","v1930835","24.2.3","14","","","","0"
"2014-02","Toronto, Ontario","2011S0503535","Absorptions","Total units","Units","300","units","0","v1930492","24.1.1","835","","","","0"
"2014-02","Toronto, Ontario","2011S0503535","Absorptions","Single detached units","Units","300","units","0","v1930521","24.1.2","737","","","","0"
"2014-02","Toronto, Ontario","2011S0503535","Absorptions","Semi-detached units","Units","300","units","0","v1930550","24.1.3","98","","","","0"
"2014-02","Toronto, Ontario","2011S0503535","Unabsorbed inventory","Total units","Units","300","units","0","v1930777","24.2.1","168","","","","0"
"2014-02","Toronto, Ontario","2011S0503535","Unabsorbed inventory","Single detached units","Units","300","units","0","v1930806","24.2.2","154","","","","0"
"2014-02","Toronto, Ontario","2011S0503535","Unabsorbed inventory","Semi-detached units","Units","300","units","0","v1930835","24.2.3","14","","","","0"
"2014-03","Toronto, Ontario","2011S0503535","Absorptions","Total units","Units","300","units","0","v1930492","24.1.1","883","","","","0"
"2014-03","Toronto, Ontario","2011S0503535","Absorptions","Single detached units","Units","300","units","0","v1930521","24.1.2","738","","","","0"
"2014-03","Toronto, Ontario","2011S0503535","Absorptions","Semi-detached units","Units","300","units","0","v1930550","24.1.3","145","","","","0"
"2014-03","Toronto, Ontario","2011S0503535","Unabsorbed inventory","Total units","Units","300","units","0","v1930777","24.2.1","217","","","","0"
"2014-03","Toronto, Ontario","2011S0503535","Unabsorbed inventory","Single detached units","Units","300","units","0","v1930806","24.2.2","200","","","","0"
"2014-03","Toronto, Ontario","2011S0503535","Unabsorbed inventory","Semi-detached units","Units","300","units","0","v1930835","24.2.3","17","","","","0"
"2014-04","Toronto, Ontario","2011S0503535","Absorptions","Total units","Units","300","units","0","v1930492","24.1.1","916","","","","0"
"2014-04","Toronto, Ontario","2011S0503535","Absorptions","Single detached units","Units","300","units","0","v1930521","24.1.2","706","","","","0"
"2014-04","Toronto, Ontario","2011S0503535","Absorptions","Semi-detached units","Units","300","units","0","v1930550","24.1.3","210","","","","0"
"2014-04","Toronto, Ontario","2011S0503535","Unabsorbed inventory","Total units","Units","300","units","0","v1930777","24.2.1","206","","","","0"
"2014-04","Toronto, Ontario","2011S0503535","Unabsorbed inventory","Single detached units","Units","300","units","0","v1930806","24.2.2","189","","","","0"
"2014-04","Toronto, Ontario","2011S0503535","Unabsorbed inventory","Semi-detached units","Units","300","units","0","v1930835","24.2.3","17","","","","0"
"2014-05","Toronto, Ontario","2011S0503535","Absorptions","Total units","Units","300","units","0","v1930492","24.1.1","1069","","","","0"
"2014-05","Toronto, Ontario","2011S0503535","Absorptions","Single detached units","Units","300","units","0","v1930521","24.1.2","821","","","","0"
"2014-05","Toronto, Ontario","2011S0503535","Absorptions","Semi-detached units","Units","300","units","0","v1930550","24.1.3","248","","","","0"
"2014-05","Toronto, Ontario","2011S0503535","Unabsorbed inventory","Total units","Units","300","units","0","v1930777","24.2.1","205","","","","0"
"2014-05","Toronto, Ontario","2011S0503535","Unabsorbed inventory","Single detached units","Units","300","units","0","v1930806","24.2.2","186","","","","0"
"2014-05","Toronto, Ontario","2011S0503535","Unabsorbed inventory","Semi-detached units","Units","300","units","0","v1930835","24.2.3","19","","","","0"
"2014-06","Toronto, Ontario","2011S0503535","Absorptions","Total units","Units","300","units","0","v1930492","24.1.1","1062","","","","0"
"2014-06","Toronto, Ontario","2011S0503535","Absorptions","Single detached units","Units","300","units","0","v1930521","24.1.2","904","","","","0"
"2014-06","Toronto, Ontario","2011S0503535","Absorptions","Semi-detached units","Units","300","units","0","v1930550","24.1.3","158","","","","0"
"2014-06","Toronto, Ontario","2011S0503535","Unabsorbed inventory","Total units","Units","300","units","0","v1930777","24.2.1","217","","","","0"
"2014-06","Toronto, Ontario","2011S0503535","Unabsorbed inventory","Single detached units","Units","300","units","0","v1930806","24.2.2","198","","","","0"
"2014-06","Toronto, Ontario","2011S0503535","Unabsorbed inventory","Semi-detached units","Units","300","units","0","v1930835","24.2.3","19","","","","0"
"2014-07","Toronto, Ontario","2011S0503535","Absorptions","Total units","Units","300","units","0","v1930492","24.1.1","870","","","","0"
"2014-07","Toronto, Ontario","2011S0503535","Absorptions","Single detached units","Units","300","units","0","v1930521","24.1.2","724","","","","0"
"2014-07","Toronto, Ontario","2011S0503535","Absorptions","Semi-detached units","Units","300","units","0","v1930550","24.1.3","146","","","","0"
"2014-07","Toronto, Ontario","2011S0503535","Unabsorbed inventory","Total units","Units","300","units","0","v1930777","24.2.1","256","","","","0"
"2014-07","Toronto, Ontario","2011S0503535","Unabsorbed inventory","Single detached units","Units","300","units","0","v1930806","24.2.2","235","","","","0"
"2014-07","Toronto, Ontario","2011S0503535","Unabsorbed inventory","Semi-detached units","Units","300","units","0","v1930835","24.2.3","21","","","","0"
"2014-08","Toronto, Ontario","2011S0503535","Absorptions","Total units","Units","300","units","0","v1930492","24.1.1","859","","","","0"
"2014-08","Toronto, Ontario","2011S0503535","Absorptions","Single detached units","Units","300","units","0","v1930521","24.1.2","728","","","","0"
"2014-08","Toronto, Ontario","2011S0503535","Absorptions","Semi-detached units","Units","300","units","0","v1930550","24.1.3","131","","","","0"
"2014-08","Toronto, Ontario","2011S0503535","Unabsorbed inventory","Total units","Units","300","units","0","v1930777","24.2.1","239","","","","0"
"2014-08","Toronto, Ontario","2011S0503535","Unabsorbed inventory","Single detached units","Units","300","units","0","v1930806","24.2.2","223","","","","0"
"2014-08","Toronto, Ontario","2011S0503535","Unabsorbed inventory","Semi-detached units","Units","300","units","0","v1930835","24.2.3","16","","","","0"
"2014-09","Toronto, Ontario","2011S0503535","Absorptions","Total units","Units","300","units","0","v1930492","24.1.1","1052","","","","0"
"2014-09","Toronto, Ontario","2011S0503535","Absorptions","Single detached units","Units","300","units","0","v1930521","24.1.2","928","","","","0"
"2014-09","Toronto, Ontario","2011S0503535","Absorptions","Semi-detached units","Units","300","units","0","v1930550","24.1.3","124","","","","0"
"2014-09","Toronto, Ontario","2011S0503535","Unabsorbed inventory","Total units","Units","300","units","0","v1930777","24.2.1","242","","","","0"
"2014-09","Toronto, Ontario","2011S0503535","Unabsorbed inventory","Single detached units","Units","300","units","0","v1930806","24.2.2","224","","","","0"
"2014-09","Toronto, Ontario","2011S0503535","Unabsorbed inventory","Semi-detached units","Units","300","units","0","v1930835","24.2.3","18","","","","0"
"2014-10","Toronto, Ontario","2011S0503535","Absorptions","Total units","Units","300","units","0","v1930492","24.1.1","1031","","","","0"
"2014-10","Toronto, Ontario","2011S0503535","Absorptions","Single detached units","Units","300","units","0","v1930521","24.1.2","828","","","","0"
"2014-10","Toronto, Ontario","2011S0503535","Absorptions","Semi-detached units","Units","300","units","0","v1930550","24.1.3","203","","","","0"
"2014-10","Toronto, Ontario","2011S0503535","Unabsorbed inventory","Total units","Units","300","units","0","v1930777","24.2.1","243","","","","0"
"2014-10","Toronto, Ontario","2011S0503535","Unabsorbed inventory","Single detached units","Units","300","units","0","v1930806","24.2.2","224","","","","0"
"2014-10","Toronto, Ontario","2011S0503535","Unabsorbed inventory","Semi-detached units","Units","300","units","0","v1930835","24.2.3","19","","","","0"
"2014-11","Toronto, Ontario","2011S0503535","Absorptions","Total units","Units","300","units","0","v1930492","24.1.1","1075","","","","0"
"2014-11","Toronto, Ontario","2011S0503535","Absorptions","Single detached units","Units","300","units","0","v1930521","24.1.2","871","","","","0"
"2014-11","Toronto, Ontario","2011S0503535","Absorptions","Semi-detached units","Units","300","units","0","v1930550","24.1.3","204","","","","0"
"2014-11","Toronto, Ontario","2011S0503535","Unabsorbed inventory","Total units","Units","300","units","0","v1930777","24.2.1","250","","","","0"
"2014-11","Toronto, Ontario","2011S0503535","Unabsorbed inventory","Single detached units","Units","300","units","0","v1930806","24.2.2","229","","","","0"
"2014-11","Toronto, Ontario","2011S0503535","Unabsorbed inventory","Semi-detached units","Units","300","units","0","v1930835","24.2.3","21","","","","0"
"2014-12","Toronto, Ontario","2011S0503535","Absorptions","Total units","Units","300","units","0","v1930492","24.1.1","842","","","","0"
"2014-12","Toronto, Ontario","2011S0503535","Absorptions","Single detached units","Units","300","units","0","v1930521","24.1.2","724","","","","0"
"2014-12","Toronto, Ontario","2011S0503535","Absorptions","Semi-detached units","Units","300","units","0","v1930550","24.1.3","118","","","","0"
"2014-12","Toronto, Ontario","2011S0503535","Unabsorbed inventory","Total units","Units","300","units","0","v1930777","24.2.1","243","","","","0"
"2014-12","Toronto, Ontario","2011S0503535","Unabsorbed inventory","Single detached units","Units","300","units","0","v1930806","24.2.2","216","","","","0"
"2014-12","Toronto, Ontario","2011S0503535","Unabsorbed inventory","Semi-detached units","Units","300","units","0","v1930835","24.2.3","27","","","","0"
"2015-01","Toronto, Ontario","2011S0503535","Absorptions","Total units","Units","300","units","0","v1930492","24.1.1","1073","","","","0"
"2015-01","Toronto, Ontario","2011S0503535","Absorptions","Single detached units","Units","300","units","0","v1930521","24.1.2","893","","","","0"
"2015-01","Toronto, Ontario","2011S0503535","Absorptions","Semi-detached units","Units","300","units","0","v1930550","24.1.3","180","","","","0"
"2015-01","Toronto, Ontario","2011S0503535","Unabsorbed inventory","Total units","Units","300","units","0","v1930777","24.2.1","254","","","","0"
"2015-01","Toronto, Ontario","2011S0503535","Unabsorbed inventory","Single detached units","Units","300","units","0","v1930806","24.2.2","227","","","","0"
"2015-01","Toronto, Ontario","2011S0503535","Unabsorbed inventory","Semi-detached units","Units","300","units","0","v1930835","24.2.3","27","","","","0"
"2015-02","Toronto, Ontario","2011S0503535","Absorptions","Total units","Units","300","units","0","v1930492","24.1.1","911","","","","0"
"2015-02","Toronto, Ontario","2011S0503535","Absorptions","Single detached units","Units","300","units","0","v1930521","24.1.2","759","","","","0"
"2015-02","Toronto, Ontario","2011S0503535","Absorptions","Semi-detached units","Units","300","units","0","v1930550","24.1.3","152","","","","0"
"2015-02","Toronto, Ontario","2011S0503535","Unabsorbed inventory","Total units","Units","300","units","0","v1930777","24.2.1","249","","","","0"
"2015-02","Toronto, Ontario","2011S0503535","Unabsorbed inventory","Single detached units","Units","300","units","0","v1930806","24.2.2","224","","","","0"
"2015-02","Toronto, Ontario","2011S0503535","Unabsorbed inventory","Semi-detached units","Units","300","units","0","v1930835","24.2.3","25","","","","0"
"2015-03","Toronto, Ontario","2011S0503535","Absorptions","Total units","Units","300","units","0","v1930492","24.1.1","720","","","","0"
"2015-03","Toronto, Ontario","2011S0503535","Absorptions","Single detached units","Units","300","units","0","v1930521","24.1.2","621","","","","0"
"2015-03","Toronto, Ontario","2011S0503535","Absorptions","Semi-detached units","Units","300","units","0","v1930550","24.1.3","99","","","","0"
"2015-03","Toronto, Ontario","2011S0503535","Unabsorbed inventory","Total units","Units","300","units","0","v1930777","24.2.1","234","","","","0"
"2015-03","Toronto, Ontario","2011S0503535","Unabsorbed inventory","Single detached units","Units","300","units","0","v1930806","24.2.2","214","","","","0"
"2015-03","Toronto, Ontario","2011S0503535","Unabsorbed inventory","Semi-detached units","Units","300","units","0","v1930835","24.2.3","20","","","","0"
"2015-04","Toronto, Ontario","2011S0503535","Absorptions","Total units","Units","300","units","0","v1930492","24.1.1","717","","","","0"
"2015-04","Toronto, Ontario","2011S0503535","Absorptions","Single detached units","Units","300","units","0","v1930521","24.1.2","621","","","","0"
"2015-04","Toronto, Ontario","2011S0503535","Absorptions","Semi-detached units","Units","300","units","0","v1930550","24.1.3","96","","","","0"
"2015-04","Toronto, Ontario","2011S0503535","Unabsorbed inventory","Total units","Units","300","units","0","v1930777","24.2.1","253","","","","0"
"2015-04","Toronto, Ontario","2011S0503535","Unabsorbed inventory","Single detached units","Units","300","units","0","v1930806","24.2.2","235","","","","0"
"2015-04","Toronto, Ontario","2011S0503535","Unabsorbed inventory","Semi-detached units","Units","300","units","0","v1930835","24.2.3","18","","","","0"
"2015-05","Toronto, Ontario","2011S0503535","Absorptions","Total units","Units","300","units","0","v1930492","24.1.1","744","","","","0"
"2015-05","Toronto, Ontario","2011S0503535","Absorptions","Single detached units","Units","300","units","0","v1930521","24.1.2","564","","","","0"
"2015-05","Toronto, Ontario","2011S0503535","Absorptions","Semi-detached units","Units","300","units","0","v1930550","24.1.3","180","","","","0"
"2015-05","Toronto, Ontario","2011S0503535","Unabsorbed inventory","Total units","Units","300","units","0","v1930777","24.2.1","241","","","","0"
"2015-05","Toronto, Ontario","2011S0503535","Unabsorbed inventory","Single detached units","Units","300","units","0","v1930806","24.2.2","227","","","","0"
"2015-05","Toronto, Ontario","2011S0503535","Unabsorbed inventory","Semi-detached units","Units","300","units","0","v1930835","24.2.3","14","","","","0"
"2015-06","Toronto, Ontario","2011S0503535","Absorptions","Total units","Units","300","units","0","v1930492","24.1.1","503","","","","0"
"2015-06","Toronto, Ontario","2011S0503535","Absorptions","Single detached units","Units","300","units","0","v1930521","24.1.2","406","","","","0"
"2015-06","Toronto, Ontario","2011S0503535","Absorptions","Semi-detached units","Units","300","units","0","v1930550","24.1.3","97","","","","0"
"2015-06","Toronto, Ontario","2011S0503535","Unabsorbed inventory","Total units","Units","300","units","0","v1930777","24.2.1","243","","","","0"
"2015-06","Toronto, Ontario","2011S0503535","Unabsorbed inventory","Single detached units","Units","300","units","0","v1930806","24.2.2","230","","","","0"
"2015-06","Toronto, Ontario","2011S0503535","Unabsorbed inventory","Semi-detached units","Units","300","units","0","v1930835","24.2.3","13","","","","0"
"2015-07","Toronto, Ontario","2011S0503535","Absorptions","Total units","Units","300","units","0","v1930492","24.1.1","725","","","","0"
"2015-07","Toronto, Ontario","2011S0503535","Absorptions","Single detached units","Units","300","units","0","v1930521","24.1.2","649","","","","0"
"2015-07","Toronto, Ontario","2011S0503535","Absorptions","Semi-detached units","Units","300","units","0","v1930550","24.1.3","76","","","","0"
"2015-07","Toronto, Ontario","2011S0503535","Unabsorbed inventory","Total units","Units","300","units","0","v1930777","24.2.1","227","","","","0"
"2015-07","Toronto, Ontario","2011S0503535","Unabsorbed inventory","Single detached units","Units","300","units","0","v1930806","24.2.2","214","","","","0"
"2015-07","Toronto, Ontario","2011S0503535","Unabsorbed inventory","Semi-detached units","Units","300","units","0","v1930835","24.2.3","13","","","","0"
"2015-08","Toronto, Ontario","2011S0503535","Absorptions","Total units","Units","300","units","0","v1930492","24.1.1","646","","","","0"
"2015-08","Toronto, Ontario","2011S0503535","Absorptions","Single detached units","Units","300","units","0","v1930521","24.1.2","578","","","","0"
"2015-08","Toronto, Ontario","2011S0503535","Absorptions","Semi-detached units","Units","300","units","0","v1930550","24.1.3","68","","","","0"
"2015-08","Toronto, Ontario","2011S0503535","Unabsorbed inventory","Total units","Units","300","units","0","v1930777","24.2.1","235","","","","0"
"2015-08","Toronto, Ontario","2011S0503535","Unabsorbed inventory","Single detached units","Units","300","units","0","v1930806","24.2.2","220","","","","0"
"2015-08","Toronto, Ontario","2011S0503535","Unabsorbed inventory","Semi-detached units","Units","300","units","0","v1930835","24.2.3","15","","","","0"
"2015-09","Toronto, Ontario","2011S0503535","Absorptions","Total units","Units","300","units","0","v1930492","24.1.1","570","","","","0"
"2015-09","Toronto, Ontario","2011S0503535","Absorptions","Single detached units","Units","300","units","0","v1930521","24.1.2","502","","","","0"
"2015-09","Toronto, Ontario","2011S0503535","Absorptions","Semi-detached units","Units","300","units","0","v1930550","24.1.3","68","","","","0"
"2015-09","Toronto, Ontario","2011S0503535","Unabsorbed inventory","Total units","Units","300","units","0","v1930777","24.2.1","258","","","","0"
"2015-09","Toronto, Ontario","2011S0503535","Unabsorbed inventory","Single detached units","Units","300","units","0","v1930806","24.2.2","242","","","","0"
"2015-09","Toronto, Ontario","2011S0503535","Unabsorbed inventory","Semi-detached units","Units","300","units","0","v1930835","24.2.3","16","","","","0"
"2015-10","Toronto, Ontario","2011S0503535","Absorptions","Total units","Units","300","units","0","v1930492","24.1.1","716","","","","0"
"2015-10","Toronto, Ontario","2011S0503535","Absorptions","Single detached units","Units","300","units","0","v1930521","24.1.2","640","","","","0"
"2015-10","Toronto, Ontario","2011S0503535","Absorptions","Semi-detached units","Units","300","units","0","v1930550","24.1.3","76","","","","0"
"2015-10","Toronto, Ontario","2011S0503535","Unabsorbed inventory","Total units","Units","300","units","0","v1930777","24.2.1","270","","","","0"
"2015-10","Toronto, Ontario","2011S0503535","Unabsorbed inventory","Single detached units","Units","300","units","0","v1930806","24.2.2","250","","","","0"
"2015-10","Toronto, Ontario","2011S0503535","Unabsorbed inventory","Semi-detached units","Units","300","units","0","v1930835","24.2.3","20","","","","0"
"2015-11","Toronto, Ontario","2011S0503535","Absorptions","Total units","Units","300","units","0","v1930492","24.1.1","743","","","","0"
"2015-11","Toronto, Ontario","2011S0503535","Absorptions","Single detached units","Units","300","units","0","v1930521","24.1.2","679","","","","0"
"2015-11","Toronto, Ontario","2011S0503535","Absorptions","Semi-detached units","Units","300","units","0","v1930550","24.1.3","64","","","","0"
"2015-11","Toronto, Ontario","2011S0503535","Unabsorbed inventory","Total units","Units","300","units","0","v1930777","24.2.1","297","","","","0"
"2015-11","Toronto, Ontario","2011S0503535","Unabsorbed inventory","Single detached units","Units","300","units","0","v1930806","24.2.2","277","","","","0"
"2015-11","Toronto, Ontario","2011S0503535","Unabsorbed inventory","Semi-detached units","Units","300","units","0","v1930835","24.2.3","20","","","","0"
"2015-12","Toronto, Ontario","2011S0503535","Absorptions","Total units","Units","300","units","0","v1930492","24.1.1","685","","","","0"
"2015-12","Toronto, Ontario","2011S0503535","Absorptions","Single detached units","Units","300","units","0","v1930521","24.1.2","653","","","","0"
"2015-12","Toronto, Ontario","2011S0503535","Absorptions","Semi-detached units","Units","300","units","0","v1930550","24.1.3","32","","","","0"
"2015-12","Toronto, Ontario","2011S0503535","Unabsorbed inventory","Total units","Units","300","units","0","v1930777","24.2.1","298","","","","0"
"2015-12","Toronto, Ontario","2011S0503535","Unabsorbed inventory","Single detached units","Units","300","units","0","v1930806","24.2.2","280","","","","0"
"2015-12","Toronto, Ontario","2011S0503535","Unabsorbed inventory","Semi-detached units","Units","300","units","0","v1930835","24.2.3","18","","","","0"
"2016-01","Toronto, Ontario","2011S0503535","Absorptions","Total units","Units","300","units","0","v1930492","24.1.1","1083","","","","0"
"2016-01","Toronto, Ontario","2011S0503535","Absorptions","Single detached units","Units","300","units","0","v1930521","24.1.2","977","","","","0"
"2016-01","Toronto, Ontario","2011S0503535","Absorptions","Semi-detached units","Units","300","units","0","v1930550","24.1.3","106","","","","0"
"2016-01","Toronto, Ontario","2011S0503535","Unabsorbed inventory","Total units","Units","300","units","0","v1930777","24.2.1","287","","","","0"
"2016-01","Toronto, Ontario","2011S0503535","Unabsorbed inventory","Single detached units","Units","300","units","0","v1930806","24.2.2","269","","","","0"
"2016-01","Toronto, Ontario","2011S0503535","Unabsorbed inventory","Semi-detached units","Units","300","units","0","v1930835","24.2.3","18","","","","0"
"2016-02","Toronto, Ontario","2011S0503535","Absorptions","Total units","Units","300","units","0","v1930492","24.1.1","756","","","","0"
"2016-02","Toronto, Ontario","2011S0503535","Absorptions","Single detached units","Units","300","units","0","v1930521","24.1.2","663","","","","0"
"2016-02","Toronto, Ontario","2011S0503535","Absorptions","Semi-detached units","Units","300","units","0","v1930550","24.1.3","93","","","","0"
"2016-02","Toronto, Ontario","2011S0503535","Unabsorbed inventory","Total units","Units","300","units","0","v1930777","24.2.1","296","","","","0"
"2016-02","Toronto, Ontario","2011S0503535","Unabsorbed inventory","Single detached units","Units","300","units","0","v1930806","24.2.2","277","","","","0"
"2016-02","Toronto, Ontario","2011S0503535","Unabsorbed inventory","Semi-detached units","Units","300","units","0","v1930835","24.2.3","19","","","","0"
"2016-03","Toronto, Ontario","2011S0503535","Absorptions","Total units","Units","300","units","0","v1930492","24.1.1","902","","","","0"
"2016-03","Toronto, Ontario","2011S0503535","Absorptions","Single detached units","Units","300","units","0","v1930521","24.1.2","810","","","","0"
"2016-03","Toronto, Ontario","2011S0503535","Absorptions","Semi-detached units","Units","300","units","0","v1930550","24.1.3","92","","","","0"
"2016-03","Toronto, Ontario","2011S0503535","Unabsorbed inventory","Total units","Units","300","units","0","v1930777","24.2.1","286","","","","0"
"2016-03","Toronto, Ontario","2011S0503535","Unabsorbed inventory","Single detached units","Units","300","units","0","v1930806","24.2.2","261","","","","0"
"2016-03","Toronto, Ontario","2011S0503535","Unabsorbed inventory","Semi-detached units","Units","300","units","0","v1930835","24.2.3","25","","","","0"
"2016-04","Toronto, Ontario","2011S0503535","Absorptions","Total units","Units","300","units","0","v1930492","24.1.1","986","","","","0"
"2016-04","Toronto, Ontario","2011S0503535","Absorptions","Single detached units","Units","300","units","0","v1930521","24.1.2","868","","","","0"
"2016-04","Toronto, Ontario","2011S0503535","Absorptions","Semi-detached units","Units","300","units","0","v1930550","24.1.3","118","","","","0"
"2016-04","Toronto, Ontario","2011S0503535","Unabsorbed inventory","Total units","Units","300","units","0","v1930777","24.2.1","259","","","","0"
"2016-04","Toronto, Ontario","2011S0503535","Unabsorbed inventory","Single detached units","Units","300","units","0","v1930806","24.2.2","238","","","","0"
"2016-04","Toronto, Ontario","2011S0503535","Unabsorbed inventory","Semi-detached units","Units","300","units","0","v1930835","24.2.3","21","","","","0"
"2016-05","Toronto, Ontario","2011S0503535","Absorptions","Total units","Units","300","units","0","v1930492","24.1.1","888","","","","0"
"2016-05","Toronto, Ontario","2011S0503535","Absorptions","Single detached units","Units","300","units","0","v1930521","24.1.2","798","","","","0"
"2016-05","Toronto, Ontario","2011S0503535","Absorptions","Semi-detached units","Units","300","units","0","v1930550","24.1.3","90","","","","0"
"2016-05","Toronto, Ontario","2011S0503535","Unabsorbed inventory","Total units","Units","300","units","0","v1930777","24.2.1","256","","","","0"
"2016-05","Toronto, Ontario","2011S0503535","Unabsorbed inventory","Single detached units","Units","300","units","0","v1930806","24.2.2","235","","","","0"
"2016-05","Toronto, Ontario","2011S0503535","Unabsorbed inventory","Semi-detached units","Units","300","units","0","v1930835","24.2.3","21","","","","0"
"2016-06","Toronto, Ontario","2011S0503535","Absorptions","Total units","Units","300","units","0","v1930492","24.1.1","850","","","","0"
"2016-06","Toronto, Ontario","2011S0503535","Absorptions","Single detached units","Units","300","units","0","v1930521","24.1.2","784","","","","0"
"2016-06","Toronto, Ontario","2011S0503535","Absorptions","Semi-detached units","Units","300","units","0","v1930550","24.1.3","66","","","","0"
"2016-06","Toronto, Ontario","2011S0503535","Unabsorbed inventory","Total units","Units","300","units","0","v1930777","24.2.1","270","","","","0"
"2016-06","Toronto, Ontario","2011S0503535","Unabsorbed inventory","Single detached units","Units","300","units","0","v1930806","24.2.2","249","","","","0"
"2016-06","Toronto, Ontario","2011S0503535","Unabsorbed inventory","Semi-detached units","Units","300","units","0","v1930835","24.2.3","21","","","","0"
"2016-07","Toronto, Ontario","2011S0503535","Absorptions","Total units","Units","300","units","0","v1930492","24.1.1","690","","","","0"
"2016-07","Toronto, Ontario","2011S0503535","Absorptions","Single detached units","Units","300","units","0","v1930521","24.1.2","664","","","","0"
"2016-07","Toronto, Ontario","2011S0503535","Absorptions","Semi-detached units","Units","300","units","0","v1930550","24.1.3","26","","","","0"
"2016-07","Toronto, Ontario","2011S0503535","Unabsorbed inventory","Total units","Units","300","units","0","v1930777","24.2.1","271","","","","0"
"2016-07","Toronto, Ontario","2011S0503535","Unabsorbed inventory","Single detached units","Units","300","units","0","v1930806","24.2.2","248","","","","0"
"2016-07","Toronto, Ontario","2011S0503535","Unabsorbed inventory","Semi-detached units","Units","300","units","0","v1930835","24.2.3","23","","","","0"
"2016-08","Toronto, Ontario","2011S0503535","Absorptions","Total units","Units","300","units","0","v1930492","24.1.1","720","","","","0"
"2016-08","Toronto, Ontario","2011S0503535","Absorptions","Single detached units","Units","300","units","0","v1930521","24.1.2","662","","","","0"
"2016-08","Toronto, Ontario","2011S0503535","Absorptions","Semi-detached units","Units","300","units","0","v1930550","24.1.3","58","","","","0"
"2016-08","Toronto, Ontario","2011S0503535","Unabsorbed inventory","Total units","Units","300","units","0","v1930777","24.2.1","257","","","","0"
"2016-08","Toronto, Ontario","2011S0503535","Unabsorbed inventory","Single detached units","Units","300","units","0","v1930806","24.2.2","236","","","","0"
"2016-08","Toronto, Ontario","2011S0503535","Unabsorbed inventory","Semi-detached units","Units","300","units","0","v1930835","24.2.3","21","","","","0"
"2016-09","Toronto, Ontario","2011S0503535","Absorptions","Total units","Units","300","units","0","v1930492","24.1.1","693","","","","0"
"2016-09","Toronto, Ontario","2011S0503535","Absorptions","Single detached units","Units","300","units","0","v1930521","24.1.2","631","","","","0"
"2016-09","Toronto, Ontario","2011S0503535","Absorptions","Semi-detached units","Units","300","units","0","v1930550","24.1.3","62","","","","0"
"2016-09","Toronto, Ontario","2011S0503535","Unabsorbed inventory","Total units","Units","300","units","0","v1930777","24.2.1","269","","","","0"
"2016-09","Toronto, Ontario","2011S0503535","Unabsorbed inventory","Single detached units","Units","300","units","0","v1930806","24.2.2","248","","","","0"
"2016-09","Toronto, Ontario","2011S0503535","Unabsorbed inventory","Semi-detached units","Units","300","units","0","v1930835","24.2.3","21","","","","0"
"2016-10","Toronto, Ontario","2011S0503535","Absorptions","Total units","Units","300","units","0","v1930492","24.1.1","935","","","","0"
"2016-10","Toronto, Ontario","2011S0503535","Absorptions","Single detached units","Units","300","units","0","v1930521","24.1.2","793","","","","0"
"2016-10","Toronto, Ontario","2011S0503535","Absorptions","Semi-detached units","Units","300","units","0","v1930550","24.1.3","142","","","","0"
"2016-10","Toronto, Ontario","2011S0503535","Unabsorbed inventory","Total units","Units","300","units","0","v1930777","24.2.1","265","","","","0"
"2016-10","Toronto, Ontario","2011S0503535","Unabsorbed inventory","Single detached units","Units","300","units","0","v1930806","24.2.2","246","","","","0"
"2016-10","Toronto, Ontario","2011S0503535","Unabsorbed inventory","Semi-detached units","Units","300","units","0","v1930835","24.2.3","19","","","","0"
"2016-11","Toronto, Ontario","2011S0503535","Absorptions","Total units","Units","300","units","0","v1930492","24.1.1","842","","","","0"
"2016-11","Toronto, Ontario","2011S0503535","Absorptions","Single detached units","Units","300","units","0","v1930521","24.1.2","772","","","","0"
"2016-11","Toronto, Ontario","2011S0503535","Absorptions","Semi-detached units","Units","300","units","0","v1930550","24.1.3","70","","","","0"
"2016-11","Toronto, Ontario","2011S0503535","Unabsorbed inventory","Total units","Units","300","units","0","v1930777","24.2.1","254","","","","0"
"2016-11","Toronto, Ontario","2011S0503535","Unabsorbed inventory","Single detached units","Units","300","units","0","v1930806","24.2.2","231","","","","0"
"2016-11","Toronto, Ontario","2011S0503535","Unabsorbed inventory","Semi-detached units","Units","300","units","0","v1930835","24.2.3","23","","","","0"
"2016-12","Toronto, Ontario","2011S0503535","Absorptions","Total units","Units","300","units","0","v1930492","24.1.1","971","","","","0"
"2016-12","Toronto, Ontario","2011S0503535","Absorptions","Single detached units","Units","300","units","0","v1930521","24.1.2","899","","","","0"
"2016-12","Toronto, Ontario","2011S0503535","Absorptions","Semi-detached units","Units","300","units","0","v1930550","24.1.3","72","","","","0"
"2016-12","Toronto, Ontario","2011S0503535","Unabsorbed inventory","Total units","Units","300","units","0","v1930777","24.2.1","301","","","","0"
"2016-12","Toronto, Ontario","2011S0503535","Unabsorbed inventory","Single detached units","Units","300","units","0","v1930806","24.2.2","280","","","","0"
"2016-12","Toronto, Ontario","2011S0503535","Unabsorbed inventory","Semi-detached units","Units","300","units","0","v1930835","24.2.3","21","","","","0"
"2017-01","Toronto, Ontario","2011S0503535","Absorptions","Total units","Units","300","units","0","v1930492","24.1.1","1172","","","","0"
"2017-01","Toronto, Ontario","2011S0503535","Absorptions","Single detached units","Units","300","units","0","v1930521","24.1.2","1018","","","","0"
"2017-01","Toronto, Ontario","2011S0503535","Absorptions","Semi-detached units","Units","300","units","0","v1930550","24.1.3","154","","","","0"
"2017-01","Toronto, Ontario","2011S0503535","Unabsorbed inventory","Total units","Units","300","units","0","v1930777","24.2.1","322","","","","0"
"2017-01","Toronto, Ontario","2011S0503535","Unabsorbed inventory","Single detached units","Units","300","units","0","v1930806","24.2.2","299","","","","0"
"2017-01","Toronto, Ontario","2011S0503535","Unabsorbed inventory","Semi-detached units","Units","300","units","0","v1930835","24.2.3","23","","","","0"
"2017-02","Toronto, Ontario","2011S0503535","Absorptions","Total units","Units","300","units","0","v1930492","24.1.1","1124","","","","0"
"2017-02","Toronto, Ontario","2011S0503535","Absorptions","Single detached units","Units","300","units","0","v1930521","24.1.2","1000","","","","0"
"2017-02","Toronto, Ontario","2011S0503535","Absorptions","Semi-detached units","Units","300","units","0","v1930550","24.1.3","124","","","","0"
"2017-02","Toronto, Ontario","2011S0503535","Unabsorbed inventory","Total units","Units","300","units","0","v1930777","24.2.1","327","","","","0"
"2017-02","Toronto, Ontario","2011S0503535","Unabsorbed inventory","Single detached units","Units","300","units","0","v1930806","24.2.2","306","","","","0"
"2017-02","Toronto, Ontario","2011S0503535","Unabsorbed inventory","Semi-detached units","Units","300","units","0","v1930835","24.2.3","21","","","","0"
"2017-03","Toronto, Ontario","2011S0503535","Absorptions","Total units","Units","300","units","0","v1930492","24.1.1","1089","","","","0"
"2017-03","Toronto, Ontario","2011S0503535","Absorptions","Single detached units","Units","300","units","0","v1930521","24.1.2","1001","","","","0"
"2017-03","Toronto, Ontario","2011S0503535","Absorptions","Semi-detached units","Units","300","units","0","v1930550","24.1.3","88","","","","0"
"2017-03","Toronto, Ontario","2011S0503535","Unabsorbed inventory","Total units","Units","300","units","0","v1930777","24.2.1","321","","","","0"
"2017-03","Toronto, Ontario","2011S0503535","Unabsorbed inventory","Single detached units","Units","300","units","0","v1930806","24.2.2","300","","","","0"
"2017-03","Toronto, Ontario","2011S0503535","Unabsorbed inventory","Semi-detached units","Units","300","units","0","v1930835","24.2.3","21","","","","0"
"2017-04","Toronto, Ontario","2011S0503535","Absorptions","Total units","Units","300","units","0","v1930492","24.1.1","1018","","","","0"
"2017-04","Toronto, Ontario","2011S0503535","Absorptions","Single detached units","Units","300","units","0","v1930521","24.1.2","955","","","","0"
"2017-04","Toronto, Ontario","2011S0503535","Absorptions","Semi-detached units","Units","300","units","0","v1930550","24.1.3","63","","","","0"
"2017-04","Toronto, Ontario","2011S0503535","Unabsorbed inventory","Total units","Units","300","units","0","v1930777","24.2.1","331","","","","0"
"2017-04","Toronto, Ontario","2011S0503535","Unabsorbed inventory","Single detached units","Units","300","units","0","v1930806","24.2.2","311","","","","0"
"2017-04","Toronto, Ontario","2011S0503535","Unabsorbed inventory","Semi-detached units","Units","300","units","0","v1930835","24.2.3","20","","","","0"
"2017-05","Toronto, Ontario","2011S0503535","Absorptions","Total units","Units","300","units","0","v1930492","24.1.1","888","","","","0"
"2017-05","Toronto, Ontario","2011S0503535","Absorptions","Single detached units","Units","300","units","0","v1930521","24.1.2","851","","","","0"
"2017-05","Toronto, Ontario","2011S0503535","Absorptions","Semi-detached units","Units","300","units","0","v1930550","24.1.3","37","","","","0"
"2017-05","Toronto, Ontario","2011S0503535","Unabsorbed inventory","Total units","Units","300","units","0","v1930777","24.2.1","318","","","","0"
"2017-05","Toronto, Ontario","2011S0503535","Unabsorbed inventory","Single detached units","Units","300","units","0","v1930806","24.2.2","297","","","","0"
"2017-05","Toronto, Ontario","2011S0503535","Unabsorbed inventory","Semi-detached units","Units","300","units","0","v1930835","24.2.3","21","","","","0"
"2017-06","Toronto, Ontario","2011S0503535","Absorptions","Total units","Units","300","units","0","v1930492","24.1.1","1209","","","","0"
"2017-06","Toronto, Ontario","2011S0503535","Absorptions","Single detached units","Units","300","units","0","v1930521","24.1.2","1163","","","","0"
"2017-06","Toronto, Ontario","2011S0503535","Absorptions","Semi-detached units","Units","300","units","0","v1930550","24.1.3","46","","","","0"
"2017-06","Toronto, Ontario","2011S0503535","Unabsorbed inventory","Total units","Units","300","units","0","v1930777","24.2.1","333","","","","0"
"2017-06","Toronto, Ontario","2011S0503535","Unabsorbed inventory","Single detached units","Units","300","units","0","v1930806","24.2.2","308","","","","0"
"2017-06","Toronto, Ontario","2011S0503535","Unabsorbed inventory","Semi-detached units","Units","300","units","0","v1930835","24.2.3","25","","","","0"
"2017-07","Toronto, Ontario","2011S0503535","Absorptions","Total units","Units","300","units","0","v1930492","24.1.1","1208","","","","0"
"2017-07","Toronto, Ontario","2011S0503535","Absorptions","Single detached units","Units","300","units","0","v1930521","24.1.2","1078","","","","0"
"2017-07","Toronto, Ontario","2011S0503535","Absorptions","Semi-detached units","Units","300","units","0","v1930550","24.1.3","130","","","","0"
"2017-07","Toronto, Ontario","2011S0503535","Unabsorbed inventory","Total units","Units","300","units","0","v1930777","24.2.1","295","","","","0"
"2017-07","Toronto, Ontario","2011S0503535","Unabsorbed inventory","Single detached units","Units","300","units","0","v1930806","24.2.2","270","","","","0"
"2017-07","Toronto, Ontario","2011S0503535","Unabsorbed inventory","Semi-detached units","Units","300","units","0","v1930835","24.2.3","25","","","","0"
"2017-08","Toronto, Ontario","2011S0503535","Absorptions","Total units","Units","300","units","0","v1930492","24.1.1","1009","","","","0"
"2017-08","Toronto, Ontario","2011S0503535","Absorptions","Single detached units","Units","300","units","0","v1930521","24.1.2","949","","","","0"
"2017-08","Toronto, Ontario","2011S0503535","Absorptions","Semi-detached units","Units","300","units","0","v1930550","24.1.3","60","","","","0"
"2017-08","Toronto, Ontario","2011S0503535","Unabsorbed inventory","Total units","Units","300","units","0","v1930777","24.2.1","312","","","","0"
"2017-08","Toronto, Ontario","2011S0503535","Unabsorbed inventory","Single detached units","Units","300","units","0","v1930806","24.2.2","287","","","","0"
"2017-08","Toronto, Ontario","2011S0503535","Unabsorbed inventory","Semi-detached units","Units","300","units","0","v1930835","24.2.3","25","","","","0"
"2017-09","Toronto, Ontario","2011S0503535","Absorptions","Total units","Units","300","units","0","v1930492","24.1.1","1318","","","","0"
"2017-09","Toronto, Ontario","2011S0503535","Absorptions","Single detached units","Units","300","units","0","v1930521","24.1.2","1126","","","","0"
"2017-09","Toronto, Ontario","2011S0503535","Absorptions","Semi-detached units","Units","300","units","0","v1930550","24.1.3","192","","","","0"
"2017-09","Toronto, Ontario","2011S0503535","Unabsorbed inventory","Total units","Units","300","units","0","v1930777","24.2.1","349","","","","0"
"2017-09","Toronto, Ontario","2011S0503535","Unabsorbed inventory","Single detached units","Units","300","units","0","v1930806","24.2.2","324","","","","0"
"2017-09","Toronto, Ontario","2011S0503535","Unabsorbed inventory","Semi-detached units","Units","300","units","0","v1930835","24.2.3","25","","","","0"
"2017-10","Toronto, Ontario","2011S0503535","Absorptions","Total units","Units","300","units","0","v1930492","24.1.1","1092","","","","0"
"2017-10","Toronto, Ontario","2011S0503535","Absorptions","Single detached units","Units","300","units","0","v1930521","24.1.2","950","","","","0"
"2017-10","Toronto, Ontario","2011S0503535","Absorptions","Semi-detached units","Units","300","units","0","v1930550","24.1.3","142","","","","0"
"2017-10","Toronto, Ontario","2011S0503535","Unabsorbed inventory","Total units","Units","300","units","0","v1930777","24.2.1","348","","","","0"
"2017-10","Toronto, Ontario","2011S0503535","Unabsorbed inventory","Single detached units","Units","300","units","0","v1930806","24.2.2","319","","","","0"
"2017-10","Toronto, Ontario","2011S0503535","Unabsorbed inventory","Semi-detached units","Units","300","units","0","v1930835","24.2.3","29","","","","0"
"2017-11","Toronto, Ontario","2011S0503535","Absorptions","Total units","Units","300","units","0","v1930492","24.1.1","966","","","","0"
"2017-11","Toronto, Ontario","2011S0503535","Absorptions","Single detached units","Units","300","units","0","v1930521","24.1.2","886","","","","0"
"2017-11","Toronto, Ontario","2011S0503535","Absorptions","Semi-detached units","Units","300","units","0","v1930550","24.1.3","80","","","","0"
"2017-11","Toronto, Ontario","2011S0503535","Unabsorbed inventory","Total units","Units","300","units","0","v1930777","24.2.1","373","","","","0"
"2017-11","Toronto, Ontario","2011S0503535","Unabsorbed inventory","Single detached units","Units","300","units","0","v1930806","24.2.2","349","","","","0"
"2017-11","Toronto, Ontario","2011S0503535","Unabsorbed inventory","Semi-detached units","Units","300","units","0","v1930835","24.2.3","24","","","","0"
"2017-12","Toronto, Ontario","2011S0503535","Absorptions","Total units","Units","300","units","0","v1930492","24.1.1","1068","","","","0"
"2017-12","Toronto, Ontario","2011S0503535","Absorptions","Single detached units","Units","300","units","0","v1930521","24.1.2","1020","","","","0"
"2017-12","Toronto, Ontario","2011S0503535","Absorptions","Semi-detached units","Units","300","units","0","v1930550","24.1.3","48","","","","0"
"2017-12","Toronto, Ontario","2011S0503535","Unabsorbed inventory","Total units","Units","300","units","0","v1930777","24.2.1","329","","","","0"
"2017-12","Toronto, Ontario","2011S0503535","Unabsorbed inventory","Single detached units","Units","300","units","0","v1930806","24.2.2","305","","","","0"
"2017-12","Toronto, Ontario","2011S0503535","Unabsorbed inventory","Semi-detached units","Units","300","units","0","v1930835","24.2.3","24","","","","0"
"2018-01","Toronto, Ontario","2011S0503535","Absorptions","Total units","Units","300","units","0","v1930492","24.1.1","859","","","","0"
"2018-01","Toronto, Ontario","2011S0503535","Absorptions","Single detached units","Units","300","units","0","v1930521","24.1.2","724","","","","0"
"2018-01","Toronto, Ontario","2011S0503535","Absorptions","Semi-detached units","Units","300","units","0","v1930550","24.1.3","135","","","","0"
"2018-01","Toronto, Ontario","2011S0503535","Unabsorbed inventory","Total units","Units","300","units","0","v1930777","24.2.1","306","","","","0"
"2018-01","Toronto, Ontario","2011S0503535","Unabsorbed inventory","Single detached units","Units","300","units","0","v1930806","24.2.2","281","","","","0"
"2018-01","Toronto, Ontario","2011S0503535","Unabsorbed inventory","Semi-detached units","Units","300","units","0","v1930835","24.2.3","25","","","","0"
"2018-02","Toronto, Ontario","2011S0503535","Absorptions","Total units","Units","300","units","0","v1930492","24.1.1","858","","","","0"
"2018-02","Toronto, Ontario","2011S0503535","Absorptions","Single detached units","Units","300","units","0","v1930521","24.1.2","756","","","","0"
"2018-02","Toronto, Ontario","2011S0503535","Absorptions","Semi-detached units","Units","300","units","0","v1930550","24.1.3","102","","","","0"
"2018-02","Toronto, Ontario","2011S0503535","Unabsorbed inventory","Total units","Units","300","units","0","v1930777","24.2.1","281","","","","0"
"2018-02","Toronto, Ontario","2011S0503535","Unabsorbed inventory","Single detached units","Units","300","units","0","v1930806","24.2.2","256","","","","0"
"2018-02","Toronto, Ontario","2011S0503535","Unabsorbed inventory","Semi-detached units","Units","300","units","0","v1930835","24.2.3","25","","","","0"
"2018-03","Toronto, Ontario","2011S0503535","Absorptions","Total units","Units","300","units","0","v1930492","24.1.1","893","","","","0"
"2018-03","Toronto, Ontario","2011S0503535","Absorptions","Single detached units","Units","300","units","0","v1930521","24.1.2","763","","","","0"
"2018-03","Toronto, Ontario","2011S0503535","Absorptions","Semi-detached units","Units","300","units","0","v1930550","24.1.3","130","","","","0"
"2018-03","Toronto, Ontario","2011S0503535","Unabsorbed inventory","Total units","Units","300","units","0","v1930777","24.2.1","276","","","","0"
"2018-03","Toronto, Ontario","2011S0503535","Unabsorbed inventory","Single detached units","Units","300","units","0","v1930806","24.2.2","257","","","","0"
"2018-03","Toronto, Ontario","2011S0503535","Unabsorbed inventory","Semi-detached units","Units","300","units","0","v1930835","24.2.3","19","","","","0"
"2018-04","Toronto, Ontario","2011S0503535","Absorptions","Total units","Units","300","units","0","v1930492","24.1.1","1009","","","","0"
"2018-04","Toronto, Ontario","2011S0503535","Absorptions","Single detached units","Units","300","units","0","v1930521","24.1.2","911","","","","0"
"2018-04","Toronto, Ontario","2011S0503535","Absorptions","Semi-detached units","Units","300","units","0","v1930550","24.1.3","98","","","","0"
"2018-04","Toronto, Ontario","2011S0503535","Unabsorbed inventory","Total units","Units","300","units","0","v1930777","24.2.1","276","","","","0"
"2018-04","Toronto, Ontario","2011S0503535","Unabsorbed inventory","Single detached units","Units","300","units","0","v1930806","24.2.2","261","","","","0"
"2018-04","Toronto, Ontario","2011S0503535","Unabsorbed inventory","Semi-detached units","Units","300","units","0","v1930835","24.2.3","15","","","","0"
"2018-05","Toronto, Ontario","2011S0503535","Absorptions","Total units","Units","300","units","0","v1930492","24.1.1","924","","","","0"
"2018-05","Toronto, Ontario","2011S0503535","Absorptions","Single detached units","Units","300","units","0","v1930521","24.1.2","830","","","","0"
"2018-05","Toronto, Ontario","2011S0503535","Absorptions","Semi-detached units","Units","300","units","0","v1930550","24.1.3","94","","","","0"
"2018-05","Toronto, Ontario","2011S0503535","Unabsorbed inventory","Total units","Units","300","units","0","v1930777","24.2.1","313","","","","0"
"2018-05","Toronto, Ontario","2011S0503535","Unabsorbed inventory","Single detached units","Units","300","units","0","v1930806","24.2.2","298","","","","0"
"2018-05","Toronto, Ontario","2011S0503535","Unabsorbed inventory","Semi-detached units","Units","300","units","0","v1930835","24.2.3","15","","","","0"
"2018-06","Toronto, Ontario","2011S0503535","Absorptions","Total units","Units","300","units","0","v1930492","24.1.1","881","","","","0"
"2018-06","Toronto, Ontario","2011S0503535","Absorptions","Single detached units","Units","300","units","0","v1930521","24.1.2","825","","","","0"
"2018-06","Toronto, Ontario","2011S0503535","Absorptions","Semi-detached units","Units","300","units","0","v1930550","24.1.3","56","","","","0"
"2018-06","Toronto, Ontario","2011S0503535","Unabsorbed inventory","Total units","Units","300","units","0","v1930777","24.2.1","257","","","","0"
"2018-06","Toronto, Ontario","2011S0503535","Unabsorbed inventory","Single detached units","Units","300","units","0","v1930806","24.2.2","244","","","","0"
"2018-06","Toronto, Ontario","2011S0503535","Unabsorbed inventory","Semi-detached units","Units","300","units","0","v1930835","24.2.3","13","","","","0"
"2018-07","Toronto, Ontario","2011S0503535","Absorptions","Total units","Units","300","units","0","v1930492","24.1.1","727","","","","0"
"2018-07","Toronto, Ontario","2011S0503535","Absorptions","Single detached units","Units","300","units","0","v1930521","24.1.2","607","","","","0"
"2018-07","Toronto, Ontario","2011S0503535","Absorptions","Semi-detached units","Units","300","units","0","v1930550","24.1.3","120","","","","0"
"2018-07","Toronto, Ontario","2011S0503535","Unabsorbed inventory","Total units","Units","300","units","0","v1930777","24.2.1","289","","","","0"
"2018-07","Toronto, Ontario","2011S0503535","Unabsorbed inventory","Single detached units","Units","300","units","0","v1930806","24.2.2","270","","","","0"
"2018-07","Toronto, Ontario","2011S0503535","Unabsorbed inventory","Semi-detached units","Units","300","units","0","v1930835","24.2.3","19","","","","0"
"2018-08","Toronto, Ontario","2011S0503535","Absorptions","Total units","Units","300","units","0","v1930492","24.1.1","884","","","","0"
"2018-08","Toronto, Ontario","2011S0503535","Absorptions","Single detached units","Units","300","units","0","v1930521","24.1.2","810","","","","0"
"2018-08","Toronto, Ontario","2011S0503535","Absorptions","Semi-detached units","Units","300","units","0","v1930550","24.1.3","74","","","","0"
"2018-08","Toronto, Ontario","2011S0503535","Unabsorbed inventory","Total units","Units","300","units","0","v1930777","24.2.1","287","","","","0"
"2018-08","Toronto, Ontario","2011S0503535","Unabsorbed inventory","Single detached units","Units","300","units","0","v1930806","24.2.2","272","","","","0"
"2018-08","Toronto, Ontario","2011S0503535","Unabsorbed inventory","Semi-detached units","Units","300","units","0","v1930835","24.2.3","15","","","","0"
"2018-09","Toronto, Ontario","2011S0503535","Absorptions","Total units","Units","300","units","0","v1930492","24.1.1","690","","","","0"
"2018-09","Toronto, Ontario","2011S0503535","Absorptions","Single detached units","Units","300","units","0","v1930521","24.1.2","585","","","","0"
"2018-09","Toronto, Ontario","2011S0503535","Absorptions","Semi-detached units","Units","300","units","0","v1930550","24.1.3","105","","","","0"
"2018-09","Toronto, Ontario","2011S0503535","Unabsorbed inventory","Total units","Units","300","units","0","v1930777","24.2.1","307","","","","0"
"2018-09","Toronto, Ontario","2011S0503535","Unabsorbed inventory","Single detached units","Units","300","units","0","v1930806","24.2.2","292","","","","0"
"2018-09","Toronto, Ontario","2011S0503535","Unabsorbed inventory","Semi-detached units","Units","300","units","0","v1930835","24.2.3","15","","","","0"
"2018-10","Toronto, Ontario","2011S0503535","Absorptions","Total units","Units","300","units","0","v1930492","24.1.1","832","","","","0"
"2018-10","Toronto, Ontario","2011S0503535","Absorptions","Single detached units","Units","300","units","0","v1930521","24.1.2","629","","","","0"
"2018-10","Toronto, Ontario","2011S0503535","Absorptions","Semi-detached units","Units","300","units","0","v1930550","24.1.3","203","","","","0"
"2018-10","Toronto, Ontario","2011S0503535","Unabsorbed inventory","Total units","Units","300","units","0","v1930777","24.2.1","304","","","","0"
"2018-10","Toronto, Ontario","2011S0503535","Unabsorbed inventory","Single detached units","Units","300","units","0","v1930806","24.2.2","288","","","","0"
"2018-10","Toronto, Ontario","2011S0503535","Unabsorbed inventory","Semi-detached units","Units","300","units","0","v1930835","24.2.3","16","","","","0"
"2018-11","Toronto, Ontario","2011S0503535","Absorptions","Total units","Units","300","units","0","v1930492","24.1.1","697","","","","0"
"2018-11","Toronto, Ontario","2011S0503535","Absorptions","Single detached units","Units","300","units","0","v1930521","24.1.2","639","","","","0"
"2018-11","Toronto, Ontario","2011S0503535","Absorptions","Semi-detached units","Units","300","units","0","v1930550","24.1.3","58","","","","0"
"2018-11","Toronto, Ontario","2011S0503535","Unabsorbed inventory","Total units","Units","300","units","0","v1930777","24.2.1","337","","","","0"
"2018-11","Toronto, Ontario","2011S0503535","Unabsorbed inventory","Single detached units","Units","300","units","0","v1930806","24.2.2","319","","","","0"
"2018-11","Toronto, Ontario","2011S0503535","Unabsorbed inventory","Semi-detached units","Units","300","units","0","v1930835","24.2.3","18","","","","0"
"2018-12","Toronto, Ontario","2011S0503535","Absorptions","Total units","Units","300","units","0","v1930492","24.1.1","878","","","","0"
"2018-12","Toronto, Ontario","2011S0503535","Absorptions","Single detached units","Units","300","units","0","v1930521","24.1.2","784","","","","0"
"2018-12","Toronto, Ontario","2011S0503535","Absorptions","Semi-detached units","Units","300","units","0","v1930550","24.1.3","94","","","","0"
"2018-12","Toronto, Ontario","2011S0503535","Unabsorbed inventory","Total units","Units","300","units","0","v1930777","24.2.1","344","","","","0"
"2018-12","Toronto, Ontario","2011S0503535","Unabsorbed inventory","Single detached units","Units","300","units","0","v1930806","24.2.2","322","","","","0"
"2018-12","Toronto, Ontario","2011S0503535","Unabsorbed inventory","Semi-detached units","Units","300","units","0","v1930835","24.2.3","22","","","","0"
"2019-01","Toronto, Ontario","2011S0503535","Absorptions","Total units","Units","300","units","0","v1930492","24.1.1","855","","","","0"
"2019-01","Toronto, Ontario","2011S0503535","Absorptions","Single detached units","Units","300","units","0","v1930521","24.1.2","758","","","","0"
"2019-01","Toronto, Ontario","2011S0503535","Absorptions","Semi-detached units","Units","300","units","0","v1930550","24.1.3","97","","","","0"
"2019-01","Toronto, Ontario","2011S0503535","Unabsorbed inventory","Total units","Units","300","units","0","v1930777","24.2.1","329","","","","0"
"2019-01","Toronto, Ontario","2011S0503535","Unabsorbed inventory","Single detached units","Units","300","units","0","v1930806","24.2.2","308","","","","0"
"2019-01","Toronto, Ontario","2011S0503535","Unabsorbed inventory","Semi-detached units","Units","300","units","0","v1930835","24.2.3","21","","","","0"
"2019-02","Toronto, Ontario","2011S0503535","Absorptions","Total units","Units","300","units","0","v1930492","24.1.1","775","","","","0"
"2019-02","Toronto, Ontario","2011S0503535","Absorptions","Single detached units","Units","300","units","0","v1930521","24.1.2","697","","","","0"
"2019-02","Toronto, Ontario","2011S0503535","Absorptions","Semi-detached units","Units","300","units","0","v1930550","24.1.3","78","","","","0"
"2019-02","Toronto, Ontario","2011S0503535","Unabsorbed inventory","Total units","Units","300","units","0","v1930777","24.2.1","312","","","","0"
"2019-02","Toronto, Ontario","2011S0503535","Unabsorbed inventory","Single detached units","Units","300","units","0","v1930806","24.2.2","293","","","","0"
"2019-02","Toronto, Ontario","2011S0503535","Unabsorbed inventory","Semi-detached units","Units","300","units","0","v1930835","24.2.3","19","","","","0"
"2019-03","Toronto, Ontario","2011S0503535","Absorptions","Total units","Units","300","units","0","v1930492","24.1.1","402","","","","0"
"2019-03","Toronto, Ontario","2011S0503535","Absorptions","Single detached units","Units","300","units","0","v1930521","24.1.2","369","","","","0"
"2019-03","Toronto, Ontario","2011S0503535","Absorptions","Semi-detached units","Units","300","units","0","v1930550","24.1.3","33","","","","0"
"2019-03","Toronto, Ontario","2011S0503535","Unabsorbed inventory","Total units","Units","300","units","0","v1930777","24.2.1","332","","","","0"
"2019-03","Toronto, Ontario","2011S0503535","Unabsorbed inventory","Single detached units","Units","300","units","0","v1930806","24.2.2","308","","","","0"
"2019-03","Toronto, Ontario","2011S0503535","Unabsorbed inventory","Semi-detached units","Units","300","units","0","v1930835","24.2.3","24","","","","0"
"2019-04","Toronto, Ontario","2011S0503535","Absorptions","Total units","Units","300","units","0","v1930492","24.1.1","444","","","","0"
"2019-04","Toronto, Ontario","2011S0503535","Absorptions","Single detached units","Units","300","units","0","v1930521","24.1.2","425","","","","0"
"2019-04","Toronto, Ontario","2011S0503535","Absorptions","Semi-detached units","Units","300","units","0","v1930550","24.1.3","19","","","","0"
"2019-04","Toronto, Ontario","2011S0503535","Unabsorbed inventory","Total units","Units","300","units","0","v1930777","24.2.1","350","","","","0"
"2019-04","Toronto, Ontario","2011S0503535","Unabsorbed inventory","Single detached units","Units","300","units","0","v1930806","24.2.2","327","","","","0"
"2019-04","Toronto, Ontario","2011S0503535","Unabsorbed inventory","Semi-detached units","Units","300","units","0","v1930835","24.2.3","23","","","","0"
"2019-05","Toronto, Ontario","2011S0503535","Absorptions","Total units","Units","300","units","0","v1930492","24.1.1","979","","","","0"
"2019-05","Toronto, Ontario","2011S0503535","Absorptions","Single detached units","Units","300","units","0","v1930521","24.1.2","857","","","","0"
"2019-05","Toronto, Ontario","2011S0503535","Absorptions","Semi-detached units","Units","300","units","0","v1930550","24.1.3","122","","","","0"
"2019-05","Toronto, Ontario","2011S0503535","Unabsorbed inventory","Total units","Units","300","units","0","v1930777","24.2.1","459","","","","0"
"2019-05","Toronto, Ontario","2011S0503535","Unabsorbed inventory","Single detached units","Units","300","units","0","v1930806","24.2.2","400","","","","0"
"2019-05","Toronto, Ontario","2011S0503535","Unabsorbed inventory","Semi-detached units","Units","300","units","0","v1930835","24.2.3","59","","","","0"
"2019-06","Toronto, Ontario","2011S0503535","Absorptions","Total units","Units","300","units","0","v1930492","24.1.1","505","","","","0"
"2019-06","Toronto, Ontario","2011S0503535","Absorptions","Single detached units","Units","300","units","0","v1930521","24.1.2","455","","","","0"
"2019-06","Toronto, Ontario","2011S0503535","Absorptions","Semi-detached units","Units","300","units","0","v1930550","24.1.3","50","","","","0"
"2019-06","Toronto, Ontario","2011S0503535","Unabsorbed inventory","Total units","Units","300","units","0","v1930777","24.2.1","506","","","","0"
"2019-06","Toronto, Ontario","2011S0503535","Unabsorbed inventory","Single detached units","Units","300","units","0","v1930806","24.2.2","443","","","","0"
"2019-06","Toronto, Ontario","2011S0503535","Unabsorbed inventory","Semi-detached units","Units","300","units","0","v1930835","24.2.3","63","","","","0"
"2019-07","Toronto, Ontario","2011S0503535","Absorptions","Total units","Units","300","units","0","v1930492","24.1.1","437","","","","0"
"2019-07","Toronto, Ontario","2011S0503535","Absorptions","Single detached units","Units","300","units","0","v1930521","24.1.2","363","","","","0"
"2019-07","Toronto, Ontario","2011S0503535","Absorptions","Semi-detached units","Units","300","units","0","v1930550","24.1.3","74","","","","0"
"2019-07","Toronto, Ontario","2011S0503535","Unabsorbed inventory","Total units","Units","300","units","0","v1930777","24.2.1","567","","","","0"
"2019-07","Toronto, Ontario","2011S0503535","Unabsorbed inventory","Single detached units","Units","300","units","0","v1930806","24.2.2","456","","","","0"
"2019-07","Toronto, Ontario","2011S0503535","Unabsorbed inventory","Semi-detached units","Units","300","units","0","v1930835","24.2.3","111","","","","0"
"2019-08","Toronto, Ontario","2011S0503535","Absorptions","Total units","Units","300","units","0","v1930492","24.1.1","454","","","","0"
"2019-08","Toronto, Ontario","2011S0503535","Absorptions","Single detached units","Units","300","units","0","v1930521","24.1.2","382","","","","0"
"2019-08","Toronto, Ontario","2011S0503535","Absorptions","Semi-detached units","Units","300","units","0","v1930550","24.1.3","72","","","","0"
"2019-08","Toronto, Ontario","2011S0503535","Unabsorbed inventory","Total units","Units","300","units","0","v1930777","24.2.1","580","","","","0"
"2019-08","Toronto, Ontario","2011S0503535","Unabsorbed inventory","Single detached units","Units","300","units","0","v1930806","24.2.2","473","","","","0"
"2019-08","Toronto, Ontario","2011S0503535","Unabsorbed inventory","Semi-detached units","Units","300","units","0","v1930835","24.2.3","107","","","","0"
"2019-09","Toronto, Ontario","2011S0503535","Absorptions","Total units","Units","300","units","0","v1930492","24.1.1","451","","","","0"
"2019-09","Toronto, Ontario","2011S0503535","Absorptions","Single detached units","Units","300","units","0","v1930521","24.1.2","396","","","","0"
"2019-09","Toronto, Ontario","2011S0503535","Absorptions","Semi-detached units","Units","300","units","0","v1930550","24.1.3","55","","","","0"
"2019-09","Toronto, Ontario","2011S0503535","Unabsorbed inventory","Total units","Units","300","units","0","v1930777","24.2.1","574","","","","0"
"2019-09","Toronto, Ontario","2011S0503535","Unabsorbed inventory","Single detached units","Units","300","units","0","v1930806","24.2.2","478","","","","0"
"2019-09","Toronto, Ontario","2011S0503535","Unabsorbed inventory","Semi-detached units","Units","300","units","0","v1930835","24.2.3","96","","","","0"
"2019-10","Toronto, Ontario","2011S0503535","Absorptions","Total units","Units","300","units","0","v1930492","24.1.1","346","","","","0"
"2019-10","Toronto, Ontario","2011S0503535","Absorptions","Single detached units","Units","300","units","0","v1930521","24.1.2","313","","","","0"
"2019-10","Toronto, Ontario","2011S0503535","Absorptions","Semi-detached units","Units","300","units","0","v1930550","24.1.3","33","","","","0"
"2019-10","Toronto, Ontario","2011S0503535","Unabsorbed inventory","Total units","Units","300","units","0","v1930777","24.2.1","561","","","","0"
"2019-10","Toronto, Ontario","2011S0503535","Unabsorbed inventory","Single detached units","Units","300","units","0","v1930806","24.2.2","474","","","","0"
"2019-10","Toronto, Ontario","2011S0503535","Unabsorbed inventory","Semi-detached units","Units","300","units","0","v1930835","24.2.3","87","","","","0"
"2019-11","Toronto, Ontario","2011S0503535","Absorptions","Total units","Units","300","units","0","v1930492","24.1.1","384","","","","0"
"2019-11","Toronto, Ontario","2011S0503535","Absorptions","Single detached units","Units","300","units","0","v1930521","24.1.2","301","","","","0"
"2019-11","Toronto, Ontario","2011S0503535","Absorptions","Semi-detached units","Units","300","units","0","v1930550","24.1.3","83","","","","0"
"2019-11","Toronto, Ontario","2011S0503535","Unabsorbed inventory","Total units","Units","300","units","0","v1930777","24.2.1","567","","","","0"
"2019-11","Toronto, Ontario","2011S0503535","Unabsorbed inventory","Single detached units","Units","300","units","0","v1930806","24.2.2","497","","","","0"
"2019-11","Toronto, Ontario","2011S0503535","Unabsorbed inventory","Semi-detached units","Units","300","units","0","v1930835","24.2.3","70","","","","0"
"2019-12","Toronto, Ontario","2011S0503535","Absorptions","Total units","Units","300","units","0","v1930492","24.1.1","383","","","","0"
"2019-12","Toronto, Ontario","2011S0503535","Absorptions","Single detached units","Units","300","units","0","v1930521","24.1.2","347","","","","0"
"2019-12","Toronto, Ontario","2011S0503535","Absorptions","Semi-detached units","Units","300","units","0","v1930550","24.1.3","36","","","","0"
"2019-12","Toronto, Ontario","2011S0503535","Unabsorbed inventory","Total units","Units","300","units","0","v1930777","24.2.1","567","","","","0"
"2019-12","Toronto, Ontario","2011S0503535","Unabsorbed inventory","Single detached units","Units","300","units","0","v1930806","24.2.2","493","","","","0"
"2019-12","Toronto, Ontario","2011S0503535","Unabsorbed inventory","Semi-detached units","Units","300","units","0","v1930835","24.2.3","74","","","","0"
"2020-01","Toronto, Ontario","2011S0503535","Absorptions","Total units","Units","300","units","0","v1930492","24.1.1","347","","","","0"
"2020-01","Toronto, Ontario","2011S0503535","Absorptions","Single detached units","Units","300","units","0","v1930521","24.1.2","284","","","","0"
"2020-01","Toronto, Ontario","2011S0503535","Absorptions","Semi-detached units","Units","300","units","0","v1930550","24.1.3","63","","","","0"
"2020-01","Toronto, Ontario","2011S0503535","Unabsorbed inventory","Total units","Units","300","units","0","v1930777","24.2.1","566","","","","0"
"2020-01","Toronto, Ontario","2011S0503535","Unabsorbed inventory","Single detached units","Units","300","units","0","v1930806","24.2.2","495","","","","0"
"2020-01","Toronto, Ontario","2011S0503535","Unabsorbed inventory","Semi-detached units","Units","300","units","0","v1930835","24.2.3","71","","","","0"
"2020-02","Toronto, Ontario","2011S0503535","Absorptions","Total units","Units","300","units","0","v1930492","24.1.1","338","","","","0"
"2020-02","Toronto, Ontario","2011S0503535","Absorptions","Single detached units","Units","300","units","0","v1930521","24.1.2","273","","","","0"
"2020-02","Toronto, Ontario","2011S0503535","Absorptions","Semi-detached units","Units","300","units","0","v1930550","24.1.3","65","","","","0"
"2020-02","Toronto, Ontario","2011S0503535","Unabsorbed inventory","Total units","Units","300","units","0","v1930777","24.2.1","539","","","","0"
"2020-02","Toronto, Ontario","2011S0503535","Unabsorbed inventory","Single detached units","Units","300","units","0","v1930806","24.2.2","479","","","","0"
"2020-02","Toronto, Ontario","2011S0503535","Unabsorbed inventory","Semi-detached units","Units","300","units","0","v1930835","24.2.3","60","","","","0"
"2020-03","Toronto, Ontario","2011S0503535","Absorptions","Total units","Units","300","units","0","v1930492","24.1.1","276","","","","0"
"2020-03","Toronto, Ontario","2011S0503535","Absorptions","Single detached units","Units","300","units","0","v1930521","24.1.2","250","","","","0"
"2020-03","Toronto, Ontario","2011S0503535","Absorptions","Semi-detached units","Units","300","units","0","v1930550","24.1.3","26","","","","0"
"2020-03","Toronto, Ontario","2011S0503535","Unabsorbed inventory","Total units","Units","300","units","0","v1930777","24.2.1","566","","","","0"
"2020-03","Toronto, Ontario","2011S0503535","Unabsorbed inventory","Single detached units","Units","300","units","0","v1930806","24.2.2","504","","","","0"
"2020-03","Toronto, Ontario","2011S0503535","Unabsorbed inventory","Semi-detached units","Units","300","units","0","v1930835","24.2.3","62","","","","0"
"2020-04","Toronto, Ontario","2011S0503535","Absorptions","Total units","Units","300","units","0","v1930492","24.1.1","372","","","","0"
"2020-04","Toronto, Ontario","2011S0503535","Absorptions","Single detached units","Units","300","units","0","v1930521","24.1.2","292","","","","0"
"2020-04","Toronto, Ontario","2011S0503535","Absorptions","Semi-detached units","Units","300","units","0","v1930550","24.1.3","80","","","","0"
"2020-04","Toronto, Ontario","2011S0503535","Unabsorbed inventory","Total units","Units","300","units","0","v1930777","24.2.1","532","","","","0"
"2020-04","Toronto, Ontario","2011S0503535","Unabsorbed inventory","Single detached units","Units","300","units","0","v1930806","24.2.2","474","","","","0"
"2020-04","Toronto, Ontario","2011S0503535","Unabsorbed inventory","Semi-detached units","Units","300","units","0","v1930835","24.2.3","58","","","","0"
"2020-05","Toronto, Ontario","2011S0503535","Absorptions","Total units","Units","300","units","0","v1930492","24.1.1","397","","","","0"
"2020-05","Toronto, Ontario","2011S0503535","Absorptions","Single detached units","Units","300","units","0","v1930521","24.1.2","374","","","","0"
"2020-05","Toronto, Ontario","2011S0503535","Absorptions","Semi-detached units","Units","300","units","0","v1930550","24.1.3","23","","","","0"
"2020-05","Toronto, Ontario","2011S0503535","Unabsorbed inventory","Total units","Units","300","units","0","v1930777","24.2.1","547","","","","0"
"2020-05","Toronto, Ontario","2011S0503535","Unabsorbed inventory","Single detached units","Units","300","units","0","v1930806","24.2.2","484","","","","0"
"2020-05","Toronto, Ontario","2011S0503535","Unabsorbed inventory","Semi-detached units","Units","300","units","0","v1930835","24.2.3","63","","","","0"
"2020-06","Toronto, Ontario","2011S0503535","Absorptions","Total units","Units","300","units","0","v1930492","24.1.1","451","","","","0"
"2020-06","Toronto, Ontario","2011S0503535","Absorptions","Single detached units","Units","300","units","0","v1930521","24.1.2","419","","","","0"
"2020-06","Toronto, Ontario","2011S0503535","Absorptions","Semi-detached units","Units","300","units","0","v1930550","24.1.3","32","","","","0"
"2020-06","Toronto, Ontario","2011S0503535","Unabsorbed inventory","Total units","Units","300","units","0","v1930777","24.2.1","557","","","","0"
"2020-06","Toronto, Ontario","2011S0503535","Unabsorbed inventory","Single detached units","Units","300","units","0","v1930806","24.2.2","492","","","","0"
"2020-06","Toronto, Ontario","2011S0503535","Unabsorbed inventory","Semi-detached units","Units","300","units","0","v1930835","24.2.3","65","","","","0"
"2020-07","Toronto, Ontario","2011S0503535","Absorptions","Total units","Units","300","units","0","v1930492","24.1.1","378","","","","0"
"2020-07","Toronto, Ontario","2011S0503535","Absorptions","Single detached units","Units","300","units","0","v1930521","24.1.2","304","","","","0"
"2020-07","Toronto, Ontario","2011S0503535","Absorptions","Semi-detached units","Units","300","units","0","v1930550","24.1.3","74","","","","0"
"2020-07","Toronto, Ontario","2011S0503535","Unabsorbed inventory","Total units","Units","300","units","0","v1930777","24.2.1","532","","","","0"
"2020-07","Toronto, Ontario","2011S0503535","Unabsorbed inventory","Single detached units","Units","300","units","0","v1930806","24.2.2","489","","","","0"
"2020-07","Toronto, Ontario","2011S0503535","Unabsorbed inventory","Semi-detached units","Units","300","units","0","v1930835","24.2.3","43","","","","0"
"2020-08","Toronto, Ontario","2011S0503535","Absorptions","Total units","Units","300","units","0","v1930492","24.1.1","349","","","","0"
"2020-08","Toronto, Ontario","2011S0503535","Absorptions","Single detached units","Units","300","units","0","v1930521","24.1.2","321","","","","0"
"2020-08","Toronto, Ontario","2011S0503535","Absorptions","Semi-detached units","Units","300","units","0","v1930550","24.1.3","28","","","","0"
"2020-08","Toronto, Ontario","2011S0503535","Unabsorbed inventory","Total units","Units","300","units","0","v1930777","24.2.1","544","","","","0"
"2020-08","Toronto, Ontario","2011S0503535","Unabsorbed inventory","Single detached units","Units","300","units","0","v1930806","24.2.2","505","","","","0"
"2020-08","Toronto, Ontario","2011S0503535","Unabsorbed inventory","Semi-detached units","Units","300","units","0","v1930835","24.2.3","39","","","","0"
"2020-09","Toronto, Ontario","2011S0503535","Absorptions","Total units","Units","300","units","0","v1930492","24.1.1","450","","","","0"
"2020-09","Toronto, Ontario","2011S0503535","Absorptions","Single detached units","Units","300","units","0","v1930521","24.1.2","398","","","","0"
"2020-09","Toronto, Ontario","2011S0503535","Absorptions","Semi-detached units","Units","300","units","0","v1930550","24.1.3","52","","","","0"
"2020-09","Toronto, Ontario","2011S0503535","Unabsorbed inventory","Total units","Units","300","units","0","v1930777","24.2.1","511","","","","0"
"2020-09","Toronto, Ontario","2011S0503535","Unabsorbed inventory","Single detached units","Units","300","units","0","v1930806","24.2.2","468","","","","0"
"2020-09","Toronto, Ontario","2011S0503535","Unabsorbed inventory","Semi-detached units","Units","300","units","0","v1930835","24.2.3","43","","","","0"
"2020-10","Toronto, Ontario","2011S0503535","Absorptions","Total units","Units","300","units","0","v1930492","24.1.1","474","","","","0"
"2020-10","Toronto, Ontario","2011S0503535","Absorptions","Single detached units","Units","300","units","0","v1930521","24.1.2","430","","","","0"
"2020-10","Toronto, Ontario","2011S0503535","Absorptions","Semi-detached units","Units","300","units","0","v1930550","24.1.3","44","","","","0"
"2020-10","Toronto, Ontario","2011S0503535","Unabsorbed inventory","Total units","Units","300","units","0","v1930777","24.2.1","482","","","","0"
"2020-10","Toronto, Ontario","2011S0503535","Unabsorbed inventory","Single detached units","Units","300","units","0","v1930806","24.2.2","439","","","","0"
"2020-10","Toronto, Ontario","2011S0503535","Unabsorbed inventory","Semi-detached units","Units","300","units","0","v1930835","24.2.3","43","","","","0"
"2020-11","Toronto, Ontario","2011S0503535","Absorptions","Total units","Units","300","units","0","v1930492","24.1.1","603","","","","0"
"2020-11","Toronto, Ontario","2011S0503535","Absorptions","Single detached units","Units","300","units","0","v1930521","24.1.2","461","","","","0"
"2020-11","Toronto, Ontario","2011S0503535","Absorptions","Semi-detached units","Units","300","units","0","v1930550","24.1.3","142","","","","0"
"2020-11","Toronto, Ontario","2011S0503535","Unabsorbed inventory","Total units","Units","300","units","0","v1930777","24.2.1","504","","","","0"
"2020-11","Toronto, Ontario","2011S0503535","Unabsorbed inventory","Single detached units","Units","300","units","0","v1930806","24.2.2","469","","","","0"
"2020-11","Toronto, Ontario","2011S0503535","Unabsorbed inventory","Semi-detached units","Units","300","units","0","v1930835","24.2.3","35","","","","0"
"2020-12","Toronto, Ontario","2011S0503535","Absorptions","Total units","Units","300","units","0","v1930492","24.1.1","647","","","","0"
"2020-12","Toronto, Ontario","2011S0503535","Absorptions","Single detached units","Units","300","units","0","v1930521","24.1.2","480","","","","0"
"2020-12","Toronto, Ontario","2011S0503535","Absorptions","Semi-detached units","Units","300","units","0","v1930550","24.1.3","167","","","","0"
"2020-12","Toronto, Ontario","2011S0503535","Unabsorbed inventory","Total units","Units","300","units","0","v1930777","24.2.1","474","","","","0"
"2020-12","Toronto, Ontario","2011S0503535","Unabsorbed inventory","Single detached units","Units","300","units","0","v1930806","24.2.2","436","","","","0"
"2020-12","Toronto, Ontario","2011S0503535","Unabsorbed inventory","Semi-detached units","Units","300","units","0","v1930835","24.2.3","38","","","","0"
"2021-01","Toronto, Ontario","2011S0503535","Absorptions","Total units","Units","300","units","0","v1930492","24.1.1","572","","","","0"
"2021-01","Toronto, Ontario","2011S0503535","Absorptions","Single detached units","Units","300","units","0","v1930521","24.1.2","543","","","","0"
"2021-01","Toronto, Ontario","2011S0503535","Absorptions","Semi-detached units","Units","300","units","0","v1930550","24.1.3","29","","","","0"
"2021-01","Toronto, Ontario","2011S0503535","Unabsorbed inventory","Total units","Units","300","units","0","v1930777","24.2.1","483","","","","0"
"2021-01","Toronto, Ontario","2011S0503535","Unabsorbed inventory","Single detached units","Units","300","units","0","v1930806","24.2.2","446","","","","0"
"2021-01","Toronto, Ontario","2011S0503535","Unabsorbed inventory","Semi-detached units","Units","300","units","0","v1930835","24.2.3","37","","","","0"
"2021-02","Toronto, Ontario","2011S0503535","Absorptions","Total units","Units","300","units","0","v1930492","24.1.1","591","","","","0"
"2021-02","Toronto, Ontario","2011S0503535","Absorptions","Single detached units","Units","300","units","0","v1930521","24.1.2","533","","","","0"
"2021-02","Toronto, Ontario","2011S0503535","Absorptions","Semi-detached units","Units","300","units","0","v1930550","24.1.3","58","","","","0"
"2021-02","Toronto, Ontario","2011S0503535","Unabsorbed inventory","Total units","Units","300","units","0","v1930777","24.2.1","448","","","","0"
"2021-02","Toronto, Ontario","2011S0503535","Unabsorbed inventory","Single detached units","Units","300","units","0","v1930806","24.2.2","419","","","","0"
"2021-02","Toronto, Ontario","2011S0503535","Unabsorbed inventory","Semi-detached units","Units","300","units","0","v1930835","24.2.3","29","","","","0"
"2021-03","Toronto, Ontario","2011S0503535","Absorptions","Total units","Units","300","units","0","v1930492","24.1.1","426","","","","0"
"2021-03","Toronto, Ontario","2011S0503535","Absorptions","Single detached units","Units","300","units","0","v1930521","24.1.2","400","","","","0"
"2021-03","Toronto, Ontario","2011S0503535","Absorptions","Semi-detached units","Units","300","units","0","v1930550","24.1.3","26","","","","0"
"2021-03","Toronto, Ontario","2011S0503535","Unabsorbed inventory","Total units","Units","300","units","0","v1930777","24.2.1","428","","","","0"
"2021-03","Toronto, Ontario","2011S0503535","Unabsorbed inventory","Single detached units","Units","300","units","0","v1930806","24.2.2","401","","","","0"
"2021-03","Toronto, Ontario","2011S0503535","Unabsorbed inventory","Semi-detached units","Units","300","units","0","v1930835","24.2.3","27","","","","0"
"2021-04","Toronto, Ontario","2011S0503535","Absorptions","Total units","Units","300","units","0","v1930492","24.1.1","476","","","","0"
"2021-04","Toronto, Ontario","2011S0503535","Absorptions","Single detached units","Units","300","units","0","v1930521","24.1.2","443","","","","0"
"2021-04","Toronto, Ontario","2011S0503535","Absorptions","Semi-detached units","Units","300","units","0","v1930550","24.1.3","33","","","","0"
"2021-04","Toronto, Ontario","2011S0503535","Unabsorbed inventory","Total units","Units","300","units","0","v1930777","24.2.1","453","","","","0"
"2021-04","Toronto, Ontario","2011S0503535","Unabsorbed inventory","Single detached units","Units","300","units","0","v1930806","24.2.2","431","","","","0"
"2021-04","Toronto, Ontario","2011S0503535","Unabsorbed inventory","Semi-detached units","Units","300","units","0","v1930835","24.2.3","22","","","","0"
"2021-05","Toronto, Ontario","2011S0503535","Absorptions","Total units","Units","300","units","0","v1930492","24.1.1","521","","","","0"
"2021-05","Toronto, Ontario","2011S0503535","Absorptions","Single detached units","Units","300","units","0","v1930521","24.1.2","497","","","","0"
"2021-05","Toronto, Ontario","2011S0503535","Absorptions","Semi-detached units","Units","300","units","0","v1930550","24.1.3","24","","","","0"
"2021-05","Toronto, Ontario","2011S0503535","Unabsorbed inventory","Total units","Units","300","units","0","v1930777","24.2.1","409","","","","0"
"2021-05","Toronto, Ontario","2011S0503535","Unabsorbed inventory","Single detached units","Units","300","units","0","v1930806","24.2.2","387","","","","0"
"2021-05","Toronto, Ontario","2011S0503535","Unabsorbed inventory","Semi-detached units","Units","300","units","0","v1930835","24.2.3","22","","","","0"
"2021-06","Toronto, Ontario","2011S0503535","Absorptions","Total units","Units","300","units","0","v1930492","24.1.1","423","","","","0"
"2021-06","Toronto, Ontario","2011S0503535","Absorptions","Single detached units","Units","300","units","0","v1930521","24.1.2","391","","","","0"
"2021-06","Toronto, Ontario","2011S0503535","Absorptions","Semi-detached units","Units","300","units","0","v1930550","24.1.3","32","","","","0"
"2021-06","Toronto, Ontario","2011S0503535","Unabsorbed inventory","Total units","Units","300","units","0","v1930777","24.2.1","397","","","","0"
"2021-06","Toronto, Ontario","2011S0503535","Unabsorbed inventory","Single detached units","Units","300","units","0","v1930806","24.2.2","375","","","","0"
"2021-06","Toronto, Ontario","2011S0503535","Unabsorbed inventory","Semi-detached units","Units","300","units","0","v1930835","24.2.3","22","","","","0"
"2021-07","Toronto, Ontario","2011S0503535","Absorptions","Total units","Units","300","units","0","v1930492","24.1.1","364","","","","0"
"2021-07","Toronto, Ontario","2011S0503535","Absorptions","Single detached units","Units","300","units","0","v1930521","24.1.2","314","","","","0"
"2021-07","Toronto, Ontario","2011S0503535","Absorptions","Semi-detached units","Units","300","units","0","v1930550","24.1.3","50","","","","0"
"2021-07","Toronto, Ontario","2011S0503535","Unabsorbed inventory","Total units","Units","300","units","0","v1930777","24.2.1","389","","","","0"
"2021-07","Toronto, Ontario","2011S0503535","Unabsorbed inventory","Single detached units","Units","300","units","0","v1930806","24.2.2","367","","","","0"
"2021-07","Toronto, Ontario","2011S0503535","Unabsorbed inventory","Semi-detached units","Units","300","units","0","v1930835","24.2.3","22","","","","0"
"2021-08","Toronto, Ontario","2011S0503535","Absorptions","Total units","Units","300","units","0","v1930492","24.1.1","505","","","","0"
"2021-08","Toronto, Ontario","2011S0503535","Absorptions","Single detached units","Units","300","units","0","v1930521","24.1.2","485","","","","0"
"2021-08","Toronto, Ontario","2011S0503535","Absorptions","Semi-detached units","Units","300","units","0","v1930550","24.1.3","20","","","","0"
"2021-08","Toronto, Ontario","2011S0503535","Unabsorbed inventory","Total units","Units","300","units","0","v1930777","24.2.1","369","","","","0"
"2021-08","Toronto, Ontario","2011S0503535","Unabsorbed inventory","Single detached units","Units","300","units","0","v1930806","24.2.2","345","","","","0"
"2021-08","Toronto, Ontario","2011S0503535","Unabsorbed inventory","Semi-detached units","Units","300","units","0","v1930835","24.2.3","24","","","","0"
"2021-09","Toronto, Ontario","2011S0503535","Absorptions","Total units","Units","300","units","0","v1930492","24.1.1","443","","","","0"
"2021-09","Toronto, Ontario","2011S0503535","Absorptions","Single detached units","Units","300","units","0","v1930521","24.1.2","392","","","","0"
"2021-09","Toronto, Ontario","2011S0503535","Absorptions","Semi-detached units","Units","300","units","0","v1930550","24.1.3","51","","","","0"
"2021-09","Toronto, Ontario","2011S0503535","Unabsorbed inventory","Total units","Units","300","units","0","v1930777","24.2.1","367","","","","0"
"2021-09","Toronto, Ontario","2011S0503535","Unabsorbed inventory","Single detached units","Units","300","units","0","v1930806","24.2.2","345","","","","0"
"2021-09","Toronto, Ontario","2011S0503535","Unabsorbed inventory","Semi-detached units","Units","300","units","0","v1930835","24.2.3","22","","","","0"
"2021-10","Toronto, Ontario","2011S0503535","Absorptions","Total units","Units","300","units","0","v1930492","24.1.1","666","","","","0"
"2021-10","Toronto, Ontario","2011S0503535","Absorptions","Single detached units","Units","300","units","0","v1930521","24.1.2","504","","","","0"
"2021-10","Toronto, Ontario","2011S0503535","Absorptions","Semi-detached units","Units","300","units","0","v1930550","24.1.3","162","","","","0"
"2021-10","Toronto, Ontario","2011S0503535","Unabsorbed inventory","Total units","Units","300","units","0","v1930777","24.2.1","345","","","","0"
"2021-10","Toronto, Ontario","2011S0503535","Unabsorbed inventory","Single detached units","Units","300","units","0","v1930806","24.2.2","325","","","","0"
"2021-10","Toronto, Ontario","2011S0503535","Unabsorbed inventory","Semi-detached units","Units","300","units","0","v1930835","24.2.3","20","","","","0"
"2021-11","Toronto, Ontario","2011S0503535","Absorptions","Total units","Units","300","units","0","v1930492","24.1.1","431","","","","0"
"2021-11","Toronto, Ontario","2011S0503535","Absorptions","Single detached units","Units","300","units","0","v1930521","24.1.2","387","","","","0"
"2021-11","Toronto, Ontario","2011S0503535","Absorptions","Semi-detached units","Units","300","units","0","v1930550","24.1.3","44","","","","0"
"2021-11","Toronto, Ontario","2011S0503535","Unabsorbed inventory","Total units","Units","300","units","0","v1930777","24.2.1","422","","","","0"
"2021-11","Toronto, Ontario","2011S0503535","Unabsorbed inventory","Single detached units","Units","300","units","0","v1930806","24.2.2","390","","","","0"
"2021-11","Toronto, Ontario","2011S0503535","Unabsorbed inventory","Semi-detached units","Units","300","units","0","v1930835","24.2.3","32","","","","0"
"2021-12","Toronto, Ontario","2011S0503535","Absorptions","Total units","Units","300","units","0","v1930492","24.1.1","391","","","","0"
"2021-12","Toronto, Ontario","2011S0503535","Absorptions","Single detached units","Units","300","units","0","v1930521","24.1.2","381","","","","0"
"2021-12","Toronto, Ontario","2011S0503535","Absorptions","Semi-detached units","Units","300","units","0","v1930550","24.1.3","10","","","","0"
"2021-12","Toronto, Ontario","2011S0503535","Unabsorbed inventory","Total units","Units","300","units","0","v1930777","24.2.1","400","","","","0"
"2021-12","Toronto, Ontario","2011S0503535","Unabsorbed inventory","Single detached units","Units","300","units","0","v1930806","24.2.2","372","","","","0"
"2021-12","Toronto, Ontario","2011S0503535","Unabsorbed inventory","Semi-detached units","Units","300","units","0","v1930835","24.2.3","28","","","","0"
"2022-01","Toronto, Ontario","2011S0503535","Absorptions","Total units","Units","300","units","0","v1930492","24.1.1","456","","","","0"
"2022-01","Toronto, Ontario","2011S0503535","Absorptions","Single detached units","Units","300","units","0","v1930521","24.1.2","418","","","","0"
"2022-01","Toronto, Ontario","2011S0503535","Absorptions","Semi-detached units","Units","300","units","0","v1930550","24.1.3","38","","","","0"
"2022-01","Toronto, Ontario","2011S0503535","Unabsorbed inventory","Total units","Units","300","units","0","v1930777","24.2.1","356","","","","0"
"2022-01","Toronto, Ontario","2011S0503535","Unabsorbed inventory","Single detached units","Units","300","units","0","v1930806","24.2.2","338","","","","0"
"2022-01","Toronto, Ontario","2011S0503535","Unabsorbed inventory","Semi-detached units","Units","300","units","0","v1930835","24.2.3","18","","","","0"
"2022-02","Toronto, Ontario","2011S0503535","Absorptions","Total units","Units","300","units","0","v1930492","24.1.1","690","","","","0"
"2022-02","Toronto, Ontario","2011S0503535","Absorptions","Single detached units","Units","300","units","0","v1930521","24.1.2","545","","","","0"
"2022-02","Toronto, Ontario","2011S0503535","Absorptions","Semi-detached units","Units","300","units","0","v1930550","24.1.3","145","","","","0"
"2022-02","Toronto, Ontario","2011S0503535","Unabsorbed inventory","Total units","Units","300","units","0","v1930777","24.2.1","345","","","","0"
"2022-02","Toronto, Ontario","2011S0503535","Unabsorbed inventory","Single detached units","Units","300","units","0","v1930806","24.2.2","328","","","","0"
"2022-02","Toronto, Ontario","2011S0503535","Unabsorbed inventory","Semi-detached units","Units","300","units","0","v1930835","24.2.3","17","","","","0"
"2022-03","Toronto, Ontario","2011S0503535","Absorptions","Total units","Units","300","units","0","v1930492","24.1.1","514","","","","0"
"2022-03","Toronto, Ontario","2011S0503535","Absorptions","Single detached units","Units","300","units","0","v1930521","24.1.2","453","","","","0"
"2022-03","Toronto, Ontario","2011S0503535","Absorptions","Semi-detached units","Units","300","units","0","v1930550","24.1.3","61","","","","0"
"2022-03","Toronto, Ontario","2011S0503535","Unabsorbed inventory","Total units","Units","300","units","0","v1930777","24.2.1","320","","","","0"
"2022-03","Toronto, Ontario","2011S0503535","Unabsorbed inventory","Single detached units","Units","300","units","0","v1930806","24.2.2","302","","","","0"
"2022-03","Toronto, Ontario","2011S0503535","Unabsorbed inventory","Semi-detached units","Units","300","units","0","v1930835","24.2.3","18","","","","0"
"2022-04","Toronto, Ontario","2011S0503535","Absorptions","Total units","Units","300","units","0","v1930492","24.1.1","681","","","","0"
"2022-04","Toronto, Ontario","2011S0503535","Absorptions","Single detached units","Units","300","units","0","v1930521","24.1.2","587","","","","0"
"2022-04","Toronto, Ontario","2011S0503535","Absorptions","Semi-detached units","Units","300","units","0","v1930550","24.1.3","94","","","","0"
"2022-04","Toronto, Ontario","2011S0503535","Unabsorbed inventory","Total units","Units","300","units","0","v1930777","24.2.1","317","","","","0"
"2022-04","Toronto, Ontario","2011S0503535","Unabsorbed inventory","Single detached units","Units","300","units","0","v1930806","24.2.2","299","","","","0"
"2022-04","Toronto, Ontario","2011S0503535","Unabsorbed inventory","Semi-detached units","Units","300","units","0","v1930835","24.2.3","18","","","","0"
"2022-05","Toronto, Ontario","2011S0503535","Absorptions","Total units","Units","300","units","0","v1930492","24.1.1","568","","","","0"
"2022-05","Toronto, Ontario","2011S0503535","Absorptions","Single detached units","Units","300","units","0","v1930521","24.1.2","491","","","","0"
"2022-05","Toronto, Ontario","2011S0503535","Absorptions","Semi-detached units","Units","300","units","0","v1930550","24.1.3","77","","","","0"
"2022-05","Toronto, Ontario","2011S0503535","Unabsorbed inventory","Total units","Units","300","units","0","v1930777","24.2.1","317","","","","0"
"2022-05","Toronto, Ontario","2011S0503535","Unabsorbed inventory","Single detached units","Units","300","units","0","v1930806","24.2.2","300","","","","0"
"2022-05","Toronto, Ontario","2011S0503535","Unabsorbed inventory","Semi-detached units","Units","300","units","0","v1930835","24.2.3","17","","","","0"
"2022-06","Toronto, Ontario","2011S0503535","Absorptions","Total units","Units","300","units","0","v1930492","24.1.1","402","","","","0"
"2022-06","Toronto, Ontario","2011S0503535","Absorptions","Single detached units","Units","300","units","0","v1930521","24.1.2","350","","","","0"
"2022-06","Toronto, Ontario","2011S0503535","Absorptions","Semi-detached units","Units","300","units","0","v1930550","24.1.3","52","","","","0"
"2022-06","Toronto, Ontario","2011S0503535","Unabsorbed inventory","Total units","Units","300","units","0","v1930777","24.2.1","343","","","","0"
"2022-06","Toronto, Ontario","2011S0503535","Unabsorbed inventory","Single detached units","Units","300","units","0","v1930806","24.2.2","322","","","","0"
"2022-06","Toronto, Ontario","2011S0503535","Unabsorbed inventory","Semi-detached units","Units","300","units","0","v1930835","24.2.3","21","","","","0"
"2022-07","Toronto, Ontario","2011S0503535","Absorptions","Total units","Units","300","units","0","v1930492","24.1.1","454","","","","0"
"2022-07","Toronto, Ontario","2011S0503535","Absorptions","Single detached units","Units","300","units","0","v1930521","24.1.2","400","","","","0"
"2022-07","Toronto, Ontario","2011S0503535","Absorptions","Semi-detached units","Units","300","units","0","v1930550","24.1.3","54","","","","0"
"2022-07","Toronto, Ontario","2011S0503535","Unabsorbed inventory","Total units","Units","300","units","0","v1930777","24.2.1","418","","","","0"
"2022-07","Toronto, Ontario","2011S0503535","Unabsorbed inventory","Single detached units","Units","300","units","0","v1930806","24.2.2","379","","","","0"
"2022-07","Toronto, Ontario","2011S0503535","Unabsorbed inventory","Semi-detached units","Units","300","units","0","v1930835","24.2.3","39","","","","0"
"2022-08","Toronto, Ontario","2011S0503535","Absorptions","Total units","Units","300","units","0","v1930492","24.1.1","393","","","","0"
"2022-08","Toronto, Ontario","2011S0503535","Absorptions","Single detached units","Units","300","units","0","v1930521","24.1.2","323","","","","0"
"2022-08","Toronto, Ontario","2011S0503535","Absorptions","Semi-detached units","Units","300","units","0","v1930550","24.1.3","70","","","","0"
"2022-08","Toronto, Ontario","2011S0503535","Unabsorbed inventory","Total units","Units","300","units","0","v1930777","24.2.1","374","","","","0"
"2022-08","Toronto, Ontario","2011S0503535","Unabsorbed inventory","Single detached units","Units","300","units","0","v1930806","24.2.2","355","","","","0"
"2022-08","Toronto, Ontario","2011S0503535","Unabsorbed inventory","Semi-detached units","Units","300","units","0","v1930835","24.2.3","19","","","","0"
"2022-09","Toronto, Ontario","2011S0503535","Absorptions","Total units","Units","300","units","0","v1930492","24.1.1","453","","","","0"
"2022-09","Toronto, Ontario","2011S0503535","Absorptions","Single detached units","Units","300","units","0","v1930521","24.1.2","386","","","","0"
"2022-09","Toronto, Ontario","2011S0503535","Absorptions","Semi-detached units","Units","300","units","0","v1930550","24.1.3","67","","","","0"
"2022-09","Toronto, Ontario","2011S0503535","Unabsorbed inventory","Total units","Units","300","units","0","v1930777","24.2.1","397","","","","0"
"2022-09","Toronto, Ontario","2011S0503535","Unabsorbed inventory","Single detached units","Units","300","units","0","v1930806","24.2.2","381","","","","0"
"2022-09","Toronto, Ontario","2011S0503535","Unabsorbed inventory","Semi-detached units","Units","300","units","0","v1930835","24.2.3","16","","","","0"
"2022-10","Toronto, Ontario","2011S0503535","Absorptions","Total units","Units","300","units","0","v1930492","24.1.1","324","","","","0"
"2022-10","Toronto, Ontario","2011S0503535","Absorptions","Single detached units","Units","300","units","0","v1930521","24.1.2","266","","","","0"
"2022-10","Toronto, Ontario","2011S0503535","Absorptions","Semi-detached units","Units","300","units","0","v1930550","24.1.3","58","","","","0"
"2022-10","Toronto, Ontario","2011S0503535","Unabsorbed inventory","Total units","Units","300","units","0","v1930777","24.2.1","389","","","","0"
"2022-10","Toronto, Ontario","2011S0503535","Unabsorbed inventory","Single detached units","Units","300","units","0","v1930806","24.2.2","363","","","","0"
"2022-10","Toronto, Ontario","2011S0503535","Unabsorbed inventory","Semi-detached units","Units","300","units","0","v1930835","24.2.3","26","","","","0"
"2022-11","Toronto, Ontario","2011S0503535","Absorptions","Total units","Units","300","units","0","v1930492","24.1.1","545","","","","0"
"2022-11","Toronto, Ontario","2011S0503535","Absorptions","Single detached units","Units","300","units","0","v1930521","24.1.2","498","","","","0"
"2022-11","Toronto, Ontario","2011S0503535","Absorptions","Semi-detached units","Units","300","units","0","v1930550","24.1.3","47","","","","0"
"2022-11","Toronto, Ontario","2011S0503535","Unabsorbed inventory","Total units","Units","300","units","0","v1930777","24.2.1","366","","","","0"
"2022-11","Toronto, Ontario","2011S0503535","Unabsorbed inventory","Single detached units","Units","300","units","0","v1930806","24.2.2","347","","","","0"
"2022-11","Toronto, Ontario","2011S0503535","Unabsorbed inventory","Semi-detached units","Units","300","units","0","v1930835","24.2.3","19","","","","0"
"2022-12","Toronto, Ontario","2011S0503535","Absorptions","Total units","Units","300","units","0","v1930492","24.1.1","413","","","","0"
"2022-12","Toronto, Ontario","2011S0503535","Absorptions","Single detached units","Units","300","units","0","v1930521","24.1.2","382","","","","0"
"2022-12","Toronto, Ontario","2011S0503535","Absorptions","Semi-detached units","Units","300","units","0","v1930550","24.1.3","31","","","","0"
"2022-12","Toronto, Ontario","2011S0503535","Unabsorbed inventory","Total units","Units","300","units","0","v1930777","24.2.1","359","","","","0"
"2022-12","Toronto, Ontario","2011S0503535","Unabsorbed inventory","Single detached units","Units","300","units","0","v1930806","24.2.2","337","","","","0"
"2022-12","Toronto, Ontario","2011S0503535","Unabsorbed inventory","Semi-detached units","Units","300","units","0","v1930835","24.2.3","22","","","","0"
"2023-01","Toronto, Ontario","2011S0503535","Absorptions","Total units","Units","300","units","0","v1930492","24.1.1","772","","","","0"
"2023-01","Toronto, Ontario","2011S0503535","Absorptions","Single detached units","Units","300","units","0","v1930521","24.1.2","726","","","","0"
"2023-01","Toronto, Ontario","2011S0503535","Absorptions","Semi-detached units","Units","300","units","0","v1930550","24.1.3","46","","","","0"
"2023-01","Toronto, Ontario","2011S0503535","Unabsorbed inventory","Total units","Units","300","units","0","v1930777","24.2.1","363","","","","0"
"2023-01","Toronto, Ontario","2011S0503535","Unabsorbed inventory","Single detached units","Units","300","units","0","v1930806","24.2.2","339","","","","0"
"2023-01","Toronto, Ontario","2011S0503535","Unabsorbed inventory","Semi-detached units","Units","300","units","0","v1930835","24.2.3","24","","","","0"
"2023-02","Toronto, Ontario","2011S0503535","Absorptions","Total units","Units","300","units","0","v1930492","24.1.1","497","","","","0"
"2023-02","Toronto, Ontario","2011S0503535","Absorptions","Single detached units","Units","300","units","0","v1930521","24.1.2","419","","","","0"
"2023-02","Toronto, Ontario","2011S0503535","Absorptions","Semi-detached units","Units","300","units","0","v1930550","24.1.3","78","","","","0"
"2023-02","Toronto, Ontario","2011S0503535","Unabsorbed inventory","Total units","Units","300","units","0","v1930777","24.2.1","380","","","","0"
"2023-02","Toronto, Ontario","2011S0503535","Unabsorbed inventory","Single detached units","Units","300","units","0","v1930806","24.2.2","356","","","","0"
"2023-02","Toronto, Ontario","2011S0503535","Unabsorbed inventory","Semi-detached units","Units","300","units","0","v1930835","24.2.3","24","","","","0"
"2023-03","Toronto, Ontario","2011S0503535","Absorptions","Total units","Units","300","units","0","v1930492","24.1.1","681","","","","0"
"2023-03","Toronto, Ontario","2011S0503535","Absorptions","Single detached units","Units","300","units","0","v1930521","24.1.2","643","","","","0"
"2023-03","Toronto, Ontario","2011S0503535","Absorptions","Semi-detached units","Units","300","units","0","v1930550","24.1.3","38","","","","0"
"2023-03","Toronto, Ontario","2011S0503535","Unabsorbed inventory","Total units","Units","300","units","0","v1930777","24.2.1","366","","","","0"
"2023-03","Toronto, Ontario","2011S0503535","Unabsorbed inventory","Single detached units","Units","300","units","0","v1930806","24.2.2","344","","","","0"
"2023-03","Toronto, Ontario","2011S0503535","Unabsorbed inventory","Semi-detached units","Units","300","units","0","v1930835","24.2.3","22","","","","0"
"2023-04","Toronto, Ontario","2011S0503535","Absorptions","Total units","Units","300","units","0","v1930492","24.1.1","437","","","","0"
"2023-04","Toronto, Ontario","2011S0503535","Absorptions","Single detached units","Units","300","units","0","v1930521","24.1.2","409","","","","0"
"2023-04","Toronto, Ontario","2011S0503535","Absorptions","Semi-detached units","Units","300","units","0","v1930550","24.1.3","28","","","","0"
"2023-04","Toronto, Ontario","2011S0503535","Unabsorbed inventory","Total units","Units","300","units","0","v1930777","24.2.1","396","","","","0"
"2023-04","Toronto, Ontario","2011S0503535","Unabsorbed inventory","Single detached units","Units","300","units","0","v1930806","24.2.2","376","","","","0"
"2023-04","Toronto, Ontario","2011S0503535","Unabsorbed inventory","Semi-detached units","Units","300","units","0","v1930835","24.2.3","20","","","","0"
"2023-05","Toronto, Ontario","2011S0503535","Absorptions","Total units","Units","300","units","0","v1930492","24.1.1","542","","","","0"
"2023-05","Toronto, Ontario","2011S0503535","Absorptions","Single detached units","Units","300","units","0","v1930521","24.1.2","472","","","","0"
"2023-05","Toronto, Ontario","2011S0503535","Absorptions","Semi-detached units","Units","300","units","0","v1930550","24.1.3","70","","","","0"
"2023-05","Toronto, Ontario","2011S0503535","Unabsorbed inventory","Total units","Units","300","units","0","v1930777","24.2.1","392","","","","0"
"2023-05","Toronto, Ontario","2011S0503535","Unabsorbed inventory","Single detached units","Units","300","units","0","v1930806","24.2.2","374","","","","0"
"2023-05","Toronto, Ontario","2011S0503535","Unabsorbed inventory","Semi-detached units","Units","300","units","0","v1930835","24.2.3","18","","","","0"
"2023-06","Toronto, Ontario","2011S0503535","Absorptions","Total units","Units","300","units","0","v1930492","24.1.1","561","","","","0"
"2023-06","Toronto, Ontario","2011S0503535","Absorptions","Single detached units","Units","300","units","0","v1930521","24.1.2","527","","","","0"
"2023-06","Toronto, Ontario","2011S0503535","Absorptions","Semi-detached units","Units","300","units","0","v1930550","24.1.3","34","","","","0"
"2023-06","Toronto, Ontario","2011S0503535","Unabsorbed inventory","Total units","Units","300","units","0","v1930777","24.2.1","397","","","","0"
"2023-06","Toronto, Ontario","2011S0503535","Unabsorbed inventory","Single detached units","Units","300","units","0","v1930806","24.2.2","373","","","","0"
"2023-06","Toronto, Ontario","2011S0503535","Unabsorbed inventory","Semi-detached units","Units","300","units","0","v1930835","24.2.3","24","","","","0"
"2023-07","Toronto, Ontario","2011S0503535","Absorptions","Total units","Units","300","units","0","v1930492","24.1.1","518","","","","0"
"2023-07","Toronto, Ontario","2011S0503535","Absorptions","Single detached units","Units","300","units","0","v1930521","24.1.2","489","","","","0"
"2023-07","Toronto, Ontario","2011S0503535","Absorptions","Semi-detached units","Units","300","units","0","v1930550","24.1.3","29","","","","0"
"2023-07","Toronto, Ontario","2011S0503535","Unabsorbed inventory","Total units","Units","300","units","0","v1930777","24.2.1","425","","","","0"
"2023-07","Toronto, Ontario","2011S0503535","Unabsorbed inventory","Single detached units","Units","300","units","0","v1930806","24.2.2","400","","","","0"
"2023-07","Toronto, Ontario","2011S0503535","Unabsorbed inventory","Semi-detached units","Units","300","units","0","v1930835","24.2.3","25","","","","0"
"2023-08","Toronto, Ontario","2011S0503535","Absorptions","Total units","Units","300","units","0","v1930492","24.1.1","415","","","","0"
"2023-08","Toronto, Ontario","2011S0503535","Absorptions","Single detached units","Units","300","units","0","v1930521","24.1.2","390","","","","0"
"2023-08","Toronto, Ontario","2011S0503535","Absorptions","Semi-detached units","Units","300","units","0","v1930550","24.1.3","25","","","","0"
"2023-08","Toronto, Ontario","2011S0503535","Unabsorbed inventory","Total units","Units","300","units","0","v1930777","24.2.1","544","","","","0"
"2023-08","Toronto, Ontario","2011S0503535","Unabsorbed inventory","Single detached units","Units","300","units","0","v1930806","24.2.2","524","","","","0"
"2023-08","Toronto, Ontario","2011S0503535","Unabsorbed inventory","Semi-detached units","Units","300","units","0","v1930835","24.2.3","20","","","","0"
"2023-09","Toronto, Ontario","2011S0503535","Absorptions","Total units","Units","300","units","0","v1930492","24.1.1","455","","","","0"
"2023-09","Toronto, Ontario","2011S0503535","Absorptions","Single detached units","Units","300","units","0","v1930521","24.1.2","425","","","","0"
"2023-09","Toronto, Ontario","2011S0503535","Absorptions","Semi-detached units","Units","300","units","0","v1930550","24.1.3","30","","","","0"
"2023-09","Toronto, Ontario","2011S0503535","Unabsorbed inventory","Total units","Units","300","units","0","v1930777","24.2.1","536","","","","0"
"2023-09","Toronto, Ontario","2011S0503535","Unabsorbed inventory","Single detached units","Units","300","units","0","v1930806","24.2.2","516","","","","0"
"2023-09","Toronto, Ontario","2011S0503535","Unabsorbed inventory","Semi-detached units","Units","300","units","0","v1930835","24.2.3","20","","","","0"
"2023-10","Toronto, Ontario","2011S0503535","Absorptions","Total units","Units","300","units","0","v1930492","24.1.1","549","","","","0"
"2023-10","Toronto, Ontario","2011S0503535","Absorptions","Single detached units","Units","300","units","0","v1930521","24.1.2","528","","","","0"
"2023-10","Toronto, Ontario","2011S0503535","Absorptions","Semi-detached units","Units","300","units","0","v1930550","24.1.3","21","","","","0"
"2023-10","Toronto, Ontario","2011S0503535","Unabsorbed inventory","Total units","Units","300","units","0","v1930777","24.2.1","560","","","","0"
"2023-10","Toronto, Ontario","2011S0503535","Unabsorbed inventory","Single detached units","Units","300","units","0","v1930806","24.2.2","541","","","","0"
"2023-10","Toronto, Ontario","2011S0503535","Unabsorbed inventory","Semi-detached units","Units","300","units","0","v1930835","24.2.3","19","","","","0"
"2023-11","Toronto, Ontario","2011S0503535","Absorptions","Total units","Units","300","units","0","v1930492","24.1.1","417","","","","0"
"2023-11","Toronto, Ontario","2011S0503535","Absorptions","Single detached units","Units","300","units","0","v1930521","24.1.2","405","","","","0"
"2023-11","Toronto, Ontario","2011S0503535","Absorptions","Semi-detached units","Units","300","units","0","v1930550","24.1.3","12","","","","0"
"2023-11","Toronto, Ontario","2011S0503535","Unabsorbed inventory","Total units","Units","300","units","0","v1930777","24.2.1","572","","","","0"
"2023-11","Toronto, Ontario","2011S0503535","Unabsorbed inventory","Single detached units","Units","300","units","0","v1930806","24.2.2","551","","","","0"
"2023-11","Toronto, Ontario","2011S0503535","Unabsorbed inventory","Semi-detached units","Units","300","units","0","v1930835","24.2.3","21","","","","0"
"2023-12","Toronto, Ontario","2011S0503535","Absorptions","Total units","Units","300","units","0","v1930492","24.1.1","414","","","","0"
"2023-12","Toronto, Ontario","2011S0503535","Absorptions","Single detached units","Units","300","units","0","v1930521","24.1.2","409","","","","0"
"2023-12","Toronto, Ontario","2011S0503535","Absorptions","Semi-detached units","Units","300","units","0","v1930550","24.1.3","5","","","","0"
"2023-12","Toronto, Ontario","2011S0503535","Unabsorbed inventory","Total units","Units","300","units","0","v1930777","24.2.1","566","","","","0"
"2023-12","Toronto, Ontario","2011S0503535","Unabsorbed inventory","Single detached units","Units","300","units","0","v1930806","24.2.2","546","","","","0"
"2023-12","Toronto, Ontario","2011S0503535","Unabsorbed inventory","Semi-detached units","Units","300","units","0","v1930835","24.2.3","20","","","","0"
"2024-01","Toronto, Ontario","2011S0503535","Absorptions","Total units","Units","300","units","0","v1930492","24.1.1","695","","","","0"
"2024-01","Toronto, Ontario","2011S0503535","Absorptions","Single detached units","Units","300","units","0","v1930521","24.1.2","662","","","","0"
"2024-01","Toronto, Ontario","2011S0503535","Absorptions","Semi-detached units","Units","300","units","0","v1930550","24.1.3","33","","","","0"
"2024-01","Toronto, Ontario","2011S0503535","Unabsorbed inventory","Total units","Units","300","units","0","v1930777","24.2.1","551","","","","0"
"2024-01","Toronto, Ontario","2011S0503535","Unabsorbed inventory","Single detached units","Units","300","units","0","v1930806","24.2.2","534","","","","0"
"2024-01","Toronto, Ontario","2011S0503535","Unabsorbed inventory","Semi-detached units","Units","300","units","0","v1930835","24.2.3","17","","","","0"
"2024-02","Toronto, Ontario","2011S0503535","Absorptions","Total units","Units","300","units","0","v1930492","24.1.1","550","","","","0"
"2024-02","Toronto, Ontario","2011S0503535","Absorptions","Single detached units","Units","300","units","0","v1930521","24.1.2","530","","","","0"
"2024-02","Toronto, Ontario","2011S0503535","Absorptions","Semi-detached units","Units","300","units","0","v1930550","24.1.3","20","","","","0"
"2024-02","Toronto, Ontario","2011S0503535","Unabsorbed inventory","Total units","Units","300","units","0","v1930777","24.2.1","454","","","","0"
"2024-02","Toronto, Ontario","2011S0503535","Unabsorbed inventory","Single detached units","Units","300","units","0","v1930806","24.2.2","437","","","","0"
"2024-02","Toronto, Ontario","2011S0503535","Unabsorbed inventory","Semi-detached units","Units","300","units","0","v1930835","24.2.3","17","","","","0"
"2024-03","Toronto, Ontario","2011S0503535","Absorptions","Total units","Units","300","units","0","v1930492","24.1.1","476","","","","0"
"2024-03","Toronto, Ontario","2011S0503535","Absorptions","Single detached units","Units","300","units","0","v1930521","24.1.2","447","","","","0"
"2024-03","Toronto, Ontario","2011S0503535","Absorptions","Semi-detached units","Units","300","units","0","v1930550","24.1.3","29","","","","0"
"2024-03","Toronto, Ontario","2011S0503535","Unabsorbed inventory","Total units","Units","300","units","0","v1930777","24.2.1","458","","","","0"
"2024-03","Toronto, Ontario","2011S0503535","Unabsorbed inventory","Single detached units","Units","300","units","0","v1930806","24.2.2","442","","","","0"
"2024-03","Toronto, Ontario","2011S0503535","Unabsorbed inventory","Semi-detached units","Units","300","units","0","v1930835","24.2.3","16","","","","0"
"2024-04","Toronto, Ontario","2011S0503535","Absorptions","Total units","Units","300","units","0","v1930492","24.1.1","453","","","","0"
"2024-04","Toronto, Ontario","2011S0503535","Absorptions","Single detached units","Units","300","units","0","v1930521","24.1.2","438","","","","0"
"2024-04","Toronto, Ontario","2011S0503535","Absorptions","Semi-detached units","Units","300","units","0","v1930550","24.1.3","15","","","","0"
"2024-04","Toronto, Ontario","2011S0503535","Unabsorbed inventory","Total units","Units","300","units","0","v1930777","24.2.1","429","","","","0"
"2024-04","Toronto, Ontario","2011S0503535","Unabsorbed inventory","Single detached units","Units","300","units","0","v1930806","24.2.2","414","","","","0"
"2024-04","Toronto, Ontario","2011S0503535","Unabsorbed inventory","Semi-detached units","Units","300","units","0","v1930835","24.2.3","15","","","","0"
"2024-05","Toronto, Ontario","2011S0503535","Absorptions","Total units","Units","300","units","0","v1930492","24.1.1","484","","","","0"
"2024-05","Toronto, Ontario","2011S0503535","Absorptions","Single detached units","Units","300","units","0","v1930521","24.1.2","455","","","","0"
"2024-05","Toronto, Ontario","2011S0503535","Absorptions","Semi-detached units","Units","300","units","0","v1930550","24.1.3","29","","","","0"
"2024-05","Toronto, Ontario","2011S0503535","Unabsorbed inventory","Total units","Units","300","units","0","v1930777","24.2.1","433","","","","0"
"2024-05","Toronto, Ontario","2011S0503535","Unabsorbed inventory","Single detached units","Units","300","units","0","v1930806","24.2.2","419","","","","0"
"2024-05","Toronto, Ontario","2011S0503535","Unabsorbed inventory","Semi-detached units","Units","300","units","0","v1930835","24.2.3","14","","","","0"
"2024-06","Toronto, Ontario","2011S0503535","Absorptions","Total units","Units","300","units","0","v1930492","24.1.1","309","","","","0"
"2024-06","Toronto, Ontario","2011S0503535","Absorptions","Single detached units","Units","300","units","0","v1930521","24.1.2","280","","","","0"
"2024-06","Toronto, Ontario","2011S0503535","Absorptions","Semi-detached units","Units","300","units","0","v1930550","24.1.3","29","","","","0"
"2024-06","Toronto, Ontario","2011S0503535","Unabsorbed inventory","Total units","Units","300","units","0","v1930777","24.2.1","431","","","","0"
"2024-06","Toronto, Ontario","2011S0503535","Unabsorbed inventory","Single detached units","Units","300","units","0","v1930806","24.2.2","418","","","","0"
"2024-06","Toronto, Ontario","2011S0503535","Unabsorbed inventory","Semi-detached units","Units","300","units","0","v1930835","24.2.3","13","","","","0"
"2024-07","Toronto, Ontario","2011S0503535","Absorptions","Total units","Units","300","units","0","v1930492","24.1.1","316","","","","0"
"2024-07","Toronto, Ontario","2011S0503535","Absorptions","Single detached units","Units","300","units","0","v1930521","24.1.2","299","","","","0"
"2024-07","Toronto, Ontario","2011S0503535","Absorptions","Semi-detached units","Units","300","units","0","v1930550","24.1.3","17","","","","0"
"2024-07","Toronto, Ontario","2011S0503535","Unabsorbed inventory","Total units","Units","300","units","0","v1930777","24.2.1","431","","","","0"
"2024-07","Toronto, Ontario","2011S0503535","Unabsorbed inventory","Single detached units","Units","300","units","0","v1930806","24.2.2","417","","","","0"
"2024-07","Toronto, Ontario","2011S0503535","Unabsorbed inventory","Semi-detached units","Units","300","units","0","v1930835","24.2.3","14","","","","0"
"2024-08","Toronto, Ontario","2011S0503535","Absorptions","Total units","Units","300","units","0","v1930492","24.1.1","328","","","","0"
"2024-08","Toronto, Ontario","2011S0503535","Absorptions","Single detached units","Units","300","units","0","v1930521","24.1.2","317","","","","0"
"2024-08","Toronto, Ontario","2011S0503535","Absorptions","Semi-detached units","Units","300","units","0","v1930550","24.1.3","11","","","","0"
"2024-08","Toronto, Ontario","2011S0503535","Unabsorbed inventory","Total units","Units","300","units","0","v1930777","24.2.1","414","","","","0"
"2024-08","Toronto, Ontario","2011S0503535","Unabsorbed inventory","Single detached units","Units","300","units","0","v1930806","24.2.2","401","","","","0"
"2024-08","Toronto, Ontario","2011S0503535","Unabsorbed inventory","Semi-detached units","Units","300","units","0","v1930835","24.2.3","13","","","","0"
"2024-09","Toronto, Ontario","2011S0503535","Absorptions","Total units","Units","300","units","0","v1930492","24.1.1","317","","","","0"
"2024-09","Toronto, Ontario","2011S0503535","Absorptions","Single detached units","Units","300","units","0","v1930521","24.1.2","272","","","","0"
"2024-09","Toronto, Ontario","2011S0503535","Absorptions","Semi-detached units","Units","300","units","0","v1930550","24.1.3","45","","","","0"
"2024-09","Toronto, Ontario","2011S0503535","Unabsorbed inventory","Total units","Units","300","units","0","v1930777","24.2.1","426","","","","0"
"2024-09","Toronto, Ontario","2011S0503535","Unabsorbed inventory","Single detached units","Units","300","units","0","v1930806","24.2.2","408","","","","0"
"2024-09","Toronto, Ontario","2011S0503535","Unabsorbed inventory","Semi-detached units","Units","300","units","0","v1930835","24.2.3","18","","","","0"
"2024-10","Toronto, Ontario","2011S0503535","Absorptions","Total units","Units","300","units","0","v1930492","24.1.1","326","","","","0"
"2024-10","Toronto, Ontario","2011S0503535","Absorptions","Single detached units","Units","300","units","0","v1930521","24.1.2","288","","","","0"
"2024-10","Toronto, Ontario","2011S0503535","Absorptions","Semi-detached units","Units","300","units","0","v1930550","24.1.3","38","","","","0"
"2024-10","Toronto, Ontario","2011S0503535","Unabsorbed inventory","Total units","Units","300","units","0","v1930777","24.2.1","436","","","","0"
"2024-10","Toronto, Ontario","2011S0503535","Unabsorbed inventory","Single detached units","Units","300","units","0","v1930806","24.2.2","416","","","","0"
"2024-10","Toronto, Ontario","2011S0503535","Unabsorbed inventory","Semi-detached units","Units","300","units","0","v1930835","24.2.3","20","","","","0"
"2024-11","Toronto, Ontario","2011S0503535","Absorptions","Total units","Units","300","units","0","v1930492","24.1.1","293","","","","0"
"2024-11","Toronto, Ontario","2011S0503535","Absorptions","Single detached units","Units","300","units","0","v1930521","24.1.2","224","","","","0"
"2024-11","Toronto, Ontario","2011S0503535","Absorptions","Semi-detached units","Units","300","units","0","v1930550","24.1.3","69","","","","0"
"2024-11","Toronto, Ontario","2011S0503535","Unabsorbed inventory","Total units","Units","300","units","0","v1930777","24.2.1","462","","","","0"
"2024-11","Toronto, Ontario","2011S0503535","Unabsorbed inventory","Single detached units","Units","300","units","0","v1930806","24.2.2","445","","","","0"
"2024-11","Toronto, Ontario","2011S0503535","Unabsorbed inventory","Semi-detached units","Units","300","units","0","v1930835","24.2.3","17","","","","0"
"2024-12","Toronto, Ontario","2011S0503535","Absorptions","Total units","Units","300","units","0","v1930492","24.1.1","349","","","","0"
"2024-12","Toronto, Ontario","2011S0503535","Absorptions","Single detached units","Units","300","units","0","v1930521","24.1.2","326","","","","0"
"2024-12","Toronto, Ontario","2011S0503535","Absorptions","Semi-detached units","Units","300","units","0","v1930550","24.1.3","23","","","","0"
"2024-12","Toronto, Ontario","2011S0503535","Unabsorbed inventory","Total units","Units","300","units","0","v1930777","24.2.1","425","","","","0"
"2024-12","Toronto, Ontario","2011S0503535","Unabsorbed inventory","Single detached units","Units","300","units","0","v1930806","24.2.2","411","","","","0"
"2024-12","Toronto, Ontario","2011S0503535","Unabsorbed inventory","Semi-detached units","Units","300","units","0","v1930835","24.2.3","14","","","","0"
"2025-01","Toronto, Ontario","2011S0503535","Absorptions","Total units","Units","300","units","0","v1930492","24.1.1","358","","","","0"
"2025-01","Toronto, Ontario","2011S0503535","Absorptions","Single detached units","Units","300","units","0","v1930521","24.1.2","334","","","","0"
"2025-01","Toronto, Ontario","2011S0503535","Absorptions","Semi-detached units","Units","300","units","0","v1930550","24.1.3","24","","","","0"
"2025-01","Toronto, Ontario","2011S0503535","Unabsorbed inventory","Total units","Units","300","units","0","v1930777","24.2.1","433","","","","0"
"2025-01","Toronto, Ontario","2011S0503535","Unabsorbed inventory","Single detached units","Units","300","units","0","v1930806","24.2.2","421","","","","0"
"2025-01","Toronto, Ontario","2011S0503535","Unabsorbed inventory","Semi-detached units","Units","300","units","0","v1930835","24.2.3","12","","","","0"
"2025-02","Toronto, Ontario","2011S0503535","Absorptions","Total units","Units","300","units","0","v1930492","24.1.1","334","","","","0"
"2025-02","Toronto, Ontario","2011S0503535","Absorptions","Single detached units","Units","300","units","0","v1930521","24.1.2","318","","","","0"
"2025-02","Toronto, Ontario","2011S0503535","Absorptions","Semi-detached units","Units","300","units","0","v1930550","24.1.3","16","","","","0"
"2025-02","Toronto, Ontario","2011S0503535","Unabsorbed inventory","Total units","Units","300","units","0","v1930777","24.2.1","427","","","","0"
"2025-02","Toronto, Ontario","2011S0503535","Unabsorbed inventory","Single detached units","Units","300","units","0","v1930806","24.2.2","415","","","","0"
"2025-02","Toronto, Ontario","2011S0503535","Unabsorbed inventory","Semi-detached units","Units","300","units","0","v1930835","24.2.3","12","","","","0"
"2025-03","Toronto, Ontario","2011S0503535","Absorptions","Total units","Units","300","units","0","v1930492","24.1.1","488","","","","0"
"2025-03","Toronto, Ontario","2011S0503535","Absorptions","Single detached units","Units","300","units","0","v1930521","24.1.2","421","","","","0"
"2025-03","Toronto, Ontario","2011S0503535","Absorptions","Semi-detached units","Units","300","units","0","v1930550","24.1.3","67","","","","0"
"2025-03","Toronto, Ontario","2011S0503535","Unabsorbed inventory","Total units","Units","300","units","0","v1930777","24.2.1","497","","","","0"
"2025-03","Toronto, Ontario","2011S0503535","Unabsorbed inventory","Single detached units","Units","300","units","0","v1930806","24.2.2","462","","","","0"
"2025-03","Toronto, Ontario","2011S0503535","Unabsorbed inventory","Semi-detached units","Units","300","units","0","v1930835","24.2.3","35","","","","0"
"2025-04","Toronto, Ontario","2011S0503535","Absorptions","Total units","Units","300","units","0","v1930492","24.1.1","446","","","","0"
"2025-04","Toronto, Ontario","2011S0503535","Absorptions","Single detached units","Units","300","units","0","v1930521","24.1.2","404","","","","0"
"2025-04","Toronto, Ontario","2011S0503535","Absorptions","Semi-detached units","Units","300","units","0","v1930550","24.1.3","42","","","","0"
"2025-04","Toronto, Ontario","2011S0503535","Unabsorbed inventory","Total units","Units","300","units","0","v1930777","24.2.1","486","","","","0"
"2025-04","Toronto, Ontario","2011S0503535","Unabsorbed inventory","Single detached units","Units","300","units","0","v1930806","24.2.2","471","","","","0"
"2025-04","Toronto, Ontario","2011S0503535","Unabsorbed inventory","Semi-detached units","Units","300","units","0","v1930835","24.2.3","15","","","","0"
"2025-05","Toronto, Ontario","2011S0503535","Absorptions","Total units","Units","300","units","0","v1930492","24.1.1","284","","","","0"
"2025-05","Toronto, Ontario","2011S0503535","Absorptions","Single detached units","Units","300","units","0","v1930521","24.1.2","266","","","","0"
"2025-05","Toronto, Ontario","2011S0503535","Absorptions","Semi-detached units","Units","300","units","0","v1930550","24.1.3","18","","","","0"
"2025-05","Toronto, Ontario","2011S0503535","Unabsorbed inventory","Total units","Units","300","units","0","v1930777","24.2.1","467","","","","0"
"2025-05","Toronto, Ontario","2011S0503535","Unabsorbed inventory","Single detached units","Units","300","units","0","v1930806","24.2.2","442","","","","0"
"2025-05","Toronto, Ontario","2011S0503535","Unabsorbed inventory","Semi-detached units","Units","300","units","0","v1930835","24.2.3","25","","","","0"
"2025-06","Toronto, Ontario","2011S0503535","Absorptions","Total units","Units","300","units","0","v1930492","24.1.1","315","","","","0"
"2025-06","Toronto, Ontario","2011S0503535","Absorptions","Single detached units","Units","300","units","0","v1930521","24.1.2","292","","","","0"
"2025-06","Toronto, Ontario","2011S0503535","Absorptions","Semi-detached units","Units","300","units","0","v1930550","24.1.3","23","","","","0"
"2025-06","Toronto, Ontario","2011S0503535","Unabsorbed inventory","Total units","Units","300","units","0","v1930777","24.2.1","448","","","","0"
"2025-06","Toronto, Ontario","2011S0503535","Unabsorbed inventory","Single detached units","Units","300","units","0","v1930806","24.2.2","416","","","","0"
"2025-06","Toronto, Ontario","2011S0503535","Unabsorbed inventory","Semi-detached units","Units","300","units","0","v1930835","24.2.3","32","","","","0"
"2025-07","Toronto, Ontario","2011S0503535","Absorptions","Total units","Units","300","units","0","v1930492","24.1.1","224","","","","0"
"2025-07","Toronto, Ontario","2011S0503535","Absorptions","Single detached units","Units","300","units","0","v1930521","24.1.2","204","","","","0"
"2025-07","Toronto, Ontario","2011S0503535","Absorptions","Semi-detached units","Units","300","units","0","v1930550","24.1.3","20","","","","0"
"2025-07","Toronto, Ontario","2011S0503535","Unabsorbed inventory","Total units","Units","300","units","0","v1930777","24.2.1","492","","","","0"
"2025-07","Toronto, Ontario","2011S0503535","Unabsorbed inventory","Single detached units","Units","300","units","0","v1930806","24.2.2","458","","","","0"
"2025-07","Toronto, Ontario","2011S0503535","Unabsorbed inventory","Semi-detached units","Units","300","units","0","v1930835","24.2.3","34","","","","0"
"2025-08","Toronto, Ontario","2011S0503535","Absorptions","Total units","Units","300","units","0","v1930492","24.1.1","459","","","","0"
"2025-08","Toronto, Ontario","2011S0503535","Absorptions","Single detached units","Units","300","units","0","v1930521","24.1.2","425","","","","0"
"2025-08","Toronto, Ontario","2011S0503535","Absorptions","Semi-detached units","Units","300","units","0","v1930550","24.1.3","34","","","","0"
"2025-08","Toronto, Ontario","2011S0503535","Unabsorbed inventory","Total units","Units","300","units","0","v1930777","24.2.1","469","","","","0"
"2025-08","Toronto, Ontario","2011S0503535","Unabsorbed inventory","Single detached units","Units","300","units","0","v1930806","24.2.2","439","","","","0"
"2025-08","Toronto, Ontario","2011S0503535","Unabsorbed inventory","Semi-detached units","Units","300","units","0","v1930835","24.2.3","30","","","","0"
"2025-09","Toronto, Ontario","2011S0503535","Absorptions","Total units","Units","300","units","0","v1930492","24.1.1","217","","","","0"
"2025-09","Toronto, Ontario","2011S0503535","Absorptions","Single detached units","Units","300","units","0","v1930521","24.1.2","202","","","","0"
"2025-09","Toronto, Ontario","2011S0503535","Absorptions","Semi-detached units","Units","300","units","0","v1930550","24.1.3","15","","","","0"
"2025-09","Toronto, Ontario","2011S0503535","Unabsorbed inventory","Total units","Units","300","units","0","v1930777","24.2.1","502","","","","0"
"2025-09","Toronto, Ontario","2011S0503535","Unabsorbed inventory","Single detached units","Units","300","units","0","v1930806","24.2.2","473","","","","0"
"2025-09","Toronto, Ontario","2011S0503535","Unabsorbed inventory","Semi-detached units","Units","300","units","0","v1930835","24.2.3","29","","","","0"
"2025-10","Toronto, Ontario","2011S0503535","Absorptions","Total units","Units","300","units","0","v1930492","24.1.1","281","","","","0"
"2025-10","Toronto, Ontario","2011S0503535","Absorptions","Single detached units","Units","300","units","0","v1930521","24.1.2","246","","","","0"
"2025-10","Toronto, Ontario","2011S0503535","Absorptions","Semi-detached units","Units","300","units","0","v1930550","24.1.3","35","","","","0"
"2025-10","Toronto, Ontario","2011S0503535","Unabsorbed inventory","Total units","Units","300","units","0","v1930777","24.2.1","487","","","","0"
"2025-10","Toronto, Ontario","2011S0503535","Unabsorbed inventory","Single detached units","Units","300","units","0","v1930806","24.2.2","459","","","","0"
"2025-10","Toronto, Ontario","2011S0503535","Unabsorbed inventory","Semi-detached units","Units","300","units","0","v1930835","24.2.3","28","","","","0"
"2025-11","Toronto, Ontario","2011S0503535","Absorptions","Total units","Units","300","units","0","v1930492","24.1.1","289","","","","0"
"2025-11","Toronto, Ontario","2011S0503535","Absorptions","Single detached units","Units","300","units","0","v1930521","24.1.2","277","","","","0"
"2025-11","Toronto, Ontario","2011S0503535","Absorptions","Semi-detached units","Units","300","units","0","v1930550","24.1.3","12","","","","0"
"2025-11","Toronto, Ontario","2011S0503535","Unabsorbed inventory","Total units","Units","300","units","0","v1930777","24.2.1","511","","","","0"
"2025-11","Toronto, Ontario","2011S0503535","Unabsorbed inventory","Single detached units","Units","300","units","0","v1930806","24.2.2","487","","","","0"
"2025-11","Toronto, Ontario","2011S0503535","Unabsorbed inventory","Semi-detached units","Units","300","units","0","v1930835","24.2.3","24","","","","0"
"2025-12","Toronto, Ontario","2011S0503535","Absorptions","Total units","Units","300","units","0","v1930492","24.1.1","234","","","","0"
"2025-12","Toronto, Ontario","2011S0503535","Absorptions","Single detached units","Units","300","units","0","v1930521","24.1.2","226","","","","0"
"2025-12","Toronto, Ontario","2011S0503535","Absorptions","Semi-detached units","Units","300","units","0","v1930550","24.1.3","8","","","","0"
"2025-12","Toronto, Ontario","2011S0503535","Unabsorbed inventory","Total units","Units","300","units","0","v1930777","24.2.1","520","","","","0"
"2025-12","Toronto, Ontario","2011S0503535","Unabsorbed inventory","Single detached units","Units","300","units","0","v1930806","24.2.2","498","","","","0"
"2025-12","Toronto, Ontario","2011S0503535","Unabsorbed inventory","Semi-detached units","Units","300","units","0","v1930835","24.2.3","22","","","","0"
"2026-01","Toronto, Ontario","2011S0503535","Absorptions","Total units","Units","300","units","0","v1930492","24.1.1","200","","","","0"
"2026-01","Toronto, Ontario","2011S0503535","Absorptions","Single detached units","Units","300","units","0","v1930521","24.1.2","198","","","","0"
"2026-01","Toronto, Ontario","2011S0503535","Absorptions","Semi-detached units","Units","300","units","0","v1930550","24.1.3","2","","","","0"
"2026-01","Toronto, Ontario","2011S0503535","Unabsorbed inventory","Total units","Units","300","units","0","v1930777","24.2.1","498","","","","0"
"2026-01","Toronto, Ontario","2011S0503535","Unabsorbed inventory","Single detached units","Units","300","units","0","v1930806","24.2.2","474","","","","0"
"2026-01","Toronto, Ontario","2011S0503535","Unabsorbed inventory","Semi-detached units","Units","300","units","0","v1930835","24.2.3","24","","","","0"
"2026-02","Toronto, Ontario","2011S0503535","Absorptions","Total units","Units","300","units","0","v1930492","24.1.1","311","","","","0"
"2026-02","Toronto, Ontario","2011S0503535","Absorptions","Single detached units","Units","300","units","0","v1930521","24.1.2","309","","","","0"
"2026-02","Toronto, Ontario","2011S0503535","Absorptions","Semi-detached units","Units","300","units","0","v1930550","24.1.3","2","","","","0"
"2026-02","Toronto, Ontario","2011S0503535","Unabsorbed inventory","Total units","Units","300","units","0","v1930777","24.2.1","504","","","","0"
"2026-02","Toronto, Ontario","2011S0503535","Unabsorbed inventory","Single detached units","Units","300","units","0","v1930806","24.2.2","480","","","","0"
"2026-02","Toronto, Ontario","2011S0503535","Unabsorbed inventory","Semi-detached units","Units","300","units","0","v1930835","24.2.3","24","","","","0"
"2026-03","Toronto, Ontario","2011S0503535","Absorptions","Total units","Units","300","units","0","v1930492","24.1.1","289","","","","0"
"2026-03","Toronto, Ontario","2011S0503535","Absorptions","Single detached units","Units","300","units","0","v1930521","24.1.2","286","","","","0"
"2026-03","Toronto, Ontario","2011S0503535","Absorptions","Semi-detached units","Units","300","units","0","v1930550","24.1.3","3","","","","0"
"2026-03","Toronto, Ontario","2011S0503535","Unabsorbed inventory","Total units","Units","300","units","0","v1930777","24.2.1","485","","","","0"
"2026-03","Toronto, Ontario","2011S0503535","Unabsorbed inventory","Single detached units","Units","300","units","0","v1930806","24.2.2","462","","","","0"
"2026-03","Toronto, Ontario","2011S0503535","Unabsorbed inventory","Semi-detached units","Units","300","units","0","v1930835","24.2.3","23","","","","0"
"2026-04","Toronto, Ontario","2011S0503535","Absorptions","Total units","Units","300","units","0","v1930492","24.1.1","281","","","","0"
"2026-04","Toronto, Ontario","2011S0503535","Absorptions","Single detached units","Units","300","units","0","v1930521","24.1.2","270","","","","0"
"2026-04","Toronto, Ontario","2011S0503535","Absorptions","Semi-detached units","Units","300","units","0","v1930550","24.1.3","11","","","","0"
"2026-04","Toronto, Ontario","2011S0503535","Unabsorbed inventory","Total units","Units","300","units","0","v1930777","24.2.1","494","","","","0"
"2026-04","Toronto, Ontario","2011S0503535","Unabsorbed inventory","Single detached units","Units","300","units","0","v1930806","24.2.2","466","","","","0"
"2026-04","Toronto, Ontario","2011S0503535","Unabsorbed inventory","Semi-detached units","Units","300","units","0","v1930835","24.2.3","28","","","","0"
"2026-05","Toronto, Ontario","2011S0503535","Absorptions","Total units","Units","300","units","0","v1930492","24.1.1","325","","","","0"
"2026-05","Toronto, Ontario","2011S0503535","Absorptions","Single detached units","Units","300","units","0","v1930521","24.1.2","319","","","","0"
"2026-05","Toronto, Ontario","2011S0503535","Absorptions","Semi-detached units","Units","300","units","0","v1930550","24.1.3","6","","","","0"
"2026-05","Toronto, Ontario","2011S0503535","Unabsorbed inventory","Total units","Units","300","units","0","v1930777","24.2.1","584","","","","0"
"2026-05","Toronto, Ontario","2011S0503535","Unabsorbed inventory","Single detached units","Units","300","units","0","v1930806","24.2.2","558","","","","0"
"2026-05","Toronto, Ontario","2011S0503535","Unabsorbed inventory","Semi-detached units","Units","300","units","0","v1930835","24.2.3","26","","","","0"
"2026-06","Toronto, Ontario","2011S0503535","Absorptions","Total units","Units","300","units","0","v1930492","24.1.1","262","","","","0"
"2026-06","Toronto, Ontario","2011S0503535","Absorptions","Single detached units","Units","300","units","0","v1930521","24.1.2","248","","","","0"
"2026-06","Toronto, Ontario","2011S0503535","Absorptions","Semi-detached units","Units","300","units","0","v1930550","24.1.3","14","","","","0"
"2026-06","Toronto, Ontario","2011S0503535","Unabsorbed inventory","Total units","Units","300","units","0","v1930777","24.2.1","568","","","","0"
"2026-06","Toronto, Ontario","2011S0503535","Unabsorbed inventory","Single detached units","Units","300","units","0","v1930806","24.2.2","544","","","","0"
"2026-06","Toronto, Ontario","2011S0503535","Unabsorbed inventory","Semi-detached units","Units","300","units","0","v1930835","24.2.3","24","","","","0"
"2026-07","Toronto, Ontario","2011S0503535","Absorptions","Total units","Units","300","units","0","v1930492","24.1.1","243","","","","0"
"2026-07","Toronto, Ontario","2011S0503535","Absorptions","Single detached units","Units","300","units","0","v1930521","24.1.2","242","","","","0"
"2026-07","Toronto, Ontario","2011S0503535","Absorptions","Semi-detached units","Units","300","units","0","v1930550","24.1.3","1","","","","0"
"2026-07","Toronto, Ontario","2011S0503535","Unabsorbed inventory","Total units","Units","300","units","0","v1930777","24.2.1","585","","","","0"
"2026-07","Toronto, Ontario","2011S0503535","Unabsorbed inventory","Single detached units","Units","300","units","0","v1930806","24.2.2","560","","","","0"
"2026-07","Toronto, Ontario","2011S0503535","Unabsorbed inventory","Semi-detached units","Units","300","units","0","v1930835","24.2.3","25","","","","0"
"2026-08","Toronto, Ontario","2011S0503535","Absorptions","Total units","Units","300","units","0","v1930492","24.1.1","240","","","","0"
"2026-08","Toronto, Ontario","2011S0503535","Absorptions","Single detached units","Units","300","units","0","v1930521","24.1.2","237","","","","0"
"2026-08","Toronto, Ontario","2011S0503535","Absorptions","Semi-detached units","Units","300","units","0","v1930550","24.1.3","3","","","","0"
"2026-08","Toronto, Ontario","2011S0503535","Unabsorbed inventory","Total units","Units","300","units","0","v1930777","24.2.1","534","","","","0"
"2026-08","Toronto, Ontario","2011S0503535","Unabsorbed inventory","Single detached units","Units","300","units","0","v1930806","24.2.2","508","","","","0"
"2026-08","Toronto, Ontario","2011S0503535","Unabsorbed inventory","Semi-detached units","Units","300","units","0","v1930835","24.2.3","26","","","","0"