"REF_DATE","GEO","DGUID","Type of unit","UOM","UOM_ID","SCALAR_FACTOR","SCALAR_ID","VECTOR","COORDINATE","VALUE","STATUS","SYMBOL","TERMINATED","DECIMALS"
"1990-01","Ontario","2016A000235","Total units","Units","300","thousands","3","v52299938","9.1","103.751","","","","3"
"1990-01","Ontario","2016A000235","Single-detached units","Units","300","thousands","3","v52299939","9.2","56.840","","","","3"
"1990-01","Ontario","2016A000235","Multiples","Units","300","thousands","3","v52299943","9.3","46.911","","","","3"
"1990-01","Ontario","2016A000235","Semi-detached units","Units","300","thousands","3","v52299940","9.4","3.066","","","","3"
"1990-01","Ontario","2016A000235","Row units","Units","300","thousands","3","v52299941","9.5","15.033","","","","3"
"1990-01","Ontario","2016A000235","Apartment and other unit types","Units","300","thousands","3","v52299942","9.6","28.812","","","","3"
"1990-01","Toronto, Ontario","2011S0503535","Total units","Units","300","thousands","3","v52299977","10.1","34.435","","","","3"
"1990-01","Toronto, Ontario","2011S0503535","Single-detached units","Units","300","thousands","3","v52299978","10.2","14.539","","","","3"
"1990-01","Toronto, Ontario","2011S0503535","Multiples","Units","300","thousands","3","v52299979","10.3","19.896","","","","3"
"1990-02","Ontario","2016A000235","Total units","Units","300","thousands","3","v52299938","9.1","64.531","","","","3"
"1990-02","Ontario","2016A000235","Single-detached units","Units","300","thousands","3","v52299939","9.2","39.316","","","","3"
"1990-02","Ontario","2016A000235","Multiples","Units","300","thousands","3","v52299943","9.3","25.215","","","","3"
"1990-02","Ontario","2016A000235","Semi-detached units","Units","300","thousands","3","v52299940","9.4","2.403","","","","3"
"1990-02","Ontario","2016A000235","Row units","Units","300","thousands","3","v52299941","9.5","10.308","","","","3"
"1990-02","Ontario","2016A000235","Apartment and other unit types","Units","300","thousands","3","v52299942","9.6","12.504","","","","3"
"1990-02","Toronto, Ontario","2011S0503535","Total units","Units","300","thousands","3","v52299977","10.1","23.054","","","","3"
"1990-02","Toronto, Ontario","2011S0503535","Single-detached units","Units","300","thousands","3","v52299978","10.2","9.938","","","","3"
"1990-02","Toronto, Ontario","2011S0503535","Multiples","Units","300","thousands","3","v52299979","10.3","13.116","","","","3"
"1990-03","Ontario","2016A000235","Total units","Units","300","thousands","3","v52299938","9.1","81.969","","","","3"
"1990-03","Ontario","2016A000235","Single-detached units","Units","300","thousands","3","v52299939","9.2","39.852","","","","3"
"1990-03","Ontario","2016A000235","Multiples","Units","300","thousands","3","v52299943","9.3","42.117","","","","3"
"1990-03","Ontario","2016A000235","Semi-detached units","Units","300","thousands","3","v52299940","9.4","2.313","","","","3"
"1990-03","Ontario","2016A000235","Row units","Units","300","thousands","3","v52299941","9.5","10.212","","","","3"
"1990-03","Ontario","2016A000235","Apartment and other unit types","Units","300","thousands","3","v52299942","9.6","29.592","","","","3"
"1990-03","Toronto, Ontario","2011S0503535","Total units","Units","300","thousands","3","v52299977","10.1","28.230","","","","3"
"1990-03","Toronto, Ontario","2011S0503535","Single-detached units","Units","300","thousands","3","v52299978","10.2","10.182","","","","3"
"1990-03","Toronto, Ontario","2011S0503535","Multiples","Units","300","thousands","3","v52299979","10.3","18.048","","","","3"
"1990-04","Ontario","2016A000235","Total units","Units","300","thousands","3","v52299938","9.1","60.403","","","","3"
"1990-04","Ontario","2016A000235","Single-detached units","Units","300","thousands","3","v52299939","9.2","29.878","","","","3"
"1990-04","Ontario","2016A000235","Multiples","Units","300","thousands","3","v52299943","9.3","30.525","","","","3"
"1990-04","Ontario","2016A000235","Semi-detached units","Units","300","thousands","3","v52299940","9.4","1.364","","","","3"
"1990-04","Ontario","2016A000235","Row units","Units","300","thousands","3","v52299941","9.5","7.765","","","","3"
"1990-04","Ontario","2016A000235","Apartment and other unit types","Units","300","thousands","3","v52299942","9.6","21.396","","","","3"
"1990-04","Toronto, Ontario","2011S0503535","Total units","Units","300","thousands","3","v52299977","10.1","20.666","","","","3"
"1990-04","Toronto, Ontario","2011S0503535","Single-detached units","Units","300","thousands","3","v52299978","10.2","7.178","","","","3"
"1990-04","Toronto, Ontario","2011S0503535","Multiples","Units","300","thousands","3","v52299979","10.3","13.488","","","","3"
"1990-05","Ontario","2016A000235","Total units","Units","300","thousands","3","v52299938","9.1","67.318","","","","3"
"1990-05","Ontario","2016A000235","Single-detached units","Units","300","thousands","3","v52299939","9.2","27.344","","","","3"
"1990-05","Ontario","2016A000235","Multiples","Units","300","thousands","3","v52299943","9.3","39.974","","","","3"
"1990-05","Ontario","2016A000235","Semi-detached units","Units","300","thousands","3","v52299940","9.4","2.449","","","","3"
"1990-05","Ontario","2016A000235","Row units","Units","300","thousands","3","v52299941","9.5","9.793","","","","3"
"1990-05","Ontario","2016A000235","Apartment and other unit types","Units","300","thousands","3","v52299942","9.6","27.732","","","","3"
"1990-05","Toronto, Ontario","2011S0503535","Total units","Units","300","thousands","3","v52299977","10.1","21.509","","","","3"
"1990-05","Toronto, Ontario","2011S0503535","Single-detached units","Units","300","thousands","3","v52299978","10.2","6.233","","","","3"
"1990-05","Toronto, Ontario","2011S0503535","Multiples","Units","300","thousands","3","v52299979","10.3","15.276","","","","3"
"1990-06","Ontario","2016A000235","Total units","Units","300","thousands","3","v52299938","9.1","48.151","","","","3"
"1990-06","Ontario","2016A000235","Single-detached units","Units","300","thousands","3","v52299939","9.2","21.856","","","","3"
"1990-06","Ontario","2016A000235","Multiples","Units","300","thousands","3","v52299943","9.3","26.295","","","","3"
"1990-06","Ontario","2016A000235","Semi-detached units","Units","300","thousands","3","v52299940","9.4","3.130","","","","3"
"1990-06","Ontario","2016A000235","Row units","Units","300","thousands","3","v52299941","9.5","7.877","","","","3"
"1990-06","Ontario","2016A000235","Apartment and other unit types","Units","300","thousands","3","v52299942","9.6","15.288","","","","3"
"1990-06","Toronto, Ontario","2011S0503535","Total units","Units","300","thousands","3","v52299977","10.1","9.076","","","","3"
"1990-06","Toronto, Ontario","2011S0503535","Single-detached units","Units","300","thousands","3","v52299978","10.2","5.944","","","","3"
"1990-06","Toronto, Ontario","2011S0503535","Multiples","Units","300","thousands","3","v52299979","10.3","3.132","","","","3"
"1990-07","Ontario","2016A000235","Total units","Units","300","thousands","3","v52299938","9.1","61.746","","","","3"
"1990-07","Ontario","2016A000235","Single-detached units","Units","300","thousands","3","v52299939","9.2","20.712","","","","3"
"1990-07","Ontario","2016A000235","Multiples","Units","300","thousands","3","v52299943","9.3","41.034","","","","3"
"1990-07","Ontario","2016A000235","Semi-detached units","Units","300","thousands","3","v52299940","9.4","2.134","","","","3"
"1990-07","Ontario","2016A000235","Row units","Units","300","thousands","3","v52299941","9.5","6.008","","","","3"
"1990-07","Ontario","2016A000235","Apartment and other unit types","Units","300","thousands","3","v52299942","9.6","32.892","","","","3"
"1990-07","Toronto, Ontario","2011S0503535","Total units","Units","300","thousands","3","v52299977","10.1","26.061","","","","3"
"1990-07","Toronto, Ontario","2011S0503535","Single-detached units","Units","300","thousands","3","v52299978","10.2","5.865","","","","3"
"1990-07","Toronto, Ontario","2011S0503535","Multiples","Units","300","thousands","3","v52299979","10.3","20.196","","","","3"
"1990-08","Ontario","2016A000235","Total units","Units","300","thousands","3","v52299938","9.1","40.547","","","","3"
"1990-08","Ontario","2016A000235","Single-detached units","Units","300","thousands","3","v52299939","9.2","14.573","","","","3"
"1990-08","Ontario","2016A000235","Multiples","Units","300","thousands","3","v52299943","9.3","25.974","","","","3"
"1990-08","Ontario","2016A000235","Semi-detached units","Units","300","thousands","3","v52299940","9.4","1.996","","","","3"
"1990-08","Ontario","2016A000235","Row units","Units","300","thousands","3","v52299941","9.5","5.822","","","","3"
"1990-08","Ontario","2016A000235","Apartment and other unit types","Units","300","thousands","3","v52299942","9.6","18.156","","","","3"
"1990-08","Toronto, Ontario","2011S0503535","Total units","Units","300","thousands","3","v52299977","10.1","10.536","","","","3"
"1990-08","Toronto, Ontario","2011S0503535","Single-detached units","Units","300","thousands","3","v52299978","10.2","2.316","","","","3"
"1990-08","Toronto, Ontario","2011S0503535","Multiples","Units","300","thousands","3","v52299979","10.3","8.220","","","","3"
"1990-09","Ontario","2016A000235","Total units","Units","300","thousands","3","v52299938","9.1","42.854","","","","3"
"1990-09","Ontario","2016A000235","Single-detached units","Units","300","thousands","3","v52299939","9.2","22.461","","","","3"
"1990-09","Ontario","2016A000235","Multiples","Units","300","thousands","3","v52299943","9.3","20.393","","","","3"
"1990-09","Ontario","2016A000235","Semi-detached units","Units","300","thousands","3","v52299940","9.4","1.999","","","","3"
"1990-09","Ontario","2016A000235","Row units","Units","300","thousands","3","v52299941","9.5","9.514","","","","3"
"1990-09","Ontario","2016A000235","Apartment and other unit types","Units","300","thousands","3","v52299942","9.6","8.880","","","","3"
"1990-09","Toronto, Ontario","2011S0503535","Total units","Units","300","thousands","3","v52299977","10.1","17.394","","","","3"
"1990-09","Toronto, Ontario","2011S0503535","Single-detached units","Units","300","thousands","3","v52299978","10.2","10.218","","","","3"
"1990-09","Toronto, Ontario","2011S0503535","Multiples","Units","300","thousands","3","v52299979","10.3","7.176","","","","3"
"1990-10","Ontario","2016A000235","Total units","Units","300","thousands","3","v52299938","9.1","38.298","","","","3"
"1990-10","Ontario","2016A000235","Single-detached units","Units","300","thousands","3","v52299939","9.2","18.608","","","","3"
"1990-10","Ontario","2016A000235","Multiples","Units","300","thousands","3","v52299943","9.3","19.690","","","","3"
"1990-10","Ontario","2016A000235","Semi-detached units","Units","300","thousands","3","v52299940","9.4","2.037","","","","3"
"1990-10","Ontario","2016A000235","Row units","Units","300","thousands","3","v52299941","9.5","5.941","","","","3"
"1990-10","Ontario","2016A000235","Apartment and other unit types","Units","300","thousands","3","v52299942","9.6","11.712","","","","3"
"1990-10","Toronto, Ontario","2011S0503535","Total units","Units","300","thousands","3","v52299977","10.1","12.883","","","","3"
"1990-10","Toronto, Ontario","2011S0503535","Single-detached units","Units","300","thousands","3","v52299978","10.2","7.015","","","","3"
"1990-10","Toronto, Ontario","2011S0503535","Multiples","Units","300","thousands","3","v52299979","10.3","5.868","","","","3"
"1990-11","Ontario","2016A000235","Total units","Units","300","thousands","3","v52299938","9.1","34.894","","","","3"
"1990-11","Ontario","2016A000235","Single-detached units","Units","300","thousands","3","v52299939","9.2","16.118","","","","3"
"1990-11","Ontario","2016A000235","Multiples","Units","300","thousands","3","v52299943","9.3","18.776","","","","3"
"1990-11","Ontario","2016A000235","Semi-detached units","Units","300","thousands","3","v52299940","9.4","1.446","","","","3"
"1990-11","Ontario","2016A000235","Row units","Units","300","thousands","3","v52299941","9.5","7.478","","","","3"
"1990-11","Ontario","2016A000235","Apartment and other unit types","Units","300","thousands","3","v52299942","9.6","9.852","","","","3"
"1990-11","Toronto, Ontario","2011S0503535","Total units","Units","300","thousands","3","v52299977","10.1","14.095","","","","3"
"1990-11","Toronto, Ontario","2011S0503535","Single-detached units","Units","300","thousands","3","v52299978","10.2","6.019","","","","3"
"1990-11","Toronto, Ontario","2011S0503535","Multiples","Units","300","thousands","3","v52299979","10.3","8.076","","","","3"
"1990-12","Ontario","2016A000235","Total units","Units","300","thousands","3","v52299938","9.1","33.035","","","","3"
"1990-12","Ontario","2016A000235","Single-detached units","Units","300","thousands","3","v52299939","9.2","15.762","","","","3"
"1990-12","Ontario","2016A000235","Multiples","Units","300","thousands","3","v52299943","9.3","17.273","","","","3"
"1990-12","Ontario","2016A000235","Semi-detached units","Units","300","thousands","3","v52299940","9.4","1.621","","","","3"
"1990-12","Ontario","2016A000235","Row units","Units","300","thousands","3","v52299941","9.5","5.572","","","","3"
"1990-12","Ontario","2016A000235","Apartment and other unit types","Units","300","thousands","3","v52299942","9.6","10.080","","","","3"
"1990-12","Toronto, Ontario","2011S0503535","Total units","Units","300","thousands","3","v52299977","10.1","13.564","","","","3"
"1990-12","Toronto, Ontario","2011S0503535","Single-detached units","Units","300","thousands","3","v52299978","10.2","6.184","","","","3"
"1990-12","Toronto, Ontario","2011S0503535","Multiples","Units","300","thousands","3","v52299979","10.3","7.380","","","","3"
"1991-01","Ontario","2016A000235","Total units","Units","300","thousands","3","v52299938","9.1","38.007","","","","3"
"1991-01","Ontario","2016A000235","Single-detached units","Units","300","thousands","3","v52299939","9.2","14.394","","","","3"
"1991-01","Ontario","2016A000235","Multiples","Units","300","thousands","3","v52299943","9.3","23.613","","","","3"
"1991-01","Ontario","2016A000235","Semi-detached units","Units","300","thousands","3","v52299940","9.4","1.767","","","","3"
"1991-01","Ontario","2016A000235","Row units","Units","300","thousands","3","v52299941","9.5","4.770","","","","3"
"1991-01","Ontario","2016A000235","Apartment and other unit types","Units","300","thousands","3","v52299942","9.6","17.076","","","","3"
"1991-01","Toronto, Ontario","2011S0503535","Total units","Units","300","thousands","3","v52299977","10.1","13.747","","","","3"
"1991-01","Toronto, Ontario","2011S0503535","Single-detached units","Units","300","thousands","3","v52299978","10.2","4.435","","","","3"
"1991-01","Toronto, Ontario","2011S0503535","Multiples","Units","300","thousands","3","v52299979","10.3","9.312","","","","3"
"1991-02","Ontario","2016A000235","Total units","Units","300","thousands","3","v52299938","9.1","28.289","","","","3"
"1991-02","Ontario","2016A000235","Single-detached units","Units","300","thousands","3","v52299939","9.2","10.700","","","","3"
"1991-02","Ontario","2016A000235","Multiples","Units","300","thousands","3","v52299943","9.3","17.589","","","","3"
"1991-02","Ontario","2016A000235","Semi-detached units","Units","300","thousands","3","v52299940","9.4","1.614","","","","3"
"1991-02","Ontario","2016A000235","Row units","Units","300","thousands","3","v52299941","9.5","8.643","","","","3"
"1991-02","Ontario","2016A000235","Apartment and other unit types","Units","300","thousands","3","v52299942","9.6","7.332","","","","3"
"1991-02","Toronto, Ontario","2011S0503535","Total units","Units","300","thousands","3","v52299977","10.1","9.737","","","","3"
"1991-02","Toronto, Ontario","2011S0503535","Single-detached units","Units","300","thousands","3","v52299978","10.2","4.049","","","","3"
"1991-02","Toronto, Ontario","2011S0503535","Multiples","Units","300","thousands","3","v52299979","10.3","5.688","","","","3"
"1991-03","Ontario","2016A000235","Total units","Units","300","thousands","3","v52299938","9.1","28.857","","","","3"
"1991-03","Ontario","2016A000235","Single-detached units","Units","300","thousands","3","v52299939","9.2","16.470","","","","3"
"1991-03","Ontario","2016A000235","Multiples","Units","300","thousands","3","v52299943","9.3","12.387","","","","3"
"1991-03","Ontario","2016A000235","Semi-detached units","Units","300","thousands","3","v52299940","9.4","1.565","","","","3"
"1991-03","Ontario","2016A000235","Row units","Units","300","thousands","3","v52299941","9.5","6.478","","","","3"
"1991-03","Ontario","2016A000235","Apartment and other unit types","Units","300","thousands","3","v52299942","9.6","4.344","","","","3"
"1991-03","Toronto, Ontario","2011S0503535","Total units","Units","300","thousands","3","v52299977","10.1","11.577","","","","3"
"1991-03","Toronto, Ontario","2011S0503535","Single-detached units","Units","300","thousands","3","v52299978","10.2","8.469","","","","3"
"1991-03","Toronto, Ontario","2011S0503535","Multiples","Units","300","thousands","3","v52299979","10.3","3.108","","","","3"
"1991-04","Ontario","2016A000235","Total units","Units","300","thousands","3","v52299938","9.1","37.805","","","","3"
"1991-04","Ontario","2016A000235","Single-detached units","Units","300","thousands","3","v52299939","9.2","16.251","","","","3"
"1991-04","Ontario","2016A000235","Multiples","Units","300","thousands","3","v52299943","9.3","21.554","","","","3"
"1991-04","Ontario","2016A000235","Semi-detached units","Units","300","thousands","3","v52299940","9.4","0.877","","","","3"
"1991-04","Ontario","2016A000235","Row units","Units","300","thousands","3","v52299941","9.5","7.417","","","","3"
"1991-04","Ontario","2016A000235","Apartment and other unit types","Units","300","thousands","3","v52299942","9.6","13.260","","","","3"
"1991-04","Toronto, Ontario","2011S0503535","Total units","Units","300","thousands","3","v52299977","10.1","16.637","","","","3"
"1991-04","Toronto, Ontario","2011S0503535","Single-detached units","Units","300","thousands","3","v52299978","10.2","6.425","","","","3"
"1991-04","Toronto, Ontario","2011S0503535","Multiples","Units","300","thousands","3","v52299979","10.3","10.212","","","","3"
"1991-05","Ontario","2016A000235","Total units","Units","300","thousands","3","v52299938","9.1","38.134","","","","3"
"1991-05","Ontario","2016A000235","Single-detached units","Units","300","thousands","3","v52299939","9.2","19.207","","","","3"
"1991-05","Ontario","2016A000235","Multiples","Units","300","thousands","3","v52299943","9.3","18.927","","","","3"
"1991-05","Ontario","2016A000235","Semi-detached units","Units","300","thousands","3","v52299940","9.4","1.635","","","","3"
"1991-05","Ontario","2016A000235","Row units","Units","300","thousands","3","v52299941","9.5","7.968","","","","3"
"1991-05","Ontario","2016A000235","Apartment and other unit types","Units","300","thousands","3","v52299942","9.6","9.324","","","","3"
"1991-05","Toronto, Ontario","2011S0503535","Total units","Units","300","thousands","3","v52299977","10.1","12.535","","","","3"
"1991-05","Toronto, Ontario","2011S0503535","Single-detached units","Units","300","thousands","3","v52299978","10.2","7.207","","","","3"
"1991-05","Toronto, Ontario","2011S0503535","Multiples","Units","300","thousands","3","v52299979","10.3","5.328","","","","3"
"1991-06","Ontario","2016A000235","Total units","Units","300","thousands","3","v52299938","9.1","53.933","","","","3"
"1991-06","Ontario","2016A000235","Single-detached units","Units","300","thousands","3","v52299939","9.2","24.606","","","","3"
"1991-06","Ontario","2016A000235","Multiples","Units","300","thousands","3","v52299943","9.3","29.327","","","","3"
"1991-06","Ontario","2016A000235","Semi-detached units","Units","300","thousands","3","v52299940","9.4","1.220","","","","3"
"1991-06","Ontario","2016A000235","Row units","Units","300","thousands","3","v52299941","9.5","10.527","","","","3"
"1991-06","Ontario","2016A000235","Apartment and other unit types","Units","300","thousands","3","v52299942","9.6","17.580","","","","3"
"1991-06","Toronto, Ontario","2011S0503535","Total units","Units","300","thousands","3","v52299977","10.1","24.856","","","","3"
"1991-06","Toronto, Ontario","2011S0503535","Single-detached units","Units","300","thousands","3","v52299978","10.2","14.668","","","","3"
"1991-06","Toronto, Ontario","2011S0503535","Multiples","Units","300","thousands","3","v52299979","10.3","10.188","","","","3"
"1991-07","Ontario","2016A000235","Total units","Units","300","thousands","3","v52299938","9.1","58.967","","","","3"
"1991-07","Ontario","2016A000235","Single-detached units","Units","300","thousands","3","v52299939","9.2","25.592","","","","3"
"1991-07","Ontario","2016A000235","Multiples","Units","300","thousands","3","v52299943","9.3","33.375","","","","3"
"1991-07","Ontario","2016A000235","Semi-detached units","Units","300","thousands","3","v52299940","9.4","2.143","","","","3"
"1991-07","Ontario","2016A000235","Row units","Units","300","thousands","3","v52299941","9.5","10.016","","","","3"
"1991-07","Ontario","2016A000235","Apartment and other unit types","Units","300","thousands","3","v52299942","9.6","21.216","","","","3"
"1991-07","Toronto, Ontario","2011S0503535","Total units","Units","300","thousands","3","v52299977","10.1","25.378","","","","3"
"1991-07","Toronto, Ontario","2011S0503535","Single-detached units","Units","300","thousands","3","v52299978","10.2","13.810","","","","3"
"1991-07","Toronto, Ontario","2011S0503535","Multiples","Units","300","thousands","3","v52299979","10.3","11.568","","","","3"
"1991-08","Ontario","2016A000235","Total units","Units","300","thousands","3","v52299938","9.1","59.485","","","","3"
"1991-08","Ontario","2016A000235","Single-detached units","Units","300","thousands","3","v52299939","9.2","27.066","","","","3"
"1991-08","Ontario","2016A000235","Multiples","Units","300","thousands","3","v52299943","9.3","32.419","","","","3"
"1991-08","Ontario","2016A000235","Semi-detached units","Units","300","thousands","3","v52299940","9.4","2.000","","","","3"
"1991-08","Ontario","2016A000235","Row units","Units","300","thousands","3","v52299941","9.5","8.015","","","","3"
"1991-08","Ontario","2016A000235","Apartment and other unit types","Units","300","thousands","3","v52299942","9.6","22.404","","","","3"
"1991-08","Toronto, Ontario","2011S0503535","Total units","Units","300","thousands","3","v52299977","10.1","21.030","","","","3"
"1991-08","Toronto, Ontario","2011S0503535","Single-detached units","Units","300","thousands","3","v52299978","10.2","11.670","","","","3"
"1991-08","Toronto, Ontario","2011S0503535","Multiples","Units","300","thousands","3","v52299979","10.3","9.360","","","","3"
"1991-09","Ontario","2016A000235","Total units","Units","300","thousands","3","v52299938","9.1","56.121","","","","3"
"1991-09","Ontario","2016A000235","Single-detached units","Units","300","thousands","3","v52299939","9.2","22.588","","","","3"
"1991-09","Ontario","2016A000235","Multiples","Units","300","thousands","3","v52299943","9.3","33.533","","","","3"
"1991-09","Ontario","2016A000235","Semi-detached units","Units","300","thousands","3","v52299940","9.4","2.027","","","","3"
"1991-09","Ontario","2016A000235","Row units","Units","300","thousands","3","v52299941","9.5","9.234","","","","3"
"1991-09","Ontario","2016A000235","Apartment and other unit types","Units","300","thousands","3","v52299942","9.6","22.272","","","","3"
"1991-09","Toronto, Ontario","2011S0503535","Total units","Units","300","thousands","3","v52299977","10.1","30.779","","","","3"
"1991-09","Toronto, Ontario","2011S0503535","Single-detached units","Units","300","thousands","3","v52299978","10.2","10.247","","","","3"
"1991-09","Toronto, Ontario","2011S0503535","Multiples","Units","300","thousands","3","v52299979","10.3","20.532","","","","3"
"1991-10","Ontario","2016A000235","Total units","Units","300","thousands","3","v52299938","9.1","43.934","","","","3"
"1991-10","Ontario","2016A000235","Single-detached units","Units","300","thousands","3","v52299939","9.2","21.074","","","","3"
"1991-10","Ontario","2016A000235","Multiples","Units","300","thousands","3","v52299943","9.3","22.860","","","","3"
"1991-10","Ontario","2016A000235","Semi-detached units","Units","300","thousands","3","v52299940","9.4","1.857","","","","3"
"1991-10","Ontario","2016A000235","Row units","Units","300","thousands","3","v52299941","9.5","11.919","","","","3"
"1991-10","Ontario","2016A000235","Apartment and other unit types","Units","300","thousands","3","v52299942","9.6","9.084","","","","3"
"1991-10","Toronto, Ontario","2011S0503535","Total units","Units","300","thousands","3","v52299977","10.1","20.073","","","","3"
"1991-10","Toronto, Ontario","2011S0503535","Single-detached units","Units","300","thousands","3","v52299978","10.2","9.873","","","","3"
"1991-10","Toronto, Ontario","2011S0503535","Multiples","Units","300","thousands","3","v52299979","10.3","10.200","","","","3"
"1991-11","Ontario","2016A000235","Total units","Units","300","thousands","3","v52299938","9.1","48.267","","","","3"
"1991-11","Ontario","2016A000235","Single-detached units","Units","300","thousands","3","v52299939","9.2","21.181","","","","3"
"1991-11","Ontario","2016A000235","Multiples","Units","300","thousands","3","v52299943","9.3","27.086","","","","3"
"1991-11","Ontario","2016A000235","Semi-detached units","Units","300","thousands","3","v52299940","9.4","1.523","","","","3"
"1991-11","Ontario","2016A000235","Row units","Units","300","thousands","3","v52299941","9.5","10.695","","","","3"
"1991-11","Ontario","2016A000235","Apartment and other unit types","Units","300","thousands","3","v52299942","9.6","14.868","","","","3"
"1991-11","Toronto, Ontario","2011S0503535","Total units","Units","300","thousands","3","v52299977","10.1","20.376","","","","3"
"1991-11","Toronto, Ontario","2011S0503535","Single-detached units","Units","300","thousands","3","v52299978","10.2","9.360","","","","3"
"1991-11","Toronto, Ontario","2011S0503535","Multiples","Units","300","thousands","3","v52299979","10.3","11.016","","","","3"
"1991-12","Ontario","2016A000235","Total units","Units","300","thousands","3","v52299938","9.1","44.471","","","","3"
"1991-12","Ontario","2016A000235","Single-detached units","Units","300","thousands","3","v52299939","9.2","20.254","","","","3"
"1991-12","Ontario","2016A000235","Multiples","Units","300","thousands","3","v52299943","9.3","24.217","","","","3"
"1991-12","Ontario","2016A000235","Semi-detached units","Units","300","thousands","3","v52299940","9.4","1.161","","","","3"
"1991-12","Ontario","2016A000235","Row units","Units","300","thousands","3","v52299941","9.5","13.924","","","","3"
"1991-12","Ontario","2016A000235","Apartment and other unit types","Units","300","thousands","3","v52299942","9.6","9.132","","","","3"
"1991-12","Toronto, Ontario","2011S0503535","Total units","Units","300","thousands","3","v52299977","10.1","12.940","","","","3"
"1991-12","Toronto, Ontario","2011S0503535","Single-detached units","Units","300","thousands","3","v52299978","10.2","7.192","","","","3"
"1991-12","Toronto, Ontario","2011S0503535","Multiples","Units","300","thousands","3","v52299979","10.3","5.748","","","","3"
"1992-01","Ontario","2016A000235","Total units","Units","300","thousands","3","v52299938","9.1","41.552","","","","3"
"1992-01","Ontario","2016A000235","Single-detached units","Units","300","thousands","3","v52299939","9.2","20.988","","","","3"
"1992-01","Ontario","2016A000235","Multiples","Units","300","thousands","3","v52299943","9.3","20.564","","","","3"
"1992-01","Ontario","2016A000235","Semi-detached units","Units","300","thousands","3","v52299940","9.4","1.531","","","","3"
"1992-01","Ontario","2016A000235","Row units","Units","300","thousands","3","v52299941","9.5","12.697","","","","3"
"1992-01","Ontario","2016A000235","Apartment and other unit types","Units","300","thousands","3","v52299942","9.6","6.336","","","","3"
"1992-01","Toronto, Ontario","2011S0503535","Total units","Units","300","thousands","3","v52299977","10.1","12.457","","","","3"
"1992-01","Toronto, Ontario","2011S0503535","Single-detached units","Units","300","thousands","3","v52299978","10.2","8.209","","","","3"
"1992-01","Toronto, Ontario","2011S0503535","Multiples","Units","300","thousands","3","v52299979","10.3","4.248","","","","3"
"1992-02","Ontario","2016A000235","Total units","Units","300","thousands","3","v52299938","9.1","53.982","","","","3"
"1992-02","Ontario","2016A000235","Single-detached units","Units","300","thousands","3","v52299939","9.2","20.673","","","","3"
"1992-02","Ontario","2016A000235","Multiples","Units","300","thousands","3","v52299943","9.3","33.309","","","","3"
"1992-02","Ontario","2016A000235","Semi-detached units","Units","300","thousands","3","v52299940","9.4","2.316","","","","3"
"1992-02","Ontario","2016A000235","Row units","Units","300","thousands","3","v52299941","9.5","9.681","","","","3"
"1992-02","Ontario","2016A000235","Apartment and other unit types","Units","300","thousands","3","v52299942","9.6","21.312","","","","3"
"1992-02","Toronto, Ontario","2011S0503535","Total units","Units","300","thousands","3","v52299977","10.1","19.201","","","","3"
"1992-02","Toronto, Ontario","2011S0503535","Single-detached units","Units","300","thousands","3","v52299978","10.2","7.453","","","","3"
"1992-02","Toronto, Ontario","2011S0503535","Multiples","Units","300","thousands","3","v52299979","10.3","11.748","","","","3"
"1992-03","Ontario","2016A000235","Total units","Units","300","thousands","3","v52299938","9.1","52.819","","","","3"
"1992-03","Ontario","2016A000235","Single-detached units","Units","300","thousands","3","v52299939","9.2","21.396","","","","3"
"1992-03","Ontario","2016A000235","Multiples","Units","300","thousands","3","v52299943","9.3","31.423","","","","3"
"1992-03","Ontario","2016A000235","Semi-detached units","Units","300","thousands","3","v52299940","9.4","3.507","","","","3"
"1992-03","Ontario","2016A000235","Row units","Units","300","thousands","3","v52299941","9.5","10.804","","","","3"
"1992-03","Ontario","2016A000235","Apartment and other unit types","Units","300","thousands","3","v52299942","9.6","17.112","","","","3"
"1992-03","Toronto, Ontario","2011S0503535","Total units","Units","300","thousands","3","v52299977","10.1","18.991","","","","3"
"1992-03","Toronto, Ontario","2011S0503535","Single-detached units","Units","300","thousands","3","v52299978","10.2","8.251","","","","3"
"1992-03","Toronto, Ontario","2011S0503535","Multiples","Units","300","thousands","3","v52299979","10.3","10.740","","","","3"
"1992-04","Ontario","2016A000235","Total units","Units","300","thousands","3","v52299938","9.1","61.074","","","","3"
"1992-04","Ontario","2016A000235","Single-detached units","Units","300","thousands","3","v52299939","9.2","23.390","","","","3"
"1992-04","Ontario","2016A000235","Multiples","Units","300","thousands","3","v52299943","9.3","37.684","","","","3"
"1992-04","Ontario","2016A000235","Semi-detached units","Units","300","thousands","3","v52299940","9.4","2.533","","","","3"
"1992-04","Ontario","2016A000235","Row units","Units","300","thousands","3","v52299941","9.5","10.599","","","","3"
"1992-04","Ontario","2016A000235","Apartment and other unit types","Units","300","thousands","3","v52299942","9.6","24.552","","","","3"
"1992-04","Toronto, Ontario","2011S0503535","Total units","Units","300","thousands","3","v52299977","10.1","29.436","","","","3"
"1992-04","Toronto, Ontario","2011S0503535","Single-detached units","Units","300","thousands","3","v52299978","10.2","10.008","","","","3"
"1992-04","Toronto, Ontario","2011S0503535","Multiples","Units","300","thousands","3","v52299979","10.3","19.428","","","","3"
"1992-05","Ontario","2016A000235","Total units","Units","300","thousands","3","v52299938","9.1","57.506","","","","3"
"1992-05","Ontario","2016A000235","Single-detached units","Units","300","thousands","3","v52299939","9.2","22.243","","","","3"
"1992-05","Ontario","2016A000235","Multiples","Units","300","thousands","3","v52299943","9.3","35.263","","","","3"
"1992-05","Ontario","2016A000235","Semi-detached units","Units","300","thousands","3","v52299940","9.4","2.681","","","","3"
"1992-05","Ontario","2016A000235","Row units","Units","300","thousands","3","v52299941","9.5","9.818","","","","3"
"1992-05","Ontario","2016A000235","Apartment and other unit types","Units","300","thousands","3","v52299942","9.6","22.764","","","","3"
"1992-05","Toronto, Ontario","2011S0503535","Total units","Units","300","thousands","3","v52299977","10.1","28.974","","","","3"
"1992-05","Toronto, Ontario","2011S0503535","Single-detached units","Units","300","thousands","3","v52299978","10.2","9.126","","","","3"
"1992-05","Toronto, Ontario","2011S0503535","Multiples","Units","300","thousands","3","v52299979","10.3","19.848","","","","3"
"1992-06","Ontario","2016A000235","Total units","Units","300","thousands","3","v52299938","9.1","43.050","","","","3"
"1992-06","Ontario","2016A000235","Single-detached units","Units","300","thousands","3","v52299939","9.2","22.751","","","","3"
"1992-06","Ontario","2016A000235","Multiples","Units","300","thousands","3","v52299943","9.3","20.299","","","","3"
"1992-06","Ontario","2016A000235","Semi-detached units","Units","300","thousands","3","v52299940","9.4","2.561","","","","3"
"1992-06","Ontario","2016A000235","Row units","Units","300","thousands","3","v52299941","9.5","9.158","","","","3"
"1992-06","Ontario","2016A000235","Apartment and other unit types","Units","300","thousands","3","v52299942","9.6","8.580","","","","3"
"1992-06","Toronto, Ontario","2011S0503535","Total units","Units","300","thousands","3","v52299977","10.1","17.170","","","","3"
"1992-06","Toronto, Ontario","2011S0503535","Single-detached units","Units","300","thousands","3","v52299978","10.2","10.030","","","","3"
"1992-06","Toronto, Ontario","2011S0503535","Multiples","Units","300","thousands","3","v52299979","10.3","7.140","","","","3"
"1992-07","Ontario","2016A000235","Total units","Units","300","thousands","3","v52299938","9.1","58.031","","","","3"
"1992-07","Ontario","2016A000235","Single-detached units","Units","300","thousands","3","v52299939","9.2","21.559","","","","3"
"1992-07","Ontario","2016A000235","Multiples","Units","300","thousands","3","v52299943","9.3","36.472","","","","3"
"1992-07","Ontario","2016A000235","Semi-detached units","Units","300","thousands","3","v52299940","9.4","3.716","","","","3"
"1992-07","Ontario","2016A000235","Row units","Units","300","thousands","3","v52299941","9.5","7.268","","","","3"
"1992-07","Ontario","2016A000235","Apartment and other unit types","Units","300","thousands","3","v52299942","9.6","25.488","","","","3"
"1992-07","Toronto, Ontario","2011S0503535","Total units","Units","300","thousands","3","v52299977","10.1","31.984","","","","3"
"1992-07","Toronto, Ontario","2011S0503535","Single-detached units","Units","300","thousands","3","v52299978","10.2","8.896","","","","3"
"1992-07","Toronto, Ontario","2011S0503535","Multiples","Units","300","thousands","3","v52299979","10.3","23.088","","","","3"
"1992-08","Ontario","2016A000235","Total units","Units","300","thousands","3","v52299938","9.1","42.667","","","","3"
"1992-08","Ontario","2016A000235","Single-detached units","Units","300","thousands","3","v52299939","9.2","21.970","","","","3"
"1992-08","Ontario","2016A000235","Multiples","Units","300","thousands","3","v52299943","9.3","20.697","","","","3"
"1992-08","Ontario","2016A000235","Semi-detached units","Units","300","thousands","3","v52299940","9.4","1.811","","","","3"
"1992-08","Ontario","2016A000235","Row units","Units","300","thousands","3","v52299941","9.5","8.734","","","","3"
"1992-08","Ontario","2016A000235","Apartment and other unit types","Units","300","thousands","3","v52299942","9.6","10.152","","","","3"
"1992-08","Toronto, Ontario","2011S0503535","Total units","Units","300","thousands","3","v52299977","10.1","16.157","","","","3"
"1992-08","Toronto, Ontario","2011S0503535","Single-detached units","Units","300","thousands","3","v52299978","10.2","8.621","","","","3"
"1992-08","Toronto, Ontario","2011S0503535","Multiples","Units","300","thousands","3","v52299979","10.3","7.536","","","","3"
"1992-09","Ontario","2016A000235","Total units","Units","300","thousands","3","v52299938","9.1","46.515","","","","3"
"1992-09","Ontario","2016A000235","Single-detached units","Units","300","thousands","3","v52299939","9.2","22.964","","","","3"
"1992-09","Ontario","2016A000235","Multiples","Units","300","thousands","3","v52299943","9.3","23.551","","","","3"
"1992-09","Ontario","2016A000235","Semi-detached units","Units","300","thousands","3","v52299940","9.4","1.823","","","","3"
"1992-09","Ontario","2016A000235","Row units","Units","300","thousands","3","v52299941","9.5","8.480","","","","3"
"1992-09","Ontario","2016A000235","Apartment and other unit types","Units","300","thousands","3","v52299942","9.6","13.248","","","","3"
"1992-09","Toronto, Ontario","2011S0503535","Total units","Units","300","thousands","3","v52299977","10.1","22.314","","","","3"
"1992-09","Toronto, Ontario","2011S0503535","Single-detached units","Units","300","thousands","3","v52299978","10.2","8.454","","","","3"
"1992-09","Toronto, Ontario","2011S0503535","Multiples","Units","300","thousands","3","v52299979","10.3","13.860","","","","3"
"1992-10","Ontario","2016A000235","Total units","Units","300","thousands","3","v52299938","9.1","38.723","","","","3"
"1992-10","Ontario","2016A000235","Single-detached units","Units","300","thousands","3","v52299939","9.2","22.005","","","","3"
"1992-10","Ontario","2016A000235","Multiples","Units","300","thousands","3","v52299943","9.3","16.718","","","","3"
"1992-10","Ontario","2016A000235","Semi-detached units","Units","300","thousands","3","v52299940","9.4","1.955","","","","3"
"1992-10","Ontario","2016A000235","Row units","Units","300","thousands","3","v52299941","9.5","8.079","","","","3"
"1992-10","Ontario","2016A000235","Apartment and other unit types","Units","300","thousands","3","v52299942","9.6","6.684","","","","3"
"1992-10","Toronto, Ontario","2011S0503535","Total units","Units","300","thousands","3","v52299977","10.1","13.653","","","","3"
"1992-10","Toronto, Ontario","2011S0503535","Single-detached units","Units","300","thousands","3","v52299978","10.2","8.025","","","","3"
"1992-10","Toronto, Ontario","2011S0503535","Multiples","Units","300","thousands","3","v52299979","10.3","5.628","","","","3"
"1992-11","Ontario","2016A000235","Total units","Units","300","thousands","3","v52299938","9.1","46.912","","","","3"
"1992-11","Ontario","2016A000235","Single-detached units","Units","300","thousands","3","v52299939","9.2","25.596","","","","3"
"1992-11","Ontario","2016A000235","Multiples","Units","300","thousands","3","v52299943","9.3","21.316","","","","3"
"1992-11","Ontario","2016A000235","Semi-detached units","Units","300","thousands","3","v52299940","9.4","2.997","","","","3"
"1992-11","Ontario","2016A000235","Row units","Units","300","thousands","3","v52299941","9.5","5.347","","","","3"
"1992-11","Ontario","2016A000235","Apartment and other unit types","Units","300","thousands","3","v52299942","9.6","12.972","","","","3"
"1992-11","Toronto, Ontario","2011S0503535","Total units","Units","300","thousands","3","v52299977","10.1","19.358","","","","3"
"1992-11","Toronto, Ontario","2011S0503535","Single-detached units","Units","300","thousands","3","v52299978","10.2","9.470","","","","3"
"1992-11","Toronto, Ontario","2011S0503535","Multiples","Units","300","thousands","3","v52299979","10.3","9.888","","","","3"
"1992-12","Ontario","2016A000235","Total units","Units","300","thousands","3","v52299938","9.1","41.418","","","","3"
"1992-12","Ontario","2016A000235","Single-detached units","Units","300","thousands","3","v52299939","9.2","23.965","","","","3"
"1992-12","Ontario","2016A000235","Multiples","Units","300","thousands","3","v52299943","9.3","17.453","","","","3"
"1992-12","Ontario","2016A000235","Semi-detached units","Units","300","thousands","3","v52299940","9.4","2.824","","","","3"
"1992-12","Ontario","2016A000235","Row units","Units","300","thousands","3","v52299941","9.5","5.269","","","","3"
"1992-12","Ontario","2016A000235","Apartment and other unit types","Units","300","thousands","3","v52299942","9.6","9.360","","","","3"
"1992-12","Toronto, Ontario","2011S0503535","Total units","Units","300","thousands","3","v52299977","10.1","18.309","","","","3"
"1992-12","Toronto, Ontario","2011S0503535","Single-detached units","Units","300","thousands","3","v52299978","10.2","10.545","","","","3"
"1992-12","Toronto, Ontario","2011S0503535","Multiples","Units","300","thousands","3","v52299979","10.3","7.764","","","","3"
"1993-01","Ontario","2016A000235","Total units","Units","300","thousands","3","v52299938","9.1","35.483","","","","3"
"1993-01","Ontario","2016A000235","Single-detached units","Units","300","thousands","3","v52299939","9.2","25.120","","","","3"
"1993-01","Ontario","2016A000235","Multiples","Units","300","thousands","3","v52299943","9.3","10.363","","","","3"
"1993-01","Ontario","2016A000235","Semi-detached units","Units","300","thousands","3","v52299940","9.4","3.481","","","","3"
"1993-01","Ontario","2016A000235","Row units","Units","300","thousands","3","v52299941","9.5","5.790","","","","3"
"1993-01","Ontario","2016A000235","Apartment and other unit types","Units","300","thousands","3","v52299942","9.6","1.092","","","","3"
"1993-01","Toronto, Ontario","2011S0503535","Total units","Units","300","thousands","3","v52299977","10.1","11.339","","","","3"
"1993-01","Toronto, Ontario","2011S0503535","Single-detached units","Units","300","thousands","3","v52299978","10.2","9.587","","","","3"
"1993-01","Toronto, Ontario","2011S0503535","Multiples","Units","300","thousands","3","v52299979","10.3","1.752","","","","3"
"1993-02","Ontario","2016A000235","Total units","Units","300","thousands","3","v52299938","9.1","36.457","","","","3"
"1993-02","Ontario","2016A000235","Single-detached units","Units","300","thousands","3","v52299939","9.2","24.180","","","","3"
"1993-02","Ontario","2016A000235","Multiples","Units","300","thousands","3","v52299943","9.3","12.277","","","","3"
"1993-02","Ontario","2016A000235","Semi-detached units","Units","300","thousands","3","v52299940","9.4","2.658","","","","3"
"1993-02","Ontario","2016A000235","Row units","Units","300","thousands","3","v52299941","9.5","7.183","","","","3"
"1993-02","Ontario","2016A000235","Apartment and other unit types","Units","300","thousands","3","v52299942","9.6","2.436","","","","3"
"1993-02","Toronto, Ontario","2011S0503535","Total units","Units","300","thousands","3","v52299977","10.1","16.981","","","","3"
"1993-02","Toronto, Ontario","2011S0503535","Single-detached units","Units","300","thousands","3","v52299978","10.2","10.993","","","","3"
"1993-02","Toronto, Ontario","2011S0503535","Multiples","Units","300","thousands","3","v52299979","10.3","5.988","","","","3"
"1993-03","Ontario","2016A000235","Total units","Units","300","thousands","3","v52299938","9.1","44.452","","","","3"
"1993-03","Ontario","2016A000235","Single-detached units","Units","300","thousands","3","v52299939","9.2","21.378","","","","3"
"1993-03","Ontario","2016A000235","Multiples","Units","300","thousands","3","v52299943","9.3","23.074","","","","3"
"1993-03","Ontario","2016A000235","Semi-detached units","Units","300","thousands","3","v52299940","9.4","2.502","","","","3"
"1993-03","Ontario","2016A000235","Row units","Units","300","thousands","3","v52299941","9.5","8.656","","","","3"
"1993-03","Ontario","2016A000235","Apartment and other unit types","Units","300","thousands","3","v52299942","9.6","11.916","","","","3"
"1993-03","Toronto, Ontario","2011S0503535","Total units","Units","300","thousands","3","v52299977","10.1","19.994","","","","3"
"1993-03","Toronto, Ontario","2011S0503535","Single-detached units","Units","300","thousands","3","v52299978","10.2","8.894","","","","3"
"1993-03","Toronto, Ontario","2011S0503535","Multiples","Units","300","thousands","3","v52299979","10.3","11.100","","","","3"
"1993-04","Ontario","2016A000235","Total units","Units","300","thousands","3","v52299938","9.1","43.021","","","","3"
"1993-04","Ontario","2016A000235","Single-detached units","Units","300","thousands","3","v52299939","9.2","23.163","","","","3"
"1993-04","Ontario","2016A000235","Multiples","Units","300","thousands","3","v52299943","9.3","19.858","","","","3"
"1993-04","Ontario","2016A000235","Semi-detached units","Units","300","thousands","3","v52299940","9.4","2.516","","","","3"
"1993-04","Ontario","2016A000235","Row units","Units","300","thousands","3","v52299941","9.5","7.226","","","","3"
"1993-04","Ontario","2016A000235","Apartment and other unit types","Units","300","thousands","3","v52299942","9.6","10.116","","","","3"
"1993-04","Toronto, Ontario","2011S0503535","Total units","Units","300","thousands","3","v52299977","10.1","15.995","","","","3"
"1993-04","Toronto, Ontario","2011S0503535","Single-detached units","Units","300","thousands","3","v52299978","10.2","8.855","","","","3"
"1993-04","Toronto, Ontario","2011S0503535","Multiples","Units","300","thousands","3","v52299979","10.3","7.140","","","","3"
"1993-05","Ontario","2016A000235","Total units","Units","300","thousands","3","v52299938","9.1","39.458","","","","3"
"1993-05","Ontario","2016A000235","Single-detached units","Units","300","thousands","3","v52299939","9.2","21.608","","","","3"
"1993-05","Ontario","2016A000235","Multiples","Units","300","thousands","3","v52299943","9.3","17.850","","","","3"
"1993-05","Ontario","2016A000235","Semi-detached units","Units","300","thousands","3","v52299940","9.4","1.511","","","","3"
"1993-05","Ontario","2016A000235","Row units","Units","300","thousands","3","v52299941","9.5","6.343","","","","3"
"1993-05","Ontario","2016A000235","Apartment and other unit types","Units","300","thousands","3","v52299942","9.6","9.996","","","","3"
"1993-05","Toronto, Ontario","2011S0503535","Total units","Units","300","thousands","3","v52299977","10.1","19.050","","","","3"
"1993-05","Toronto, Ontario","2011S0503535","Single-detached units","Units","300","thousands","3","v52299978","10.2","9.534","","","","3"
"1993-05","Toronto, Ontario","2011S0503535","Multiples","Units","300","thousands","3","v52299979","10.3","9.516","","","","3"
"1993-06","Ontario","2016A000235","Total units","Units","300","thousands","3","v52299938","9.1","29.566","","","","3"
"1993-06","Ontario","2016A000235","Single-detached units","Units","300","thousands","3","v52299939","9.2","19.357","","","","3"
"1993-06","Ontario","2016A000235","Multiples","Units","300","thousands","3","v52299943","9.3","10.209","","","","3"
"1993-06","Ontario","2016A000235","Semi-detached units","Units","300","thousands","3","v52299940","9.4","1.616","","","","3"
"1993-06","Ontario","2016A000235","Row units","Units","300","thousands","3","v52299941","9.5","6.469","","","","3"
"1993-06","Ontario","2016A000235","Apartment and other unit types","Units","300","thousands","3","v52299942","9.6","2.124","","","","3"
"1993-06","Toronto, Ontario","2011S0503535","Total units","Units","300","thousands","3","v52299977","10.1","10.628","","","","3"
"1993-06","Toronto, Ontario","2011S0503535","Single-detached units","Units","300","thousands","3","v52299978","10.2","7.292","","","","3"
"1993-06","Toronto, Ontario","2011S0503535","Multiples","Units","300","thousands","3","v52299979","10.3","3.336","","","","3"
"1993-07","Ontario","2016A000235","Total units","Units","300","thousands","3","v52299938","9.1","41.120","","","","3"
"1993-07","Ontario","2016A000235","Single-detached units","Units","300","thousands","3","v52299939","9.2","18.497","","","","3"
"1993-07","Ontario","2016A000235","Multiples","Units","300","thousands","3","v52299943","9.3","22.623","","","","3"
"1993-07","Ontario","2016A000235","Semi-detached units","Units","300","thousands","3","v52299940","9.4","1.685","","","","3"
"1993-07","Ontario","2016A000235","Row units","Units","300","thousands","3","v52299941","9.5","7.474","","","","3"
"1993-07","Ontario","2016A000235","Apartment and other unit types","Units","300","thousands","3","v52299942","9.6","13.464","","","","3"
"1993-07","Toronto, Ontario","2011S0503535","Total units","Units","300","thousands","3","v52299977","10.1","13.581","","","","3"
"1993-07","Toronto, Ontario","2011S0503535","Single-detached units","Units","300","thousands","3","v52299978","10.2","7.257","","","","3"
"1993-07","Toronto, Ontario","2011S0503535","Multiples","Units","300","thousands","3","v52299979","10.3","6.324","","","","3"
"1993-08","Ontario","2016A000235","Total units","Units","300","thousands","3","v52299938","9.1","32.983","","","","3"
"1993-08","Ontario","2016A000235","Single-detached units","Units","300","thousands","3","v52299939","9.2","20.214","","","","3"
"1993-08","Ontario","2016A000235","Multiples","Units","300","thousands","3","v52299943","9.3","12.769","","","","3"
"1993-08","Ontario","2016A000235","Semi-detached units","Units","300","thousands","3","v52299940","9.4","2.351","","","","3"
"1993-08","Ontario","2016A000235","Row units","Units","300","thousands","3","v52299941","9.5","8.414","","","","3"
"1993-08","Ontario","2016A000235","Apartment and other unit types","Units","300","thousands","3","v52299942","9.6","2.004","","","","3"
"1993-08","Toronto, Ontario","2011S0503535","Total units","Units","300","thousands","3","v52299977","10.1","10.714","","","","3"
"1993-08","Toronto, Ontario","2011S0503535","Single-detached units","Units","300","thousands","3","v52299978","10.2","6.562","","","","3"
"1993-08","Toronto, Ontario","2011S0503535","Multiples","Units","300","thousands","3","v52299979","10.3","4.152","","","","3"
"1993-09","Ontario","2016A000235","Total units","Units","300","thousands","3","v52299938","9.1","36.100","","","","3"
"1993-09","Ontario","2016A000235","Single-detached units","Units","300","thousands","3","v52299939","9.2","19.129","","","","3"
"1993-09","Ontario","2016A000235","Multiples","Units","300","thousands","3","v52299943","9.3","16.971","","","","3"
"1993-09","Ontario","2016A000235","Semi-detached units","Units","300","thousands","3","v52299940","9.4","2.448","","","","3"
"1993-09","Ontario","2016A000235","Row units","Units","300","thousands","3","v52299941","9.5","6.183","","","","3"
"1993-09","Ontario","2016A000235","Apartment and other unit types","Units","300","thousands","3","v52299942","9.6","8.340","","","","3"
"1993-09","Toronto, Ontario","2011S0503535","Total units","Units","300","thousands","3","v52299977","10.1","14.756","","","","3"
"1993-09","Toronto, Ontario","2011S0503535","Single-detached units","Units","300","thousands","3","v52299978","10.2","6.560","","","","3"
"1993-09","Toronto, Ontario","2011S0503535","Multiples","Units","300","thousands","3","v52299979","10.3","8.196","","","","3"
"1993-10","Ontario","2016A000235","Total units","Units","300","thousands","3","v52299938","9.1","42.898","","","","3"
"1993-10","Ontario","2016A000235","Single-detached units","Units","300","thousands","3","v52299939","9.2","21.913","","","","3"
"1993-10","Ontario","2016A000235","Multiples","Units","300","thousands","3","v52299943","9.3","20.985","","","","3"
"1993-10","Ontario","2016A000235","Semi-detached units","Units","300","thousands","3","v52299940","9.4","2.588","","","","3"
"1993-10","Ontario","2016A000235","Row units","Units","300","thousands","3","v52299941","9.5","5.713","","","","3"
"1993-10","Ontario","2016A000235","Apartment and other unit types","Units","300","thousands","3","v52299942","9.6","12.684","","","","3"
"1993-10","Toronto, Ontario","2011S0503535","Total units","Units","300","thousands","3","v52299977","10.1","17.958","","","","3"
"1993-10","Toronto, Ontario","2011S0503535","Single-detached units","Units","300","thousands","3","v52299978","10.2","7.062","","","","3"
"1993-10","Toronto, Ontario","2011S0503535","Multiples","Units","300","thousands","3","v52299979","10.3","10.896","","","","3"
"1993-11","Ontario","2016A000235","Total units","Units","300","thousands","3","v52299938","9.1","49.677","","","","3"
"1993-11","Ontario","2016A000235","Single-detached units","Units","300","thousands","3","v52299939","9.2","20.988","","","","3"
"1993-11","Ontario","2016A000235","Multiples","Units","300","thousands","3","v52299943","9.3","28.689","","","","3"
"1993-11","Ontario","2016A000235","Semi-detached units","Units","300","thousands","3","v52299940","9.4","2.868","","","","3"
"1993-11","Ontario","2016A000235","Row units","Units","300","thousands","3","v52299941","9.5","7.653","","","","3"
"1993-11","Ontario","2016A000235","Apartment and other unit types","Units","300","thousands","3","v52299942","9.6","18.168","","","","3"
"1993-11","Toronto, Ontario","2011S0503535","Total units","Units","300","thousands","3","v52299977","10.1","24.974","","","","3"
"1993-11","Toronto, Ontario","2011S0503535","Single-detached units","Units","300","thousands","3","v52299978","10.2","7.118","","","","3"
"1993-11","Toronto, Ontario","2011S0503535","Multiples","Units","300","thousands","3","v52299979","10.3","17.856","","","","3"
"1993-12","Ontario","2016A000235","Total units","Units","300","thousands","3","v52299938","9.1","41.507","","","","3"
"1993-12","Ontario","2016A000235","Single-detached units","Units","300","thousands","3","v52299939","9.2","23.500","","","","3"
"1993-12","Ontario","2016A000235","Multiples","Units","300","thousands","3","v52299943","9.3","18.007","","","","3"
"1993-12","Ontario","2016A000235","Semi-detached units","Units","300","thousands","3","v52299940","9.4","2.939","","","","3"
"1993-12","Ontario","2016A000235","Row units","Units","300","thousands","3","v52299941","9.5","7.388","","","","3"
"1993-12","Ontario","2016A000235","Apartment and other unit types","Units","300","thousands","3","v52299942","9.6","7.680","","","","3"
"1993-12","Toronto, Ontario","2011S0503535","Total units","Units","300","thousands","3","v52299977","10.1","14.190","","","","3"
"1993-12","Toronto, Ontario","2011S0503535","Single-detached units","Units","300","thousands","3","v52299978","10.2","9.246","","","","3"
"1993-12","Toronto, Ontario","2011S0503535","Multiples","Units","300","thousands","3","v52299979","10.3","4.944","","","","3"
"1994-01","Ontario","2016A000235","Total units","Units","300","thousands","3","v52299938","9.1","37.639","","","","3"
"1994-01","Ontario","2016A000235","Single-detached units","Units","300","thousands","3","v52299939","9.2","22.667","","","","3"
"1994-01","Ontario","2016A000235","Multiples","Units","300","thousands","3","v52299943","9.3","14.972","","","","3"
"1994-01","Ontario","2016A000235","Semi-detached units","Units","300","thousands","3","v52299940","9.4","2.671","","","","3"
"1994-01","Ontario","2016A000235","Row units","Units","300","thousands","3","v52299941","9.5","9.325","","","","3"
"1994-01","Ontario","2016A000235","Apartment and other unit types","Units","300","thousands","3","v52299942","9.6","2.976","","","","3"
"1994-01","Toronto, Ontario","2011S0503535","Total units","Units","300","thousands","3","v52299977","10.1","11.014","","","","3"
"1994-01","Toronto, Ontario","2011S0503535","Single-detached units","Units","300","thousands","3","v52299978","10.2","8.278","","","","3"
"1994-01","Toronto, Ontario","2011S0503535","Multiples","Units","300","thousands","3","v52299979","10.3","2.736","","","","3"
"1994-02","Ontario","2016A000235","Total units","Units","300","thousands","3","v52299938","9.1","33.310","","","","3"
"1994-02","Ontario","2016A000235","Single-detached units","Units","300","thousands","3","v52299939","9.2","16.201","","","","3"
"1994-02","Ontario","2016A000235","Multiples","Units","300","thousands","3","v52299943","9.3","17.109","","","","3"
"1994-02","Ontario","2016A000235","Semi-detached units","Units","300","thousands","3","v52299940","9.4","2.695","","","","3"
"1994-02","Ontario","2016A000235","Row units","Units","300","thousands","3","v52299941","9.5","4.682","","","","3"
"1994-02","Ontario","2016A000235","Apartment and other unit types","Units","300","thousands","3","v52299942","9.6","9.732","","","","3"
"1994-02","Toronto, Ontario","2011S0503535","Total units","Units","300","thousands","3","v52299977","10.1","12.568","","","","3"
"1994-02","Toronto, Ontario","2011S0503535","Single-detached units","Units","300","thousands","3","v52299978","10.2","5.572","","","","3"
"1994-02","Toronto, Ontario","2011S0503535","Multiples","Units","300","thousands","3","v52299979","10.3","6.996","","","","3"
"1994-03","Ontario","2016A000235","Total units","Units","300","thousands","3","v52299938","9.1","37.486","","","","3"
"1994-03","Ontario","2016A000235","Single-detached units","Units","300","thousands","3","v52299939","9.2","23.835","","","","3"
"1994-03","Ontario","2016A000235","Multiples","Units","300","thousands","3","v52299943","9.3","13.651","","","","3"
"1994-03","Ontario","2016A000235","Semi-detached units","Units","300","thousands","3","v52299940","9.4","2.943","","","","3"
"1994-03","Ontario","2016A000235","Row units","Units","300","thousands","3","v52299941","9.5","7.576","","","","3"
"1994-03","Ontario","2016A000235","Apartment and other unit types","Units","300","thousands","3","v52299942","9.6","3.132","","","","3"
"1994-03","Toronto, Ontario","2011S0503535","Total units","Units","300","thousands","3","v52299977","10.1","15.928","","","","3"
"1994-03","Toronto, Ontario","2011S0503535","Single-detached units","Units","300","thousands","3","v52299978","10.2","9.724","","","","3"
"1994-03","Toronto, Ontario","2011S0503535","Multiples","Units","300","thousands","3","v52299979","10.3","6.204","","","","3"
"1994-04","Ontario","2016A000235","Total units","Units","300","thousands","3","v52299938","9.1","44.963","","","","3"
"1994-04","Ontario","2016A000235","Single-detached units","Units","300","thousands","3","v52299939","9.2","27.049","","","","3"
"1994-04","Ontario","2016A000235","Multiples","Units","300","thousands","3","v52299943","9.3","17.914","","","","3"
"1994-04","Ontario","2016A000235","Semi-detached units","Units","300","thousands","3","v52299940","9.4","3.580","","","","3"
"1994-04","Ontario","2016A000235","Row units","Units","300","thousands","3","v52299941","9.5","7.530","","","","3"
"1994-04","Ontario","2016A000235","Apartment and other unit types","Units","300","thousands","3","v52299942","9.6","6.804","","","","3"
"1994-04","Toronto, Ontario","2011S0503535","Total units","Units","300","thousands","3","v52299977","10.1","20.549","","","","3"
"1994-04","Toronto, Ontario","2011S0503535","Single-detached units","Units","300","thousands","3","v52299978","10.2","10.049","","","","3"
"1994-04","Toronto, Ontario","2011S0503535","Multiples","Units","300","thousands","3","v52299979","10.3","10.500","","","","3"
"1994-05","Ontario","2016A000235","Total units","Units","300","thousands","3","v52299938","9.1","43.054","","","","3"
"1994-05","Ontario","2016A000235","Single-detached units","Units","300","thousands","3","v52299939","9.2","26.827","","","","3"
"1994-05","Ontario","2016A000235","Multiples","Units","300","thousands","3","v52299943","9.3","16.227","","","","3"
"1994-05","Ontario","2016A000235","Semi-detached units","Units","300","thousands","3","v52299940","9.4","2.998","","","","3"
"1994-05","Ontario","2016A000235","Row units","Units","300","thousands","3","v52299941","9.5","8.297","","","","3"
"1994-05","Ontario","2016A000235","Apartment and other unit types","Units","300","thousands","3","v52299942","9.6","4.932","","","","3"
"1994-05","Toronto, Ontario","2011S0503535","Total units","Units","300","thousands","3","v52299977","10.1","13.435","","","","3"
"1994-05","Toronto, Ontario","2011S0503535","Single-detached units","Units","300","thousands","3","v52299978","10.2","9.763","","","","3"
"1994-05","Toronto, Ontario","2011S0503535","Multiples","Units","300","thousands","3","v52299979","10.3","3.672","","","","3"
"1994-06","Ontario","2016A000235","Total units","Units","300","thousands","3","v52299938","9.1","41.276","","","","3"
"1994-06","Ontario","2016A000235","Single-detached units","Units","300","thousands","3","v52299939","9.2","25.752","","","","3"
"1994-06","Ontario","2016A000235","Multiples","Units","300","thousands","3","v52299943","9.3","15.524","","","","3"
"1994-06","Ontario","2016A000235","Semi-detached units","Units","300","thousands","3","v52299940","9.4","4.368","","","","3"
"1994-06","Ontario","2016A000235","Row units","Units","300","thousands","3","v52299941","9.5","6.908","","","","3"
"1994-06","Ontario","2016A000235","Apartment and other unit types","Units","300","thousands","3","v52299942","9.6","4.248","","","","3"
"1994-06","Toronto, Ontario","2011S0503535","Total units","Units","300","thousands","3","v52299977","10.1","17.462","","","","3"
"1994-06","Toronto, Ontario","2011S0503535","Single-detached units","Units","300","thousands","3","v52299978","10.2","10.310","","","","3"
"1994-06","Toronto, Ontario","2011S0503535","Multiples","Units","300","thousands","3","v52299979","10.3","7.152","","","","3"
"1994-07","Ontario","2016A000235","Total units","Units","300","thousands","3","v52299938","9.1","47.632","","","","3"
"1994-07","Ontario","2016A000235","Single-detached units","Units","300","thousands","3","v52299939","9.2","27.643","","","","3"
"1994-07","Ontario","2016A000235","Multiples","Units","300","thousands","3","v52299943","9.3","19.989","","","","3"
"1994-07","Ontario","2016A000235","Semi-detached units","Units","300","thousands","3","v52299940","9.4","3.733","","","","3"
"1994-07","Ontario","2016A000235","Row units","Units","300","thousands","3","v52299941","9.5","7.592","","","","3"
"1994-07","Ontario","2016A000235","Apartment and other unit types","Units","300","thousands","3","v52299942","9.6","8.664","","","","3"
"1994-07","Toronto, Ontario","2011S0503535","Total units","Units","300","thousands","3","v52299977","10.1","22.331","","","","3"
"1994-07","Toronto, Ontario","2011S0503535","Single-detached units","Units","300","thousands","3","v52299978","10.2","11.663","","","","3"
"1994-07","Toronto, Ontario","2011S0503535","Multiples","Units","300","thousands","3","v52299979","10.3","10.668","","","","3"
"1994-08","Ontario","2016A000235","Total units","Units","300","thousands","3","v52299938","9.1","40.446","","","","3"
"1994-08","Ontario","2016A000235","Single-detached units","Units","300","thousands","3","v52299939","9.2","26.947","","","","3"
"1994-08","Ontario","2016A000235","Multiples","Units","300","thousands","3","v52299943","9.3","13.499","","","","3"
"1994-08","Ontario","2016A000235","Semi-detached units","Units","300","thousands","3","v52299940","9.4","3.119","","","","3"
"1994-08","Ontario","2016A000235","Row units","Units","300","thousands","3","v52299941","9.5","6.984","","","","3"
"1994-08","Ontario","2016A000235","Apartment and other unit types","Units","300","thousands","3","v52299942","9.6","3.396","","","","3"
"1994-08","Toronto, Ontario","2011S0503535","Total units","Units","300","thousands","3","v52299977","10.1","20.126","","","","3"
"1994-08","Toronto, Ontario","2011S0503535","Single-detached units","Units","300","thousands","3","v52299978","10.2","11.858","","","","3"
"1994-08","Toronto, Ontario","2011S0503535","Multiples","Units","300","thousands","3","v52299979","10.3","8.268","","","","3"
"1994-09","Ontario","2016A000235","Total units","Units","300","thousands","3","v52299938","9.1","46.257","","","","3"
"1994-09","Ontario","2016A000235","Single-detached units","Units","300","thousands","3","v52299939","9.2","27.421","","","","3"
"1994-09","Ontario","2016A000235","Multiples","Units","300","thousands","3","v52299943","9.3","18.836","","","","3"
"1994-09","Ontario","2016A000235","Semi-detached units","Units","300","thousands","3","v52299940","9.4","3.400","","","","3"
"1994-09","Ontario","2016A000235","Row units","Units","300","thousands","3","v52299941","9.5","7.132","","","","3"
"1994-09","Ontario","2016A000235","Apartment and other unit types","Units","300","thousands","3","v52299942","9.6","8.304","","","","3"
"1994-09","Toronto, Ontario","2011S0503535","Total units","Units","300","thousands","3","v52299977","10.1","22.913","","","","3"
"1994-09","Toronto, Ontario","2011S0503535","Single-detached units","Units","300","thousands","3","v52299978","10.2","12.461","","","","3"
"1994-09","Toronto, Ontario","2011S0503535","Multiples","Units","300","thousands","3","v52299979","10.3","10.452","","","","3"
"1994-10","Ontario","2016A000235","Total units","Units","300","thousands","3","v52299938","9.1","46.150","","","","3"
"1994-10","Ontario","2016A000235","Single-detached units","Units","300","thousands","3","v52299939","9.2","25.995","","","","3"
"1994-10","Ontario","2016A000235","Multiples","Units","300","thousands","3","v52299943","9.3","20.155","","","","3"
"1994-10","Ontario","2016A000235","Semi-detached units","Units","300","thousands","3","v52299940","9.4","3.872","","","","3"
"1994-10","Ontario","2016A000235","Row units","Units","300","thousands","3","v52299941","9.5","7.595","","","","3"
"1994-10","Ontario","2016A000235","Apartment and other unit types","Units","300","thousands","3","v52299942","9.6","8.688","","","","3"
"1994-10","Toronto, Ontario","2011S0503535","Total units","Units","300","thousands","3","v52299977","10.1","28.029","","","","3"
"1994-10","Toronto, Ontario","2011S0503535","Single-detached units","Units","300","thousands","3","v52299978","10.2","15.045","","","","3"
"1994-10","Toronto, Ontario","2011S0503535","Multiples","Units","300","thousands","3","v52299979","10.3","12.984","","","","3"
"1994-11","Ontario","2016A000235","Total units","Units","300","thousands","3","v52299938","9.1","39.430","","","","3"
"1994-11","Ontario","2016A000235","Single-detached units","Units","300","thousands","3","v52299939","9.2","24.363","","","","3"
"1994-11","Ontario","2016A000235","Multiples","Units","300","thousands","3","v52299943","9.3","15.067","","","","3"
"1994-11","Ontario","2016A000235","Semi-detached units","Units","300","thousands","3","v52299940","9.4","2.632","","","","3"
"1994-11","Ontario","2016A000235","Row units","Units","300","thousands","3","v52299941","9.5","5.715","","","","3"
"1994-11","Ontario","2016A000235","Apartment and other unit types","Units","300","thousands","3","v52299942","9.6","6.720","","","","3"
"1994-11","Toronto, Ontario","2011S0503535","Total units","Units","300","thousands","3","v52299977","10.1","21.373","","","","3"
"1994-11","Toronto, Ontario","2011S0503535","Single-detached units","Units","300","thousands","3","v52299978","10.2","11.833","","","","3"
"1994-11","Toronto, Ontario","2011S0503535","Multiples","Units","300","thousands","3","v52299979","10.3","9.540","","","","3"
"1994-12","Ontario","2016A000235","Total units","Units","300","thousands","3","v52299938","9.1","30.866","","","","3"
"1994-12","Ontario","2016A000235","Single-detached units","Units","300","thousands","3","v52299939","9.2","21.964","","","","3"
"1994-12","Ontario","2016A000235","Multiples","Units","300","thousands","3","v52299943","9.3","8.902","","","","3"
"1994-12","Ontario","2016A000235","Semi-detached units","Units","300","thousands","3","v52299940","9.4","2.439","","","","3"
"1994-12","Ontario","2016A000235","Row units","Units","300","thousands","3","v52299941","9.5","3.679","","","","3"
"1994-12","Ontario","2016A000235","Apartment and other unit types","Units","300","thousands","3","v52299942","9.6","2.784","","","","3"
"1994-12","Toronto, Ontario","2011S0503535","Total units","Units","300","thousands","3","v52299977","10.1","11.949","","","","3"
"1994-12","Toronto, Ontario","2011S0503535","Single-detached units","Units","300","thousands","3","v52299978","10.2","9.537","","","","3"
"1994-12","Toronto, Ontario","2011S0503535","Multiples","Units","300","thousands","3","v52299979","10.3","2.412","","","","3"
"1995-01","Ontario","2016A000235","Total units","Units","300","thousands","3","v52299938","9.1","33.216","","","","3"
"1995-01","Ontario","2016A000235","Single-detached units","Units","300","thousands","3","v52299939","9.2","20.302","","","","3"
"1995-01","Ontario","2016A000235","Multiples","Units","300","thousands","3","v52299943","9.3","12.914","","","","3"
"1995-01","Ontario","2016A000235","Semi-detached units","Units","300","thousands","3","v52299940","9.4","1.658","","","","3"
"1995-01","Ontario","2016A000235","Row units","Units","300","thousands","3","v52299941","9.5","6.108","","","","3"
"1995-01","Ontario","2016A000235","Apartment and other unit types","Units","300","thousands","3","v52299942","9.6","5.148","","","","3"
"1995-01","Toronto, Ontario","2011S0503535","Total units","Units","300","thousands","3","v52299977","10.1","14.341","","","","3"
"1995-01","Toronto, Ontario","2011S0503535","Single-detached units","Units","300","thousands","3","v52299978","10.2","8.245","","","","3"
"1995-01","Toronto, Ontario","2011S0503535","Multiples","Units","300","thousands","3","v52299979","10.3","6.096","","","","3"
"1995-02","Ontario","2016A000235","Total units","Units","300","thousands","3","v52299938","9.1","33.467","","","","3"
"1995-02","Ontario","2016A000235","Single-detached units","Units","300","thousands","3","v52299939","9.2","18.507","","","","3"
"1995-02","Ontario","2016A000235","Multiples","Units","300","thousands","3","v52299943","9.3","14.960","","","","3"
"1995-02","Ontario","2016A000235","Semi-detached units","Units","300","thousands","3","v52299940","9.4","1.798","","","","3"
"1995-02","Ontario","2016A000235","Row units","Units","300","thousands","3","v52299941","9.5","6.778","","","","3"
"1995-02","Ontario","2016A000235","Apartment and other unit types","Units","300","thousands","3","v52299942","9.6","6.384","","","","3"
"1995-02","Toronto, Ontario","2011S0503535","Total units","Units","300","thousands","3","v52299977","10.1","16.947","","","","3"
"1995-02","Toronto, Ontario","2011S0503535","Single-detached units","Units","300","thousands","3","v52299978","10.2","8.271","","","","3"
"1995-02","Toronto, Ontario","2011S0503535","Multiples","Units","300","thousands","3","v52299979","10.3","8.676","","","","3"
"1995-03","Ontario","2016A000235","Total units","Units","300","thousands","3","v52299938","9.1","34.435","","","","3"
"1995-03","Ontario","2016A000235","Single-detached units","Units","300","thousands","3","v52299939","9.2","17.255","","","","3"
"1995-03","Ontario","2016A000235","Multiples","Units","300","thousands","3","v52299943","9.3","17.180","","","","3"
"1995-03","Ontario","2016A000235","Semi-detached units","Units","300","thousands","3","v52299940","9.4","1.724","","","","3"
"1995-03","Ontario","2016A000235","Row units","Units","300","thousands","3","v52299941","9.5","5.412","","","","3"
"1995-03","Ontario","2016A000235","Apartment and other unit types","Units","300","thousands","3","v52299942","9.6","10.044","","","","3"
"1995-03","Toronto, Ontario","2011S0503535","Total units","Units","300","thousands","3","v52299977","10.1","18.413","","","","3"
"1995-03","Toronto, Ontario","2011S0503535","Single-detached units","Units","300","thousands","3","v52299978","10.2","7.289","","","","3"
"1995-03","Toronto, Ontario","2011S0503535","Multiples","Units","300","thousands","3","v52299979","10.3","11.124","","","","3"
"1995-04","Ontario","2016A000235","Total units","Units","300","thousands","3","v52299938","9.1","32.570","","","","3"
"1995-04","Ontario","2016A000235","Single-detached units","Units","300","thousands","3","v52299939","9.2","15.641","","","","3"
"1995-04","Ontario","2016A000235","Multiples","Units","300","thousands","3","v52299943","9.3","16.929","","","","3"
"1995-04","Ontario","2016A000235","Semi-detached units","Units","300","thousands","3","v52299940","9.4","3.198","","","","3"
"1995-04","Ontario","2016A000235","Row units","Units","300","thousands","3","v52299941","9.5","6.699","","","","3"
"1995-04","Ontario","2016A000235","Apartment and other unit types","Units","300","thousands","3","v52299942","9.6","7.032","","","","3"
"1995-04","Toronto, Ontario","2011S0503535","Total units","Units","300","thousands","3","v52299977","10.1","17.549","","","","3"
"1995-04","Toronto, Ontario","2011S0503535","Single-detached units","Units","300","thousands","3","v52299978","10.2","6.941","","","","3"
"1995-04","Toronto, Ontario","2011S0503535","Multiples","Units","300","thousands","3","v52299979","10.3","10.608","","","","3"
"1995-05","Ontario","2016A000235","Total units","Units","300","thousands","3","v52299938","9.1","24.159","","","","3"
"1995-05","Ontario","2016A000235","Single-detached units","Units","300","thousands","3","v52299939","9.2","13.589","","","","3"
"1995-05","Ontario","2016A000235","Multiples","Units","300","thousands","3","v52299943","9.3","10.570","","","","3"
"1995-05","Ontario","2016A000235","Semi-detached units","Units","300","thousands","3","v52299940","9.4","2.264","","","","3"
"1995-05","Ontario","2016A000235","Row units","Units","300","thousands","3","v52299941","9.5","4.238","","","","3"
"1995-05","Ontario","2016A000235","Apartment and other unit types","Units","300","thousands","3","v52299942","9.6","4.068","","","","3"
"1995-05","Toronto, Ontario","2011S0503535","Total units","Units","300","thousands","3","v52299977","10.1","11.659","","","","3"
"1995-05","Toronto, Ontario","2011S0503535","Single-detached units","Units","300","thousands","3","v52299978","10.2","6.679","","","","3"
"1995-05","Toronto, Ontario","2011S0503535","Multiples","Units","300","thousands","3","v52299979","10.3","4.980","","","","3"
"1995-06","Ontario","2016A000235","Total units","Units","300","thousands","3","v52299938","9.1","33.553","","","","3"
"1995-06","Ontario","2016A000235","Single-detached units","Units","300","thousands","3","v52299939","9.2","18.711","","","","3"
"1995-06","Ontario","2016A000235","Multiples","Units","300","thousands","3","v52299943","9.3","14.842","","","","3"
"1995-06","Ontario","2016A000235","Semi-detached units","Units","300","thousands","3","v52299940","9.4","1.963","","","","3"
"1995-06","Ontario","2016A000235","Row units","Units","300","thousands","3","v52299941","9.5","5.127","","","","3"
"1995-06","Ontario","2016A000235","Apartment and other unit types","Units","300","thousands","3","v52299942","9.6","7.752","","","","3"
"1995-06","Toronto, Ontario","2011S0503535","Total units","Units","300","thousands","3","v52299977","10.1","17.978","","","","3"
"1995-06","Toronto, Ontario","2011S0503535","Single-detached units","Units","300","thousands","3","v52299978","10.2","9.002","","","","3"
"1995-06","Toronto, Ontario","2011S0503535","Multiples","Units","300","thousands","3","v52299979","10.3","8.976","","","","3"
"1995-07","Ontario","2016A000235","Total units","Units","300","thousands","3","v52299938","9.1","25.646","","","","3"
"1995-07","Ontario","2016A000235","Single-detached units","Units","300","thousands","3","v52299939","9.2","12.540","","","","3"
"1995-07","Ontario","2016A000235","Multiples","Units","300","thousands","3","v52299943","9.3","13.106","","","","3"
"1995-07","Ontario","2016A000235","Semi-detached units","Units","300","thousands","3","v52299940","9.4","1.535","","","","3"
"1995-07","Ontario","2016A000235","Row units","Units","300","thousands","3","v52299941","9.5","5.367","","","","3"
"1995-07","Ontario","2016A000235","Apartment and other unit types","Units","300","thousands","3","v52299942","9.6","6.204","","","","3"
"1995-07","Toronto, Ontario","2011S0503535","Total units","Units","300","thousands","3","v52299977","10.1","10.024","","","","3"
"1995-07","Toronto, Ontario","2011S0503535","Single-detached units","Units","300","thousands","3","v52299978","10.2","3.772","","","","3"
"1995-07","Toronto, Ontario","2011S0503535","Multiples","Units","300","thousands","3","v52299979","10.3","6.252","","","","3"
"1995-08","Ontario","2016A000235","Total units","Units","300","thousands","3","v52299938","9.1","30.540","","","","3"
"1995-08","Ontario","2016A000235","Single-detached units","Units","300","thousands","3","v52299939","9.2","15.308","","","","3"
"1995-08","Ontario","2016A000235","Multiples","Units","300","thousands","3","v52299943","9.3","15.232","","","","3"
"1995-08","Ontario","2016A000235","Semi-detached units","Units","300","thousands","3","v52299940","9.4","2.328","","","","3"
"1995-08","Ontario","2016A000235","Row units","Units","300","thousands","3","v52299941","9.5","4.996","","","","3"
"1995-08","Ontario","2016A000235","Apartment and other unit types","Units","300","thousands","3","v52299942","9.6","7.908","","","","3"
"1995-08","Toronto, Ontario","2011S0503535","Total units","Units","300","thousands","3","v52299977","10.1","16.045","","","","3"
"1995-08","Toronto, Ontario","2011S0503535","Single-detached units","Units","300","thousands","3","v52299978","10.2","5.821","","","","3"
"1995-08","Toronto, Ontario","2011S0503535","Multiples","Units","300","thousands","3","v52299979","10.3","10.224","","","","3"
"1995-09","Ontario","2016A000235","Total units","Units","300","thousands","3","v52299938","9.1","34.466","","","","3"
"1995-09","Ontario","2016A000235","Single-detached units","Units","300","thousands","3","v52299939","9.2","17.487","","","","3"
"1995-09","Ontario","2016A000235","Multiples","Units","300","thousands","3","v52299943","9.3","16.979","","","","3"
"1995-09","Ontario","2016A000235","Semi-detached units","Units","300","thousands","3","v52299940","9.4","3.546","","","","3"
"1995-09","Ontario","2016A000235","Row units","Units","300","thousands","3","v52299941","9.5","5.981","","","","3"
"1995-09","Ontario","2016A000235","Apartment and other unit types","Units","300","thousands","3","v52299942","9.6","7.452","","","","3"
"1995-09","Toronto, Ontario","2011S0503535","Total units","Units","300","thousands","3","v52299977","10.1","16.318","","","","3"
"1995-09","Toronto, Ontario","2011S0503535","Single-detached units","Units","300","thousands","3","v52299978","10.2","6.454","","","","3"
"1995-09","Toronto, Ontario","2011S0503535","Multiples","Units","300","thousands","3","v52299979","10.3","9.864","","","","3"
"1995-10","Ontario","2016A000235","Total units","Units","300","thousands","3","v52299938","9.1","27.980","","","","3"
"1995-10","Ontario","2016A000235","Single-detached units","Units","300","thousands","3","v52299939","9.2","17.602","","","","3"
"1995-10","Ontario","2016A000235","Multiples","Units","300","thousands","3","v52299943","9.3","10.378","","","","3"
"1995-10","Ontario","2016A000235","Semi-detached units","Units","300","thousands","3","v52299940","9.4","1.902","","","","3"
"1995-10","Ontario","2016A000235","Row units","Units","300","thousands","3","v52299941","9.5","4.876","","","","3"
"1995-10","Ontario","2016A000235","Apartment and other unit types","Units","300","thousands","3","v52299942","9.6","3.600","","","","3"
"1995-10","Toronto, Ontario","2011S0503535","Total units","Units","300","thousands","3","v52299977","10.1","11.628","","","","3"
"1995-10","Toronto, Ontario","2011S0503535","Single-detached units","Units","300","thousands","3","v52299978","10.2","6.576","","","","3"
"1995-10","Toronto, Ontario","2011S0503535","Multiples","Units","300","thousands","3","v52299979","10.3","5.052","","","","3"
"1995-11","Ontario","2016A000235","Total units","Units","300","thousands","3","v52299938","9.1","36.957","","","","3"
"1995-11","Ontario","2016A000235","Single-detached units","Units","300","thousands","3","v52299939","9.2","17.942","","","","3"
"1995-11","Ontario","2016A000235","Multiples","Units","300","thousands","3","v52299943","9.3","19.015","","","","3"
"1995-11","Ontario","2016A000235","Semi-detached units","Units","300","thousands","3","v52299940","9.4","2.257","","","","3"
"1995-11","Ontario","2016A000235","Row units","Units","300","thousands","3","v52299941","9.5","8.226","","","","3"
"1995-11","Ontario","2016A000235","Apartment and other unit types","Units","300","thousands","3","v52299942","9.6","8.532","","","","3"
"1995-11","Toronto, Ontario","2011S0503535","Total units","Units","300","thousands","3","v52299977","10.1","23.708","","","","3"
"1995-11","Toronto, Ontario","2011S0503535","Single-detached units","Units","300","thousands","3","v52299978","10.2","7.172","","","","3"
"1995-11","Toronto, Ontario","2011S0503535","Multiples","Units","300","thousands","3","v52299979","10.3","16.536","","","","3"
"1995-12","Ontario","2016A000235","Total units","Units","300","thousands","3","v52299938","9.1","39.667","","","","3"
"1995-12","Ontario","2016A000235","Single-detached units","Units","300","thousands","3","v52299939","9.2","18.670","","","","3"
"1995-12","Ontario","2016A000235","Multiples","Units","300","thousands","3","v52299943","9.3","20.997","","","","3"
"1995-12","Ontario","2016A000235","Semi-detached units","Units","300","thousands","3","v52299940","9.4","1.940","","","","3"
"1995-12","Ontario","2016A000235","Row units","Units","300","thousands","3","v52299941","9.5","9.409","","","","3"
"1995-12","Ontario","2016A000235","Apartment and other unit types","Units","300","thousands","3","v52299942","9.6","9.648","","","","3"
"1995-12","Toronto, Ontario","2011S0503535","Total units","Units","300","thousands","3","v52299977","10.1","23.321","","","","3"
"1995-12","Toronto, Ontario","2011S0503535","Single-detached units","Units","300","thousands","3","v52299978","10.2","8.357","","","","3"
"1995-12","Toronto, Ontario","2011S0503535","Multiples","Units","300","thousands","3","v52299979","10.3","14.964","","","","3"
"1996-01","Ontario","2016A000235","Total units","Units","300","thousands","3","v52299938","9.1","32.116","","","","3"
"1996-01","Ontario","2016A000235","Single-detached units","Units","300","thousands","3","v52299939","9.2","20.535","","","","3"
"1996-01","Ontario","2016A000235","Multiples","Units","300","thousands","3","v52299943","9.3","11.581","","","","3"
"1996-01","Ontario","2016A000235","Semi-detached units","Units","300","thousands","3","v52299940","9.4","2.384","","","","3"
"1996-01","Ontario","2016A000235","Row units","Units","300","thousands","3","v52299941","9.5","4.937","","","","3"
"1996-01","Ontario","2016A000235","Apartment and other unit types","Units","300","thousands","3","v52299942","9.6","4.260","","","","3"
"1996-01","Toronto, Ontario","2011S0503535","Total units","Units","300","thousands","3","v52299977","10.1","15.627","","","","3"
"1996-01","Toronto, Ontario","2011S0503535","Single-detached units","Units","300","thousands","3","v52299978","10.2","9.435","","","","3"
"1996-01","Toronto, Ontario","2011S0503535","Multiples","Units","300","thousands","3","v52299979","10.3","6.192","","","","3"
"1996-02","Ontario","2016A000235","Total units","Units","300","thousands","3","v52299938","9.1","27.902","","","","3"
"1996-02","Ontario","2016A000235","Single-detached units","Units","300","thousands","3","v52299939","9.2","14.808","","","","3"
"1996-02","Ontario","2016A000235","Multiples","Units","300","thousands","3","v52299943","9.3","13.094","","","","3"
"1996-02","Ontario","2016A000235","Semi-detached units","Units","300","thousands","3","v52299940","9.4","1.867","","","","3"
"1996-02","Ontario","2016A000235","Row units","Units","300","thousands","3","v52299941","9.5","6.739","","","","3"
"1996-02","Ontario","2016A000235","Apartment and other unit types","Units","300","thousands","3","v52299942","9.6","4.488","","","","3"
"1996-02","Toronto, Ontario","2011S0503535","Total units","Units","300","thousands","3","v52299977","10.1","11.667","","","","3"
"1996-02","Toronto, Ontario","2011S0503535","Single-detached units","Units","300","thousands","3","v52299978","10.2","6.063","","","","3"
"1996-02","Toronto, Ontario","2011S0503535","Multiples","Units","300","thousands","3","v52299979","10.3","5.604","","","","3"
"1996-03","Ontario","2016A000235","Total units","Units","300","thousands","3","v52299938","9.1","31.030","","","","3"
"1996-03","Ontario","2016A000235","Single-detached units","Units","300","thousands","3","v52299939","9.2","21.218","","","","3"
"1996-03","Ontario","2016A000235","Multiples","Units","300","thousands","3","v52299943","9.3","9.812","","","","3"
"1996-03","Ontario","2016A000235","Semi-detached units","Units","300","thousands","3","v52299940","9.4","2.210","","","","3"
"1996-03","Ontario","2016A000235","Row units","Units","300","thousands","3","v52299941","9.5","4.158","","","","3"
"1996-03","Ontario","2016A000235","Apartment and other unit types","Units","300","thousands","3","v52299942","9.6","3.444","","","","3"
"1996-03","Toronto, Ontario","2011S0503535","Total units","Units","300","thousands","3","v52299977","10.1","14.790","","","","3"
"1996-03","Toronto, Ontario","2011S0503535","Single-detached units","Units","300","thousands","3","v52299978","10.2","10.134","","","","3"
"1996-03","Toronto, Ontario","2011S0503535","Multiples","Units","300","thousands","3","v52299979","10.3","4.656","","","","3"
"1996-04","Ontario","2016A000235","Total units","Units","300","thousands","3","v52299938","9.1","29.975","","","","3"
"1996-04","Ontario","2016A000235","Single-detached units","Units","300","thousands","3","v52299939","9.2","20.199","","","","3"
"1996-04","Ontario","2016A000235","Multiples","Units","300","thousands","3","v52299943","9.3","9.776","","","","3"
"1996-04","Ontario","2016A000235","Semi-detached units","Units","300","thousands","3","v52299940","9.4","1.974","","","","3"
"1996-04","Ontario","2016A000235","Row units","Units","300","thousands","3","v52299941","9.5","5.942","","","","3"
"1996-04","Ontario","2016A000235","Apartment and other unit types","Units","300","thousands","3","v52299942","9.6","1.860","","","","3"
"1996-04","Toronto, Ontario","2011S0503535","Total units","Units","300","thousands","3","v52299977","10.1","11.604","","","","3"
"1996-04","Toronto, Ontario","2011S0503535","Single-detached units","Units","300","thousands","3","v52299978","10.2","7.404","","","","3"
"1996-04","Toronto, Ontario","2011S0503535","Multiples","Units","300","thousands","3","v52299979","10.3","4.200","","","","3"
"1996-05","Ontario","2016A000235","Total units","Units","300","thousands","3","v52299938","9.1","41.306","","","","3"
"1996-05","Ontario","2016A000235","Single-detached units","Units","300","thousands","3","v52299939","9.2","22.712","","","","3"
"1996-05","Ontario","2016A000235","Multiples","Units","300","thousands","3","v52299943","9.3","18.594","","","","3"
"1996-05","Ontario","2016A000235","Semi-detached units","Units","300","thousands","3","v52299940","9.4","5.210","","","","3"
"1996-05","Ontario","2016A000235","Row units","Units","300","thousands","3","v52299941","9.5","6.772","","","","3"
"1996-05","Ontario","2016A000235","Apartment and other unit types","Units","300","thousands","3","v52299942","9.6","6.612","","","","3"
"1996-05","Toronto, Ontario","2011S0503535","Total units","Units","300","thousands","3","v52299977","10.1","23.015","","","","3"
"1996-05","Toronto, Ontario","2011S0503535","Single-detached units","Units","300","thousands","3","v52299978","10.2","10.187","","","","3"
"1996-05","Toronto, Ontario","2011S0503535","Multiples","Units","300","thousands","3","v52299979","10.3","12.828","","","","3"
"1996-06","Ontario","2016A000235","Total units","Units","300","thousands","3","v52299938","9.1","42.355","","","","3"
"1996-06","Ontario","2016A000235","Single-detached units","Units","300","thousands","3","v52299939","9.2","25.486","","","","3"
"1996-06","Ontario","2016A000235","Multiples","Units","300","thousands","3","v52299943","9.3","16.869","","","","3"
"1996-06","Ontario","2016A000235","Semi-detached units","Units","300","thousands","3","v52299940","9.4","4.412","","","","3"
"1996-06","Ontario","2016A000235","Row units","Units","300","thousands","3","v52299941","9.5","8.053","","","","3"
"1996-06","Ontario","2016A000235","Apartment and other unit types","Units","300","thousands","3","v52299942","9.6","4.404","","","","3"
"1996-06","Toronto, Ontario","2011S0503535","Total units","Units","300","thousands","3","v52299977","10.1","20.461","","","","3"
"1996-06","Toronto, Ontario","2011S0503535","Single-detached units","Units","300","thousands","3","v52299978","10.2","11.833","","","","3"
"1996-06","Toronto, Ontario","2011S0503535","Multiples","Units","300","thousands","3","v52299979","10.3","8.628","","","","3"
"1996-07","Ontario","2016A000235","Total units","Units","300","thousands","3","v52299938","9.1","40.266","","","","3"
"1996-07","Ontario","2016A000235","Single-detached units","Units","300","thousands","3","v52299939","9.2","26.415","","","","3"
"1996-07","Ontario","2016A000235","Multiples","Units","300","thousands","3","v52299943","9.3","13.851","","","","3"
"1996-07","Ontario","2016A000235","Semi-detached units","Units","300","thousands","3","v52299940","9.4","4.217","","","","3"
"1996-07","Ontario","2016A000235","Row units","Units","300","thousands","3","v52299941","9.5","9.346","","","","3"
"1996-07","Ontario","2016A000235","Apartment and other unit types","Units","300","thousands","3","v52299942","9.6","0.288","","","","3"
"1996-07","Toronto, Ontario","2011S0503535","Total units","Units","300","thousands","3","v52299977","10.1","19.380","","","","3"
"1996-07","Toronto, Ontario","2011S0503535","Single-detached units","Units","300","thousands","3","v52299978","10.2","11.328","","","","3"
"1996-07","Toronto, Ontario","2011S0503535","Multiples","Units","300","thousands","3","v52299979","10.3","8.052","","","","3"
"1996-08","Ontario","2016A000235","Total units","Units","300","thousands","3","v52299938","9.1","38.078","","","","3"
"1996-08","Ontario","2016A000235","Single-detached units","Units","300","thousands","3","v52299939","9.2","23.636","","","","3"
"1996-08","Ontario","2016A000235","Multiples","Units","300","thousands","3","v52299943","9.3","14.442","","","","3"
"1996-08","Ontario","2016A000235","Semi-detached units","Units","300","thousands","3","v52299940","9.4","2.946","","","","3"
"1996-08","Ontario","2016A000235","Row units","Units","300","thousands","3","v52299941","9.5","10.044","","","","3"
"1996-08","Ontario","2016A000235","Apartment and other unit types","Units","300","thousands","3","v52299942","9.6","1.452","","","","3"
"1996-08","Toronto, Ontario","2011S0503535","Total units","Units","300","thousands","3","v52299977","10.1","15.870","","","","3"
"1996-08","Toronto, Ontario","2011S0503535","Single-detached units","Units","300","thousands","3","v52299978","10.2","9.162","","","","3"
"1996-08","Toronto, Ontario","2011S0503535","Multiples","Units","300","thousands","3","v52299979","10.3","6.708","","","","3"
"1996-09","Ontario","2016A000235","Total units","Units","300","thousands","3","v52299938","9.1","46.917","","","","3"
"1996-09","Ontario","2016A000235","Single-detached units","Units","300","thousands","3","v52299939","9.2","24.399","","","","3"
"1996-09","Ontario","2016A000235","Multiples","Units","300","thousands","3","v52299943","9.3","22.518","","","","3"
"1996-09","Ontario","2016A000235","Semi-detached units","Units","300","thousands","3","v52299940","9.4","2.296","","","","3"
"1996-09","Ontario","2016A000235","Row units","Units","300","thousands","3","v52299941","9.5","9.806","","","","3"
"1996-09","Ontario","2016A000235","Apartment and other unit types","Units","300","thousands","3","v52299942","9.6","10.416","","","","3"
"1996-09","Toronto, Ontario","2011S0503535","Total units","Units","300","thousands","3","v52299977","10.1","26.450","","","","3"
"1996-09","Toronto, Ontario","2011S0503535","Single-detached units","Units","300","thousands","3","v52299978","10.2","10.742","","","","3"
"1996-09","Toronto, Ontario","2011S0503535","Multiples","Units","300","thousands","3","v52299979","10.3","15.708","","","","3"
"1996-10","Ontario","2016A000235","Total units","Units","300","thousands","3","v52299938","9.1","39.354","","","","3"
"1996-10","Ontario","2016A000235","Single-detached units","Units","300","thousands","3","v52299939","9.2","23.482","","","","3"
"1996-10","Ontario","2016A000235","Multiples","Units","300","thousands","3","v52299943","9.3","15.872","","","","3"
"1996-10","Ontario","2016A000235","Semi-detached units","Units","300","thousands","3","v52299940","9.4","2.994","","","","3"
"1996-10","Ontario","2016A000235","Row units","Units","300","thousands","3","v52299941","9.5","8.786","","","","3"
"1996-10","Ontario","2016A000235","Apartment and other unit types","Units","300","thousands","3","v52299942","9.6","4.092","","","","3"
"1996-10","Toronto, Ontario","2011S0503535","Total units","Units","300","thousands","3","v52299977","10.1","20.183","","","","3"
"1996-10","Toronto, Ontario","2011S0503535","Single-detached units","Units","300","thousands","3","v52299978","10.2","11.375","","","","3"
"1996-10","Toronto, Ontario","2011S0503535","Multiples","Units","300","thousands","3","v52299979","10.3","8.808","","","","3"
"1996-11","Ontario","2016A000235","Total units","Units","300","thousands","3","v52299938","9.1","44.434","","","","3"
"1996-11","Ontario","2016A000235","Single-detached units","Units","300","thousands","3","v52299939","9.2","26.843","","","","3"
"1996-11","Ontario","2016A000235","Multiples","Units","300","thousands","3","v52299943","9.3","17.591","","","","3"
"1996-11","Ontario","2016A000235","Semi-detached units","Units","300","thousands","3","v52299940","9.4","4.043","","","","3"
"1996-11","Ontario","2016A000235","Row units","Units","300","thousands","3","v52299941","9.5","8.628","","","","3"
"1996-11","Ontario","2016A000235","Apartment and other unit types","Units","300","thousands","3","v52299942","9.6","4.920","","","","3"
"1996-11","Toronto, Ontario","2011S0503535","Total units","Units","300","thousands","3","v52299977","10.1","22.467","","","","3"
"1996-11","Toronto, Ontario","2011S0503535","Single-detached units","Units","300","thousands","3","v52299978","10.2","11.091","","","","3"
"1996-11","Toronto, Ontario","2011S0503535","Multiples","Units","300","thousands","3","v52299979","10.3","11.376","","","","3"
"1996-12","Ontario","2016A000235","Total units","Units","300","thousands","3","v52299938","9.1","48.501","","","","3"
"1996-12","Ontario","2016A000235","Single-detached units","Units","300","thousands","3","v52299939","9.2","27.855","","","","3"
"1996-12","Ontario","2016A000235","Multiples","Units","300","thousands","3","v52299943","9.3","20.646","","","","3"
"1996-12","Ontario","2016A000235","Semi-detached units","Units","300","thousands","3","v52299940","9.4","3.626","","","","3"
"1996-12","Ontario","2016A000235","Row units","Units","300","thousands","3","v52299941","9.5","8.932","","","","3"
"1996-12","Ontario","2016A000235","Apartment and other unit types","Units","300","thousands","3","v52299942","9.6","8.088","","","","3"
"1996-12","Toronto, Ontario","2011S0503535","Total units","Units","300","thousands","3","v52299977","10.1","25.088","","","","3"
"1996-12","Toronto, Ontario","2011S0503535","Single-detached units","Units","300","thousands","3","v52299978","10.2","11.696","","","","3"
"1996-12","Toronto, Ontario","2011S0503535","Multiples","Units","300","thousands","3","v52299979","10.3","13.392","","","","3"
"1997-01","Ontario","2016A000235","Total units","Units","300","thousands","3","v52299938","9.1","44.738","","","","3"
"1997-01","Ontario","2016A000235","Single-detached units","Units","300","thousands","3","v52299939","9.2","25.945","","","","3"
"1997-01","Ontario","2016A000235","Multiples","Units","300","thousands","3","v52299943","9.3","18.793","","","","3"
"1997-01","Ontario","2016A000235","Semi-detached units","Units","300","thousands","3","v52299940","9.4","3.769","","","","3"
"1997-01","Ontario","2016A000235","Row units","Units","300","thousands","3","v52299941","9.5","8.172","","","","3"
"1997-01","Ontario","2016A000235","Apartment and other unit types","Units","300","thousands","3","v52299942","9.6","6.852","","","","3"
"1997-01","Toronto, Ontario","2011S0503535","Total units","Units","300","thousands","3","v52299977","10.1","18.678","","","","3"
"1997-01","Toronto, Ontario","2011S0503535","Single-detached units","Units","300","thousands","3","v52299978","10.2","9.486","","","","3"
"1997-01","Toronto, Ontario","2011S0503535","Multiples","Units","300","thousands","3","v52299979","10.3","9.192","","","","3"
"1997-02","Ontario","2016A000235","Total units","Units","300","thousands","3","v52299938","9.1","49.010","","","","3"
"1997-02","Ontario","2016A000235","Single-detached units","Units","300","thousands","3","v52299939","9.2","32.035","","","","3"
"1997-02","Ontario","2016A000235","Multiples","Units","300","thousands","3","v52299943","9.3","16.975","","","","3"
"1997-02","Ontario","2016A000235","Semi-detached units","Units","300","thousands","3","v52299940","9.4","7.089","","","","3"
"1997-02","Ontario","2016A000235","Row units","Units","300","thousands","3","v52299941","9.5","7.306","","","","3"
"1997-02","Ontario","2016A000235","Apartment and other unit types","Units","300","thousands","3","v52299942","9.6","2.580","","","","3"
"1997-02","Toronto, Ontario","2011S0503535","Total units","Units","300","thousands","3","v52299977","10.1","22.223","","","","3"
"1997-02","Toronto, Ontario","2011S0503535","Single-detached units","Units","300","thousands","3","v52299978","10.2","14.471","","","","3"
"1997-02","Toronto, Ontario","2011S0503535","Multiples","Units","300","thousands","3","v52299979","10.3","7.752","","","","3"
"1997-03","Ontario","2016A000235","Total units","Units","300","thousands","3","v52299938","9.1","48.130","","","","3"
"1997-03","Ontario","2016A000235","Single-detached units","Units","300","thousands","3","v52299939","9.2","32.727","","","","3"
"1997-03","Ontario","2016A000235","Multiples","Units","300","thousands","3","v52299943","9.3","15.403","","","","3"
"1997-03","Ontario","2016A000235","Semi-detached units","Units","300","thousands","3","v52299940","9.4","4.784","","","","3"
"1997-03","Ontario","2016A000235","Row units","Units","300","thousands","3","v52299941","9.5","7.619","","","","3"
"1997-03","Ontario","2016A000235","Apartment and other unit types","Units","300","thousands","3","v52299942","9.6","3.000","","","","3"
"1997-03","Toronto, Ontario","2011S0503535","Total units","Units","300","thousands","3","v52299977","10.1","21.878","","","","3"
"1997-03","Toronto, Ontario","2011S0503535","Single-detached units","Units","300","thousands","3","v52299978","10.2","14.378","","","","3"
"1997-03","Toronto, Ontario","2011S0503535","Multiples","Units","300","thousands","3","v52299979","10.3","7.500","","","","3"
"1997-04","Ontario","2016A000235","Total units","Units","300","thousands","3","v52299938","9.1","53.052","","","","3"
"1997-04","Ontario","2016A000235","Single-detached units","Units","300","thousands","3","v52299939","9.2","29.904","","","","3"
"1997-04","Ontario","2016A000235","Multiples","Units","300","thousands","3","v52299943","9.3","23.148","","","","3"
"1997-04","Ontario","2016A000235","Semi-detached units","Units","300","thousands","3","v52299940","9.4","3.060","","","","3"
"1997-04","Ontario","2016A000235","Row units","Units","300","thousands","3","v52299941","9.5","9.528","","","","3"
"1997-04","Ontario","2016A000235","Apartment and other unit types","Units","300","thousands","3","v52299942","9.6","10.560","","","","3"
"1997-04","Toronto, Ontario","2011S0503535","Total units","Units","300","thousands","3","v52299977","10.1","29.069","","","","3"
"1997-04","Toronto, Ontario","2011S0503535","Single-detached units","Units","300","thousands","3","v52299978","10.2","12.857","","","","3"
"1997-04","Toronto, Ontario","2011S0503535","Multiples","Units","300","thousands","3","v52299979","10.3","16.212","","","","3"
"1997-05","Ontario","2016A000235","Total units","Units","300","thousands","3","v52299938","9.1","48.967","","","","3"
"1997-05","Ontario","2016A000235","Single-detached units","Units","300","thousands","3","v52299939","9.2","32.633","","","","3"
"1997-05","Ontario","2016A000235","Multiples","Units","300","thousands","3","v52299943","9.3","16.334","","","","3"
"1997-05","Ontario","2016A000235","Semi-detached units","Units","300","thousands","3","v52299940","9.4","4.348","","","","3"
"1997-05","Ontario","2016A000235","Row units","Units","300","thousands","3","v52299941","9.5","11.458","","","","3"
"1997-05","Ontario","2016A000235","Apartment and other unit types","Units","300","thousands","3","v52299942","9.6","0.528","","","","3"
"1997-05","Toronto, Ontario","2011S0503535","Total units","Units","300","thousands","3","v52299977","10.1","25.772","","","","3"
"1997-05","Toronto, Ontario","2011S0503535","Single-detached units","Units","300","thousands","3","v52299978","10.2","15.284","","","","3"
"1997-05","Toronto, Ontario","2011S0503535","Multiples","Units","300","thousands","3","v52299979","10.3","10.488","","","","3"
"1997-06","Ontario","2016A000235","Total units","Units","300","thousands","3","v52299938","9.1","44.144","","","","3"
"1997-06","Ontario","2016A000235","Single-detached units","Units","300","thousands","3","v52299939","9.2","30.189","","","","3"
"1997-06","Ontario","2016A000235","Multiples","Units","300","thousands","3","v52299943","9.3","13.955","","","","3"
"1997-06","Ontario","2016A000235","Semi-detached units","Units","300","thousands","3","v52299940","9.4","2.811","","","","3"
"1997-06","Ontario","2016A000235","Row units","Units","300","thousands","3","v52299941","9.5","9.704","","","","3"
"1997-06","Ontario","2016A000235","Apartment and other unit types","Units","300","thousands","3","v52299942","9.6","1.440","","","","3"
"1997-06","Toronto, Ontario","2011S0503535","Total units","Units","300","thousands","3","v52299977","10.1","18.466","","","","3"
"1997-06","Toronto, Ontario","2011S0503535","Single-detached units","Units","300","thousands","3","v52299978","10.2","11.470","","","","3"
"1997-06","Toronto, Ontario","2011S0503535","Multiples","Units","300","thousands","3","v52299979","10.3","6.996","","","","3"
"1997-07","Ontario","2016A000235","Total units","Units","300","thousands","3","v52299938","9.1","49.378","","","","3"
"1997-07","Ontario","2016A000235","Single-detached units","Units","300","thousands","3","v52299939","9.2","30.427","","","","3"
"1997-07","Ontario","2016A000235","Multiples","Units","300","thousands","3","v52299943","9.3","18.951","","","","3"
"1997-07","Ontario","2016A000235","Semi-detached units","Units","300","thousands","3","v52299940","9.4","4.029","","","","3"
"1997-07","Ontario","2016A000235","Row units","Units","300","thousands","3","v52299941","9.5","10.242","","","","3"
"1997-07","Ontario","2016A000235","Apartment and other unit types","Units","300","thousands","3","v52299942","9.6","4.680","","","","3"
"1997-07","Toronto, Ontario","2011S0503535","Total units","Units","300","thousands","3","v52299977","10.1","26.275","","","","3"
"1997-07","Toronto, Ontario","2011S0503535","Single-detached units","Units","300","thousands","3","v52299978","10.2","14.815","","","","3"
"1997-07","Toronto, Ontario","2011S0503535","Multiples","Units","300","thousands","3","v52299979","10.3","11.460","","","","3"
"1997-08","Ontario","2016A000235","Total units","Units","300","thousands","3","v52299938","9.1","54.842","","","","3"
"1997-08","Ontario","2016A000235","Single-detached units","Units","300","thousands","3","v52299939","9.2","35.402","","","","3"
"1997-08","Ontario","2016A000235","Multiples","Units","300","thousands","3","v52299943","9.3","19.440","","","","3"
"1997-08","Ontario","2016A000235","Semi-detached units","Units","300","thousands","3","v52299940","9.4","5.794","","","","3"
"1997-08","Ontario","2016A000235","Row units","Units","300","thousands","3","v52299941","9.5","9.110","","","","3"
"1997-08","Ontario","2016A000235","Apartment and other unit types","Units","300","thousands","3","v52299942","9.6","4.536","","","","3"
"1997-08","Toronto, Ontario","2011S0503535","Total units","Units","300","thousands","3","v52299977","10.1","29.830","","","","3"
"1997-08","Toronto, Ontario","2011S0503535","Single-detached units","Units","300","thousands","3","v52299978","10.2","16.594","","","","3"
"1997-08","Toronto, Ontario","2011S0503535","Multiples","Units","300","thousands","3","v52299979","10.3","13.236","","","","3"
"1997-09","Ontario","2016A000235","Total units","Units","300","thousands","3","v52299938","9.1","51.919","","","","3"
"1997-09","Ontario","2016A000235","Single-detached units","Units","300","thousands","3","v52299939","9.2","33.248","","","","3"
"1997-09","Ontario","2016A000235","Multiples","Units","300","thousands","3","v52299943","9.3","18.671","","","","3"
"1997-09","Ontario","2016A000235","Semi-detached units","Units","300","thousands","3","v52299940","9.4","5.382","","","","3"
"1997-09","Ontario","2016A000235","Row units","Units","300","thousands","3","v52299941","9.5","8.453","","","","3"
"1997-09","Ontario","2016A000235","Apartment and other unit types","Units","300","thousands","3","v52299942","9.6","4.836","","","","3"
"1997-09","Toronto, Ontario","2011S0503535","Total units","Units","300","thousands","3","v52299977","10.1","29.483","","","","3"
"1997-09","Toronto, Ontario","2011S0503535","Single-detached units","Units","300","thousands","3","v52299978","10.2","16.631","","","","3"
"1997-09","Toronto, Ontario","2011S0503535","Multiples","Units","300","thousands","3","v52299979","10.3","12.852","","","","3"
"1997-10","Ontario","2016A000235","Total units","Units","300","thousands","3","v52299938","9.1","51.400","","","","3"
"1997-10","Ontario","2016A000235","Single-detached units","Units","300","thousands","3","v52299939","9.2","34.662","","","","3"
"1997-10","Ontario","2016A000235","Multiples","Units","300","thousands","3","v52299943","9.3","16.738","","","","3"
"1997-10","Ontario","2016A000235","Semi-detached units","Units","300","thousands","3","v52299940","9.4","3.569","","","","3"
"1997-10","Ontario","2016A000235","Row units","Units","300","thousands","3","v52299941","9.5","10.457","","","","3"
"1997-10","Ontario","2016A000235","Apartment and other unit types","Units","300","thousands","3","v52299942","9.6","2.712","","","","3"
"1997-10","Toronto, Ontario","2011S0503535","Total units","Units","300","thousands","3","v52299977","10.1","26.723","","","","3"
"1997-10","Toronto, Ontario","2011S0503535","Single-detached units","Units","300","thousands","3","v52299978","10.2","15.803","","","","3"
"1997-10","Toronto, Ontario","2011S0503535","Multiples","Units","300","thousands","3","v52299979","10.3","10.920","","","","3"
"1997-11","Ontario","2016A000235","Total units","Units","300","thousands","3","v52299938","9.1","48.575","","","","3"
"1997-11","Ontario","2016A000235","Single-detached units","Units","300","thousands","3","v52299939","9.2","30.857","","","","3"
"1997-11","Ontario","2016A000235","Multiples","Units","300","thousands","3","v52299943","9.3","17.718","","","","3"
"1997-11","Ontario","2016A000235","Semi-detached units","Units","300","thousands","3","v52299940","9.4","3.032","","","","3"
"1997-11","Ontario","2016A000235","Row units","Units","300","thousands","3","v52299941","9.5","12.610","","","","3"
"1997-11","Ontario","2016A000235","Apartment and other unit types","Units","300","thousands","3","v52299942","9.6","2.076","","","","3"
"1997-11","Toronto, Ontario","2011S0503535","Total units","Units","300","thousands","3","v52299977","10.1","28.521","","","","3"
"1997-11","Toronto, Ontario","2011S0503535","Single-detached units","Units","300","thousands","3","v52299978","10.2","14.361","","","","3"
"1997-11","Toronto, Ontario","2011S0503535","Multiples","Units","300","thousands","3","v52299979","10.3","14.160","","","","3"
"1997-12","Ontario","2016A000235","Total units","Units","300","thousands","3","v52299938","9.1","51.762","","","","3"
"1997-12","Ontario","2016A000235","Single-detached units","Units","300","thousands","3","v52299939","9.2","28.605","","","","3"
"1997-12","Ontario","2016A000235","Multiples","Units","300","thousands","3","v52299943","9.3","23.157","","","","3"
"1997-12","Ontario","2016A000235","Semi-detached units","Units","300","thousands","3","v52299940","9.4","4.742","","","","3"
"1997-12","Ontario","2016A000235","Row units","Units","300","thousands","3","v52299941","9.5","9.931","","","","3"
"1997-12","Ontario","2016A000235","Apartment and other unit types","Units","300","thousands","3","v52299942","9.6","8.484","","","","3"
"1997-12","Toronto, Ontario","2011S0503535","Total units","Units","300","thousands","3","v52299977","10.1","28.129","","","","3"
"1997-12","Toronto, Ontario","2011S0503535","Single-detached units","Units","300","thousands","3","v52299978","10.2","12.445","","","","3"
"1997-12","Toronto, Ontario","2011S0503535","Multiples","Units","300","thousands","3","v52299979","10.3","15.684","","","","3"
"1998-01","Ontario","2016A000235","Total units","Units","300","thousands","3","v52299938","9.1","51.592","","","","3"
"1998-01","Ontario","2016A000235","Single-detached units","Units","300","thousands","3","v52299939","9.2","31.855","","","","3"
"1998-01","Ontario","2016A000235","Multiples","Units","300","thousands","3","v52299943","9.3","19.737","","","","3"
"1998-01","Ontario","2016A000235","Semi-detached units","Units","300","thousands","3","v52299940","9.4","3.229","","","","3"
"1998-01","Ontario","2016A000235","Row units","Units","300","thousands","3","v52299941","9.5","13.376","","","","3"
"1998-01","Ontario","2016A000235","Apartment and other unit types","Units","300","thousands","3","v52299942","9.6","3.132","","","","3"
"1998-01","Toronto, Ontario","2011S0503535","Total units","Units","300","thousands","3","v52299977","10.1","24.814","","","","3"
"1998-01","Toronto, Ontario","2011S0503535","Single-detached units","Units","300","thousands","3","v52299978","10.2","15.178","","","","3"
"1998-01","Toronto, Ontario","2011S0503535","Multiples","Units","300","thousands","3","v52299979","10.3","9.636","","","","3"
"1998-02","Ontario","2016A000235","Total units","Units","300","thousands","3","v52299938","9.1","51.993","","","","3"
"1998-02","Ontario","2016A000235","Single-detached units","Units","300","thousands","3","v52299939","9.2","30.802","","","","3"
"1998-02","Ontario","2016A000235","Multiples","Units","300","thousands","3","v52299943","9.3","21.191","","","","3"
"1998-02","Ontario","2016A000235","Semi-detached units","Units","300","thousands","3","v52299940","9.4","4.155","","","","3"
"1998-02","Ontario","2016A000235","Row units","Units","300","thousands","3","v52299941","9.5","15.092","","","","3"
"1998-02","Ontario","2016A000235","Apartment and other unit types","Units","300","thousands","3","v52299942","9.6","1.944","","","","3"
"1998-02","Toronto, Ontario","2011S0503535","Total units","Units","300","thousands","3","v52299977","10.1","21.547","","","","3"
"1998-02","Toronto, Ontario","2011S0503535","Single-detached units","Units","300","thousands","3","v52299978","10.2","14.095","","","","3"
"1998-02","Toronto, Ontario","2011S0503535","Multiples","Units","300","thousands","3","v52299979","10.3","7.452","","","","3"
"1998-03","Ontario","2016A000235","Total units","Units","300","thousands","3","v52299938","9.1","60.871","","","","3"
"1998-03","Ontario","2016A000235","Single-detached units","Units","300","thousands","3","v52299939","9.2","27.160","","","","3"
"1998-03","Ontario","2016A000235","Multiples","Units","300","thousands","3","v52299943","9.3","33.711","","","","3"
"1998-03","Ontario","2016A000235","Semi-detached units","Units","300","thousands","3","v52299940","9.4","6.756","","","","3"
"1998-03","Ontario","2016A000235","Row units","Units","300","thousands","3","v52299941","9.5","12.171","","","","3"
"1998-03","Ontario","2016A000235","Apartment and other unit types","Units","300","thousands","3","v52299942","9.6","14.784","","","","3"
"1998-03","Toronto, Ontario","2011S0503535","Total units","Units","300","thousands","3","v52299977","10.1","30.145","","","","3"
"1998-03","Toronto, Ontario","2011S0503535","Single-detached units","Units","300","thousands","3","v52299978","10.2","10.981","","","","3"
"1998-03","Toronto, Ontario","2011S0503535","Multiples","Units","300","thousands","3","v52299979","10.3","19.164","","","","3"
"1998-04","Ontario","2016A000235","Total units","Units","300","thousands","3","v52299938","9.1","54.879","","","","3"
"1998-04","Ontario","2016A000235","Single-detached units","Units","300","thousands","3","v52299939","9.2","30.663","","","","3"
"1998-04","Ontario","2016A000235","Multiples","Units","300","thousands","3","v52299943","9.3","24.216","","","","3"
"1998-04","Ontario","2016A000235","Semi-detached units","Units","300","thousands","3","v52299940","9.4","4.115","","","","3"
"1998-04","Ontario","2016A000235","Row units","Units","300","thousands","3","v52299941","9.5","9.637","","","","3"
"1998-04","Ontario","2016A000235","Apartment and other unit types","Units","300","thousands","3","v52299942","9.6","10.464","","","","3"
"1998-04","Toronto, Ontario","2011S0503535","Total units","Units","300","thousands","3","v52299977","10.1","31.603","","","","3"
"1998-04","Toronto, Ontario","2011S0503535","Single-detached units","Units","300","thousands","3","v52299978","10.2","14.623","","","","3"
"1998-04","Toronto, Ontario","2011S0503535","Multiples","Units","300","thousands","3","v52299979","10.3","16.980","","","","3"
"1998-05","Ontario","2016A000235","Total units","Units","300","thousands","3","v52299938","9.1","48.329","","","","3"
"1998-05","Ontario","2016A000235","Single-detached units","Units","300","thousands","3","v52299939","9.2","28.637","","","","3"
"1998-05","Ontario","2016A000235","Multiples","Units","300","thousands","3","v52299943","9.3","19.692","","","","3"
"1998-05","Ontario","2016A000235","Semi-detached units","Units","300","thousands","3","v52299940","9.4","3.535","","","","3"
"1998-05","Ontario","2016A000235","Row units","Units","300","thousands","3","v52299941","9.5","11.657","","","","3"
"1998-05","Ontario","2016A000235","Apartment and other unit types","Units","300","thousands","3","v52299942","9.6","4.500","","","","3"
"1998-05","Toronto, Ontario","2011S0503535","Total units","Units","300","thousands","3","v52299977","10.1","25.327","","","","3"
"1998-05","Toronto, Ontario","2011S0503535","Single-detached units","Units","300","thousands","3","v52299978","10.2","13.315","","","","3"
"1998-05","Toronto, Ontario","2011S0503535","Multiples","Units","300","thousands","3","v52299979","10.3","12.012","","","","3"
"1998-06","Ontario","2016A000235","Total units","Units","300","thousands","3","v52299938","9.1","43.883","","","","3"
"1998-06","Ontario","2016A000235","Single-detached units","Units","300","thousands","3","v52299939","9.2","27.543","","","","3"
"1998-06","Ontario","2016A000235","Multiples","Units","300","thousands","3","v52299943","9.3","16.340","","","","3"
"1998-06","Ontario","2016A000235","Semi-detached units","Units","300","thousands","3","v52299940","9.4","3.430","","","","3"
"1998-06","Ontario","2016A000235","Row units","Units","300","thousands","3","v52299941","9.5","9.814","","","","3"
"1998-06","Ontario","2016A000235","Apartment and other unit types","Units","300","thousands","3","v52299942","9.6","3.096","","","","3"
"1998-06","Toronto, Ontario","2011S0503535","Total units","Units","300","thousands","3","v52299977","10.1","18.480","","","","3"
"1998-06","Toronto, Ontario","2011S0503535","Single-detached units","Units","300","thousands","3","v52299978","10.2","10.896","","","","3"
"1998-06","Toronto, Ontario","2011S0503535","Multiples","Units","300","thousands","3","v52299979","10.3","7.584","","","","3"
"1998-07","Ontario","2016A000235","Total units","Units","300","thousands","3","v52299938","9.1","36.943","","","","3"
"1998-07","Ontario","2016A000235","Single-detached units","Units","300","thousands","3","v52299939","9.2","22.873","","","","3"
"1998-07","Ontario","2016A000235","Multiples","Units","300","thousands","3","v52299943","9.3","14.070","","","","3"
"1998-07","Ontario","2016A000235","Semi-detached units","Units","300","thousands","3","v52299940","9.4","2.316","","","","3"
"1998-07","Ontario","2016A000235","Row units","Units","300","thousands","3","v52299941","9.5","4.122","","","","3"
"1998-07","Ontario","2016A000235","Apartment and other unit types","Units","300","thousands","3","v52299942","9.6","7.632","","","","3"
"1998-07","Toronto, Ontario","2011S0503535","Total units","Units","300","thousands","3","v52299977","10.1","14.216","","","","3"
"1998-07","Toronto, Ontario","2011S0503535","Single-detached units","Units","300","thousands","3","v52299978","10.2","6.164","","","","3"
"1998-07","Toronto, Ontario","2011S0503535","Multiples","Units","300","thousands","3","v52299979","10.3","8.052","","","","3"
"1998-08","Ontario","2016A000235","Total units","Units","300","thousands","3","v52299938","9.1","50.163","","","","3"
"1998-08","Ontario","2016A000235","Single-detached units","Units","300","thousands","3","v52299939","9.2","28.443","","","","3"
"1998-08","Ontario","2016A000235","Multiples","Units","300","thousands","3","v52299943","9.3","21.720","","","","3"
"1998-08","Ontario","2016A000235","Semi-detached units","Units","300","thousands","3","v52299940","9.4","4.125","","","","3"
"1998-08","Ontario","2016A000235","Row units","Units","300","thousands","3","v52299941","9.5","9.579","","","","3"
"1998-08","Ontario","2016A000235","Apartment and other unit types","Units","300","thousands","3","v52299942","9.6","8.016","","","","3"
"1998-08","Toronto, Ontario","2011S0503535","Total units","Units","300","thousands","3","v52299977","10.1","24.334","","","","3"
"1998-08","Toronto, Ontario","2011S0503535","Single-detached units","Units","300","thousands","3","v52299978","10.2","11.758","","","","3"
"1998-08","Toronto, Ontario","2011S0503535","Multiples","Units","300","thousands","3","v52299979","10.3","12.576","","","","3"
"1998-09","Ontario","2016A000235","Total units","Units","300","thousands","3","v52299938","9.1","51.517","","","","3"
"1998-09","Ontario","2016A000235","Single-detached units","Units","300","thousands","3","v52299939","9.2","28.706","","","","3"
"1998-09","Ontario","2016A000235","Multiples","Units","300","thousands","3","v52299943","9.3","22.811","","","","3"
"1998-09","Ontario","2016A000235","Semi-detached units","Units","300","thousands","3","v52299940","9.4","4.929","","","","3"
"1998-09","Ontario","2016A000235","Row units","Units","300","thousands","3","v52299941","9.5","10.814","","","","3"
"1998-09","Ontario","2016A000235","Apartment and other unit types","Units","300","thousands","3","v52299942","9.6","7.068","","","","3"
"1998-09","Toronto, Ontario","2011S0503535","Total units","Units","300","thousands","3","v52299977","10.1","30.977","","","","3"
"1998-09","Toronto, Ontario","2011S0503535","Single-detached units","Units","300","thousands","3","v52299978","10.2","12.653","","","","3"
"1998-09","Toronto, Ontario","2011S0503535","Multiples","Units","300","thousands","3","v52299979","10.3","18.324","","","","3"
"1998-10","Ontario","2016A000235","Total units","Units","300","thousands","3","v52299938","9.1","53.803","","","","3"
"1998-10","Ontario","2016A000235","Single-detached units","Units","300","thousands","3","v52299939","9.2","31.265","","","","3"
"1998-10","Ontario","2016A000235","Multiples","Units","300","thousands","3","v52299943","9.3","22.538","","","","3"
"1998-10","Ontario","2016A000235","Semi-detached units","Units","300","thousands","3","v52299940","9.4","6.763","","","","3"
"1998-10","Ontario","2016A000235","Row units","Units","300","thousands","3","v52299941","9.5","10.615","","","","3"
"1998-10","Ontario","2016A000235","Apartment and other unit types","Units","300","thousands","3","v52299942","9.6","5.160","","","","3"
"1998-10","Toronto, Ontario","2011S0503535","Total units","Units","300","thousands","3","v52299977","10.1","31.925","","","","3"
"1998-10","Toronto, Ontario","2011S0503535","Single-detached units","Units","300","thousands","3","v52299978","10.2","14.621","","","","3"
"1998-10","Toronto, Ontario","2011S0503535","Multiples","Units","300","thousands","3","v52299979","10.3","17.304","","","","3"
"1998-11","Ontario","2016A000235","Total units","Units","300","thousands","3","v52299938","9.1","50.695","","","","3"
"1998-11","Ontario","2016A000235","Single-detached units","Units","300","thousands","3","v52299939","9.2","31.025","","","","3"
"1998-11","Ontario","2016A000235","Multiples","Units","300","thousands","3","v52299943","9.3","19.670","","","","3"
"1998-11","Ontario","2016A000235","Semi-detached units","Units","300","thousands","3","v52299940","9.4","5.991","","","","3"
"1998-11","Ontario","2016A000235","Row units","Units","300","thousands","3","v52299941","9.5","9.023","","","","3"
"1998-11","Ontario","2016A000235","Apartment and other unit types","Units","300","thousands","3","v52299942","9.6","4.656","","","","3"
"1998-11","Toronto, Ontario","2011S0503535","Total units","Units","300","thousands","3","v52299977","10.1","27.263","","","","3"
"1998-11","Toronto, Ontario","2011S0503535","Single-detached units","Units","300","thousands","3","v52299978","10.2","13.691","","","","3"
"1998-11","Toronto, Ontario","2011S0503535","Multiples","Units","300","thousands","3","v52299979","10.3","13.572","","","","3"
"1998-12","Ontario","2016A000235","Total units","Units","300","thousands","3","v52299938","9.1","55.269","","","","3"
"1998-12","Ontario","2016A000235","Single-detached units","Units","300","thousands","3","v52299939","9.2","33.421","","","","3"
"1998-12","Ontario","2016A000235","Multiples","Units","300","thousands","3","v52299943","9.3","21.848","","","","3"
"1998-12","Ontario","2016A000235","Semi-detached units","Units","300","thousands","3","v52299940","9.4","6.237","","","","3"
"1998-12","Ontario","2016A000235","Row units","Units","300","thousands","3","v52299941","9.5","9.503","","","","3"
"1998-12","Ontario","2016A000235","Apartment and other unit types","Units","300","thousands","3","v52299942","9.6","6.108","","","","3"
"1998-12","Toronto, Ontario","2011S0503535","Total units","Units","300","thousands","3","v52299977","10.1","31.439","","","","3"
"1998-12","Toronto, Ontario","2011S0503535","Single-detached units","Units","300","thousands","3","v52299978","10.2","15.527","","","","3"
"1998-12","Toronto, Ontario","2011S0503535","Multiples","Units","300","thousands","3","v52299979","10.3","15.912","","","","3"
"1999-01","Ontario","2016A000235","Total units","Units","300","thousands","3","v52299938","9.1","51.357","","","","3"
"1999-01","Ontario","2016A000235","Single-detached units","Units","300","thousands","3","v52299939","9.2","29.840","","","","3"
"1999-01","Ontario","2016A000235","Multiples","Units","300","thousands","3","v52299943","9.3","21.517","","","","3"
"1999-01","Ontario","2016A000235","Semi-detached units","Units","300","thousands","3","v52299940","9.4","7.313","","","","3"
"1999-01","Ontario","2016A000235","Row units","Units","300","thousands","3","v52299941","9.5","6.296","","","","3"
"1999-01","Ontario","2016A000235","Apartment and other unit types","Units","300","thousands","3","v52299942","9.6","7.908","","","","3"
"1999-01","Toronto, Ontario","2011S0503535","Total units","Units","300","thousands","3","v52299977","10.1","22.080","","","","3"
"1999-01","Toronto, Ontario","2011S0503535","Single-detached units","Units","300","thousands","3","v52299978","10.2","11.124","","","","3"
"1999-01","Toronto, Ontario","2011S0503535","Multiples","Units","300","thousands","3","v52299979","10.3","10.956","","","","3"
"1999-02","Ontario","2016A000235","Total units","Units","300","thousands","3","v52299938","9.1","60.526","","","","3"
"1999-02","Ontario","2016A000235","Single-detached units","Units","300","thousands","3","v52299939","9.2","33.336","","","","3"
"1999-02","Ontario","2016A000235","Multiples","Units","300","thousands","3","v52299943","9.3","27.190","","","","3"
"1999-02","Ontario","2016A000235","Semi-detached units","Units","300","thousands","3","v52299940","9.4","5.635","","","","3"
"1999-02","Ontario","2016A000235","Row units","Units","300","thousands","3","v52299941","9.5","14.823","","","","3"
"1999-02","Ontario","2016A000235","Apartment and other unit types","Units","300","thousands","3","v52299942","9.6","6.732","","","","3"
"1999-02","Toronto, Ontario","2011S0503535","Total units","Units","300","thousands","3","v52299977","10.1","30.834","","","","3"
"1999-02","Toronto, Ontario","2011S0503535","Single-detached units","Units","300","thousands","3","v52299978","10.2","16.194","","","","3"
"1999-02","Toronto, Ontario","2011S0503535","Multiples","Units","300","thousands","3","v52299979","10.3","14.640","","","","3"
"1999-03","Ontario","2016A000235","Total units","Units","300","thousands","3","v52299938","9.1","58.802","","","","3"
"1999-03","Ontario","2016A000235","Single-detached units","Units","300","thousands","3","v52299939","9.2","32.749","","","","3"
"1999-03","Ontario","2016A000235","Multiples","Units","300","thousands","3","v52299943","9.3","26.053","","","","3"
"1999-03","Ontario","2016A000235","Semi-detached units","Units","300","thousands","3","v52299940","9.4","5.754","","","","3"
"1999-03","Ontario","2016A000235","Row units","Units","300","thousands","3","v52299941","9.5","11.035","","","","3"
"1999-03","Ontario","2016A000235","Apartment and other unit types","Units","300","thousands","3","v52299942","9.6","9.264","","","","3"
"1999-03","Toronto, Ontario","2011S0503535","Total units","Units","300","thousands","3","v52299977","10.1","32.060","","","","3"
"1999-03","Toronto, Ontario","2011S0503535","Single-detached units","Units","300","thousands","3","v52299978","10.2","14.696","","","","3"
"1999-03","Toronto, Ontario","2011S0503535","Multiples","Units","300","thousands","3","v52299979","10.3","17.364","","","","3"
"1999-04","Ontario","2016A000235","Total units","Units","300","thousands","3","v52299938","9.1","64.550","","","","3"
"1999-04","Ontario","2016A000235","Single-detached units","Units","300","thousands","3","v52299939","9.2","34.325","","","","3"
"1999-04","Ontario","2016A000235","Multiples","Units","300","thousands","3","v52299943","9.3","30.225","","","","3"
"1999-04","Ontario","2016A000235","Semi-detached units","Units","300","thousands","3","v52299940","9.4","6.862","","","","3"
"1999-04","Ontario","2016A000235","Row units","Units","300","thousands","3","v52299941","9.5","7.571","","","","3"
"1999-04","Ontario","2016A000235","Apartment and other unit types","Units","300","thousands","3","v52299942","9.6","15.792","","","","3"
"1999-04","Toronto, Ontario","2011S0503535","Total units","Units","300","thousands","3","v52299977","10.1","39.123","","","","3"
"1999-04","Toronto, Ontario","2011S0503535","Single-detached units","Units","300","thousands","3","v52299978","10.2","15.447","","","","3"
"1999-04","Toronto, Ontario","2011S0503535","Multiples","Units","300","thousands","3","v52299979","10.3","23.676","","","","3"
"1999-05","Ontario","2016A000235","Total units","Units","300","thousands","3","v52299938","9.1","70.686","","","","3"
"1999-05","Ontario","2016A000235","Single-detached units","Units","300","thousands","3","v52299939","9.2","35.776","","","","3"
"1999-05","Ontario","2016A000235","Multiples","Units","300","thousands","3","v52299943","9.3","34.910","","","","3"
"1999-05","Ontario","2016A000235","Semi-detached units","Units","300","thousands","3","v52299940","9.4","6.956","","","","3"
"1999-05","Ontario","2016A000235","Row units","Units","300","thousands","3","v52299941","9.5","10.590","","","","3"
"1999-05","Ontario","2016A000235","Apartment and other unit types","Units","300","thousands","3","v52299942","9.6","17.364","","","","3"
"1999-05","Toronto, Ontario","2011S0503535","Total units","Units","300","thousands","3","v52299977","10.1","45.499","","","","3"
"1999-05","Toronto, Ontario","2011S0503535","Single-detached units","Units","300","thousands","3","v52299978","10.2","16.075","","","","3"
"1999-05","Toronto, Ontario","2011S0503535","Multiples","Units","300","thousands","3","v52299979","10.3","29.424","","","","3"
"1999-06","Ontario","2016A000235","Total units","Units","300","thousands","3","v52299938","9.1","64.724","","","","3"
"1999-06","Ontario","2016A000235","Single-detached units","Units","300","thousands","3","v52299939","9.2","36.995","","","","3"
"1999-06","Ontario","2016A000235","Multiples","Units","300","thousands","3","v52299943","9.3","27.729","","","","3"
"1999-06","Ontario","2016A000235","Semi-detached units","Units","300","thousands","3","v52299940","9.4","7.488","","","","3"
"1999-06","Ontario","2016A000235","Row units","Units","300","thousands","3","v52299941","9.5","10.257","","","","3"
"1999-06","Ontario","2016A000235","Apartment and other unit types","Units","300","thousands","3","v52299942","9.6","9.984","","","","3"
"1999-06","Toronto, Ontario","2011S0503535","Total units","Units","300","thousands","3","v52299977","10.1","34.970","","","","3"
"1999-06","Toronto, Ontario","2011S0503535","Single-detached units","Units","300","thousands","3","v52299978","10.2","16.574","","","","3"
"1999-06","Toronto, Ontario","2011S0503535","Multiples","Units","300","thousands","3","v52299979","10.3","18.396","","","","3"
"1999-07","Ontario","2016A000235","Total units","Units","300","thousands","3","v52299938","9.1","56.552","","","","3"
"1999-07","Ontario","2016A000235","Single-detached units","Units","300","thousands","3","v52299939","9.2","36.768","","","","3"
"1999-07","Ontario","2016A000235","Multiples","Units","300","thousands","3","v52299943","9.3","19.784","","","","3"
"1999-07","Ontario","2016A000235","Semi-detached units","Units","300","thousands","3","v52299940","9.4","4.966","","","","3"
"1999-07","Ontario","2016A000235","Row units","Units","300","thousands","3","v52299941","9.5","8.854","","","","3"
"1999-07","Ontario","2016A000235","Apartment and other unit types","Units","300","thousands","3","v52299942","9.6","5.964","","","","3"
"1999-07","Toronto, Ontario","2011S0503535","Total units","Units","300","thousands","3","v52299977","10.1","27.913","","","","3"
"1999-07","Toronto, Ontario","2011S0503535","Single-detached units","Units","300","thousands","3","v52299978","10.2","15.889","","","","3"
"1999-07","Toronto, Ontario","2011S0503535","Multiples","Units","300","thousands","3","v52299979","10.3","12.024","","","","3"
"1999-08","Ontario","2016A000235","Total units","Units","300","thousands","3","v52299938","9.1","63.996","","","","3"
"1999-08","Ontario","2016A000235","Single-detached units","Units","300","thousands","3","v52299939","9.2","35.308","","","","3"
"1999-08","Ontario","2016A000235","Multiples","Units","300","thousands","3","v52299943","9.3","28.688","","","","3"
"1999-08","Ontario","2016A000235","Semi-detached units","Units","300","thousands","3","v52299940","9.4","4.976","","","","3"
"1999-08","Ontario","2016A000235","Row units","Units","300","thousands","3","v52299941","9.5","9.624","","","","3"
"1999-08","Ontario","2016A000235","Apartment and other unit types","Units","300","thousands","3","v52299942","9.6","14.088","","","","3"
"1999-08","Toronto, Ontario","2011S0503535","Total units","Units","300","thousands","3","v52299977","10.1","38.109","","","","3"
"1999-08","Toronto, Ontario","2011S0503535","Single-detached units","Units","300","thousands","3","v52299978","10.2","15.597","","","","3"
"1999-08","Toronto, Ontario","2011S0503535","Multiples","Units","300","thousands","3","v52299979","10.3","22.512","","","","3"
"1999-09","Ontario","2016A000235","Total units","Units","300","thousands","3","v52299938","9.1","63.332","","","","3"
"1999-09","Ontario","2016A000235","Single-detached units","Units","300","thousands","3","v52299939","9.2","37.377","","","","3"
"1999-09","Ontario","2016A000235","Multiples","Units","300","thousands","3","v52299943","9.3","25.955","","","","3"
"1999-09","Ontario","2016A000235","Semi-detached units","Units","300","thousands","3","v52299940","9.4","5.598","","","","3"
"1999-09","Ontario","2016A000235","Row units","Units","300","thousands","3","v52299941","9.5","9.977","","","","3"
"1999-09","Ontario","2016A000235","Apartment and other unit types","Units","300","thousands","3","v52299942","9.6","10.380","","","","3"
"1999-09","Toronto, Ontario","2011S0503535","Total units","Units","300","thousands","3","v52299977","10.1","30.782","","","","3"
"1999-09","Toronto, Ontario","2011S0503535","Single-detached units","Units","300","thousands","3","v52299978","10.2","15.686","","","","3"
"1999-09","Toronto, Ontario","2011S0503535","Multiples","Units","300","thousands","3","v52299979","10.3","15.096","","","","3"
"1999-10","Ontario","2016A000235","Total units","Units","300","thousands","3","v52299938","9.1","59.768","","","","3"
"1999-10","Ontario","2016A000235","Single-detached units","Units","300","thousands","3","v52299939","9.2","31.111","","","","3"
"1999-10","Ontario","2016A000235","Multiples","Units","300","thousands","3","v52299943","9.3","28.657","","","","3"
"1999-10","Ontario","2016A000235","Semi-detached units","Units","300","thousands","3","v52299940","9.4","5.809","","","","3"
"1999-10","Ontario","2016A000235","Row units","Units","300","thousands","3","v52299941","9.5","10.140","","","","3"
"1999-10","Ontario","2016A000235","Apartment and other unit types","Units","300","thousands","3","v52299942","9.6","12.708","","","","3"
"1999-10","Toronto, Ontario","2011S0503535","Total units","Units","300","thousands","3","v52299977","10.1","35.266","","","","3"
"1999-10","Toronto, Ontario","2011S0503535","Single-detached units","Units","300","thousands","3","v52299978","10.2","13.126","","","","3"
"1999-10","Toronto, Ontario","2011S0503535","Multiples","Units","300","thousands","3","v52299979","10.3","22.140","","","","3"
"1999-11","Ontario","2016A000235","Total units","Units","300","thousands","3","v52299938","9.1","70.487","","","","3"
"1999-11","Ontario","2016A000235","Single-detached units","Units","300","thousands","3","v52299939","9.2","34.351","","","","3"
"1999-11","Ontario","2016A000235","Multiples","Units","300","thousands","3","v52299943","9.3","36.136","","","","3"
"1999-11","Ontario","2016A000235","Semi-detached units","Units","300","thousands","3","v52299940","9.4","9.685","","","","3"
"1999-11","Ontario","2016A000235","Row units","Units","300","thousands","3","v52299941","9.5","9.447","","","","3"
"1999-11","Ontario","2016A000235","Apartment and other unit types","Units","300","thousands","3","v52299942","9.6","17.004","","","","3"
"1999-11","Toronto, Ontario","2011S0503535","Total units","Units","300","thousands","3","v52299977","10.1","44.644","","","","3"
"1999-11","Toronto, Ontario","2011S0503535","Single-detached units","Units","300","thousands","3","v52299978","10.2","16.048","","","","3"
"1999-11","Toronto, Ontario","2011S0503535","Multiples","Units","300","thousands","3","v52299979","10.3","28.596","","","","3"
"1999-12","Ontario","2016A000235","Total units","Units","300","thousands","3","v52299938","9.1","68.792","","","","3"
"1999-12","Ontario","2016A000235","Single-detached units","Units","300","thousands","3","v52299939","9.2","41.469","","","","3"
"1999-12","Ontario","2016A000235","Multiples","Units","300","thousands","3","v52299943","9.3","27.323","","","","3"
"1999-12","Ontario","2016A000235","Semi-detached units","Units","300","thousands","3","v52299940","9.4","5.872","","","","3"
"1999-12","Ontario","2016A000235","Row units","Units","300","thousands","3","v52299941","9.5","17.311","","","","3"
"1999-12","Ontario","2016A000235","Apartment and other unit types","Units","300","thousands","3","v52299942","9.6","4.140","","","","3"
"1999-12","Toronto, Ontario","2011S0503535","Total units","Units","300","thousands","3","v52299977","10.1","35.966","","","","3"
"1999-12","Toronto, Ontario","2011S0503535","Single-detached units","Units","300","thousands","3","v52299978","10.2","18.362","","","","3"
"1999-12","Toronto, Ontario","2011S0503535","Multiples","Units","300","thousands","3","v52299979","10.3","17.604","","","","3"
"2000-01","Ontario","2016A000235","Total units","Units","300","thousands","3","v52299938","9.1","60.776","","","","3"
"2000-01","Ontario","2016A000235","Single-detached units","Units","300","thousands","3","v52299939","9.2","39.633","","","","3"
"2000-01","Ontario","2016A000235","Multiples","Units","300","thousands","3","v52299943","9.3","21.143","","","","3"
"2000-01","Ontario","2016A000235","Semi-detached units","Units","300","thousands","3","v52299940","9.4","7.222","","","","3"
"2000-01","Ontario","2016A000235","Row units","Units","300","thousands","3","v52299941","9.5","11.641","","","","3"
"2000-01","Ontario","2016A000235","Apartment and other unit types","Units","300","thousands","3","v52299942","9.6","2.280","","","","3"
"2000-01","Toronto, Ontario","2011S0503535","Total units","Units","300","thousands","3","v52299977","10.1","26.889","","","","3"
"2000-01","Toronto, Ontario","2011S0503535","Single-detached units","Units","300","thousands","3","v52299978","10.2","17.793","","","","3"
"2000-01","Toronto, Ontario","2011S0503535","Multiples","Units","300","thousands","3","v52299979","10.3","9.096","","","","3"
"2000-02","Ontario","2016A000235","Total units","Units","300","thousands","3","v52299938","9.1","72.766","","","","3"
"2000-02","Ontario","2016A000235","Single-detached units","Units","300","thousands","3","v52299939","9.2","30.958","","","","3"
"2000-02","Ontario","2016A000235","Multiples","Units","300","thousands","3","v52299943","9.3","41.808","","","","3"
"2000-02","Ontario","2016A000235","Semi-detached units","Units","300","thousands","3","v52299940","9.4","6.576","","","","3"
"2000-02","Ontario","2016A000235","Row units","Units","300","thousands","3","v52299941","9.5","9.456","","","","3"
"2000-02","Ontario","2016A000235","Apartment and other unit types","Units","300","thousands","3","v52299942","9.6","25.776","","","","3"
"2000-02","Toronto, Ontario","2011S0503535","Total units","Units","300","thousands","3","v52299977","10.1","40.630","","","","3"
"2000-02","Toronto, Ontario","2011S0503535","Single-detached units","Units","300","thousands","3","v52299978","10.2","14.698","","","","3"
"2000-02","Toronto, Ontario","2011S0503535","Multiples","Units","300","thousands","3","v52299979","10.3","25.932","","","","3"
"2000-03","Ontario","2016A000235","Total units","Units","300","thousands","3","v52299938","9.1","73.322","","","","3"
"2000-03","Ontario","2016A000235","Single-detached units","Units","300","thousands","3","v52299939","9.2","43.774","","","","3"
"2000-03","Ontario","2016A000235","Multiples","Units","300","thousands","3","v52299943","9.3","29.548","","","","3"
"2000-03","Ontario","2016A000235","Semi-detached units","Units","300","thousands","3","v52299940","9.4","6.418","","","","3"
"2000-03","Ontario","2016A000235","Row units","Units","300","thousands","3","v52299941","9.5","10.122","","","","3"
"2000-03","Ontario","2016A000235","Apartment and other unit types","Units","300","thousands","3","v52299942","9.6","13.008","","","","3"
"2000-03","Toronto, Ontario","2011S0503535","Total units","Units","300","thousands","3","v52299977","10.1","34.369","","","","3"
"2000-03","Toronto, Ontario","2011S0503535","Single-detached units","Units","300","thousands","3","v52299978","10.2","19.429","","","","3"
"2000-03","Toronto, Ontario","2011S0503535","Multiples","Units","300","thousands","3","v52299979","10.3","14.940","","","","3"
"2000-04","Ontario","2016A000235","Total units","Units","300","thousands","3","v52299938","9.1","73.790","","","","3"
"2000-04","Ontario","2016A000235","Single-detached units","Units","300","thousands","3","v52299939","9.2","39.565","","","","3"
"2000-04","Ontario","2016A000235","Multiples","Units","300","thousands","3","v52299943","9.3","34.225","","","","3"
"2000-04","Ontario","2016A000235","Semi-detached units","Units","300","thousands","3","v52299940","9.4","9.251","","","","3"
"2000-04","Ontario","2016A000235","Row units","Units","300","thousands","3","v52299941","9.5","13.298","","","","3"
"2000-04","Ontario","2016A000235","Apartment and other unit types","Units","300","thousands","3","v52299942","9.6","11.676","","","","3"
"2000-04","Toronto, Ontario","2011S0503535","Total units","Units","300","thousands","3","v52299977","10.1","47.882","","","","3"
"2000-04","Toronto, Ontario","2011S0503535","Single-detached units","Units","300","thousands","3","v52299978","10.2","18.818","","","","3"
"2000-04","Toronto, Ontario","2011S0503535","Multiples","Units","300","thousands","3","v52299979","10.3","29.064","","","","3"
"2000-05","Ontario","2016A000235","Total units","Units","300","thousands","3","v52299938","9.1","55.350","","","","3"
"2000-05","Ontario","2016A000235","Single-detached units","Units","300","thousands","3","v52299939","9.2","35.418","","","","3"
"2000-05","Ontario","2016A000235","Multiples","Units","300","thousands","3","v52299943","9.3","19.932","","","","3"
"2000-05","Ontario","2016A000235","Semi-detached units","Units","300","thousands","3","v52299940","9.4","5.319","","","","3"
"2000-05","Ontario","2016A000235","Row units","Units","300","thousands","3","v52299941","9.5","9.249","","","","3"
"2000-05","Ontario","2016A000235","Apartment and other unit types","Units","300","thousands","3","v52299942","9.6","5.364","","","","3"
"2000-05","Toronto, Ontario","2011S0503535","Total units","Units","300","thousands","3","v52299977","10.1","28.862","","","","3"
"2000-05","Toronto, Ontario","2011S0503535","Single-detached units","Units","300","thousands","3","v52299978","10.2","15.494","","","","3"
"2000-05","Toronto, Ontario","2011S0503535","Multiples","Units","300","thousands","3","v52299979","10.3","13.368","","","","3"
"2000-06","Ontario","2016A000235","Total units","Units","300","thousands","3","v52299938","9.1","53.675","","","","3"
"2000-06","Ontario","2016A000235","Single-detached units","Units","300","thousands","3","v52299939","9.2","35.406","","","","3"
"2000-06","Ontario","2016A000235","Multiples","Units","300","thousands","3","v52299943","9.3","18.269","","","","3"
"2000-06","Ontario","2016A000235","Semi-detached units","Units","300","thousands","3","v52299940","9.4","5.509","","","","3"
"2000-06","Ontario","2016A000235","Row units","Units","300","thousands","3","v52299941","9.5","8.260","","","","3"
"2000-06","Ontario","2016A000235","Apartment and other unit types","Units","300","thousands","3","v52299942","9.6","4.500","","","","3"
"2000-06","Toronto, Ontario","2011S0503535","Total units","Units","300","thousands","3","v52299977","10.1","29.424","","","","3"
"2000-06","Toronto, Ontario","2011S0503535","Single-detached units","Units","300","thousands","3","v52299978","10.2","16.728","","","","3"
"2000-06","Toronto, Ontario","2011S0503535","Multiples","Units","300","thousands","3","v52299979","10.3","12.696","","","","3"
"2000-07","Ontario","2016A000235","Total units","Units","300","thousands","3","v52299938","9.1","78.700","","","","3"
"2000-07","Ontario","2016A000235","Single-detached units","Units","300","thousands","3","v52299939","9.2","38.267","","","","3"
"2000-07","Ontario","2016A000235","Multiples","Units","300","thousands","3","v52299943","9.3","40.433","","","","3"
"2000-07","Ontario","2016A000235","Semi-detached units","Units","300","thousands","3","v52299940","9.4","9.501","","","","3"
"2000-07","Ontario","2016A000235","Row units","Units","300","thousands","3","v52299941","9.5","11.660","","","","3"
"2000-07","Ontario","2016A000235","Apartment and other unit types","Units","300","thousands","3","v52299942","9.6","19.272","","","","3"
"2000-07","Toronto, Ontario","2011S0503535","Total units","Units","300","thousands","3","v52299977","10.1","51.102","","","","3"
"2000-07","Toronto, Ontario","2011S0503535","Single-detached units","Units","300","thousands","3","v52299978","10.2","16.782","","","","3"
"2000-07","Toronto, Ontario","2011S0503535","Multiples","Units","300","thousands","3","v52299979","10.3","34.320","","","","3"
"2000-08","Ontario","2016A000235","Total units","Units","300","thousands","3","v52299938","9.1","60.671","","","","3"
"2000-08","Ontario","2016A000235","Single-detached units","Units","300","thousands","3","v52299939","9.2","34.492","","","","3"
"2000-08","Ontario","2016A000235","Multiples","Units","300","thousands","3","v52299943","9.3","26.179","","","","3"
"2000-08","Ontario","2016A000235","Semi-detached units","Units","300","thousands","3","v52299940","9.4","6.106","","","","3"
"2000-08","Ontario","2016A000235","Row units","Units","300","thousands","3","v52299941","9.5","10.137","","","","3"
"2000-08","Ontario","2016A000235","Apartment and other unit types","Units","300","thousands","3","v52299942","9.6","9.936","","","","3"
"2000-08","Toronto, Ontario","2011S0503535","Total units","Units","300","thousands","3","v52299977","10.1","35.844","","","","3"
"2000-08","Toronto, Ontario","2011S0503535","Single-detached units","Units","300","thousands","3","v52299978","10.2","16.464","","","","3"
"2000-08","Toronto, Ontario","2011S0503535","Multiples","Units","300","thousands","3","v52299979","10.3","19.380","","","","3"
"2000-09","Ontario","2016A000235","Total units","Units","300","thousands","3","v52299938","9.1","71.311","","","","3"
"2000-09","Ontario","2016A000235","Single-detached units","Units","300","thousands","3","v52299939","9.2","36.834","","","","3"
"2000-09","Ontario","2016A000235","Multiples","Units","300","thousands","3","v52299943","9.3","34.477","","","","3"
"2000-09","Ontario","2016A000235","Semi-detached units","Units","300","thousands","3","v52299940","9.4","8.009","","","","3"
"2000-09","Ontario","2016A000235","Row units","Units","300","thousands","3","v52299941","9.5","11.096","","","","3"
"2000-09","Ontario","2016A000235","Apartment and other unit types","Units","300","thousands","3","v52299942","9.6","15.372","","","","3"
"2000-09","Toronto, Ontario","2011S0503535","Total units","Units","300","thousands","3","v52299977","10.1","44.848","","","","3"
"2000-09","Toronto, Ontario","2011S0503535","Single-detached units","Units","300","thousands","3","v52299978","10.2","16.636","","","","3"
"2000-09","Toronto, Ontario","2011S0503535","Multiples","Units","300","thousands","3","v52299979","10.3","28.212","","","","3"
"2000-10","Ontario","2016A000235","Total units","Units","300","thousands","3","v52299938","9.1","75.472","","","","3"
"2000-10","Ontario","2016A000235","Single-detached units","Units","300","thousands","3","v52299939","9.2","32.577","","","","3"
"2000-10","Ontario","2016A000235","Multiples","Units","300","thousands","3","v52299943","9.3","42.895","","","","3"
"2000-10","Ontario","2016A000235","Semi-detached units","Units","300","thousands","3","v52299940","9.4","7.954","","","","3"
"2000-10","Ontario","2016A000235","Row units","Units","300","thousands","3","v52299941","9.5","10.701","","","","3"
"2000-10","Ontario","2016A000235","Apartment and other unit types","Units","300","thousands","3","v52299942","9.6","24.240","","","","3"
"2000-10","Toronto, Ontario","2011S0503535","Total units","Units","300","thousands","3","v52299977","10.1","48.205","","","","3"
"2000-10","Toronto, Ontario","2011S0503535","Single-detached units","Units","300","thousands","3","v52299978","10.2","14.593","","","","3"
"2000-10","Toronto, Ontario","2011S0503535","Multiples","Units","300","thousands","3","v52299979","10.3","33.612","","","","3"
"2000-11","Ontario","2016A000235","Total units","Units","300","thousands","3","v52299938","9.1","69.270","","","","3"
"2000-11","Ontario","2016A000235","Single-detached units","Units","300","thousands","3","v52299939","9.2","39.873","","","","3"
"2000-11","Ontario","2016A000235","Multiples","Units","300","thousands","3","v52299943","9.3","29.397","","","","3"
"2000-11","Ontario","2016A000235","Semi-detached units","Units","300","thousands","3","v52299940","9.4","6.291","","","","3"
"2000-11","Ontario","2016A000235","Row units","Units","300","thousands","3","v52299941","9.5","12.486","","","","3"
"2000-11","Ontario","2016A000235","Apartment and other unit types","Units","300","thousands","3","v52299942","9.6","10.620","","","","3"
"2000-11","Toronto, Ontario","2011S0503535","Total units","Units","300","thousands","3","v52299977","10.1","42.724","","","","3"
"2000-11","Toronto, Ontario","2011S0503535","Single-detached units","Units","300","thousands","3","v52299978","10.2","19.792","","","","3"
"2000-11","Toronto, Ontario","2011S0503535","Multiples","Units","300","thousands","3","v52299979","10.3","22.932","","","","3"
"2000-12","Ontario","2016A000235","Total units","Units","300","thousands","3","v52299938","9.1","66.748","","","","3"
"2000-12","Ontario","2016A000235","Single-detached units","Units","300","thousands","3","v52299939","9.2","39.923","","","","3"
"2000-12","Ontario","2016A000235","Multiples","Units","300","thousands","3","v52299943","9.3","26.825","","","","3"
"2000-12","Ontario","2016A000235","Semi-detached units","Units","300","thousands","3","v52299940","9.4","7.779","","","","3"
"2000-12","Ontario","2016A000235","Row units","Units","300","thousands","3","v52299941","9.5","12.110","","","","3"
"2000-12","Ontario","2016A000235","Apartment and other unit types","Units","300","thousands","3","v52299942","9.6","6.936","","","","3"
"2000-12","Toronto, Ontario","2011S0503535","Total units","Units","300","thousands","3","v52299977","10.1","36.777","","","","3"
"2000-12","Toronto, Ontario","2011S0503535","Single-detached units","Units","300","thousands","3","v52299978","10.2","17.973","","","","3"
"2000-12","Toronto, Ontario","2011S0503535","Multiples","Units","300","thousands","3","v52299979","10.3","18.804","","","","3"
"2001-01","Ontario","2016A000235","Total units","Units","300","thousands","3","v52299938","9.1","71.701","","","","3"
"2001-01","Ontario","2016A000235","Single-detached units","Units","300","thousands","3","v52299939","9.2","39.199","","","","3"
"2001-01","Ontario","2016A000235","Multiples","Units","300","thousands","3","v52299943","9.3","32.502","","","","3"
"2001-01","Ontario","2016A000235","Semi-detached units","Units","300","thousands","3","v52299940","9.4","7.590","","","","3"
"2001-01","Ontario","2016A000235","Row units","Units","300","thousands","3","v52299941","9.5","7.428","","","","3"
"2001-01","Ontario","2016A000235","Apartment and other unit types","Units","300","thousands","3","v52299942","9.6","17.484","","","","3"
"2001-01","Toronto, Ontario","2011S0503535","Total units","Units","300","thousands","3","v52299977","10.1","43.444","","","","3"
"2001-01","Toronto, Ontario","2011S0503535","Single-detached units","Units","300","thousands","3","v52299978","10.2","19.312","","","","3"
"2001-01","Toronto, Ontario","2011S0503535","Multiples","Units","300","thousands","3","v52299979","10.3","24.132","","","","3"
"2001-02","Ontario","2016A000235","Total units","Units","300","thousands","3","v52299938","9.1","65.225","","","","3"
"2001-02","Ontario","2016A000235","Single-detached units","Units","300","thousands","3","v52299939","9.2","36.474","","","","3"
"2001-02","Ontario","2016A000235","Multiples","Units","300","thousands","3","v52299943","9.3","28.751","","","","3"
"2001-02","Ontario","2016A000235","Semi-detached units","Units","300","thousands","3","v52299940","9.4","8.393","","","","3"
"2001-02","Ontario","2016A000235","Row units","Units","300","thousands","3","v52299941","9.5","9.006","","","","3"
"2001-02","Ontario","2016A000235","Apartment and other unit types","Units","300","thousands","3","v52299942","9.6","11.352","","","","3"
"2001-02","Toronto, Ontario","2011S0503535","Total units","Units","300","thousands","3","v52299977","10.1","32.894","","","","3"
"2001-02","Toronto, Ontario","2011S0503535","Single-detached units","Units","300","thousands","3","v52299978","10.2","16.658","","","","3"
"2001-02","Toronto, Ontario","2011S0503535","Multiples","Units","300","thousands","3","v52299979","10.3","16.236","","","","3"
"2001-03","Ontario","2016A000235","Total units","Units","300","thousands","3","v52299938","9.1","74.690","","","","3"
"2001-03","Ontario","2016A000235","Single-detached units","Units","300","thousands","3","v52299939","9.2","39.448","","","","3"
"2001-03","Ontario","2016A000235","Multiples","Units","300","thousands","3","v52299943","9.3","35.242","","","","3"
"2001-03","Ontario","2016A000235","Semi-detached units","Units","300","thousands","3","v52299940","9.4","8.243","","","","3"
"2001-03","Ontario","2016A000235","Row units","Units","300","thousands","3","v52299941","9.5","14.819","","","","3"
"2001-03","Ontario","2016A000235","Apartment and other unit types","Units","300","thousands","3","v52299942","9.6","12.180","","","","3"
"2001-03","Toronto, Ontario","2011S0503535","Total units","Units","300","thousands","3","v52299977","10.1","38.465","","","","3"
"2001-03","Toronto, Ontario","2011S0503535","Single-detached units","Units","300","thousands","3","v52299978","10.2","17.225","","","","3"
"2001-03","Toronto, Ontario","2011S0503535","Multiples","Units","300","thousands","3","v52299979","10.3","21.240","","","","3"
"2001-04","Ontario","2016A000235","Total units","Units","300","thousands","3","v52299938","9.1","73.777","","","","3"
"2001-04","Ontario","2016A000235","Single-detached units","Units","300","thousands","3","v52299939","9.2","36.834","","","","3"
"2001-04","Ontario","2016A000235","Multiples","Units","300","thousands","3","v52299943","9.3","36.943","","","","3"
"2001-04","Ontario","2016A000235","Semi-detached units","Units","300","thousands","3","v52299940","9.4","7.292","","","","3"
"2001-04","Ontario","2016A000235","Row units","Units","300","thousands","3","v52299941","9.5","11.615","","","","3"
"2001-04","Ontario","2016A000235","Apartment and other unit types","Units","300","thousands","3","v52299942","9.6","18.036","","","","3"
"2001-04","Toronto, Ontario","2011S0503535","Total units","Units","300","thousands","3","v52299977","10.1","43.930","","","","3"
"2001-04","Toronto, Ontario","2011S0503535","Single-detached units","Units","300","thousands","3","v52299978","10.2","15.670","","","","3"
"2001-04","Toronto, Ontario","2011S0503535","Multiples","Units","300","thousands","3","v52299979","10.3","28.260","","","","3"
"2001-05","Ontario","2016A000235","Total units","Units","300","thousands","3","v52299938","9.1","69.651","","","","3"
"2001-05","Ontario","2016A000235","Single-detached units","Units","300","thousands","3","v52299939","9.2","33.329","","","","3"
"2001-05","Ontario","2016A000235","Multiples","Units","300","thousands","3","v52299943","9.3","36.322","","","","3"
"2001-05","Ontario","2016A000235","Semi-detached units","Units","300","thousands","3","v52299940","9.4","6.445","","","","3"
"2001-05","Ontario","2016A000235","Row units","Units","300","thousands","3","v52299941","9.5","8.157","","","","3"
"2001-05","Ontario","2016A000235","Apartment and other unit types","Units","300","thousands","3","v52299942","9.6","21.720","","","","3"
"2001-05","Toronto, Ontario","2011S0503535","Total units","Units","300","thousands","3","v52299977","10.1","44.553","","","","3"
"2001-05","Toronto, Ontario","2011S0503535","Single-detached units","Units","300","thousands","3","v52299978","10.2","15.249","","","","3"
"2001-05","Toronto, Ontario","2011S0503535","Multiples","Units","300","thousands","3","v52299979","10.3","29.304","","","","3"
"2001-06","Ontario","2016A000235","Total units","Units","300","thousands","3","v52299938","9.1","78.772","","","","3"
"2001-06","Ontario","2016A000235","Single-detached units","Units","300","thousands","3","v52299939","9.2","36.037","","","","3"
"2001-06","Ontario","2016A000235","Multiples","Units","300","thousands","3","v52299943","9.3","42.735","","","","3"
"2001-06","Ontario","2016A000235","Semi-detached units","Units","300","thousands","3","v52299940","9.4","7.612","","","","3"
"2001-06","Ontario","2016A000235","Row units","Units","300","thousands","3","v52299941","9.5","11.987","","","","3"
"2001-06","Ontario","2016A000235","Apartment and other unit types","Units","300","thousands","3","v52299942","9.6","23.136","","","","3"
"2001-06","Toronto, Ontario","2011S0503535","Total units","Units","300","thousands","3","v52299977","10.1","44.985","","","","3"
"2001-06","Toronto, Ontario","2011S0503535","Single-detached units","Units","300","thousands","3","v52299978","10.2","16.245","","","","3"
"2001-06","Toronto, Ontario","2011S0503535","Multiples","Units","300","thousands","3","v52299979","10.3","28.740","","","","3"
"2001-07","Ontario","2016A000235","Total units","Units","300","thousands","3","v52299938","9.1","53.213","","","","3"
"2001-07","Ontario","2016A000235","Single-detached units","Units","300","thousands","3","v52299939","9.2","31.235","","","","3"
"2001-07","Ontario","2016A000235","Multiples","Units","300","thousands","3","v52299943","9.3","21.978","","","","3"
"2001-07","Ontario","2016A000235","Semi-detached units","Units","300","thousands","3","v52299940","9.4","5.416","","","","3"
"2001-07","Ontario","2016A000235","Row units","Units","300","thousands","3","v52299941","9.5","9.158","","","","3"
"2001-07","Ontario","2016A000235","Apartment and other unit types","Units","300","thousands","3","v52299942","9.6","7.404","","","","3"
"2001-07","Toronto, Ontario","2011S0503535","Total units","Units","300","thousands","3","v52299977","10.1","26.041","","","","3"
"2001-07","Toronto, Ontario","2011S0503535","Single-detached units","Units","300","thousands","3","v52299978","10.2","11.665","","","","3"
"2001-07","Toronto, Ontario","2011S0503535","Multiples","Units","300","thousands","3","v52299979","10.3","14.376","","","","3"
"2001-08","Ontario","2016A000235","Total units","Units","300","thousands","3","v52299938","9.1","80.636","","","","3"
"2001-08","Ontario","2016A000235","Single-detached units","Units","300","thousands","3","v52299939","9.2","37.771","","","","3"
"2001-08","Ontario","2016A000235","Multiples","Units","300","thousands","3","v52299943","9.3","42.865","","","","3"
"2001-08","Ontario","2016A000235","Semi-detached units","Units","300","thousands","3","v52299940","9.4","8.773","","","","3"
"2001-08","Ontario","2016A000235","Row units","Units","300","thousands","3","v52299941","9.5","12.744","","","","3"
"2001-08","Ontario","2016A000235","Apartment and other unit types","Units","300","thousands","3","v52299942","9.6","21.348","","","","3"
"2001-08","Toronto, Ontario","2011S0503535","Total units","Units","300","thousands","3","v52299977","10.1","53.172","","","","3"
"2001-08","Toronto, Ontario","2011S0503535","Single-detached units","Units","300","thousands","3","v52299978","10.2","18.228","","","","3"
"2001-08","Toronto, Ontario","2011S0503535","Multiples","Units","300","thousands","3","v52299979","10.3","34.944","","","","3"
"2001-09","Ontario","2016A000235","Total units","Units","300","thousands","3","v52299938","9.1","67.157","","","","3"
"2001-09","Ontario","2016A000235","Single-detached units","Units","300","thousands","3","v52299939","9.2","35.146","","","","3"
"2001-09","Ontario","2016A000235","Multiples","Units","300","thousands","3","v52299943","9.3","32.011","","","","3"
"2001-09","Ontario","2016A000235","Semi-detached units","Units","300","thousands","3","v52299940","9.4","7.054","","","","3"
"2001-09","Ontario","2016A000235","Row units","Units","300","thousands","3","v52299941","9.5","8.193","","","","3"
"2001-09","Ontario","2016A000235","Apartment and other unit types","Units","300","thousands","3","v52299942","9.6","16.764","","","","3"
"2001-09","Toronto, Ontario","2011S0503535","Total units","Units","300","thousands","3","v52299977","10.1","37.746","","","","3"
"2001-09","Toronto, Ontario","2011S0503535","Single-detached units","Units","300","thousands","3","v52299978","10.2","16.074","","","","3"
"2001-09","Toronto, Ontario","2011S0503535","Multiples","Units","300","thousands","3","v52299979","10.3","21.672","","","","3"
"2001-10","Ontario","2016A000235","Total units","Units","300","thousands","3","v52299938","9.1","66.543","","","","3"
"2001-10","Ontario","2016A000235","Single-detached units","Units","300","thousands","3","v52299939","9.2","38.348","","","","3"
"2001-10","Ontario","2016A000235","Multiples","Units","300","thousands","3","v52299943","9.3","28.195","","","","3"
"2001-10","Ontario","2016A000235","Semi-detached units","Units","300","thousands","3","v52299940","9.4","5.280","","","","3"
"2001-10","Ontario","2016A000235","Row units","Units","300","thousands","3","v52299941","9.5","9.583","","","","3"
"2001-10","Ontario","2016A000235","Apartment and other unit types","Units","300","thousands","3","v52299942","9.6","13.332","","","","3"
"2001-10","Toronto, Ontario","2011S0503535","Total units","Units","300","thousands","3","v52299977","10.1","41.562","","","","3"
"2001-10","Toronto, Ontario","2011S0503535","Single-detached units","Units","300","thousands","3","v52299978","10.2","20.298","","","","3"
"2001-10","Toronto, Ontario","2011S0503535","Multiples","Units","300","thousands","3","v52299979","10.3","21.264","","","","3"
"2001-11","Ontario","2016A000235","Total units","Units","300","thousands","3","v52299938","9.1","74.743","","","","3"
"2001-11","Ontario","2016A000235","Single-detached units","Units","300","thousands","3","v52299939","9.2","41.340","","","","3"
"2001-11","Ontario","2016A000235","Multiples","Units","300","thousands","3","v52299943","9.3","33.403","","","","3"
"2001-11","Ontario","2016A000235","Semi-detached units","Units","300","thousands","3","v52299940","9.4","6.434","","","","3"
"2001-11","Ontario","2016A000235","Row units","Units","300","thousands","3","v52299941","9.5","9.365","","","","3"
"2001-11","Ontario","2016A000235","Apartment and other unit types","Units","300","thousands","3","v52299942","9.6","17.604","","","","3"
"2001-11","Toronto, Ontario","2011S0503535","Total units","Units","300","thousands","3","v52299977","10.1","45.939","","","","3"
"2001-11","Toronto, Ontario","2011S0503535","Single-detached units","Units","300","thousands","3","v52299978","10.2","19.947","","","","3"
"2001-11","Toronto, Ontario","2011S0503535","Multiples","Units","300","thousands","3","v52299979","10.3","25.992","","","","3"
"2001-12","Ontario","2016A000235","Total units","Units","300","thousands","3","v52299938","9.1","71.614","","","","3"
"2001-12","Ontario","2016A000235","Single-detached units","Units","300","thousands","3","v52299939","9.2","38.619","","","","3"
"2001-12","Ontario","2016A000235","Multiples","Units","300","thousands","3","v52299943","9.3","32.995","","","","3"
"2001-12","Ontario","2016A000235","Semi-detached units","Units","300","thousands","3","v52299940","9.4","6.450","","","","3"
"2001-12","Ontario","2016A000235","Row units","Units","300","thousands","3","v52299941","9.5","11.785","","","","3"
"2001-12","Ontario","2016A000235","Apartment and other unit types","Units","300","thousands","3","v52299942","9.6","14.760","","","","3"
"2001-12","Toronto, Ontario","2011S0503535","Total units","Units","300","thousands","3","v52299977","10.1","40.051","","","","3"
"2001-12","Toronto, Ontario","2011S0503535","Single-detached units","Units","300","thousands","3","v52299978","10.2","16.135","","","","3"
"2001-12","Toronto, Ontario","2011S0503535","Multiples","Units","300","thousands","3","v52299979","10.3","23.916","","","","3"
"2002-01","Ontario","2016A000235","Total units","Units","300","thousands","3","v52299938","9.1","93.827","","","","3"
"2002-01","Ontario","2016A000235","Single-detached units","Units","300","thousands","3","v52299939","9.2","44.676","","","","3"
"2002-01","Ontario","2016A000235","Multiples","Units","300","thousands","3","v52299943","9.3","49.151","","","","3"
"2002-01","Ontario","2016A000235","Semi-detached units","Units","300","thousands","3","v52299940","9.4","10.440","","","","3"
"2002-01","Ontario","2016A000235","Row units","Units","300","thousands","3","v52299941","9.5","12.887","","","","3"
"2002-01","Ontario","2016A000235","Apartment and other unit types","Units","300","thousands","3","v52299942","9.6","25.824","","","","3"
"2002-01","Toronto, Ontario","2011S0503535","Total units","Units","300","thousands","3","v52299977","10.1","55.166","","","","3"
"2002-01","Toronto, Ontario","2011S0503535","Single-detached units","Units","300","thousands","3","v52299978","10.2","19.442","","","","3"
"2002-01","Toronto, Ontario","2011S0503535","Multiples","Units","300","thousands","3","v52299979","10.3","35.724","","","","3"
"2002-02","Ontario","2016A000235","Total units","Units","300","thousands","3","v52299938","9.1","72.808","","","","3"
"2002-02","Ontario","2016A000235","Single-detached units","Units","300","thousands","3","v52299939","9.2","45.276","","","","3"
"2002-02","Ontario","2016A000235","Multiples","Units","300","thousands","3","v52299943","9.3","27.532","","","","3"
"2002-02","Ontario","2016A000235","Semi-detached units","Units","300","thousands","3","v52299940","9.4","7.683","","","","3"
"2002-02","Ontario","2016A000235","Row units","Units","300","thousands","3","v52299941","9.5","10.405","","","","3"
"2002-02","Ontario","2016A000235","Apartment and other unit types","Units","300","thousands","3","v52299942","9.6","9.444","","","","3"
"2002-02","Toronto, Ontario","2011S0503535","Total units","Units","300","thousands","3","v52299977","10.1","37.918","","","","3"
"2002-02","Toronto, Ontario","2011S0503535","Single-detached units","Units","300","thousands","3","v52299978","10.2","20.446","","","","3"
"2002-02","Toronto, Ontario","2011S0503535","Multiples","Units","300","thousands","3","v52299979","10.3","17.472","","","","3"
"2002-03","Ontario","2016A000235","Total units","Units","300","thousands","3","v52299938","9.1","85.662","","","","3"
"2002-03","Ontario","2016A000235","Single-detached units","Units","300","thousands","3","v52299939","9.2","51.744","","","","3"
"2002-03","Ontario","2016A000235","Multiples","Units","300","thousands","3","v52299943","9.3","33.918","","","","3"
"2002-03","Ontario","2016A000235","Semi-detached units","Units","300","thousands","3","v52299940","9.4","7.372","","","","3"
"2002-03","Ontario","2016A000235","Row units","Units","300","thousands","3","v52299941","9.5","11.030","","","","3"
"2002-03","Ontario","2016A000235","Apartment and other unit types","Units","300","thousands","3","v52299942","9.6","15.516","","","","3"
"2002-03","Toronto, Ontario","2011S0503535","Total units","Units","300","thousands","3","v52299977","10.1","43.189","","","","3"
"2002-03","Toronto, Ontario","2011S0503535","Single-detached units","Units","300","thousands","3","v52299978","10.2","23.713","","","","3"
"2002-03","Toronto, Ontario","2011S0503535","Multiples","Units","300","thousands","3","v52299979","10.3","19.476","","","","3"
"2002-04","Ontario","2016A000235","Total units","Units","300","thousands","3","v52299938","9.1","75.186","","","","3"
"2002-04","Ontario","2016A000235","Single-detached units","Units","300","thousands","3","v52299939","9.2","44.935","","","","3"
"2002-04","Ontario","2016A000235","Multiples","Units","300","thousands","3","v52299943","9.3","30.251","","","","3"
"2002-04","Ontario","2016A000235","Semi-detached units","Units","300","thousands","3","v52299940","9.4","6.348","","","","3"
"2002-04","Ontario","2016A000235","Row units","Units","300","thousands","3","v52299941","9.5","11.663","","","","3"
"2002-04","Ontario","2016A000235","Apartment and other unit types","Units","300","thousands","3","v52299942","9.6","12.240","","","","3"
"2002-04","Toronto, Ontario","2011S0503535","Total units","Units","300","thousands","3","v52299977","10.1","44.409","","","","3"
"2002-04","Toronto, Ontario","2011S0503535","Single-detached units","Units","300","thousands","3","v52299978","10.2","21.429","","","","3"
"2002-04","Toronto, Ontario","2011S0503535","Multiples","Units","300","thousands","3","v52299979","10.3","22.980","","","","3"
"2002-05","Ontario","2016A000235","Total units","Units","300","thousands","3","v52299938","9.1","83.844","","","","3"
"2002-05","Ontario","2016A000235","Single-detached units","Units","300","thousands","3","v52299939","9.2","49.157","","","","3"
"2002-05","Ontario","2016A000235","Multiples","Units","300","thousands","3","v52299943","9.3","34.687","","","","3"
"2002-05","Ontario","2016A000235","Semi-detached units","Units","300","thousands","3","v52299940","9.4","7.004","","","","3"
"2002-05","Ontario","2016A000235","Row units","Units","300","thousands","3","v52299941","9.5","12.767","","","","3"
"2002-05","Ontario","2016A000235","Apartment and other unit types","Units","300","thousands","3","v52299942","9.6","14.916","","","","3"
"2002-05","Toronto, Ontario","2011S0503535","Total units","Units","300","thousands","3","v52299977","10.1","38.530","","","","3"
"2002-05","Toronto, Ontario","2011S0503535","Single-detached units","Units","300","thousands","3","v52299978","10.2","22.918","","","","3"
"2002-05","Toronto, Ontario","2011S0503535","Multiples","Units","300","thousands","3","v52299979","10.3","15.612","","","","3"
"2002-06","Ontario","2016A000235","Total units","Units","300","thousands","3","v52299938","9.1","70.957","","","","3"
"2002-06","Ontario","2016A000235","Single-detached units","Units","300","thousands","3","v52299939","9.2","47.988","","","","3"
"2002-06","Ontario","2016A000235","Multiples","Units","300","thousands","3","v52299943","9.3","22.969","","","","3"
"2002-06","Ontario","2016A000235","Semi-detached units","Units","300","thousands","3","v52299940","9.4","6.037","","","","3"
"2002-06","Ontario","2016A000235","Row units","Units","300","thousands","3","v52299941","9.5","13.404","","","","3"
"2002-06","Ontario","2016A000235","Apartment and other unit types","Units","300","thousands","3","v52299942","9.6","3.528","","","","3"
"2002-06","Toronto, Ontario","2011S0503535","Total units","Units","300","thousands","3","v52299977","10.1","38.047","","","","3"
"2002-06","Toronto, Ontario","2011S0503535","Single-detached units","Units","300","thousands","3","v52299978","10.2","23.059","","","","3"
"2002-06","Toronto, Ontario","2011S0503535","Multiples","Units","300","thousands","3","v52299979","10.3","14.988","","","","3"
"2002-07","Ontario","2016A000235","Total units","Units","300","thousands","3","v52299938","9.1","83.145","","","","3"
"2002-07","Ontario","2016A000235","Single-detached units","Units","300","thousands","3","v52299939","9.2","46.795","","","","3"
"2002-07","Ontario","2016A000235","Multiples","Units","300","thousands","3","v52299943","9.3","36.350","","","","3"
"2002-07","Ontario","2016A000235","Semi-detached units","Units","300","thousands","3","v52299940","9.4","7.571","","","","3"
"2002-07","Ontario","2016A000235","Row units","Units","300","thousands","3","v52299941","9.5","11.451","","","","3"
"2002-07","Ontario","2016A000235","Apartment and other unit types","Units","300","thousands","3","v52299942","9.6","17.328","","","","3"
"2002-07","Toronto, Ontario","2011S0503535","Total units","Units","300","thousands","3","v52299977","10.1","53.093","","","","3"
"2002-07","Toronto, Ontario","2011S0503535","Single-detached units","Units","300","thousands","3","v52299978","10.2","22.313","","","","3"
"2002-07","Toronto, Ontario","2011S0503535","Multiples","Units","300","thousands","3","v52299979","10.3","30.780","","","","3"
"2002-08","Ontario","2016A000235","Total units","Units","300","thousands","3","v52299938","9.1","79.193","","","","3"
"2002-08","Ontario","2016A000235","Single-detached units","Units","300","thousands","3","v52299939","9.2","48.630","","","","3"
"2002-08","Ontario","2016A000235","Multiples","Units","300","thousands","3","v52299943","9.3","30.563","","","","3"
"2002-08","Ontario","2016A000235","Semi-detached units","Units","300","thousands","3","v52299940","9.4","6.072","","","","3"
"2002-08","Ontario","2016A000235","Row units","Units","300","thousands","3","v52299941","9.5","11.291","","","","3"
"2002-08","Ontario","2016A000235","Apartment and other unit types","Units","300","thousands","3","v52299942","9.6","13.200","","","","3"
"2002-08","Toronto, Ontario","2011S0503535","Total units","Units","300","thousands","3","v52299977","10.1","46.453","","","","3"
"2002-08","Toronto, Ontario","2011S0503535","Single-detached units","Units","300","thousands","3","v52299978","10.2","23.017","","","","3"
"2002-08","Toronto, Ontario","2011S0503535","Multiples","Units","300","thousands","3","v52299979","10.3","23.436","","","","3"
"2002-09","Ontario","2016A000235","Total units","Units","300","thousands","3","v52299938","9.1","72.262","","","","3"
"2002-09","Ontario","2016A000235","Single-detached units","Units","300","thousands","3","v52299939","9.2","46.778","","","","3"
"2002-09","Ontario","2016A000235","Multiples","Units","300","thousands","3","v52299943","9.3","25.484","","","","3"
"2002-09","Ontario","2016A000235","Semi-detached units","Units","300","thousands","3","v52299940","9.4","4.742","","","","3"
"2002-09","Ontario","2016A000235","Row units","Units","300","thousands","3","v52299941","9.5","12.450","","","","3"
"2002-09","Ontario","2016A000235","Apartment and other unit types","Units","300","thousands","3","v52299942","9.6","8.292","","","","3"
"2002-09","Toronto, Ontario","2011S0503535","Total units","Units","300","thousands","3","v52299977","10.1","38.306","","","","3"
"2002-09","Toronto, Ontario","2011S0503535","Single-detached units","Units","300","thousands","3","v52299978","10.2","21.890","","","","3"
"2002-09","Toronto, Ontario","2011S0503535","Multiples","Units","300","thousands","3","v52299979","10.3","16.416","","","","3"
"2002-10","Ontario","2016A000235","Total units","Units","300","thousands","3","v52299938","9.1","86.272","","","","3"
"2002-10","Ontario","2016A000235","Single-detached units","Units","300","thousands","3","v52299939","9.2","50.922","","","","3"
"2002-10","Ontario","2016A000235","Multiples","Units","300","thousands","3","v52299943","9.3","35.350","","","","3"
"2002-10","Ontario","2016A000235","Semi-detached units","Units","300","thousands","3","v52299940","9.4","10.219","","","","3"
"2002-10","Ontario","2016A000235","Row units","Units","300","thousands","3","v52299941","9.5","13.131","","","","3"
"2002-10","Ontario","2016A000235","Apartment and other unit types","Units","300","thousands","3","v52299942","9.6","12.000","","","","3"
"2002-10","Toronto, Ontario","2011S0503535","Total units","Units","300","thousands","3","v52299977","10.1","45.109","","","","3"
"2002-10","Toronto, Ontario","2011S0503535","Single-detached units","Units","300","thousands","3","v52299978","10.2","24.877","","","","3"
"2002-10","Toronto, Ontario","2011S0503535","Multiples","Units","300","thousands","3","v52299979","10.3","20.232","","","","3"
"2002-11","Ontario","2016A000235","Total units","Units","300","thousands","3","v52299938","9.1","82.819","","","","3"
"2002-11","Ontario","2016A000235","Single-detached units","Units","300","thousands","3","v52299939","9.2","43.059","","","","3"
"2002-11","Ontario","2016A000235","Multiples","Units","300","thousands","3","v52299943","9.3","39.760","","","","3"
"2002-11","Ontario","2016A000235","Semi-detached units","Units","300","thousands","3","v52299940","9.4","3.712","","","","3"
"2002-11","Ontario","2016A000235","Row units","Units","300","thousands","3","v52299941","9.5","9.480","","","","3"
"2002-11","Ontario","2016A000235","Apartment and other unit types","Units","300","thousands","3","v52299942","9.6","26.568","","","","3"
"2002-11","Toronto, Ontario","2011S0503535","Total units","Units","300","thousands","3","v52299977","10.1","49.414","","","","3"
"2002-11","Toronto, Ontario","2011S0503535","Single-detached units","Units","300","thousands","3","v52299978","10.2","18.826","","","","3"
"2002-11","Toronto, Ontario","2011S0503535","Multiples","Units","300","thousands","3","v52299979","10.3","30.588","","","","3"
"2002-12","Ontario","2016A000235","Total units","Units","300","thousands","3","v52299938","9.1","69.009","","","","3"
"2002-12","Ontario","2016A000235","Single-detached units","Units","300","thousands","3","v52299939","9.2","45.194","","","","3"
"2002-12","Ontario","2016A000235","Multiples","Units","300","thousands","3","v52299943","9.3","23.815","","","","3"
"2002-12","Ontario","2016A000235","Semi-detached units","Units","300","thousands","3","v52299940","9.4","5.837","","","","3"
"2002-12","Ontario","2016A000235","Row units","Units","300","thousands","3","v52299941","9.5","11.366","","","","3"
"2002-12","Ontario","2016A000235","Apartment and other unit types","Units","300","thousands","3","v52299942","9.6","6.612","","","","3"
"2002-12","Toronto, Ontario","2011S0503535","Total units","Units","300","thousands","3","v52299977","10.1","34.247","","","","3"
"2002-12","Toronto, Ontario","2011S0503535","Single-detached units","Units","300","thousands","3","v52299978","10.2","21.671","","","","3"
"2002-12","Toronto, Ontario","2011S0503535","Multiples","Units","300","thousands","3","v52299979","10.3","12.576","","","","3"
"2003-01","Ontario","2016A000235","Total units","Units","300","thousands","3","v52299938","9.1","63.176","","","","3"
"2003-01","Ontario","2016A000235","Single-detached units","Units","300","thousands","3","v52299939","9.2","39.216","","","","3"
"2003-01","Ontario","2016A000235","Multiples","Units","300","thousands","3","v52299943","9.3","23.960","","","","3"
"2003-01","Ontario","2016A000235","Semi-detached units","Units","300","thousands","3","v52299940","9.4","3.931","","","","3"
"2003-01","Ontario","2016A000235","Row units","Units","300","thousands","3","v52299941","9.5","12.049","","","","3"
"2003-01","Ontario","2016A000235","Apartment and other unit types","Units","300","thousands","3","v52299942","9.6","7.980","","","","3"
"2003-01","Toronto, Ontario","2011S0503535","Total units","Units","300","thousands","3","v52299977","10.1","28.203","","","","3"
"2003-01","Toronto, Ontario","2011S0503535","Single-detached units","Units","300","thousands","3","v52299978","10.2","16.191","","","","3"
"2003-01","Toronto, Ontario","2011S0503535","Multiples","Units","300","thousands","3","v52299979","10.3","12.012","","","","3"
"2003-02","Ontario","2016A000235","Total units","Units","300","thousands","3","v52299938","9.1","105.310","","","","3"
"2003-02","Ontario","2016A000235","Single-detached units","Units","300","thousands","3","v52299939","9.2","43.868","","","","3"
"2003-02","Ontario","2016A000235","Multiples","Units","300","thousands","3","v52299943","9.3","61.442","","","","3"
"2003-02","Ontario","2016A000235","Semi-detached units","Units","300","thousands","3","v52299940","9.4","5.906","","","","3"
"2003-02","Ontario","2016A000235","Row units","Units","300","thousands","3","v52299941","9.5","12.096","","","","3"
"2003-02","Ontario","2016A000235","Apartment and other unit types","Units","300","thousands","3","v52299942","9.6","43.440","","","","3"
"2003-02","Toronto, Ontario","2011S0503535","Total units","Units","300","thousands","3","v52299977","10.1","64.714","","","","3"
"2003-02","Toronto, Ontario","2011S0503535","Single-detached units","Units","300","thousands","3","v52299978","10.2","19.426","","","","3"
"2003-02","Toronto, Ontario","2011S0503535","Multiples","Units","300","thousands","3","v52299979","10.3","45.288","","","","3"
"2003-03","Ontario","2016A000235","Total units","Units","300","thousands","3","v52299938","9.1","74.099","","","","3"
"2003-03","Ontario","2016A000235","Single-detached units","Units","300","thousands","3","v52299939","9.2","39.882","","","","3"
"2003-03","Ontario","2016A000235","Multiples","Units","300","thousands","3","v52299943","9.3","34.217","","","","3"
"2003-03","Ontario","2016A000235","Semi-detached units","Units","300","thousands","3","v52299940","9.4","6.754","","","","3"
"2003-03","Ontario","2016A000235","Row units","Units","300","thousands","3","v52299941","9.5","8.851","","","","3"
"2003-03","Ontario","2016A000235","Apartment and other unit types","Units","300","thousands","3","v52299942","9.6","18.612","","","","3"
"2003-03","Toronto, Ontario","2011S0503535","Total units","Units","300","thousands","3","v52299977","10.1","41.382","","","","3"
"2003-03","Toronto, Ontario","2011S0503535","Single-detached units","Units","300","thousands","3","v52299978","10.2","17.274","","","","3"
"2003-03","Toronto, Ontario","2011S0503535","Multiples","Units","300","thousands","3","v52299979","10.3","24.108","","","","3"
"2003-04","Ontario","2016A000235","Total units","Units","300","thousands","3","v52299938","9.1","76.599","","","","3"
"2003-04","Ontario","2016A000235","Single-detached units","Units","300","thousands","3","v52299939","9.2","45.468","","","","3"
"2003-04","Ontario","2016A000235","Multiples","Units","300","thousands","3","v52299943","9.3","31.131","","","","3"
"2003-04","Ontario","2016A000235","Semi-detached units","Units","300","thousands","3","v52299940","9.4","5.727","","","","3"
"2003-04","Ontario","2016A000235","Row units","Units","300","thousands","3","v52299941","9.5","10.932","","","","3"
"2003-04","Ontario","2016A000235","Apartment and other unit types","Units","300","thousands","3","v52299942","9.6","14.472","","","","3"
"2003-04","Toronto, Ontario","2011S0503535","Total units","Units","300","thousands","3","v52299977","10.1","40.313","","","","3"
"2003-04","Toronto, Ontario","2011S0503535","Single-detached units","Units","300","thousands","3","v52299978","10.2","20.849","","","","3"
"2003-04","Toronto, Ontario","2011S0503535","Multiples","Units","300","thousands","3","v52299979","10.3","19.464","","","","3"
"2003-05","Ontario","2016A000235","Total units","Units","300","thousands","3","v52299938","9.1","71.047","","","","3"
"2003-05","Ontario","2016A000235","Single-detached units","Units","300","thousands","3","v52299939","9.2","42.351","","","","3"
"2003-05","Ontario","2016A000235","Multiples","Units","300","thousands","3","v52299943","9.3","28.696","","","","3"
"2003-05","Ontario","2016A000235","Semi-detached units","Units","300","thousands","3","v52299940","9.4","5.961","","","","3"
"2003-05","Ontario","2016A000235","Row units","Units","300","thousands","3","v52299941","9.5","11.359","","","","3"
"2003-05","Ontario","2016A000235","Apartment and other unit types","Units","300","thousands","3","v52299942","9.6","11.376","","","","3"
"2003-05","Toronto, Ontario","2011S0503535","Total units","Units","300","thousands","3","v52299977","10.1","42.489","","","","3"
"2003-05","Toronto, Ontario","2011S0503535","Single-detached units","Units","300","thousands","3","v52299978","10.2","19.749","","","","3"
"2003-05","Toronto, Ontario","2011S0503535","Multiples","Units","300","thousands","3","v52299979","10.3","22.740","","","","3"
"2003-06","Ontario","2016A000235","Total units","Units","300","thousands","3","v52299938","9.1","75.682","","","","3"
"2003-06","Ontario","2016A000235","Single-detached units","Units","300","thousands","3","v52299939","9.2","44.292","","","","3"
"2003-06","Ontario","2016A000235","Multiples","Units","300","thousands","3","v52299943","9.3","31.390","","","","3"
"2003-06","Ontario","2016A000235","Semi-detached units","Units","300","thousands","3","v52299940","9.4","6.359","","","","3"
"2003-06","Ontario","2016A000235","Row units","Units","300","thousands","3","v52299941","9.5","10.547","","","","3"
"2003-06","Ontario","2016A000235","Apartment and other unit types","Units","300","thousands","3","v52299942","9.6","14.484","","","","3"
"2003-06","Toronto, Ontario","2011S0503535","Total units","Units","300","thousands","3","v52299977","10.1","43.031","","","","3"
"2003-06","Toronto, Ontario","2011S0503535","Single-detached units","Units","300","thousands","3","v52299978","10.2","21.539","","","","3"
"2003-06","Toronto, Ontario","2011S0503535","Multiples","Units","300","thousands","3","v52299979","10.3","21.492","","","","3"
"2003-07","Ontario","2016A000235","Total units","Units","300","thousands","3","v52299938","9.1","77.906","","","","3"
"2003-07","Ontario","2016A000235","Single-detached units","Units","300","thousands","3","v52299939","9.2","45.457","","","","3"
"2003-07","Ontario","2016A000235","Multiples","Units","300","thousands","3","v52299943","9.3","32.449","","","","3"
"2003-07","Ontario","2016A000235","Semi-detached units","Units","300","thousands","3","v52299940","9.4","7.102","","","","3"
"2003-07","Ontario","2016A000235","Row units","Units","300","thousands","3","v52299941","9.5","12.003","","","","3"
"2003-07","Ontario","2016A000235","Apartment and other unit types","Units","300","thousands","3","v52299942","9.6","13.344","","","","3"
"2003-07","Toronto, Ontario","2011S0503535","Total units","Units","300","thousands","3","v52299977","10.1","44.411","","","","3"
"2003-07","Toronto, Ontario","2011S0503535","Single-detached units","Units","300","thousands","3","v52299978","10.2","20.399","","","","3"
"2003-07","Toronto, Ontario","2011S0503535","Multiples","Units","300","thousands","3","v52299979","10.3","24.012","","","","3"
"2003-08","Ontario","2016A000235","Total units","Units","300","thousands","3","v52299938","9.1","87.376","","","","3"
"2003-08","Ontario","2016A000235","Single-detached units","Units","300","thousands","3","v52299939","9.2","44.683","","","","3"
"2003-08","Ontario","2016A000235","Multiples","Units","300","thousands","3","v52299943","9.3","42.693","","","","3"
"2003-08","Ontario","2016A000235","Semi-detached units","Units","300","thousands","3","v52299940","9.4","7.583","","","","3"
"2003-08","Ontario","2016A000235","Row units","Units","300","thousands","3","v52299941","9.5","14.578","","","","3"
"2003-08","Ontario","2016A000235","Apartment and other unit types","Units","300","thousands","3","v52299942","9.6","20.532","","","","3"
"2003-08","Toronto, Ontario","2011S0503535","Total units","Units","300","thousands","3","v52299977","10.1","48.296","","","","3"
"2003-08","Toronto, Ontario","2011S0503535","Single-detached units","Units","300","thousands","3","v52299978","10.2","18.932","","","","3"
"2003-08","Toronto, Ontario","2011S0503535","Multiples","Units","300","thousands","3","v52299979","10.3","29.364","","","","3"
"2003-09","Ontario","2016A000235","Total units","Units","300","thousands","3","v52299938","9.1","82.082","","","","3"
"2003-09","Ontario","2016A000235","Single-detached units","Units","300","thousands","3","v52299939","9.2","42.998","","","","3"
"2003-09","Ontario","2016A000235","Multiples","Units","300","thousands","3","v52299943","9.3","39.084","","","","3"
"2003-09","Ontario","2016A000235","Semi-detached units","Units","300","thousands","3","v52299940","9.4","6.300","","","","3"
"2003-09","Ontario","2016A000235","Row units","Units","300","thousands","3","v52299941","9.5","14.376","","","","3"
"2003-09","Ontario","2016A000235","Apartment and other unit types","Units","300","thousands","3","v52299942","9.6","18.408","","","","3"
"2003-09","Toronto, Ontario","2011S0503535","Total units","Units","300","thousands","3","v52299977","10.1","49.212","","","","3"
"2003-09","Toronto, Ontario","2011S0503535","Single-detached units","Units","300","thousands","3","v52299978","10.2","20.064","","","","3"
"2003-09","Toronto, Ontario","2011S0503535","Multiples","Units","300","thousands","3","v52299979","10.3","29.148","","","","3"
"2003-10","Ontario","2016A000235","Total units","Units","300","thousands","3","v52299938","9.1","103.527","","","","3"
"2003-10","Ontario","2016A000235","Single-detached units","Units","300","thousands","3","v52299939","9.2","44.440","","","","3"
"2003-10","Ontario","2016A000235","Multiples","Units","300","thousands","3","v52299943","9.3","59.087","","","","3"
"2003-10","Ontario","2016A000235","Semi-detached units","Units","300","thousands","3","v52299940","9.4","6.229","","","","3"
"2003-10","Ontario","2016A000235","Row units","Units","300","thousands","3","v52299941","9.5","13.426","","","","3"
"2003-10","Ontario","2016A000235","Apartment and other unit types","Units","300","thousands","3","v52299942","9.6","39.432","","","","3"
"2003-10","Toronto, Ontario","2011S0503535","Total units","Units","300","thousands","3","v52299977","10.1","68.438","","","","3"
"2003-10","Toronto, Ontario","2011S0503535","Single-detached units","Units","300","thousands","3","v52299978","10.2","19.514","","","","3"
"2003-10","Toronto, Ontario","2011S0503535","Multiples","Units","300","thousands","3","v52299979","10.3","48.924","","","","3"
"2003-11","Ontario","2016A000235","Total units","Units","300","thousands","3","v52299938","9.1","74.947","","","","3"
"2003-11","Ontario","2016A000235","Single-detached units","Units","300","thousands","3","v52299939","9.2","44.104","","","","3"
"2003-11","Ontario","2016A000235","Multiples","Units","300","thousands","3","v52299943","9.3","30.843","","","","3"
"2003-11","Ontario","2016A000235","Semi-detached units","Units","300","thousands","3","v52299940","9.4","7.071","","","","3"
"2003-11","Ontario","2016A000235","Row units","Units","300","thousands","3","v52299941","9.5","14.568","","","","3"
"2003-11","Ontario","2016A000235","Apartment and other unit types","Units","300","thousands","3","v52299942","9.6","9.204","","","","3"
"2003-11","Toronto, Ontario","2011S0503535","Total units","Units","300","thousands","3","v52299977","10.1","37.211","","","","3"
"2003-11","Toronto, Ontario","2011S0503535","Single-detached units","Units","300","thousands","3","v52299978","10.2","20.411","","","","3"
"2003-11","Toronto, Ontario","2011S0503535","Multiples","Units","300","thousands","3","v52299979","10.3","16.800","","","","3"
"2003-12","Ontario","2016A000235","Total units","Units","300","thousands","3","v52299938","9.1","73.535","","","","3"
"2003-12","Ontario","2016A000235","Single-detached units","Units","300","thousands","3","v52299939","9.2","42.861","","","","3"
"2003-12","Ontario","2016A000235","Multiples","Units","300","thousands","3","v52299943","9.3","30.674","","","","3"
"2003-12","Ontario","2016A000235","Semi-detached units","Units","300","thousands","3","v52299940","9.4","5.166","","","","3"
"2003-12","Ontario","2016A000235","Row units","Units","300","thousands","3","v52299941","9.5","10.544","","","","3"
"2003-12","Ontario","2016A000235","Apartment and other unit types","Units","300","thousands","3","v52299942","9.6","14.964","","","","3"
"2003-12","Toronto, Ontario","2011S0503535","Total units","Units","300","thousands","3","v52299977","10.1","35.628","","","","3"
"2003-12","Toronto, Ontario","2011S0503535","Single-detached units","Units","300","thousands","3","v52299978","10.2","18.792","","","","3"
"2003-12","Toronto, Ontario","2011S0503535","Multiples","Units","300","thousands","3","v52299979","10.3","16.836","","","","3"
"2004-01","Ontario","2016A000235","Total units","Units","300","thousands","3","v52299938","9.1","56.077","","","","3"
"2004-01","Ontario","2016A000235","Single-detached units","Units","300","thousands","3","v52299939","9.2","36.476","","","","3"
"2004-01","Ontario","2016A000235","Multiples","Units","300","thousands","3","v52299943","9.3","19.601","","","","3"
"2004-01","Ontario","2016A000235","Semi-detached units","Units","300","thousands","3","v52299940","9.4","5.155","","","","3"
"2004-01","Ontario","2016A000235","Row units","Units","300","thousands","3","v52299941","9.5","8.254","","","","3"
"2004-01","Ontario","2016A000235","Apartment and other unit types","Units","300","thousands","3","v52299942","9.6","6.192","","","","3"
"2004-01","Toronto, Ontario","2011S0503535","Total units","Units","300","thousands","3","v52299977","10.1","22.934","","","","3"
"2004-01","Toronto, Ontario","2011S0503535","Single-detached units","Units","300","thousands","3","v52299978","10.2","14.390","","","","3"
"2004-01","Toronto, Ontario","2011S0503535","Multiples","Units","300","thousands","3","v52299979","10.3","8.544","","","","3"
"2004-02","Ontario","2016A000235","Total units","Units","300","thousands","3","v52299938","9.1","68.552","","","","3"
"2004-02","Ontario","2016A000235","Single-detached units","Units","300","thousands","3","v52299939","9.2","44.753","","","","3"
"2004-02","Ontario","2016A000235","Multiples","Units","300","thousands","3","v52299943","9.3","23.799","","","","3"
"2004-02","Ontario","2016A000235","Semi-detached units","Units","300","thousands","3","v52299940","9.4","4.693","","","","3"
"2004-02","Ontario","2016A000235","Row units","Units","300","thousands","3","v52299941","9.5","14.162","","","","3"
"2004-02","Ontario","2016A000235","Apartment and other unit types","Units","300","thousands","3","v52299942","9.6","4.944","","","","3"
"2004-02","Toronto, Ontario","2011S0503535","Total units","Units","300","thousands","3","v52299977","10.1","29.649","","","","3"
"2004-02","Toronto, Ontario","2011S0503535","Single-detached units","Units","300","thousands","3","v52299978","10.2","21.645","","","","3"
"2004-02","Toronto, Ontario","2011S0503535","Multiples","Units","300","thousands","3","v52299979","10.3","8.004","","","","3"
"2004-03","Ontario","2016A000235","Total units","Units","300","thousands","3","v52299938","9.1","91.462","","","","3"
"2004-03","Ontario","2016A000235","Single-detached units","Units","300","thousands","3","v52299939","9.2","49.401","","","","3"
"2004-03","Ontario","2016A000235","Multiples","Units","300","thousands","3","v52299943","9.3","42.061","","","","3"
"2004-03","Ontario","2016A000235","Semi-detached units","Units","300","thousands","3","v52299940","9.4","4.497","","","","3"
"2004-03","Ontario","2016A000235","Row units","Units","300","thousands","3","v52299941","9.5","17.152","","","","3"
"2004-03","Ontario","2016A000235","Apartment and other unit types","Units","300","thousands","3","v52299942","9.6","20.412","","","","3"
"2004-03","Toronto, Ontario","2011S0503535","Total units","Units","300","thousands","3","v52299977","10.1","49.730","","","","3"
"2004-03","Toronto, Ontario","2011S0503535","Single-detached units","Units","300","thousands","3","v52299978","10.2","25.238","","","","3"
"2004-03","Toronto, Ontario","2011S0503535","Multiples","Units","300","thousands","3","v52299979","10.3","24.492","","","","3"
"2004-04","Ontario","2016A000235","Total units","Units","300","thousands","3","v52299938","9.1","87.484","","","","3"
"2004-04","Ontario","2016A000235","Single-detached units","Units","300","thousands","3","v52299939","9.2","44.148","","","","3"
"2004-04","Ontario","2016A000235","Multiples","Units","300","thousands","3","v52299943","9.3","43.336","","","","3"
"2004-04","Ontario","2016A000235","Semi-detached units","Units","300","thousands","3","v52299940","9.4","5.014","","","","3"
"2004-04","Ontario","2016A000235","Row units","Units","300","thousands","3","v52299941","9.5","13.830","","","","3"
"2004-04","Ontario","2016A000235","Apartment and other unit types","Units","300","thousands","3","v52299942","9.6","24.492","","","","3"
"2004-04","Toronto, Ontario","2011S0503535","Total units","Units","300","thousands","3","v52299977","10.1","49.913","","","","3"
"2004-04","Toronto, Ontario","2011S0503535","Single-detached units","Units","300","thousands","3","v52299978","10.2","19.121","","","","3"
"2004-04","Toronto, Ontario","2011S0503535","Multiples","Units","300","thousands","3","v52299979","10.3","30.792","","","","3"
"2004-05","Ontario","2016A000235","Total units","Units","300","thousands","3","v52299938","9.1","81.711","","","","3"
"2004-05","Ontario","2016A000235","Single-detached units","Units","300","thousands","3","v52299939","9.2","48.580","","","","3"
"2004-05","Ontario","2016A000235","Multiples","Units","300","thousands","3","v52299943","9.3","33.131","","","","3"
"2004-05","Ontario","2016A000235","Semi-detached units","Units","300","thousands","3","v52299940","9.4","5.952","","","","3"
"2004-05","Ontario","2016A000235","Row units","Units","300","thousands","3","v52299941","9.5","15.455","","","","3"
"2004-05","Ontario","2016A000235","Apartment and other unit types","Units","300","thousands","3","v52299942","9.6","11.724","","","","3"
"2004-05","Toronto, Ontario","2011S0503535","Total units","Units","300","thousands","3","v52299977","10.1","44.998","","","","3"
"2004-05","Toronto, Ontario","2011S0503535","Single-detached units","Units","300","thousands","3","v52299978","10.2","21.922","","","","3"
"2004-05","Toronto, Ontario","2011S0503535","Multiples","Units","300","thousands","3","v52299979","10.3","23.076","","","","3"
"2004-06","Ontario","2016A000235","Total units","Units","300","thousands","3","v52299938","9.1","80.319","","","","3"
"2004-06","Ontario","2016A000235","Single-detached units","Units","300","thousands","3","v52299939","9.2","42.142","","","","3"
"2004-06","Ontario","2016A000235","Multiples","Units","300","thousands","3","v52299943","9.3","38.177","","","","3"
"2004-06","Ontario","2016A000235","Semi-detached units","Units","300","thousands","3","v52299940","9.4","5.431","","","","3"
"2004-06","Ontario","2016A000235","Row units","Units","300","thousands","3","v52299941","9.5","10.330","","","","3"
"2004-06","Ontario","2016A000235","Apartment and other unit types","Units","300","thousands","3","v52299942","9.6","22.416","","","","3"
"2004-06","Toronto, Ontario","2011S0503535","Total units","Units","300","thousands","3","v52299977","10.1","47.055","","","","3"
"2004-06","Toronto, Ontario","2011S0503535","Single-detached units","Units","300","thousands","3","v52299978","10.2","17.787","","","","3"
"2004-06","Toronto, Ontario","2011S0503535","Multiples","Units","300","thousands","3","v52299979","10.3","29.268","","","","3"
"2004-07","Ontario","2016A000235","Total units","Units","300","thousands","3","v52299938","9.1","73.988","","","","3"
"2004-07","Ontario","2016A000235","Single-detached units","Units","300","thousands","3","v52299939","9.2","48.060","","","","3"
"2004-07","Ontario","2016A000235","Multiples","Units","300","thousands","3","v52299943","9.3","25.928","","","","3"
"2004-07","Ontario","2016A000235","Semi-detached units","Units","300","thousands","3","v52299940","9.4","5.215","","","","3"
"2004-07","Ontario","2016A000235","Row units","Units","300","thousands","3","v52299941","9.5","11.581","","","","3"
"2004-07","Ontario","2016A000235","Apartment and other unit types","Units","300","thousands","3","v52299942","9.6","9.132","","","","3"
"2004-07","Toronto, Ontario","2011S0503535","Total units","Units","300","thousands","3","v52299977","10.1","35.258","","","","3"
"2004-07","Toronto, Ontario","2011S0503535","Single-detached units","Units","300","thousands","3","v52299978","10.2","20.750","","","","3"
"2004-07","Toronto, Ontario","2011S0503535","Multiples","Units","300","thousands","3","v52299979","10.3","14.508","","","","3"
"2004-08","Ontario","2016A000235","Total units","Units","300","thousands","3","v52299938","9.1","100.492","","","","3"
"2004-08","Ontario","2016A000235","Single-detached units","Units","300","thousands","3","v52299939","9.2","44.756","","","","3"
"2004-08","Ontario","2016A000235","Multiples","Units","300","thousands","3","v52299943","9.3","55.736","","","","3"
"2004-08","Ontario","2016A000235","Semi-detached units","Units","300","thousands","3","v52299940","9.4","3.975","","","","3"
"2004-08","Ontario","2016A000235","Row units","Units","300","thousands","3","v52299941","9.5","10.505","","","","3"
"2004-08","Ontario","2016A000235","Apartment and other unit types","Units","300","thousands","3","v52299942","9.6","41.256","","","","3"
"2004-08","Toronto, Ontario","2011S0503535","Total units","Units","300","thousands","3","v52299977","10.1","64.600","","","","3"
"2004-08","Toronto, Ontario","2011S0503535","Single-detached units","Units","300","thousands","3","v52299978","10.2","21.244","","","","3"
"2004-08","Toronto, Ontario","2011S0503535","Multiples","Units","300","thousands","3","v52299979","10.3","43.356","","","","3"
"2004-09","Ontario","2016A000235","Total units","Units","300","thousands","3","v52299938","9.1","82.028","","","","3"
"2004-09","Ontario","2016A000235","Single-detached units","Units","300","thousands","3","v52299939","9.2","43.745","","","","3"
"2004-09","Ontario","2016A000235","Multiples","Units","300","thousands","3","v52299943","9.3","38.283","","","","3"
"2004-09","Ontario","2016A000235","Semi-detached units","Units","300","thousands","3","v52299940","9.4","4.614","","","","3"
"2004-09","Ontario","2016A000235","Row units","Units","300","thousands","3","v52299941","9.5","14.469","","","","3"
"2004-09","Ontario","2016A000235","Apartment and other unit types","Units","300","thousands","3","v52299942","9.6","19.200","","","","3"
"2004-09","Toronto, Ontario","2011S0503535","Total units","Units","300","thousands","3","v52299977","10.1","41.953","","","","3"
"2004-09","Toronto, Ontario","2011S0503535","Single-detached units","Units","300","thousands","3","v52299978","10.2","18.529","","","","3"
"2004-09","Toronto, Ontario","2011S0503535","Multiples","Units","300","thousands","3","v52299979","10.3","23.424","","","","3"
"2004-10","Ontario","2016A000235","Total units","Units","300","thousands","3","v52299938","9.1","87.498","","","","3"
"2004-10","Ontario","2016A000235","Single-detached units","Units","300","thousands","3","v52299939","9.2","42.929","","","","3"
"2004-10","Ontario","2016A000235","Multiples","Units","300","thousands","3","v52299943","9.3","44.569","","","","3"
"2004-10","Ontario","2016A000235","Semi-detached units","Units","300","thousands","3","v52299940","9.4","5.320","","","","3"
"2004-10","Ontario","2016A000235","Row units","Units","300","thousands","3","v52299941","9.5","13.173","","","","3"
"2004-10","Ontario","2016A000235","Apartment and other unit types","Units","300","thousands","3","v52299942","9.6","26.076","","","","3"
"2004-10","Toronto, Ontario","2011S0503535","Total units","Units","300","thousands","3","v52299977","10.1","50.604","","","","3"
"2004-10","Toronto, Ontario","2011S0503535","Single-detached units","Units","300","thousands","3","v52299978","10.2","18.216","","","","3"
"2004-10","Toronto, Ontario","2011S0503535","Multiples","Units","300","thousands","3","v52299979","10.3","32.388","","","","3"
"2004-11","Ontario","2016A000235","Total units","Units","300","thousands","3","v52299938","9.1","78.836","","","","3"
"2004-11","Ontario","2016A000235","Single-detached units","Units","300","thousands","3","v52299939","9.2","42.217","","","","3"
"2004-11","Ontario","2016A000235","Multiples","Units","300","thousands","3","v52299943","9.3","36.619","","","","3"
"2004-11","Ontario","2016A000235","Semi-detached units","Units","300","thousands","3","v52299940","9.4","5.089","","","","3"
"2004-11","Ontario","2016A000235","Row units","Units","300","thousands","3","v52299941","9.5","11.106","","","","3"
"2004-11","Ontario","2016A000235","Apartment and other unit types","Units","300","thousands","3","v52299942","9.6","20.424","","","","3"
"2004-11","Toronto, Ontario","2011S0503535","Total units","Units","300","thousands","3","v52299977","10.1","37.908","","","","3"
"2004-11","Toronto, Ontario","2011S0503535","Single-detached units","Units","300","thousands","3","v52299978","10.2","16.428","","","","3"
"2004-11","Toronto, Ontario","2011S0503535","Multiples","Units","300","thousands","3","v52299979","10.3","21.480","","","","3"
"2004-12","Ontario","2016A000235","Total units","Units","300","thousands","3","v52299938","9.1","69.361","","","","3"
"2004-12","Ontario","2016A000235","Single-detached units","Units","300","thousands","3","v52299939","9.2","38.820","","","","3"
"2004-12","Ontario","2016A000235","Multiples","Units","300","thousands","3","v52299943","9.3","30.541","","","","3"
"2004-12","Ontario","2016A000235","Semi-detached units","Units","300","thousands","3","v52299940","9.4","4.391","","","","3"
"2004-12","Ontario","2016A000235","Row units","Units","300","thousands","3","v52299941","9.5","13.934","","","","3"
"2004-12","Ontario","2016A000235","Apartment and other unit types","Units","300","thousands","3","v52299942","9.6","12.216","","","","3"
"2004-12","Toronto, Ontario","2011S0503535","Total units","Units","300","thousands","3","v52299977","10.1","31.368","","","","3"
"2004-12","Toronto, Ontario","2011S0503535","Single-detached units","Units","300","thousands","3","v52299978","10.2","14.232","","","","3"
"2004-12","Toronto, Ontario","2011S0503535","Multiples","Units","300","thousands","3","v52299979","10.3","17.136","","","","3"
"2005-01","Ontario","2016A000235","Total units","Units","300","thousands","3","v52299938","9.1","54.006","","","","3"
"2005-01","Ontario","2016A000235","Single-detached units","Units","300","thousands","3","v52299939","9.2","34.969","","","","3"
"2005-01","Ontario","2016A000235","Multiples","Units","300","thousands","3","v52299943","9.3","19.037","","","","3"
"2005-01","Ontario","2016A000235","Semi-detached units","Units","300","thousands","3","v52299940","9.4","4.268","","","","3"
"2005-01","Ontario","2016A000235","Row units","Units","300","thousands","3","v52299941","9.5","8.889","","","","3"
"2005-01","Ontario","2016A000235","Apartment and other unit types","Units","300","thousands","3","v52299942","9.6","5.880","","","","3"
"2005-01","Toronto, Ontario","2011S0503535","Total units","Units","300","thousands","3","v52299977","10.1","24.623","","","","3"
"2005-01","Toronto, Ontario","2011S0503535","Single-detached units","Units","300","thousands","3","v52299978","10.2","15.083","","","","3"
"2005-01","Toronto, Ontario","2011S0503535","Multiples","Units","300","thousands","3","v52299979","10.3","9.540","","","","3"
"2005-02","Ontario","2016A000235","Total units","Units","300","thousands","3","v52299938","9.1","67.135","","","","3"
"2005-02","Ontario","2016A000235","Single-detached units","Units","300","thousands","3","v52299939","9.2","34.955","","","","3"
"2005-02","Ontario","2016A000235","Multiples","Units","300","thousands","3","v52299943","9.3","32.180","","","","3"
"2005-02","Ontario","2016A000235","Semi-detached units","Units","300","thousands","3","v52299940","9.4","4.984","","","","3"
"2005-02","Ontario","2016A000235","Row units","Units","300","thousands","3","v52299941","9.5","16.228","","","","3"
"2005-02","Ontario","2016A000235","Apartment and other unit types","Units","300","thousands","3","v52299942","9.6","10.968","","","","3"
"2005-02","Toronto, Ontario","2011S0503535","Total units","Units","300","thousands","3","v52299977","10.1","32.827","","","","3"
"2005-02","Toronto, Ontario","2011S0503535","Single-detached units","Units","300","thousands","3","v52299978","10.2","14.479","","","","3"
"2005-02","Toronto, Ontario","2011S0503535","Multiples","Units","300","thousands","3","v52299979","10.3","18.348","","","","3"
"2005-03","Ontario","2016A000235","Total units","Units","300","thousands","3","v52299938","9.1","75.732","","","","3"
"2005-03","Ontario","2016A000235","Single-detached units","Units","300","thousands","3","v52299939","9.2","36.735","","","","3"
"2005-03","Ontario","2016A000235","Multiples","Units","300","thousands","3","v52299943","9.3","38.997","","","","3"
"2005-03","Ontario","2016A000235","Semi-detached units","Units","300","thousands","3","v52299940","9.4","2.577","","","","3"
"2005-03","Ontario","2016A000235","Row units","Units","300","thousands","3","v52299941","9.5","13.764","","","","3"
"2005-03","Ontario","2016A000235","Apartment and other unit types","Units","300","thousands","3","v52299942","9.6","22.656","","","","3"
"2005-03","Toronto, Ontario","2011S0503535","Total units","Units","300","thousands","3","v52299977","10.1","40.314","","","","3"
"2005-03","Toronto, Ontario","2011S0503535","Single-detached units","Units","300","thousands","3","v52299978","10.2","15.822","","","","3"
"2005-03","Toronto, Ontario","2011S0503535","Multiples","Units","300","thousands","3","v52299979","10.3","24.492","","","","3"
"2005-04","Ontario","2016A000235","Total units","Units","300","thousands","3","v52299938","9.1","85.026","","","","3"
"2005-04","Ontario","2016A000235","Single-detached units","Units","300","thousands","3","v52299939","9.2","43.589","","","","3"
"2005-04","Ontario","2016A000235","Multiples","Units","300","thousands","3","v52299943","9.3","41.437","","","","3"
"2005-04","Ontario","2016A000235","Semi-detached units","Units","300","thousands","3","v52299940","9.4","6.880","","","","3"
"2005-04","Ontario","2016A000235","Row units","Units","300","thousands","3","v52299941","9.5","9.837","","","","3"
"2005-04","Ontario","2016A000235","Apartment and other unit types","Units","300","thousands","3","v52299942","9.6","24.720","","","","3"
"2005-04","Toronto, Ontario","2011S0503535","Total units","Units","300","thousands","3","v52299977","10.1","53.590","","","","3"
"2005-04","Toronto, Ontario","2011S0503535","Single-detached units","Units","300","thousands","3","v52299978","10.2","22.474","","","","3"
"2005-04","Toronto, Ontario","2011S0503535","Multiples","Units","300","thousands","3","v52299979","10.3","31.116","","","","3"
"2005-05","Ontario","2016A000235","Total units","Units","300","thousands","3","v52299938","9.1","64.705","","","","3"
"2005-05","Ontario","2016A000235","Single-detached units","Units","300","thousands","3","v52299939","9.2","39.925","","","","3"
"2005-05","Ontario","2016A000235","Multiples","Units","300","thousands","3","v52299943","9.3","24.780","","","","3"
"2005-05","Ontario","2016A000235","Semi-detached units","Units","300","thousands","3","v52299940","9.4","4.231","","","","3"
"2005-05","Ontario","2016A000235","Row units","Units","300","thousands","3","v52299941","9.5","10.925","","","","3"
"2005-05","Ontario","2016A000235","Apartment and other unit types","Units","300","thousands","3","v52299942","9.6","9.624","","","","3"
"2005-05","Toronto, Ontario","2011S0503535","Total units","Units","300","thousands","3","v52299977","10.1","35.631","","","","3"
"2005-05","Toronto, Ontario","2011S0503535","Single-detached units","Units","300","thousands","3","v52299978","10.2","16.851","","","","3"
"2005-05","Toronto, Ontario","2011S0503535","Multiples","Units","300","thousands","3","v52299979","10.3","18.780","","","","3"
"2005-06","Ontario","2016A000235","Total units","Units","300","thousands","3","v52299938","9.1","94.046","","","","3"
"2005-06","Ontario","2016A000235","Single-detached units","Units","300","thousands","3","v52299939","9.2","39.442","","","","3"
"2005-06","Ontario","2016A000235","Multiples","Units","300","thousands","3","v52299943","9.3","54.604","","","","3"
"2005-06","Ontario","2016A000235","Semi-detached units","Units","300","thousands","3","v52299940","9.4","4.549","","","","3"
"2005-06","Ontario","2016A000235","Row units","Units","300","thousands","3","v52299941","9.5","15.147","","","","3"
"2005-06","Ontario","2016A000235","Apartment and other unit types","Units","300","thousands","3","v52299942","9.6","34.908","","","","3"
"2005-06","Toronto, Ontario","2011S0503535","Total units","Units","300","thousands","3","v52299977","10.1","59.537","","","","3"
"2005-06","Toronto, Ontario","2011S0503535","Single-detached units","Units","300","thousands","3","v52299978","10.2","16.445","","","","3"
"2005-06","Toronto, Ontario","2011S0503535","Multiples","Units","300","thousands","3","v52299979","10.3","43.092","","","","3"
"2005-07","Ontario","2016A000235","Total units","Units","300","thousands","3","v52299938","9.1","95.265","","","","3"
"2005-07","Ontario","2016A000235","Single-detached units","Units","300","thousands","3","v52299939","9.2","34.488","","","","3"
"2005-07","Ontario","2016A000235","Multiples","Units","300","thousands","3","v52299943","9.3","60.777","","","","3"
"2005-07","Ontario","2016A000235","Semi-detached units","Units","300","thousands","3","v52299940","9.4","4.522","","","","3"
"2005-07","Ontario","2016A000235","Row units","Units","300","thousands","3","v52299941","9.5","14.255","","","","3"
"2005-07","Ontario","2016A000235","Apartment and other unit types","Units","300","thousands","3","v52299942","9.6","42.000","","","","3"
"2005-07","Toronto, Ontario","2011S0503535","Total units","Units","300","thousands","3","v52299977","10.1","68.670","","","","3"
"2005-07","Toronto, Ontario","2011S0503535","Single-detached units","Units","300","thousands","3","v52299978","10.2","14.202","","","","3"
"2005-07","Toronto, Ontario","2011S0503535","Multiples","Units","300","thousands","3","v52299979","10.3","54.468","","","","3"
"2005-08","Ontario","2016A000235","Total units","Units","300","thousands","3","v52299938","9.1","62.842","","","","3"
"2005-08","Ontario","2016A000235","Single-detached units","Units","300","thousands","3","v52299939","9.2","34.069","","","","3"
"2005-08","Ontario","2016A000235","Multiples","Units","300","thousands","3","v52299943","9.3","28.773","","","","3"
"2005-08","Ontario","2016A000235","Semi-detached units","Units","300","thousands","3","v52299940","9.4","3.800","","","","3"
"2005-08","Ontario","2016A000235","Row units","Units","300","thousands","3","v52299941","9.5","13.189","","","","3"
"2005-08","Ontario","2016A000235","Apartment and other unit types","Units","300","thousands","3","v52299942","9.6","11.784","","","","3"
"2005-08","Toronto, Ontario","2011S0503535","Total units","Units","300","thousands","3","v52299977","10.1","33.655","","","","3"
"2005-08","Toronto, Ontario","2011S0503535","Single-detached units","Units","300","thousands","3","v52299978","10.2","13.939","","","","3"
"2005-08","Toronto, Ontario","2011S0503535","Multiples","Units","300","thousands","3","v52299979","10.3","19.716","","","","3"
"2005-09","Ontario","2016A000235","Total units","Units","300","thousands","3","v52299938","9.1","64.823","","","","3"
"2005-09","Ontario","2016A000235","Single-detached units","Units","300","thousands","3","v52299939","9.2","35.976","","","","3"
"2005-09","Ontario","2016A000235","Multiples","Units","300","thousands","3","v52299943","9.3","28.847","","","","3"
"2005-09","Ontario","2016A000235","Semi-detached units","Units","300","thousands","3","v52299940","9.4","7.529","","","","3"
"2005-09","Ontario","2016A000235","Row units","Units","300","thousands","3","v52299941","9.5","10.266","","","","3"
"2005-09","Ontario","2016A000235","Apartment and other unit types","Units","300","thousands","3","v52299942","9.6","11.052","","","","3"
"2005-09","Toronto, Ontario","2011S0503535","Total units","Units","300","thousands","3","v52299977","10.1","34.081","","","","3"
"2005-09","Toronto, Ontario","2011S0503535","Single-detached units","Units","300","thousands","3","v52299978","10.2","15.829","","","","3"
"2005-09","Toronto, Ontario","2011S0503535","Multiples","Units","300","thousands","3","v52299979","10.3","18.252","","","","3"
"2005-10","Ontario","2016A000235","Total units","Units","300","thousands","3","v52299938","9.1","58.765","","","","3"
"2005-10","Ontario","2016A000235","Single-detached units","Units","300","thousands","3","v52299939","9.2","32.495","","","","3"
"2005-10","Ontario","2016A000235","Multiples","Units","300","thousands","3","v52299943","9.3","26.270","","","","3"
"2005-10","Ontario","2016A000235","Semi-detached units","Units","300","thousands","3","v52299940","9.4","3.851","","","","3"
"2005-10","Ontario","2016A000235","Row units","Units","300","thousands","3","v52299941","9.5","10.635","","","","3"
"2005-10","Ontario","2016A000235","Apartment and other unit types","Units","300","thousands","3","v52299942","9.6","11.784","","","","3"
"2005-10","Toronto, Ontario","2011S0503535","Total units","Units","300","thousands","3","v52299977","10.1","25.697","","","","3"
"2005-10","Toronto, Ontario","2011S0503535","Single-detached units","Units","300","thousands","3","v52299978","10.2","13.781","","","","3"
"2005-10","Toronto, Ontario","2011S0503535","Multiples","Units","300","thousands","3","v52299979","10.3","11.916","","","","3"
"2005-11","Ontario","2016A000235","Total units","Units","300","thousands","3","v52299938","9.1","78.664","","","","3"
"2005-11","Ontario","2016A000235","Single-detached units","Units","300","thousands","3","v52299939","9.2","34.186","","","","3"
"2005-11","Ontario","2016A000235","Multiples","Units","300","thousands","3","v52299943","9.3","44.478","","","","3"
"2005-11","Ontario","2016A000235","Semi-detached units","Units","300","thousands","3","v52299940","9.4","3.457","","","","3"
"2005-11","Ontario","2016A000235","Row units","Units","300","thousands","3","v52299941","9.5","14.285","","","","3"
"2005-11","Ontario","2016A000235","Apartment and other unit types","Units","300","thousands","3","v52299942","9.6","26.736","","","","3"
"2005-11","Toronto, Ontario","2011S0503535","Total units","Units","300","thousands","3","v52299977","10.1","49.071","","","","3"
"2005-11","Toronto, Ontario","2011S0503535","Single-detached units","Units","300","thousands","3","v52299978","10.2","13.659","","","","3"
"2005-11","Toronto, Ontario","2011S0503535","Multiples","Units","300","thousands","3","v52299979","10.3","35.412","","","","3"
"2005-12","Ontario","2016A000235","Total units","Units","300","thousands","3","v52299938","9.1","74.716","","","","3"
"2005-12","Ontario","2016A000235","Single-detached units","Units","300","thousands","3","v52299939","9.2","38.052","","","","3"
"2005-12","Ontario","2016A000235","Multiples","Units","300","thousands","3","v52299943","9.3","36.664","","","","3"
"2005-12","Ontario","2016A000235","Semi-detached units","Units","300","thousands","3","v52299940","9.4","4.272","","","","3"
"2005-12","Ontario","2016A000235","Row units","Units","300","thousands","3","v52299941","9.5","9.976","","","","3"
"2005-12","Ontario","2016A000235","Apartment and other unit types","Units","300","thousands","3","v52299942","9.6","22.416","","","","3"
"2005-12","Toronto, Ontario","2011S0503535","Total units","Units","300","thousands","3","v52299977","10.1","41.278","","","","3"
"2005-12","Toronto, Ontario","2011S0503535","Single-detached units","Units","300","thousands","3","v52299978","10.2","16.822","","","","3"
"2005-12","Toronto, Ontario","2011S0503535","Multiples","Units","300","thousands","3","v52299979","10.3","24.456","","","","3"
"2006-01","Ontario","2016A000235","Total units","Units","300","thousands","3","v52299938","9.1","71.041","","","","3"
"2006-01","Ontario","2016A000235","Single-detached units","Units","300","thousands","3","v52299939","9.2","39.515","","","","3"
"2006-01","Ontario","2016A000235","Multiples","Units","300","thousands","3","v52299943","9.3","31.526","","","","3"
"2006-01","Ontario","2016A000235","Semi-detached units","Units","300","thousands","3","v52299940","9.4","4.440","","","","3"
"2006-01","Ontario","2016A000235","Row units","Units","300","thousands","3","v52299941","9.5","13.202","","","","3"
"2006-01","Ontario","2016A000235","Apartment and other unit types","Units","300","thousands","3","v52299942","9.6","13.884","","","","3"
"2006-01","Toronto, Ontario","2011S0503535","Total units","Units","300","thousands","3","v52299977","10.1","36.109","","","","3"
"2006-01","Toronto, Ontario","2011S0503535","Single-detached units","Units","300","thousands","3","v52299978","10.2","15.661","","","","3"
"2006-01","Toronto, Ontario","2011S0503535","Multiples","Units","300","thousands","3","v52299979","10.3","20.448","","","","3"
"2006-02","Ontario","2016A000235","Total units","Units","300","thousands","3","v52299938","9.1","69.910","","","","3"
"2006-02","Ontario","2016A000235","Single-detached units","Units","300","thousands","3","v52299939","9.2","40.899","","","","3"
"2006-02","Ontario","2016A000235","Multiples","Units","300","thousands","3","v52299943","9.3","29.011","","","","3"
"2006-02","Ontario","2016A000235","Semi-detached units","Units","300","thousands","3","v52299940","9.4","4.902","","","","3"
"2006-02","Ontario","2016A000235","Row units","Units","300","thousands","3","v52299941","9.5","13.069","","","","3"
"2006-02","Ontario","2016A000235","Apartment and other unit types","Units","300","thousands","3","v52299942","9.6","11.040","","","","3"
"2006-02","Toronto, Ontario","2011S0503535","Total units","Units","300","thousands","3","v52299977","10.1","24.036","","","","3"
"2006-02","Toronto, Ontario","2011S0503535","Single-detached units","Units","300","thousands","3","v52299978","10.2","15.660","","","","3"
"2006-02","Toronto, Ontario","2011S0503535","Multiples","Units","300","thousands","3","v52299979","10.3","8.376","","","","3"
"2006-03","Ontario","2016A000235","Total units","Units","300","thousands","3","v52299938","9.1","72.567","","","","3"
"2006-03","Ontario","2016A000235","Single-detached units","Units","300","thousands","3","v52299939","9.2","35.212","","","","3"
"2006-03","Ontario","2016A000235","Multiples","Units","300","thousands","3","v52299943","9.3","37.355","","","","3"
"2006-03","Ontario","2016A000235","Semi-detached units","Units","300","thousands","3","v52299940","9.4","4.214","","","","3"
"2006-03","Ontario","2016A000235","Row units","Units","300","thousands","3","v52299941","9.5","11.109","","","","3"
"2006-03","Ontario","2016A000235","Apartment and other unit types","Units","300","thousands","3","v52299942","9.6","22.032","","","","3"
"2006-03","Toronto, Ontario","2011S0503535","Total units","Units","300","thousands","3","v52299977","10.1","41.963","","","","3"
"2006-03","Toronto, Ontario","2011S0503535","Single-detached units","Units","300","thousands","3","v52299978","10.2","14.807","","","","3"
"2006-03","Toronto, Ontario","2011S0503535","Multiples","Units","300","thousands","3","v52299979","10.3","27.156","","","","3"
"2006-04","Ontario","2016A000235","Total units","Units","300","thousands","3","v52299938","9.1","69.073","","","","3"
"2006-04","Ontario","2016A000235","Single-detached units","Units","300","thousands","3","v52299939","9.2","32.330","","","","3"
"2006-04","Ontario","2016A000235","Multiples","Units","300","thousands","3","v52299943","9.3","36.743","","","","3"
"2006-04","Ontario","2016A000235","Semi-detached units","Units","300","thousands","3","v52299940","9.4","5.663","","","","3"
"2006-04","Ontario","2016A000235","Row units","Units","300","thousands","3","v52299941","9.5","11.100","","","","3"
"2006-04","Ontario","2016A000235","Apartment and other unit types","Units","300","thousands","3","v52299942","9.6","19.980","","","","3"
"2006-04","Toronto, Ontario","2011S0503535","Total units","Units","300","thousands","3","v52299977","10.1","39.348","","","","3"
"2006-04","Toronto, Ontario","2011S0503535","Single-detached units","Units","300","thousands","3","v52299978","10.2","13.116","","","","3"
"2006-04","Toronto, Ontario","2011S0503535","Multiples","Units","300","thousands","3","v52299979","10.3","26.232","","","","3"
"2006-05","Ontario","2016A000235","Total units","Units","300","thousands","3","v52299938","9.1","68.436","","","","3"
"2006-05","Ontario","2016A000235","Single-detached units","Units","300","thousands","3","v52299939","9.2","30.456","","","","3"
"2006-05","Ontario","2016A000235","Multiples","Units","300","thousands","3","v52299943","9.3","37.980","","","","3"
"2006-05","Ontario","2016A000235","Semi-detached units","Units","300","thousands","3","v52299940","9.4","4.407","","","","3"
"2006-05","Ontario","2016A000235","Row units","Units","300","thousands","3","v52299941","9.5","10.029","","","","3"
"2006-05","Ontario","2016A000235","Apartment and other unit types","Units","300","thousands","3","v52299942","9.6","23.544","","","","3"
"2006-05","Toronto, Ontario","2011S0503535","Total units","Units","300","thousands","3","v52299977","10.1","40.860","","","","3"
"2006-05","Toronto, Ontario","2011S0503535","Single-detached units","Units","300","thousands","3","v52299978","10.2","12.816","","","","3"
"2006-05","Toronto, Ontario","2011S0503535","Multiples","Units","300","thousands","3","v52299979","10.3","28.044","","","","3"
"2006-06","Ontario","2016A000235","Total units","Units","300","thousands","3","v52299938","9.1","78.518","","","","3"
"2006-06","Ontario","2016A000235","Single-detached units","Units","300","thousands","3","v52299939","9.2","34.125","","","","3"
"2006-06","Ontario","2016A000235","Multiples","Units","300","thousands","3","v52299943","9.3","44.393","","","","3"
"2006-06","Ontario","2016A000235","Semi-detached units","Units","300","thousands","3","v52299940","9.4","3.596","","","","3"
"2006-06","Ontario","2016A000235","Row units","Units","300","thousands","3","v52299941","9.5","11.337","","","","3"
"2006-06","Ontario","2016A000235","Apartment and other unit types","Units","300","thousands","3","v52299942","9.6","29.460","","","","3"
"2006-06","Toronto, Ontario","2011S0503535","Total units","Units","300","thousands","3","v52299977","10.1","51.421","","","","3"
"2006-06","Toronto, Ontario","2011S0503535","Single-detached units","Units","300","thousands","3","v52299978","10.2","14.569","","","","3"
"2006-06","Toronto, Ontario","2011S0503535","Multiples","Units","300","thousands","3","v52299979","10.3","36.852","","","","3"
"2006-07","Ontario","2016A000235","Total units","Units","300","thousands","3","v52299938","9.1","81.370","","","","3"
"2006-07","Ontario","2016A000235","Single-detached units","Units","300","thousands","3","v52299939","9.2","32.849","","","","3"
"2006-07","Ontario","2016A000235","Multiples","Units","300","thousands","3","v52299943","9.3","48.521","","","","3"
"2006-07","Ontario","2016A000235","Semi-detached units","Units","300","thousands","3","v52299940","9.4","3.238","","","","3"
"2006-07","Ontario","2016A000235","Row units","Units","300","thousands","3","v52299941","9.5","10.159","","","","3"
"2006-07","Ontario","2016A000235","Apartment and other unit types","Units","300","thousands","3","v52299942","9.6","35.124","","","","3"
"2006-07","Toronto, Ontario","2011S0503535","Total units","Units","300","thousands","3","v52299977","10.1","41.042","","","","3"
"2006-07","Toronto, Ontario","2011S0503535","Single-detached units","Units","300","thousands","3","v52299978","10.2","14.162","","","","3"
"2006-07","Toronto, Ontario","2011S0503535","Multiples","Units","300","thousands","3","v52299979","10.3","26.880","","","","3"
"2006-08","Ontario","2016A000235","Total units","Units","300","thousands","3","v52299938","9.1","62.067","","","","3"
"2006-08","Ontario","2016A000235","Single-detached units","Units","300","thousands","3","v52299939","9.2","31.618","","","","3"
"2006-08","Ontario","2016A000235","Multiples","Units","300","thousands","3","v52299943","9.3","30.449","","","","3"
"2006-08","Ontario","2016A000235","Semi-detached units","Units","300","thousands","3","v52299940","9.4","4.670","","","","3"
"2006-08","Ontario","2016A000235","Row units","Units","300","thousands","3","v52299941","9.5","8.403","","","","3"
"2006-08","Ontario","2016A000235","Apartment and other unit types","Units","300","thousands","3","v52299942","9.6","17.376","","","","3"
"2006-08","Toronto, Ontario","2011S0503535","Total units","Units","300","thousands","3","v52299977","10.1","34.910","","","","3"
"2006-08","Toronto, Ontario","2011S0503535","Single-detached units","Units","300","thousands","3","v52299978","10.2","13.610","","","","3"
"2006-08","Toronto, Ontario","2011S0503535","Multiples","Units","300","thousands","3","v52299979","10.3","21.300","","","","3"
"2006-09","Ontario","2016A000235","Total units","Units","300","thousands","3","v52299938","9.1","56.776","","","","3"
"2006-09","Ontario","2016A000235","Single-detached units","Units","300","thousands","3","v52299939","9.2","34.587","","","","3"
"2006-09","Ontario","2016A000235","Multiples","Units","300","thousands","3","v52299943","9.3","22.189","","","","3"
"2006-09","Ontario","2016A000235","Semi-detached units","Units","300","thousands","3","v52299940","9.4","3.333","","","","3"
"2006-09","Ontario","2016A000235","Row units","Units","300","thousands","3","v52299941","9.5","7.540","","","","3"
"2006-09","Ontario","2016A000235","Apartment and other unit types","Units","300","thousands","3","v52299942","9.6","11.316","","","","3"
"2006-09","Toronto, Ontario","2011S0503535","Total units","Units","300","thousands","3","v52299977","10.1","24.516","","","","3"
"2006-09","Toronto, Ontario","2011S0503535","Single-detached units","Units","300","thousands","3","v52299978","10.2","14.652","","","","3"
"2006-09","Toronto, Ontario","2011S0503535","Multiples","Units","300","thousands","3","v52299979","10.3","9.864","","","","3"
"2006-10","Ontario","2016A000235","Total units","Units","300","thousands","3","v52299938","9.1","69.454","","","","3"
"2006-10","Ontario","2016A000235","Single-detached units","Units","300","thousands","3","v52299939","9.2","33.677","","","","3"
"2006-10","Ontario","2016A000235","Multiples","Units","300","thousands","3","v52299943","9.3","35.777","","","","3"
"2006-10","Ontario","2016A000235","Semi-detached units","Units","300","thousands","3","v52299940","9.4","3.644","","","","3"
"2006-10","Ontario","2016A000235","Row units","Units","300","thousands","3","v52299941","9.5","9.009","","","","3"
"2006-10","Ontario","2016A000235","Apartment and other unit types","Units","300","thousands","3","v52299942","9.6","23.124","","","","3"
"2006-10","Toronto, Ontario","2011S0503535","Total units","Units","300","thousands","3","v52299977","10.1","42.198","","","","3"
"2006-10","Toronto, Ontario","2011S0503535","Single-detached units","Units","300","thousands","3","v52299978","10.2","14.262","","","","3"
"2006-10","Toronto, Ontario","2011S0503535","Multiples","Units","300","thousands","3","v52299979","10.3","27.936","","","","3"
"2006-11","Ontario","2016A000235","Total units","Units","300","thousands","3","v52299938","9.1","64.284","","","","3"
"2006-11","Ontario","2016A000235","Single-detached units","Units","300","thousands","3","v52299939","9.2","31.247","","","","3"
"2006-11","Ontario","2016A000235","Multiples","Units","300","thousands","3","v52299943","9.3","33.037","","","","3"
"2006-11","Ontario","2016A000235","Semi-detached units","Units","300","thousands","3","v52299940","9.4","4.091","","","","3"
"2006-11","Ontario","2016A000235","Row units","Units","300","thousands","3","v52299941","9.5","9.290","","","","3"
"2006-11","Ontario","2016A000235","Apartment and other unit types","Units","300","thousands","3","v52299942","9.6","19.656","","","","3"
"2006-11","Toronto, Ontario","2011S0503535","Total units","Units","300","thousands","3","v52299977","10.1","40.157","","","","3"
"2006-11","Toronto, Ontario","2011S0503535","Single-detached units","Units","300","thousands","3","v52299978","10.2","14.609","","","","3"
"2006-11","Toronto, Ontario","2011S0503535","Multiples","Units","300","thousands","3","v52299979","10.3","25.548","","","","3"
"2006-12","Ontario","2016A000235","Total units","Units","300","thousands","3","v52299938","9.1","58.567","","","","3"
"2006-12","Ontario","2016A000235","Single-detached units","Units","300","thousands","3","v52299939","9.2","30.095","","","","3"
"2006-12","Ontario","2016A000235","Multiples","Units","300","thousands","3","v52299943","9.3","28.472","","","","3"
"2006-12","Ontario","2016A000235","Semi-detached units","Units","300","thousands","3","v52299940","9.4","4.516","","","","3"
"2006-12","Ontario","2016A000235","Row units","Units","300","thousands","3","v52299941","9.5","13.576","","","","3"
"2006-12","Ontario","2016A000235","Apartment and other unit types","Units","300","thousands","3","v52299942","9.6","10.380","","","","3"
"2006-12","Toronto, Ontario","2011S0503535","Total units","Units","300","thousands","3","v52299977","10.1","29.653","","","","3"
"2006-12","Toronto, Ontario","2011S0503535","Single-detached units","Units","300","thousands","3","v52299978","10.2","12.769","","","","3"
"2006-12","Toronto, Ontario","2011S0503535","Multiples","Units","300","thousands","3","v52299979","10.3","16.884","","","","3"
"2007-01","Ontario","2016A000235","Total units","Units","300","thousands","3","v52299938","9.1","68.503","","","","3"
"2007-01","Ontario","2016A000235","Single-detached units","Units","300","thousands","3","v52299939","9.2","36.154","","","","3"
"2007-01","Ontario","2016A000235","Multiples","Units","300","thousands","3","v52299943","9.3","32.349","","","","3"
"2007-01","Ontario","2016A000235","Semi-detached units","Units","300","thousands","3","v52299940","9.4","5.850","","","","3"
"2007-01","Ontario","2016A000235","Row units","Units","300","thousands","3","v52299941","9.5","12.195","","","","3"
"2007-01","Ontario","2016A000235","Apartment and other unit types","Units","300","thousands","3","v52299942","9.6","14.304","","","","3"
"2007-01","Toronto, Ontario","2011S0503535","Total units","Units","300","thousands","3","v52299977","10.1","33.853","","","","3"
"2007-01","Toronto, Ontario","2011S0503535","Single-detached units","Units","300","thousands","3","v52299978","10.2","18.193","","","","3"
"2007-01","Toronto, Ontario","2011S0503535","Multiples","Units","300","thousands","3","v52299979","10.3","15.660","","","","3"
"2007-02","Ontario","2016A000235","Total units","Units","300","thousands","3","v52299938","9.1","46.354","","","","3"
"2007-02","Ontario","2016A000235","Single-detached units","Units","300","thousands","3","v52299939","9.2","28.487","","","","3"
"2007-02","Ontario","2016A000235","Multiples","Units","300","thousands","3","v52299943","9.3","17.867","","","","3"
"2007-02","Ontario","2016A000235","Semi-detached units","Units","300","thousands","3","v52299940","9.4","3.060","","","","3"
"2007-02","Ontario","2016A000235","Row units","Units","300","thousands","3","v52299941","9.5","8.843","","","","3"
"2007-02","Ontario","2016A000235","Apartment and other unit types","Units","300","thousands","3","v52299942","9.6","5.964","","","","3"
"2007-02","Toronto, Ontario","2011S0503535","Total units","Units","300","thousands","3","v52299977","10.1","18.195","","","","3"
"2007-02","Toronto, Ontario","2011S0503535","Single-detached units","Units","300","thousands","3","v52299978","10.2","10.911","","","","3"
"2007-02","Toronto, Ontario","2011S0503535","Multiples","Units","300","thousands","3","v52299979","10.3","7.284","","","","3"
"2007-03","Ontario","2016A000235","Total units","Units","300","thousands","3","v52299938","9.1","51.398","","","","3"
"2007-03","Ontario","2016A000235","Single-detached units","Units","300","thousands","3","v52299939","9.2","29.622","","","","3"
"2007-03","Ontario","2016A000235","Multiples","Units","300","thousands","3","v52299943","9.3","21.776","","","","3"
"2007-03","Ontario","2016A000235","Semi-detached units","Units","300","thousands","3","v52299940","9.4","4.076","","","","3"
"2007-03","Ontario","2016A000235","Row units","Units","300","thousands","3","v52299941","9.5","8.748","","","","3"
"2007-03","Ontario","2016A000235","Apartment and other unit types","Units","300","thousands","3","v52299942","9.6","8.952","","","","3"
"2007-03","Toronto, Ontario","2011S0503535","Total units","Units","300","thousands","3","v52299977","10.1","27.025","","","","3"
"2007-03","Toronto, Ontario","2011S0503535","Single-detached units","Units","300","thousands","3","v52299978","10.2","12.745","","","","3"
"2007-03","Toronto, Ontario","2011S0503535","Multiples","Units","300","thousands","3","v52299979","10.3","14.280","","","","3"
"2007-04","Ontario","2016A000235","Total units","Units","300","thousands","3","v52299938","9.1","60.465","","","","3"
"2007-04","Ontario","2016A000235","Single-detached units","Units","300","thousands","3","v52299939","9.2","31.762","","","","3"
"2007-04","Ontario","2016A000235","Multiples","Units","300","thousands","3","v52299943","9.3","28.703","","","","3"
"2007-04","Ontario","2016A000235","Semi-detached units","Units","300","thousands","3","v52299940","9.4","3.956","","","","3"
"2007-04","Ontario","2016A000235","Row units","Units","300","thousands","3","v52299941","9.5","12.531","","","","3"
"2007-04","Ontario","2016A000235","Apartment and other unit types","Units","300","thousands","3","v52299942","9.6","12.216","","","","3"
"2007-04","Toronto, Ontario","2011S0503535","Total units","Units","300","thousands","3","v52299977","10.1","35.567","","","","3"
"2007-04","Toronto, Ontario","2011S0503535","Single-detached units","Units","300","thousands","3","v52299978","10.2","14.195","","","","3"
"2007-04","Toronto, Ontario","2011S0503535","Multiples","Units","300","thousands","3","v52299979","10.3","21.372","","","","3"
"2007-05","Ontario","2016A000235","Total units","Units","300","thousands","3","v52299938","9.1","69.449","","","","3"
"2007-05","Ontario","2016A000235","Single-detached units","Units","300","thousands","3","v52299939","9.2","31.703","","","","3"
"2007-05","Ontario","2016A000235","Multiples","Units","300","thousands","3","v52299943","9.3","37.746","","","","3"
"2007-05","Ontario","2016A000235","Semi-detached units","Units","300","thousands","3","v52299940","9.4","4.060","","","","3"
"2007-05","Ontario","2016A000235","Row units","Units","300","thousands","3","v52299941","9.5","14.918","","","","3"
"2007-05","Ontario","2016A000235","Apartment and other unit types","Units","300","thousands","3","v52299942","9.6","18.768","","","","3"
"2007-05","Toronto, Ontario","2011S0503535","Total units","Units","300","thousands","3","v52299977","10.1","39.515","","","","3"
"2007-05","Toronto, Ontario","2011S0503535","Single-detached units","Units","300","thousands","3","v52299978","10.2","13.415","","","","3"
"2007-05","Toronto, Ontario","2011S0503535","Multiples","Units","300","thousands","3","v52299979","10.3","26.100","","","","3"
"2007-06","Ontario","2016A000235","Total units","Units","300","thousands","3","v52299938","9.1","60.780","","","","3"
"2007-06","Ontario","2016A000235","Single-detached units","Units","300","thousands","3","v52299939","9.2","33.246","","","","3"
"2007-06","Ontario","2016A000235","Multiples","Units","300","thousands","3","v52299943","9.3","27.534","","","","3"
"2007-06","Ontario","2016A000235","Semi-detached units","Units","300","thousands","3","v52299940","9.4","4.421","","","","3"
"2007-06","Ontario","2016A000235","Row units","Units","300","thousands","3","v52299941","9.5","9.781","","","","3"
"2007-06","Ontario","2016A000235","Apartment and other unit types","Units","300","thousands","3","v52299942","9.6","13.332","","","","3"
"2007-06","Toronto, Ontario","2011S0503535","Total units","Units","300","thousands","3","v52299977","10.1","32.647","","","","3"
"2007-06","Toronto, Ontario","2011S0503535","Single-detached units","Units","300","thousands","3","v52299978","10.2","15.595","","","","3"
"2007-06","Toronto, Ontario","2011S0503535","Multiples","Units","300","thousands","3","v52299979","10.3","17.052","","","","3"
"2007-07","Ontario","2016A000235","Total units","Units","300","thousands","3","v52299938","9.1","66.781","","","","3"
"2007-07","Ontario","2016A000235","Single-detached units","Units","300","thousands","3","v52299939","9.2","34.961","","","","3"
"2007-07","Ontario","2016A000235","Multiples","Units","300","thousands","3","v52299943","9.3","31.820","","","","3"
"2007-07","Ontario","2016A000235","Semi-detached units","Units","300","thousands","3","v52299940","9.4","2.927","","","","3"
"2007-07","Ontario","2016A000235","Row units","Units","300","thousands","3","v52299941","9.5","11.325","","","","3"
"2007-07","Ontario","2016A000235","Apartment and other unit types","Units","300","thousands","3","v52299942","9.6","17.568","","","","3"
"2007-07","Toronto, Ontario","2011S0503535","Total units","Units","300","thousands","3","v52299977","10.1","36.473","","","","3"
"2007-07","Toronto, Ontario","2011S0503535","Single-detached units","Units","300","thousands","3","v52299978","10.2","17.321","","","","3"
"2007-07","Toronto, Ontario","2011S0503535","Multiples","Units","300","thousands","3","v52299979","10.3","19.152","","","","3"
"2007-08","Ontario","2016A000235","Total units","Units","300","thousands","3","v52299938","9.1","62.382","","","","3"
"2007-08","Ontario","2016A000235","Single-detached units","Units","300","thousands","3","v52299939","9.2","34.646","","","","3"
"2007-08","Ontario","2016A000235","Multiples","Units","300","thousands","3","v52299943","9.3","27.736","","","","3"
"2007-08","Ontario","2016A000235","Semi-detached units","Units","300","thousands","3","v52299940","9.4","4.042","","","","3"
"2007-08","Ontario","2016A000235","Row units","Units","300","thousands","3","v52299941","9.5","9.438","","","","3"
"2007-08","Ontario","2016A000235","Apartment and other unit types","Units","300","thousands","3","v52299942","9.6","14.256","","","","3"
"2007-08","Toronto, Ontario","2011S0503535","Total units","Units","300","thousands","3","v52299977","10.1","33.094","","","","3"
"2007-08","Toronto, Ontario","2011S0503535","Single-detached units","Units","300","thousands","3","v52299978","10.2","14.566","","","","3"
"2007-08","Toronto, Ontario","2011S0503535","Multiples","Units","300","thousands","3","v52299979","10.3","18.528","","","","3"
"2007-09","Ontario","2016A000235","Total units","Units","300","thousands","3","v52299938","9.1","76.405","","","","3"
"2007-09","Ontario","2016A000235","Single-detached units","Units","300","thousands","3","v52299939","9.2","33.580","","","","3"
"2007-09","Ontario","2016A000235","Multiples","Units","300","thousands","3","v52299943","9.3","42.825","","","","3"
"2007-09","Ontario","2016A000235","Semi-detached units","Units","300","thousands","3","v52299940","9.4","4.237","","","","3"
"2007-09","Ontario","2016A000235","Row units","Units","300","thousands","3","v52299941","9.5","10.640","","","","3"
"2007-09","Ontario","2016A000235","Apartment and other unit types","Units","300","thousands","3","v52299942","9.6","27.948","","","","3"
"2007-09","Toronto, Ontario","2011S0503535","Total units","Units","300","thousands","3","v52299977","10.1","42.483","","","","3"
"2007-09","Toronto, Ontario","2011S0503535","Single-detached units","Units","300","thousands","3","v52299978","10.2","14.115","","","","3"
"2007-09","Toronto, Ontario","2011S0503535","Multiples","Units","300","thousands","3","v52299979","10.3","28.368","","","","3"
"2007-10","Ontario","2016A000235","Total units","Units","300","thousands","3","v52299938","9.1","67.414","","","","3"
"2007-10","Ontario","2016A000235","Single-detached units","Units","300","thousands","3","v52299939","9.2","32.184","","","","3"
"2007-10","Ontario","2016A000235","Multiples","Units","300","thousands","3","v52299943","9.3","35.230","","","","3"
"2007-10","Ontario","2016A000235","Semi-detached units","Units","300","thousands","3","v52299940","9.4","4.524","","","","3"
"2007-10","Ontario","2016A000235","Row units","Units","300","thousands","3","v52299941","9.5","8.854","","","","3"
"2007-10","Ontario","2016A000235","Apartment and other unit types","Units","300","thousands","3","v52299942","9.6","21.852","","","","3"
"2007-10","Toronto, Ontario","2011S0503535","Total units","Units","300","thousands","3","v52299977","10.1","37.697","","","","3"
"2007-10","Toronto, Ontario","2011S0503535","Single-detached units","Units","300","thousands","3","v52299978","10.2","13.709","","","","3"
"2007-10","Toronto, Ontario","2011S0503535","Multiples","Units","300","thousands","3","v52299979","10.3","23.988","","","","3"
"2007-11","Ontario","2016A000235","Total units","Units","300","thousands","3","v52299938","9.1","73.674","","","","3"
"2007-11","Ontario","2016A000235","Single-detached units","Units","300","thousands","3","v52299939","9.2","41.345","","","","3"
"2007-11","Ontario","2016A000235","Multiples","Units","300","thousands","3","v52299943","9.3","32.329","","","","3"
"2007-11","Ontario","2016A000235","Semi-detached units","Units","300","thousands","3","v52299940","9.4","3.755","","","","3"
"2007-11","Ontario","2016A000235","Row units","Units","300","thousands","3","v52299941","9.5","11.030","","","","3"
"2007-11","Ontario","2016A000235","Apartment and other unit types","Units","300","thousands","3","v52299942","9.6","17.544","","","","3"
"2007-11","Toronto, Ontario","2011S0503535","Total units","Units","300","thousands","3","v52299977","10.1","44.789","","","","3"
"2007-11","Toronto, Ontario","2011S0503535","Single-detached units","Units","300","thousands","3","v52299978","10.2","20.189","","","","3"
"2007-11","Toronto, Ontario","2011S0503535","Multiples","Units","300","thousands","3","v52299979","10.3","24.600","","","","3"
"2007-12","Ontario","2016A000235","Total units","Units","300","thousands","3","v52299938","9.1","44.193","","","","3"
"2007-12","Ontario","2016A000235","Single-detached units","Units","300","thousands","3","v52299939","9.2","28.827","","","","3"
"2007-12","Ontario","2016A000235","Multiples","Units","300","thousands","3","v52299943","9.3","15.366","","","","3"
"2007-12","Ontario","2016A000235","Semi-detached units","Units","300","thousands","3","v52299940","9.4","2.628","","","","3"
"2007-12","Ontario","2016A000235","Row units","Units","300","thousands","3","v52299941","9.5","9.402","","","","3"
"2007-12","Ontario","2016A000235","Apartment and other unit types","Units","300","thousands","3","v52299942","9.6","3.336","","","","3"
"2007-12","Toronto, Ontario","2011S0503535","Total units","Units","300","thousands","3","v52299977","10.1","16.563","","","","3"
"2007-12","Toronto, Ontario","2011S0503535","Single-detached units","Units","300","thousands","3","v52299978","10.2","10.659","","","","3"
"2007-12","Toronto, Ontario","2011S0503535","Multiples","Units","300","thousands","3","v52299979","10.3","5.904","","","","3"
"2008-01","Ontario","2016A000235","Total units","Units","300","thousands","3","v52299938","9.1","62.870","","","","3"
"2008-01","Ontario","2016A000235","Single-detached units","Units","300","thousands","3","v52299939","9.2","32.009","","","","3"
"2008-01","Ontario","2016A000235","Multiples","Units","300","thousands","3","v52299943","9.3","30.861","","","","3"
"2008-01","Ontario","2016A000235","Semi-detached units","Units","300","thousands","3","v52299940","9.4","2.548","","","","3"
"2008-01","Ontario","2016A000235","Row units","Units","300","thousands","3","v52299941","9.5","10.853","","","","3"
"2008-01","Ontario","2016A000235","Apartment and other unit types","Units","300","thousands","3","v52299942","9.6","17.460","","","","3"
"2008-01","Toronto, Ontario","2011S0503535","Total units","Units","300","thousands","3","v52299977","10.1","33.784","","","","3"
"2008-01","Toronto, Ontario","2011S0503535","Single-detached units","Units","300","thousands","3","v52299978","10.2","13.588","","","","3"
"2008-01","Toronto, Ontario","2011S0503535","Multiples","Units","300","thousands","3","v52299979","10.3","20.196","","","","3"
"2008-02","Ontario","2016A000235","Total units","Units","300","thousands","3","v52299938","9.1","70.366","","","","3"
"2008-02","Ontario","2016A000235","Single-detached units","Units","300","thousands","3","v52299939","9.2","34.317","","","","3"
"2008-02","Ontario","2016A000235","Multiples","Units","300","thousands","3","v52299943","9.3","36.049","","","","3"
"2008-02","Ontario","2016A000235","Semi-detached units","Units","300","thousands","3","v52299940","9.4","2.454","","","","3"
"2008-02","Ontario","2016A000235","Row units","Units","300","thousands","3","v52299941","9.5","7.363","","","","3"
"2008-02","Ontario","2016A000235","Apartment and other unit types","Units","300","thousands","3","v52299942","9.6","26.232","","","","3"
"2008-02","Toronto, Ontario","2011S0503535","Total units","Units","300","thousands","3","v52299977","10.1","39.395","","","","3"
"2008-02","Toronto, Ontario","2011S0503535","Single-detached units","Units","300","thousands","3","v52299978","10.2","13.955","","","","3"
"2008-02","Toronto, Ontario","2011S0503535","Multiples","Units","300","thousands","3","v52299979","10.3","25.440","","","","3"
"2008-03","Ontario","2016A000235","Total units","Units","300","thousands","3","v52299938","9.1","76.371","","","","3"
"2008-03","Ontario","2016A000235","Single-detached units","Units","300","thousands","3","v52299939","9.2","31.273","","","","3"
"2008-03","Ontario","2016A000235","Multiples","Units","300","thousands","3","v52299943","9.3","45.098","","","","3"
"2008-03","Ontario","2016A000235","Semi-detached units","Units","300","thousands","3","v52299940","9.4","2.854","","","","3"
"2008-03","Ontario","2016A000235","Row units","Units","300","thousands","3","v52299941","9.5","11.524","","","","3"
"2008-03","Ontario","2016A000235","Apartment and other unit types","Units","300","thousands","3","v52299942","9.6","30.720","","","","3"
"2008-03","Toronto, Ontario","2011S0503535","Total units","Units","300","thousands","3","v52299977","10.1","46.037","","","","3"
"2008-03","Toronto, Ontario","2011S0503535","Single-detached units","Units","300","thousands","3","v52299978","10.2","14.417","","","","3"
"2008-03","Toronto, Ontario","2011S0503535","Multiples","Units","300","thousands","3","v52299979","10.3","31.620","","","","3"
"2008-04","Ontario","2016A000235","Total units","Units","300","thousands","3","v52299938","9.1","79.918","","","","3"
"2008-04","Ontario","2016A000235","Single-detached units","Units","300","thousands","3","v52299939","9.2","32.244","","","","3"
"2008-04","Ontario","2016A000235","Multiples","Units","300","thousands","3","v52299943","9.3","47.674","","","","3"
"2008-04","Ontario","2016A000235","Semi-detached units","Units","300","thousands","3","v52299940","9.4","2.827","","","","3"
"2008-04","Ontario","2016A000235","Row units","Units","300","thousands","3","v52299941","9.5","10.683","","","","3"
"2008-04","Ontario","2016A000235","Apartment and other unit types","Units","300","thousands","3","v52299942","9.6","34.164","","","","3"
"2008-04","Toronto, Ontario","2011S0503535","Total units","Units","300","thousands","3","v52299977","10.1","44.172","","","","3"
"2008-04","Toronto, Ontario","2011S0503535","Single-detached units","Units","300","thousands","3","v52299978","10.2","14.388","","","","3"
"2008-04","Toronto, Ontario","2011S0503535","Multiples","Units","300","thousands","3","v52299979","10.3","29.784","","","","3"
"2008-05","Ontario","2016A000235","Total units","Units","300","thousands","3","v52299938","9.1","69.922","","","","3"
"2008-05","Ontario","2016A000235","Single-detached units","Units","300","thousands","3","v52299939","9.2","33.073","","","","3"
"2008-05","Ontario","2016A000235","Multiples","Units","300","thousands","3","v52299943","9.3","36.849","","","","3"
"2008-05","Ontario","2016A000235","Semi-detached units","Units","300","thousands","3","v52299940","9.4","2.981","","","","3"
"2008-05","Ontario","2016A000235","Row units","Units","300","thousands","3","v52299941","9.5","11.968","","","","3"
"2008-05","Ontario","2016A000235","Apartment and other unit types","Units","300","thousands","3","v52299942","9.6","21.900","","","","3"
"2008-05","Toronto, Ontario","2011S0503535","Total units","Units","300","thousands","3","v52299977","10.1","39.492","","","","3"
"2008-05","Toronto, Ontario","2011S0503535","Single-detached units","Units","300","thousands","3","v52299978","10.2","13.524","","","","3"
"2008-05","Toronto, Ontario","2011S0503535","Multiples","Units","300","thousands","3","v52299979","10.3","25.968","","","","3"
"2008-06","Ontario","2016A000235","Total units","Units","300","thousands","3","v52299938","9.1","89.193","","","","3"
"2008-06","Ontario","2016A000235","Single-detached units","Units","300","thousands","3","v52299939","9.2","28.538","","","","3"
"2008-06","Ontario","2016A000235","Multiples","Units","300","thousands","3","v52299943","9.3","60.655","","","","3"
"2008-06","Ontario","2016A000235","Semi-detached units","Units","300","thousands","3","v52299940","9.4","3.882","","","","3"
"2008-06","Ontario","2016A000235","Row units","Units","300","thousands","3","v52299941","9.5","12.601","","","","3"
"2008-06","Ontario","2016A000235","Apartment and other unit types","Units","300","thousands","3","v52299942","9.6","44.172","","","","3"
"2008-06","Toronto, Ontario","2011S0503535","Total units","Units","300","thousands","3","v52299977","10.1","53.738","","","","3"
"2008-06","Toronto, Ontario","2011S0503535","Single-detached units","Units","300","thousands","3","v52299978","10.2","11.102","","","","3"
"2008-06","Toronto, Ontario","2011S0503535","Multiples","Units","300","thousands","3","v52299979","10.3","42.636","","","","3"
"2008-07","Ontario","2016A000235","Total units","Units","300","thousands","3","v52299938","9.1","52.808","","","","3"
"2008-07","Ontario","2016A000235","Single-detached units","Units","300","thousands","3","v52299939","9.2","28.604","","","","3"
"2008-07","Ontario","2016A000235","Multiples","Units","300","thousands","3","v52299943","9.3","24.204","","","","3"
"2008-07","Ontario","2016A000235","Semi-detached units","Units","300","thousands","3","v52299940","9.4","3.981","","","","3"
"2008-07","Ontario","2016A000235","Row units","Units","300","thousands","3","v52299941","9.5","11.259","","","","3"
"2008-07","Ontario","2016A000235","Apartment and other unit types","Units","300","thousands","3","v52299942","9.6","8.964","","","","3"
"2008-07","Toronto, Ontario","2011S0503535","Total units","Units","300","thousands","3","v52299977","10.1","24.665","","","","3"
"2008-07","Toronto, Ontario","2011S0503535","Single-detached units","Units","300","thousands","3","v52299978","10.2","10.325","","","","3"
"2008-07","Toronto, Ontario","2011S0503535","Multiples","Units","300","thousands","3","v52299979","10.3","14.340","","","","3"
"2008-08","Ontario","2016A000235","Total units","Units","300","thousands","3","v52299938","9.1","90.069","","","","3"
"2008-08","Ontario","2016A000235","Single-detached units","Units","300","thousands","3","v52299939","9.2","30.014","","","","3"
"2008-08","Ontario","2016A000235","Multiples","Units","300","thousands","3","v52299943","9.3","60.055","","","","3"
"2008-08","Ontario","2016A000235","Semi-detached units","Units","300","thousands","3","v52299940","9.4","3.310","","","","3"
"2008-08","Ontario","2016A000235","Row units","Units","300","thousands","3","v52299941","9.5","11.421","","","","3"
"2008-08","Ontario","2016A000235","Apartment and other unit types","Units","300","thousands","3","v52299942","9.6","45.324","","","","3"
"2008-08","Toronto, Ontario","2011S0503535","Total units","Units","300","thousands","3","v52299977","10.1","58.580","","","","3"
"2008-08","Toronto, Ontario","2011S0503535","Single-detached units","Units","300","thousands","3","v52299978","10.2","12.104","","","","3"
"2008-08","Toronto, Ontario","2011S0503535","Multiples","Units","300","thousands","3","v52299979","10.3","46.476","","","","3"
"2008-09","Ontario","2016A000235","Total units","Units","300","thousands","3","v52299938","9.1","84.426","","","","3"
"2008-09","Ontario","2016A000235","Single-detached units","Units","300","thousands","3","v52299939","9.2","24.284","","","","3"
"2008-09","Ontario","2016A000235","Multiples","Units","300","thousands","3","v52299943","9.3","60.142","","","","3"
"2008-09","Ontario","2016A000235","Semi-detached units","Units","300","thousands","3","v52299940","9.4","3.760","","","","3"
"2008-09","Ontario","2016A000235","Row units","Units","300","thousands","3","v52299941","9.5","12.294","","","","3"
"2008-09","Ontario","2016A000235","Apartment and other unit types","Units","300","thousands","3","v52299942","9.6","44.088","","","","3"
"2008-09","Toronto, Ontario","2011S0503535","Total units","Units","300","thousands","3","v52299977","10.1","54.848","","","","3"
"2008-09","Toronto, Ontario","2011S0503535","Single-detached units","Units","300","thousands","3","v52299978","10.2","9.344","","","","3"
"2008-09","Toronto, Ontario","2011S0503535","Multiples","Units","300","thousands","3","v52299979","10.3","45.504","","","","3"
"2008-10","Ontario","2016A000235","Total units","Units","300","thousands","3","v52299938","9.1","85.670","","","","3"
"2008-10","Ontario","2016A000235","Single-detached units","Units","300","thousands","3","v52299939","9.2","27.721","","","","3"
"2008-10","Ontario","2016A000235","Multiples","Units","300","thousands","3","v52299943","9.3","57.949","","","","3"
"2008-10","Ontario","2016A000235","Semi-detached units","Units","300","thousands","3","v52299940","9.4","2.829","","","","3"
"2008-10","Ontario","2016A000235","Row units","Units","300","thousands","3","v52299941","9.5","11.008","","","","3"
"2008-10","Ontario","2016A000235","Apartment and other unit types","Units","300","thousands","3","v52299942","9.6","44.112","","","","3"
"2008-10","Toronto, Ontario","2011S0503535","Total units","Units","300","thousands","3","v52299977","10.1","51.430","","","","3"
"2008-10","Toronto, Ontario","2011S0503535","Single-detached units","Units","300","thousands","3","v52299978","10.2","10.126","","","","3"
"2008-10","Toronto, Ontario","2011S0503535","Multiples","Units","300","thousands","3","v52299979","10.3","41.304","","","","3"
"2008-11","Ontario","2016A000235","Total units","Units","300","thousands","3","v52299938","9.1","53.442","","","","3"
"2008-11","Ontario","2016A000235","Single-detached units","Units","300","thousands","3","v52299939","9.2","21.387","","","","3"
"2008-11","Ontario","2016A000235","Multiples","Units","300","thousands","3","v52299943","9.3","32.055","","","","3"
"2008-11","Ontario","2016A000235","Semi-detached units","Units","300","thousands","3","v52299940","9.4","2.877","","","","3"
"2008-11","Ontario","2016A000235","Row units","Units","300","thousands","3","v52299941","9.5","7.398","","","","3"
"2008-11","Ontario","2016A000235","Apartment and other unit types","Units","300","thousands","3","v52299942","9.6","21.780","","","","3"
"2008-11","Toronto, Ontario","2011S0503535","Total units","Units","300","thousands","3","v52299977","10.1","33.335","","","","3"
"2008-11","Toronto, Ontario","2011S0503535","Single-detached units","Units","300","thousands","3","v52299978","10.2","7.691","","","","3"
"2008-11","Toronto, Ontario","2011S0503535","Multiples","Units","300","thousands","3","v52299979","10.3","25.644","","","","3"
"2008-12","Ontario","2016A000235","Total units","Units","300","thousands","3","v52299938","9.1","50.601","","","","3"
"2008-12","Ontario","2016A000235","Single-detached units","Units","300","thousands","3","v52299939","9.2","21.278","","","","3"
"2008-12","Ontario","2016A000235","Multiples","Units","300","thousands","3","v52299943","9.3","29.323","","","","3"
"2008-12","Ontario","2016A000235","Semi-detached units","Units","300","thousands","3","v52299940","9.4","3.653","","","","3"
"2008-12","Ontario","2016A000235","Row units","Units","300","thousands","3","v52299941","9.5","7.934","","","","3"
"2008-12","Ontario","2016A000235","Apartment and other unit types","Units","300","thousands","3","v52299942","9.6","17.736","","","","3"
"2008-12","Toronto, Ontario","2011S0503535","Total units","Units","300","thousands","3","v52299977","10.1","30.193","","","","3"
"2008-12","Toronto, Ontario","2011S0503535","Single-detached units","Units","300","thousands","3","v52299978","10.2","8.257","","","","3"
"2008-12","Toronto, Ontario","2011S0503535","Multiples","Units","300","thousands","3","v52299979","10.3","21.936","","","","3"
"2009-01","Ontario","2016A000235","Total units","Units","300","thousands","3","v52299938","9.1","41.135","","","","3"
"2009-01","Ontario","2016A000235","Single-detached units","Units","300","thousands","3","v52299939","9.2","16.825","","","","3"
"2009-01","Ontario","2016A000235","Multiples","Units","300","thousands","3","v52299943","9.3","24.310","","","","3"
"2009-01","Ontario","2016A000235","Semi-detached units","Units","300","thousands","3","v52299940","9.4","3.888","","","","3"
"2009-01","Ontario","2016A000235","Row units","Units","300","thousands","3","v52299941","9.5","6.034","","","","3"
"2009-01","Ontario","2016A000235","Apartment and other unit types","Units","300","thousands","3","v52299942","9.6","14.388","","","","3"
"2009-01","Toronto, Ontario","2011S0503535","Total units","Units","300","thousands","3","v52299977","10.1","19.608","","","","3"
"2009-01","Toronto, Ontario","2011S0503535","Single-detached units","Units","300","thousands","3","v52299978","10.2","6.348","","","","3"
"2009-01","Toronto, Ontario","2011S0503535","Multiples","Units","300","thousands","3","v52299979","10.3","13.260","","","","3"
"2009-02","Ontario","2016A000235","Total units","Units","300","thousands","3","v52299938","9.1","35.054","","","","3"
"2009-02","Ontario","2016A000235","Single-detached units","Units","300","thousands","3","v52299939","9.2","14.086","","","","3"
"2009-02","Ontario","2016A000235","Multiples","Units","300","thousands","3","v52299943","9.3","20.968","","","","3"
"2009-02","Ontario","2016A000235","Semi-detached units","Units","300","thousands","3","v52299940","9.4","1.348","","","","3"
"2009-02","Ontario","2016A000235","Row units","Units","300","thousands","3","v52299941","9.5","6.588","","","","3"
"2009-02","Ontario","2016A000235","Apartment and other unit types","Units","300","thousands","3","v52299942","9.6","13.032","","","","3"
"2009-02","Toronto, Ontario","2011S0503535","Total units","Units","300","thousands","3","v52299977","10.1","19.101","","","","3"
"2009-02","Toronto, Ontario","2011S0503535","Single-detached units","Units","300","thousands","3","v52299978","10.2","6.345","","","","3"
"2009-02","Toronto, Ontario","2011S0503535","Multiples","Units","300","thousands","3","v52299979","10.3","12.756","","","","3"
"2009-03","Ontario","2016A000235","Total units","Units","300","thousands","3","v52299938","9.1","57.177","","","","3"
"2009-03","Ontario","2016A000235","Single-detached units","Units","300","thousands","3","v52299939","9.2","14.456","","","","3"
"2009-03","Ontario","2016A000235","Multiples","Units","300","thousands","3","v52299943","9.3","42.721","","","","3"
"2009-03","Ontario","2016A000235","Semi-detached units","Units","300","thousands","3","v52299940","9.4","3.559","","","","3"
"2009-03","Ontario","2016A000235","Row units","Units","300","thousands","3","v52299941","9.5","6.774","","","","3"
"2009-03","Ontario","2016A000235","Apartment and other unit types","Units","300","thousands","3","v52299942","9.6","32.388","","","","3"
"2009-03","Toronto, Ontario","2011S0503535","Total units","Units","300","thousands","3","v52299977","10.1","36.839","","","","3"
"2009-03","Toronto, Ontario","2011S0503535","Single-detached units","Units","300","thousands","3","v52299978","10.2","5.423","","","","3"
"2009-03","Toronto, Ontario","2011S0503535","Multiples","Units","300","thousands","3","v52299979","10.3","31.416","","","","3"
"2009-04","Ontario","2016A000235","Total units","Units","300","thousands","3","v52299938","9.1","34.235","","","","3"
"2009-04","Ontario","2016A000235","Single-detached units","Units","300","thousands","3","v52299939","9.2","14.589","","","","3"
"2009-04","Ontario","2016A000235","Multiples","Units","300","thousands","3","v52299943","9.3","19.646","","","","3"
"2009-04","Ontario","2016A000235","Semi-detached units","Units","300","thousands","3","v52299940","9.4","2.480","","","","3"
"2009-04","Ontario","2016A000235","Row units","Units","300","thousands","3","v52299941","9.5","6.198","","","","3"
"2009-04","Ontario","2016A000235","Apartment and other unit types","Units","300","thousands","3","v52299942","9.6","10.968","","","","3"
"2009-04","Toronto, Ontario","2011S0503535","Total units","Units","300","thousands","3","v52299977","10.1","16.286","","","","3"
"2009-04","Toronto, Ontario","2011S0503535","Single-detached units","Units","300","thousands","3","v52299978","10.2","5.882","","","","3"
"2009-04","Toronto, Ontario","2011S0503535","Multiples","Units","300","thousands","3","v52299979","10.3","10.404","","","","3"
"2009-05","Ontario","2016A000235","Total units","Units","300","thousands","3","v52299938","9.1","40.551","","","","3"
"2009-05","Ontario","2016A000235","Single-detached units","Units","300","thousands","3","v52299939","9.2","16.906","","","","3"
"2009-05","Ontario","2016A000235","Multiples","Units","300","thousands","3","v52299943","9.3","23.645","","","","3"
"2009-05","Ontario","2016A000235","Semi-detached units","Units","300","thousands","3","v52299940","9.4","3.062","","","","3"
"2009-05","Ontario","2016A000235","Row units","Units","300","thousands","3","v52299941","9.5","6.099","","","","3"
"2009-05","Ontario","2016A000235","Apartment and other unit types","Units","300","thousands","3","v52299942","9.6","14.484","","","","3"
"2009-05","Toronto, Ontario","2011S0503535","Total units","Units","300","thousands","3","v52299977","10.1","22.299","","","","3"
"2009-05","Toronto, Ontario","2011S0503535","Single-detached units","Units","300","thousands","3","v52299978","10.2","7.311","","","","3"
"2009-05","Toronto, Ontario","2011S0503535","Multiples","Units","300","thousands","3","v52299979","10.3","14.988","","","","3"
"2009-06","Ontario","2016A000235","Total units","Units","300","thousands","3","v52299938","9.1","47.980","","","","3"
"2009-06","Ontario","2016A000235","Single-detached units","Units","300","thousands","3","v52299939","9.2","18.223","","","","3"
"2009-06","Ontario","2016A000235","Multiples","Units","300","thousands","3","v52299943","9.3","29.757","","","","3"
"2009-06","Ontario","2016A000235","Semi-detached units","Units","300","thousands","3","v52299940","9.4","2.546","","","","3"
"2009-06","Ontario","2016A000235","Row units","Units","300","thousands","3","v52299941","9.5","5.311","","","","3"
"2009-06","Ontario","2016A000235","Apartment and other unit types","Units","300","thousands","3","v52299942","9.6","21.900","","","","3"
"2009-06","Toronto, Ontario","2011S0503535","Total units","Units","300","thousands","3","v52299977","10.1","28.037","","","","3"
"2009-06","Toronto, Ontario","2011S0503535","Single-detached units","Units","300","thousands","3","v52299978","10.2","6.821","","","","3"
"2009-06","Toronto, Ontario","2011S0503535","Multiples","Units","300","thousands","3","v52299979","10.3","21.216","","","","3"
"2009-07","Ontario","2016A000235","Total units","Units","300","thousands","3","v52299938","9.1","39.400","","","","3"
"2009-07","Ontario","2016A000235","Single-detached units","Units","300","thousands","3","v52299939","9.2","18.898","","","","3"
"2009-07","Ontario","2016A000235","Multiples","Units","300","thousands","3","v52299943","9.3","20.502","","","","3"
"2009-07","Ontario","2016A000235","Semi-detached units","Units","300","thousands","3","v52299940","9.4","3.371","","","","3"
"2009-07","Ontario","2016A000235","Row units","Units","300","thousands","3","v52299941","9.5","5.839","","","","3"
"2009-07","Ontario","2016A000235","Apartment and other unit types","Units","300","thousands","3","v52299942","9.6","11.292","","","","3"
"2009-07","Toronto, Ontario","2011S0503535","Total units","Units","300","thousands","3","v52299977","10.1","19.959","","","","3"
"2009-07","Toronto, Ontario","2011S0503535","Single-detached units","Units","300","thousands","3","v52299978","10.2","7.443","","","","3"
"2009-07","Toronto, Ontario","2011S0503535","Multiples","Units","300","thousands","3","v52299979","10.3","12.516","","","","3"
"2009-08","Ontario","2016A000235","Total units","Units","300","thousands","3","v52299938","9.1","46.352","","","","3"
"2009-08","Ontario","2016A000235","Single-detached units","Units","300","thousands","3","v52299939","9.2","18.401","","","","3"
"2009-08","Ontario","2016A000235","Multiples","Units","300","thousands","3","v52299943","9.3","27.951","","","","3"
"2009-08","Ontario","2016A000235","Semi-detached units","Units","300","thousands","3","v52299940","9.4","2.059","","","","3"
"2009-08","Ontario","2016A000235","Row units","Units","300","thousands","3","v52299941","9.5","6.608","","","","3"
"2009-08","Ontario","2016A000235","Apartment and other unit types","Units","300","thousands","3","v52299942","9.6","19.284","","","","3"
"2009-08","Toronto, Ontario","2011S0503535","Total units","Units","300","thousands","3","v52299977","10.1","25.008","","","","3"
"2009-08","Toronto, Ontario","2011S0503535","Single-detached units","Units","300","thousands","3","v52299978","10.2","6.144","","","","3"
"2009-08","Toronto, Ontario","2011S0503535","Multiples","Units","300","thousands","3","v52299979","10.3","18.864","","","","3"
"2009-09","Ontario","2016A000235","Total units","Units","300","thousands","3","v52299938","9.1","55.527","","","","3"
"2009-09","Ontario","2016A000235","Single-detached units","Units","300","thousands","3","v52299939","9.2","25.133","","","","3"
"2009-09","Ontario","2016A000235","Multiples","Units","300","thousands","3","v52299943","9.3","30.394","","","","3"
"2009-09","Ontario","2016A000235","Semi-detached units","Units","300","thousands","3","v52299940","9.4","3.166","","","","3"
"2009-09","Ontario","2016A000235","Row units","Units","300","thousands","3","v52299941","9.5","7.668","","","","3"
"2009-09","Ontario","2016A000235","Apartment and other unit types","Units","300","thousands","3","v52299942","9.6","19.560","","","","3"
"2009-09","Toronto, Ontario","2011S0503535","Total units","Units","300","thousands","3","v52299977","10.1","33.898","","","","3"
"2009-09","Toronto, Ontario","2011S0503535","Single-detached units","Units","300","thousands","3","v52299978","10.2","10.534","","","","3"
"2009-09","Toronto, Ontario","2011S0503535","Multiples","Units","300","thousands","3","v52299979","10.3","23.364","","","","3"
"2009-10","Ontario","2016A000235","Total units","Units","300","thousands","3","v52299938","9.1","69.553","","","","3"
"2009-10","Ontario","2016A000235","Single-detached units","Units","300","thousands","3","v52299939","9.2","26.500","","","","3"
"2009-10","Ontario","2016A000235","Multiples","Units","300","thousands","3","v52299943","9.3","43.053","","","","3"
"2009-10","Ontario","2016A000235","Semi-detached units","Units","300","thousands","3","v52299940","9.4","2.826","","","","3"
"2009-10","Ontario","2016A000235","Row units","Units","300","thousands","3","v52299941","9.5","7.635","","","","3"
"2009-10","Ontario","2016A000235","Apartment and other unit types","Units","300","thousands","3","v52299942","9.6","32.592","","","","3"
"2009-10","Toronto, Ontario","2011S0503535","Total units","Units","300","thousands","3","v52299977","10.1","41.604","","","","3"
"2009-10","Toronto, Ontario","2011S0503535","Single-detached units","Units","300","thousands","3","v52299978","10.2","10.416","","","","3"
"2009-10","Toronto, Ontario","2011S0503535","Multiples","Units","300","thousands","3","v52299979","10.3","31.188","","","","3"
"2009-11","Ontario","2016A000235","Total units","Units","300","thousands","3","v52299938","9.1","51.018","","","","3"
"2009-11","Ontario","2016A000235","Single-detached units","Units","300","thousands","3","v52299939","9.2","26.091","","","","3"
"2009-11","Ontario","2016A000235","Multiples","Units","300","thousands","3","v52299943","9.3","24.927","","","","3"
"2009-11","Ontario","2016A000235","Semi-detached units","Units","300","thousands","3","v52299940","9.4","3.123","","","","3"
"2009-11","Ontario","2016A000235","Row units","Units","300","thousands","3","v52299941","9.5","9.456","","","","3"
"2009-11","Ontario","2016A000235","Apartment and other unit types","Units","300","thousands","3","v52299942","9.6","12.348","","","","3"
"2009-11","Toronto, Ontario","2011S0503535","Total units","Units","300","thousands","3","v52299977","10.1","26.371","","","","3"
"2009-11","Toronto, Ontario","2011S0503535","Single-detached units","Units","300","thousands","3","v52299978","10.2","10.495","","","","3"
"2009-11","Toronto, Ontario","2011S0503535","Multiples","Units","300","thousands","3","v52299979","10.3","15.876","","","","3"
"2009-12","Ontario","2016A000235","Total units","Units","300","thousands","3","v52299938","9.1","50.472","","","","3"
"2009-12","Ontario","2016A000235","Single-detached units","Units","300","thousands","3","v52299939","9.2","27.967","","","","3"
"2009-12","Ontario","2016A000235","Multiples","Units","300","thousands","3","v52299943","9.3","22.505","","","","3"
"2009-12","Ontario","2016A000235","Semi-detached units","Units","300","thousands","3","v52299940","9.4","2.925","","","","3"
"2009-12","Ontario","2016A000235","Row units","Units","300","thousands","3","v52299941","9.5","10.616","","","","3"
"2009-12","Ontario","2016A000235","Apartment and other unit types","Units","300","thousands","3","v52299942","9.6","8.964","","","","3"
"2009-12","Toronto, Ontario","2011S0503535","Total units","Units","300","thousands","3","v52299977","10.1","19.599","","","","3"
"2009-12","Toronto, Ontario","2011S0503535","Single-detached units","Units","300","thousands","3","v52299978","10.2","11.619","","","","3"
"2009-12","Toronto, Ontario","2011S0503535","Multiples","Units","300","thousands","3","v52299979","10.3","7.980","","","","3"
"2010-01","Ontario","2016A000235","Total units","Units","300","thousands","3","v52299938","9.1","51.617","","","","3"
"2010-01","Ontario","2016A000235","Single-detached units","Units","300","thousands","3","v52299939","9.2","31.493","","","","3"
"2010-01","Ontario","2016A000235","Multiples","Units","300","thousands","3","v52299943","9.3","20.124","","","","3"
"2010-01","Ontario","2016A000235","Semi-detached units","Units","300","thousands","3","v52299940","9.4","3.046","","","","3"
"2010-01","Ontario","2016A000235","Row units","Units","300","thousands","3","v52299941","9.5","8.678","","","","3"
"2010-01","Ontario","2016A000235","Apartment and other unit types","Units","300","thousands","3","v52299942","9.6","8.400","","","","3"
"2010-01","Toronto, Ontario","2011S0503535","Total units","Units","300","thousands","3","v52299977","10.1","19.047","","","","3"
"2010-01","Toronto, Ontario","2011S0503535","Single-detached units","Units","300","thousands","3","v52299978","10.2","12.951","","","","3"
"2010-01","Toronto, Ontario","2011S0503535","Multiples","Units","300","thousands","3","v52299979","10.3","6.096","","","","3"
"2010-02","Ontario","2016A000235","Total units","Units","300","thousands","3","v52299938","9.1","66.817","","","","3"
"2010-02","Ontario","2016A000235","Single-detached units","Units","300","thousands","3","v52299939","9.2","31.874","","","","3"
"2010-02","Ontario","2016A000235","Multiples","Units","300","thousands","3","v52299943","9.3","34.943","","","","3"
"2010-02","Ontario","2016A000235","Semi-detached units","Units","300","thousands","3","v52299940","9.4","2.960","","","","3"
"2010-02","Ontario","2016A000235","Row units","Units","300","thousands","3","v52299941","9.5","11.043","","","","3"
"2010-02","Ontario","2016A000235","Apartment and other unit types","Units","300","thousands","3","v52299942","9.6","20.940","","","","3"
"2010-02","Toronto, Ontario","2011S0503535","Total units","Units","300","thousands","3","v52299977","10.1","32.986","","","","3"
"2010-02","Toronto, Ontario","2011S0503535","Single-detached units","Units","300","thousands","3","v52299978","10.2","12.118","","","","3"
"2010-02","Toronto, Ontario","2011S0503535","Multiples","Units","300","thousands","3","v52299979","10.3","20.868","","","","3"
"2010-03","Ontario","2016A000235","Total units","Units","300","thousands","3","v52299938","9.1","55.648","","","","3"
"2010-03","Ontario","2016A000235","Single-detached units","Units","300","thousands","3","v52299939","9.2","33.563","","","","3"
"2010-03","Ontario","2016A000235","Multiples","Units","300","thousands","3","v52299943","9.3","22.085","","","","3"
"2010-03","Ontario","2016A000235","Semi-detached units","Units","300","thousands","3","v52299940","9.4","2.127","","","","3"
"2010-03","Ontario","2016A000235","Row units","Units","300","thousands","3","v52299941","9.5","9.098","","","","3"
"2010-03","Ontario","2016A000235","Apartment and other unit types","Units","300","thousands","3","v52299942","9.6","10.860","","","","3"
"2010-03","Toronto, Ontario","2011S0503535","Total units","Units","300","thousands","3","v52299977","10.1","25.614","","","","3"
"2010-03","Toronto, Ontario","2011S0503535","Single-detached units","Units","300","thousands","3","v52299978","10.2","13.110","","","","3"
"2010-03","Toronto, Ontario","2011S0503535","Multiples","Units","300","thousands","3","v52299979","10.3","12.504","","","","3"
"2010-04","Ontario","2016A000235","Total units","Units","300","thousands","3","v52299938","9.1","64.377","","","","3"
"2010-04","Ontario","2016A000235","Single-detached units","Units","300","thousands","3","v52299939","9.2","28.719","","","","3"
"2010-04","Ontario","2016A000235","Multiples","Units","300","thousands","3","v52299943","9.3","35.658","","","","3"
"2010-04","Ontario","2016A000235","Semi-detached units","Units","300","thousands","3","v52299940","9.4","4.327","","","","3"
"2010-04","Ontario","2016A000235","Row units","Units","300","thousands","3","v52299941","9.5","10.571","","","","3"
"2010-04","Ontario","2016A000235","Apartment and other unit types","Units","300","thousands","3","v52299942","9.6","20.760","","","","3"
"2010-04","Toronto, Ontario","2011S0503535","Total units","Units","300","thousands","3","v52299977","10.1","33.208","","","","3"
"2010-04","Toronto, Ontario","2011S0503535","Single-detached units","Units","300","thousands","3","v52299978","10.2","10.168","","","","3"
"2010-04","Toronto, Ontario","2011S0503535","Multiples","Units","300","thousands","3","v52299979","10.3","23.040","","","","3"
"2010-05","Ontario","2016A000235","Total units","Units","300","thousands","3","v52299938","9.1","65.976","","","","3"
"2010-05","Ontario","2016A000235","Single-detached units","Units","300","thousands","3","v52299939","9.2","25.580","","","","3"
"2010-05","Ontario","2016A000235","Multiples","Units","300","thousands","3","v52299943","9.3","40.396","","","","3"
"2010-05","Ontario","2016A000235","Semi-detached units","Units","300","thousands","3","v52299940","9.4","2.819","","","","3"
"2010-05","Ontario","2016A000235","Row units","Units","300","thousands","3","v52299941","9.5","11.837","","","","3"
"2010-05","Ontario","2016A000235","Apartment and other unit types","Units","300","thousands","3","v52299942","9.6","25.740","","","","3"
"2010-05","Toronto, Ontario","2011S0503535","Total units","Units","300","thousands","3","v52299977","10.1","34.099","","","","3"
"2010-05","Toronto, Ontario","2011S0503535","Single-detached units","Units","300","thousands","3","v52299978","10.2","9.739","","","","3"
"2010-05","Toronto, Ontario","2011S0503535","Multiples","Units","300","thousands","3","v52299979","10.3","24.360","","","","3"
"2010-06","Ontario","2016A000235","Total units","Units","300","thousands","3","v52299938","9.1","52.903","","","","3"
"2010-06","Ontario","2016A000235","Single-detached units","Units","300","thousands","3","v52299939","9.2","25.542","","","","3"
"2010-06","Ontario","2016A000235","Multiples","Units","300","thousands","3","v52299943","9.3","27.361","","","","3"
"2010-06","Ontario","2016A000235","Semi-detached units","Units","300","thousands","3","v52299940","9.4","1.780","","","","3"
"2010-06","Ontario","2016A000235","Row units","Units","300","thousands","3","v52299941","9.5","8.433","","","","3"
"2010-06","Ontario","2016A000235","Apartment and other unit types","Units","300","thousands","3","v52299942","9.6","17.148","","","","3"
"2010-06","Toronto, Ontario","2011S0503535","Total units","Units","300","thousands","3","v52299977","10.1","27.567","","","","3"
"2010-06","Toronto, Ontario","2011S0503535","Single-detached units","Units","300","thousands","3","v52299978","10.2","10.155","","","","3"
"2010-06","Toronto, Ontario","2011S0503535","Multiples","Units","300","thousands","3","v52299979","10.3","17.412","","","","3"
"2010-07","Ontario","2016A000235","Total units","Units","300","thousands","3","v52299938","9.1","53.348","","","","3"
"2010-07","Ontario","2016A000235","Single-detached units","Units","300","thousands","3","v52299939","9.2","24.260","","","","3"
"2010-07","Ontario","2016A000235","Multiples","Units","300","thousands","3","v52299943","9.3","29.088","","","","3"
"2010-07","Ontario","2016A000235","Semi-detached units","Units","300","thousands","3","v52299940","9.4","2.475","","","","3"
"2010-07","Ontario","2016A000235","Row units","Units","300","thousands","3","v52299941","9.5","9.093","","","","3"
"2010-07","Ontario","2016A000235","Apartment and other unit types","Units","300","thousands","3","v52299942","9.6","17.520","","","","3"
"2010-07","Toronto, Ontario","2011S0503535","Total units","Units","300","thousands","3","v52299977","10.1","26.448","","","","3"
"2010-07","Toronto, Ontario","2011S0503535","Single-detached units","Units","300","thousands","3","v52299978","10.2","9.600","","","","3"
"2010-07","Toronto, Ontario","2011S0503535","Multiples","Units","300","thousands","3","v52299979","10.3","16.848","","","","3"
"2010-08","Ontario","2016A000235","Total units","Units","300","thousands","3","v52299938","9.1","61.308","","","","3"
"2010-08","Ontario","2016A000235","Single-detached units","Units","300","thousands","3","v52299939","9.2","23.810","","","","3"
"2010-08","Ontario","2016A000235","Multiples","Units","300","thousands","3","v52299943","9.3","37.498","","","","3"
"2010-08","Ontario","2016A000235","Semi-detached units","Units","300","thousands","3","v52299940","9.4","3.524","","","","3"
"2010-08","Ontario","2016A000235","Row units","Units","300","thousands","3","v52299941","9.5","11.498","","","","3"
"2010-08","Ontario","2016A000235","Apartment and other unit types","Units","300","thousands","3","v52299942","9.6","22.476","","","","3"
"2010-08","Toronto, Ontario","2011S0503535","Total units","Units","300","thousands","3","v52299977","10.1","34.104","","","","3"
"2010-08","Toronto, Ontario","2011S0503535","Single-detached units","Units","300","thousands","3","v52299978","10.2","9.240","","","","3"
"2010-08","Toronto, Ontario","2011S0503535","Multiples","Units","300","thousands","3","v52299979","10.3","24.864","","","","3"
"2010-09","Ontario","2016A000235","Total units","Units","300","thousands","3","v52299938","9.1","57.138","","","","3"
"2010-09","Ontario","2016A000235","Single-detached units","Units","300","thousands","3","v52299939","9.2","22.017","","","","3"
"2010-09","Ontario","2016A000235","Multiples","Units","300","thousands","3","v52299943","9.3","35.121","","","","3"
"2010-09","Ontario","2016A000235","Semi-detached units","Units","300","thousands","3","v52299940","9.4","2.381","","","","3"
"2010-09","Ontario","2016A000235","Row units","Units","300","thousands","3","v52299941","9.5","11.104","","","","3"
"2010-09","Ontario","2016A000235","Apartment and other unit types","Units","300","thousands","3","v52299942","9.6","21.636","","","","3"
"2010-09","Toronto, Ontario","2011S0503535","Total units","Units","300","thousands","3","v52299977","10.1","31.628","","","","3"
"2010-09","Toronto, Ontario","2011S0503535","Single-detached units","Units","300","thousands","3","v52299978","10.2","8.960","","","","3"
"2010-09","Toronto, Ontario","2011S0503535","Multiples","Units","300","thousands","3","v52299979","10.3","22.668","","","","3"
"2010-10","Ontario","2016A000235","Total units","Units","300","thousands","3","v52299938","9.1","43.310","","","","3"
"2010-10","Ontario","2016A000235","Single-detached units","Units","300","thousands","3","v52299939","9.2","21.399","","","","3"
"2010-10","Ontario","2016A000235","Multiples","Units","300","thousands","3","v52299943","9.3","21.911","","","","3"
"2010-10","Ontario","2016A000235","Semi-detached units","Units","300","thousands","3","v52299940","9.4","2.289","","","","3"
"2010-10","Ontario","2016A000235","Row units","Units","300","thousands","3","v52299941","9.5","10.670","","","","3"
"2010-10","Ontario","2016A000235","Apartment and other unit types","Units","300","thousands","3","v52299942","9.6","8.952","","","","3"
"2010-10","Toronto, Ontario","2011S0503535","Total units","Units","300","thousands","3","v52299977","10.1","20.149","","","","3"
"2010-10","Toronto, Ontario","2011S0503535","Single-detached units","Units","300","thousands","3","v52299978","10.2","7.225","","","","3"
"2010-10","Toronto, Ontario","2011S0503535","Multiples","Units","300","thousands","3","v52299979","10.3","12.924","","","","3"
"2010-11","Ontario","2016A000235","Total units","Units","300","thousands","3","v52299938","9.1","78.196","","","","3"
"2010-11","Ontario","2016A000235","Single-detached units","Units","300","thousands","3","v52299939","9.2","24.717","","","","3"
"2010-11","Ontario","2016A000235","Multiples","Units","300","thousands","3","v52299943","9.3","53.479","","","","3"
"2010-11","Ontario","2016A000235","Semi-detached units","Units","300","thousands","3","v52299940","9.4","3.232","","","","3"
"2010-11","Ontario","2016A000235","Row units","Units","300","thousands","3","v52299941","9.5","10.659","","","","3"
"2010-11","Ontario","2016A000235","Apartment and other unit types","Units","300","thousands","3","v52299942","9.6","39.588","","","","3"
"2010-11","Toronto, Ontario","2011S0503535","Total units","Units","300","thousands","3","v52299977","10.1","50.195","","","","3"
"2010-11","Toronto, Ontario","2011S0503535","Single-detached units","Units","300","thousands","3","v52299978","10.2","10.439","","","","3"
"2010-11","Toronto, Ontario","2011S0503535","Multiples","Units","300","thousands","3","v52299979","10.3","39.756","","","","3"
"2010-12","Ontario","2016A000235","Total units","Units","300","thousands","3","v52299938","9.1","42.319","","","","3"
"2010-12","Ontario","2016A000235","Single-detached units","Units","300","thousands","3","v52299939","9.2","22.485","","","","3"
"2010-12","Ontario","2016A000235","Multiples","Units","300","thousands","3","v52299943","9.3","19.834","","","","3"
"2010-12","Ontario","2016A000235","Semi-detached units","Units","300","thousands","3","v52299940","9.4","2.360","","","","3"
"2010-12","Ontario","2016A000235","Row units","Units","300","thousands","3","v52299941","9.5","7.526","","","","3"
"2010-12","Ontario","2016A000235","Apartment and other unit types","Units","300","thousands","3","v52299942","9.6","9.948","","","","3"
"2010-12","Toronto, Ontario","2011S0503535","Total units","Units","300","thousands","3","v52299977","10.1","17.974","","","","3"
"2010-12","Toronto, Ontario","2011S0503535","Single-detached units","Units","300","thousands","3","v52299978","10.2","8.206","","","","3"
"2010-12","Toronto, Ontario","2011S0503535","Multiples","Units","300","thousands","3","v52299979","10.3","9.768","","","","3"
"2011-01","Ontario","2016A000235","Total units","Units","300","thousands","3","v52299938","9.1","47.318","","","","3"
"2011-01","Ontario","2016A000235","Single-detached units","Units","300","thousands","3","v52299939","9.2","23.747","","","","3"
"2011-01","Ontario","2016A000235","Multiples","Units","300","thousands","3","v52299943","9.3","23.571","","","","3"
"2011-01","Ontario","2016A000235","Semi-detached units","Units","300","thousands","3","v52299940","9.4","2.875","","","","3"
"2011-01","Ontario","2016A000235","Row units","Units","300","thousands","3","v52299941","9.5","3.656","","","","3"
"2011-01","Ontario","2016A000235","Apartment and other unit types","Units","300","thousands","3","v52299942","9.6","17.040","","","","3"
"2011-01","Toronto, Ontario","2011S0503535","Total units","Units","300","thousands","3","v52299977","10.1","25.788","","","","3"
"2011-01","Toronto, Ontario","2011S0503535","Single-detached units","Units","300","thousands","3","v52299978","10.2","10.920","","","","3"
"2011-01","Toronto, Ontario","2011S0503535","Multiples","Units","300","thousands","3","v52299979","10.3","14.868","","","","3"
"2011-02","Ontario","2016A000235","Total units","Units","300","thousands","3","v52299938","9.1","62.457","","","","3"
"2011-02","Ontario","2016A000235","Single-detached units","Units","300","thousands","3","v52299939","9.2","24.530","","","","3"
"2011-02","Ontario","2016A000235","Multiples","Units","300","thousands","3","v52299943","9.3","37.927","","","","3"
"2011-02","Ontario","2016A000235","Semi-detached units","Units","300","thousands","3","v52299940","9.4","4.790","","","","3"
"2011-02","Ontario","2016A000235","Row units","Units","300","thousands","3","v52299941","9.5","8.333","","","","3"
"2011-02","Ontario","2016A000235","Apartment and other unit types","Units","300","thousands","3","v52299942","9.6","24.804","","","","3"
"2011-02","Toronto, Ontario","2011S0503535","Total units","Units","300","thousands","3","v52299977","10.1","38.182","","","","3"
"2011-02","Toronto, Ontario","2011S0503535","Single-detached units","Units","300","thousands","3","v52299978","10.2","10.558","","","","3"
"2011-02","Toronto, Ontario","2011S0503535","Multiples","Units","300","thousands","3","v52299979","10.3","27.624","","","","3"
"2011-03","Ontario","2016A000235","Total units","Units","300","thousands","3","v52299938","9.1","70.200","","","","3"
"2011-03","Ontario","2016A000235","Single-detached units","Units","300","thousands","3","v52299939","9.2","24.092","","","","3"
"2011-03","Ontario","2016A000235","Multiples","Units","300","thousands","3","v52299943","9.3","46.108","","","","3"
"2011-03","Ontario","2016A000235","Semi-detached units","Units","300","thousands","3","v52299940","9.4","2.247","","","","3"
"2011-03","Ontario","2016A000235","Row units","Units","300","thousands","3","v52299941","9.5","9.325","","","","3"
"2011-03","Ontario","2016A000235","Apartment and other unit types","Units","300","thousands","3","v52299942","9.6","34.536","","","","3"
"2011-03","Toronto, Ontario","2011S0503535","Total units","Units","300","thousands","3","v52299977","10.1","44.363","","","","3"
"2011-03","Toronto, Ontario","2011S0503535","Single-detached units","Units","300","thousands","3","v52299978","10.2","9.263","","","","3"
"2011-03","Toronto, Ontario","2011S0503535","Multiples","Units","300","thousands","3","v52299979","10.3","35.100","","","","3"
"2011-04","Ontario","2016A000235","Total units","Units","300","thousands","3","v52299938","9.1","75.267","","","","3"
"2011-04","Ontario","2016A000235","Single-detached units","Units","300","thousands","3","v52299939","9.2","23.759","","","","3"
"2011-04","Ontario","2016A000235","Multiples","Units","300","thousands","3","v52299943","9.3","51.508","","","","3"
"2011-04","Ontario","2016A000235","Semi-detached units","Units","300","thousands","3","v52299940","9.4","3.370","","","","3"
"2011-04","Ontario","2016A000235","Row units","Units","300","thousands","3","v52299941","9.5","8.994","","","","3"
"2011-04","Ontario","2016A000235","Apartment and other unit types","Units","300","thousands","3","v52299942","9.6","39.144","","","","3"
"2011-04","Toronto, Ontario","2011S0503535","Total units","Units","300","thousands","3","v52299977","10.1","51.509","","","","3"
"2011-04","Toronto, Ontario","2011S0503535","Single-detached units","Units","300","thousands","3","v52299978","10.2","10.121","","","","3"
"2011-04","Toronto, Ontario","2011S0503535","Multiples","Units","300","thousands","3","v52299979","10.3","41.388","","","","3"
"2011-05","Ontario","2016A000235","Total units","Units","300","thousands","3","v52299938","9.1","56.537","","","","3"
"2011-05","Ontario","2016A000235","Single-detached units","Units","300","thousands","3","v52299939","9.2","20.619","","","","3"
"2011-05","Ontario","2016A000235","Multiples","Units","300","thousands","3","v52299943","9.3","35.918","","","","3"
"2011-05","Ontario","2016A000235","Semi-detached units","Units","300","thousands","3","v52299940","9.4","2.194","","","","3"
"2011-05","Ontario","2016A000235","Row units","Units","300","thousands","3","v52299941","9.5","7.648","","","","3"
"2011-05","Ontario","2016A000235","Apartment and other unit types","Units","300","thousands","3","v52299942","9.6","26.076","","","","3"
"2011-05","Toronto, Ontario","2011S0503535","Total units","Units","300","thousands","3","v52299977","10.1","37.515","","","","3"
"2011-05","Toronto, Ontario","2011S0503535","Single-detached units","Units","300","thousands","3","v52299978","10.2","8.895","","","","3"
"2011-05","Toronto, Ontario","2011S0503535","Multiples","Units","300","thousands","3","v52299979","10.3","28.620","","","","3"
"2011-06","Ontario","2016A000235","Total units","Units","300","thousands","3","v52299938","9.1","72.907","","","","3"
"2011-06","Ontario","2016A000235","Single-detached units","Units","300","thousands","3","v52299939","9.2","28.849","","","","3"
"2011-06","Ontario","2016A000235","Multiples","Units","300","thousands","3","v52299943","9.3","44.058","","","","3"
"2011-06","Ontario","2016A000235","Semi-detached units","Units","300","thousands","3","v52299940","9.4","3.834","","","","3"
"2011-06","Ontario","2016A000235","Row units","Units","300","thousands","3","v52299941","9.5","10.980","","","","3"
"2011-06","Ontario","2016A000235","Apartment and other unit types","Units","300","thousands","3","v52299942","9.6","29.244","","","","3"
"2011-06","Toronto, Ontario","2011S0503535","Total units","Units","300","thousands","3","v52299977","10.1","44.732","","","","3"
"2011-06","Toronto, Ontario","2011S0503535","Single-detached units","Units","300","thousands","3","v52299978","10.2","14.696","","","","3"
"2011-06","Toronto, Ontario","2011S0503535","Multiples","Units","300","thousands","3","v52299979","10.3","30.036","","","","3"
"2011-07","Ontario","2016A000235","Total units","Units","300","thousands","3","v52299938","9.1","73.923","","","","3"
"2011-07","Ontario","2016A000235","Single-detached units","Units","300","thousands","3","v52299939","9.2","25.840","","","","3"
"2011-07","Ontario","2016A000235","Multiples","Units","300","thousands","3","v52299943","9.3","48.083","","","","3"
"2011-07","Ontario","2016A000235","Semi-detached units","Units","300","thousands","3","v52299940","9.4","2.232","","","","3"
"2011-07","Ontario","2016A000235","Row units","Units","300","thousands","3","v52299941","9.5","6.575","","","","3"
"2011-07","Ontario","2016A000235","Apartment and other unit types","Units","300","thousands","3","v52299942","9.6","39.276","","","","3"
"2011-07","Toronto, Ontario","2011S0503535","Total units","Units","300","thousands","3","v52299977","10.1","49.697","","","","3"
"2011-07","Toronto, Ontario","2011S0503535","Single-detached units","Units","300","thousands","3","v52299978","10.2","11.441","","","","3"
"2011-07","Toronto, Ontario","2011S0503535","Multiples","Units","300","thousands","3","v52299979","10.3","38.256","","","","3"
"2011-08","Ontario","2016A000235","Total units","Units","300","thousands","3","v52299938","9.1","64.250","","","","3"
"2011-08","Ontario","2016A000235","Single-detached units","Units","300","thousands","3","v52299939","9.2","24.190","","","","3"
"2011-08","Ontario","2016A000235","Multiples","Units","300","thousands","3","v52299943","9.3","40.060","","","","3"
"2011-08","Ontario","2016A000235","Semi-detached units","Units","300","thousands","3","v52299940","9.4","2.340","","","","3"
"2011-08","Ontario","2016A000235","Row units","Units","300","thousands","3","v52299941","9.5","9.676","","","","3"
"2011-08","Ontario","2016A000235","Apartment and other unit types","Units","300","thousands","3","v52299942","9.6","28.044","","","","3"
"2011-08","Toronto, Ontario","2011S0503535","Total units","Units","300","thousands","3","v52299977","10.1","37.009","","","","3"
"2011-08","Toronto, Ontario","2011S0503535","Single-detached units","Units","300","thousands","3","v52299978","10.2","11.365","","","","3"
"2011-08","Toronto, Ontario","2011S0503535","Multiples","Units","300","thousands","3","v52299979","10.3","25.644","","","","3"
"2011-09","Ontario","2016A000235","Total units","Units","300","thousands","3","v52299938","9.1","64.218","","","","3"
"2011-09","Ontario","2016A000235","Single-detached units","Units","300","thousands","3","v52299939","9.2","24.870","","","","3"
"2011-09","Ontario","2016A000235","Multiples","Units","300","thousands","3","v52299943","9.3","39.348","","","","3"
"2011-09","Ontario","2016A000235","Semi-detached units","Units","300","thousands","3","v52299940","9.4","3.016","","","","3"
"2011-09","Ontario","2016A000235","Row units","Units","300","thousands","3","v52299941","9.5","8.756","","","","3"
"2011-09","Ontario","2016A000235","Apartment and other unit types","Units","300","thousands","3","v52299942","9.6","27.576","","","","3"
"2011-09","Toronto, Ontario","2011S0503535","Total units","Units","300","thousands","3","v52299977","10.1","32.448","","","","3"
"2011-09","Toronto, Ontario","2011S0503535","Single-detached units","Units","300","thousands","3","v52299978","10.2","10.332","","","","3"
"2011-09","Toronto, Ontario","2011S0503535","Multiples","Units","300","thousands","3","v52299979","10.3","22.116","","","","3"
"2011-10","Ontario","2016A000235","Total units","Units","300","thousands","3","v52299938","9.1","72.951","","","","3"
"2011-10","Ontario","2016A000235","Single-detached units","Units","300","thousands","3","v52299939","9.2","24.601","","","","3"
"2011-10","Ontario","2016A000235","Multiples","Units","300","thousands","3","v52299943","9.3","48.350","","","","3"
"2011-10","Ontario","2016A000235","Semi-detached units","Units","300","thousands","3","v52299940","9.4","4.010","","","","3"
"2011-10","Ontario","2016A000235","Row units","Units","300","thousands","3","v52299941","9.5","13.464","","","","3"
"2011-10","Ontario","2016A000235","Apartment and other unit types","Units","300","thousands","3","v52299942","9.6","30.876","","","","3"
"2011-10","Toronto, Ontario","2011S0503535","Total units","Units","300","thousands","3","v52299977","10.1","46.677","","","","3"
"2011-10","Toronto, Ontario","2011S0503535","Single-detached units","Units","300","thousands","3","v52299978","10.2","11.661","","","","3"
"2011-10","Toronto, Ontario","2011S0503535","Multiples","Units","300","thousands","3","v52299979","10.3","35.016","","","","3"
"2011-11","Ontario","2016A000235","Total units","Units","300","thousands","3","v52299938","9.1","51.965","","","","3"
"2011-11","Ontario","2016A000235","Single-detached units","Units","300","thousands","3","v52299939","9.2","26.461","","","","3"
"2011-11","Ontario","2016A000235","Multiples","Units","300","thousands","3","v52299943","9.3","25.504","","","","3"
"2011-11","Ontario","2016A000235","Semi-detached units","Units","300","thousands","3","v52299940","9.4","2.194","","","","3"
"2011-11","Ontario","2016A000235","Row units","Units","300","thousands","3","v52299941","9.5","10.182","","","","3"
"2011-11","Ontario","2016A000235","Apartment and other unit types","Units","300","thousands","3","v52299942","9.6","13.128","","","","3"
"2011-11","Toronto, Ontario","2011S0503535","Total units","Units","300","thousands","3","v52299977","10.1","28.209","","","","3"
"2011-11","Toronto, Ontario","2011S0503535","Single-detached units","Units","300","thousands","3","v52299978","10.2","12.393","","","","3"
"2011-11","Toronto, Ontario","2011S0503535","Multiples","Units","300","thousands","3","v52299979","10.3","15.816","","","","3"
"2011-12","Ontario","2016A000235","Total units","Units","300","thousands","3","v52299938","9.1","68.905","","","","3"
"2011-12","Ontario","2016A000235","Single-detached units","Units","300","thousands","3","v52299939","9.2","25.882","","","","3"
"2011-12","Ontario","2016A000235","Multiples","Units","300","thousands","3","v52299943","9.3","43.023","","","","3"
"2011-12","Ontario","2016A000235","Semi-detached units","Units","300","thousands","3","v52299940","9.4","3.386","","","","3"
"2011-12","Ontario","2016A000235","Row units","Units","300","thousands","3","v52299941","9.5","10.765","","","","3"
"2011-12","Ontario","2016A000235","Apartment and other unit types","Units","300","thousands","3","v52299942","9.6","28.872","","","","3"
"2011-12","Toronto, Ontario","2011S0503535","Total units","Units","300","thousands","3","v52299977","10.1","39.219","","","","3"
"2011-12","Toronto, Ontario","2011S0503535","Single-detached units","Units","300","thousands","3","v52299978","10.2","11.727","","","","3"
"2011-12","Toronto, Ontario","2011S0503535","Multiples","Units","300","thousands","3","v52299979","10.3","27.492","","","","3"
"2012-01","Ontario","2016A000235","Total units","Units","300","thousands","3","v52299938","9.1","78.651","","","","3"
"2012-01","Ontario","2016A000235","Single-detached units","Units","300","thousands","3","v52299939","9.2","24.363","","","","3"
"2012-01","Ontario","2016A000235","Multiples","Units","300","thousands","3","v52299943","9.3","54.288","","","","3"
"2012-01","Ontario","2016A000235","Semi-detached units","Units","300","thousands","3","v52299940","9.4","2.716","","","","3"
"2012-01","Ontario","2016A000235","Row units","Units","300","thousands","3","v52299941","9.5","14.420","","","","3"
"2012-01","Ontario","2016A000235","Apartment and other unit types","Units","300","thousands","3","v52299942","9.6","37.152","","","","3"
"2012-01","Toronto, Ontario","2011S0503535","Total units","Units","300","thousands","3","v52299977","10.1","46.982","","","","3"
"2012-01","Toronto, Ontario","2011S0503535","Single-detached units","Units","300","thousands","3","v52299978","10.2","9.866","","","","3"
"2012-01","Toronto, Ontario","2011S0503535","Multiples","Units","300","thousands","3","v52299979","10.3","37.116","","","","3"
"2012-02","Ontario","2016A000235","Total units","Units","300","thousands","3","v52299938","9.1","68.839","","","","3"
"2012-02","Ontario","2016A000235","Single-detached units","Units","300","thousands","3","v52299939","9.2","24.617","","","","3"
"2012-02","Ontario","2016A000235","Multiples","Units","300","thousands","3","v52299943","9.3","44.222","","","","3"
"2012-02","Ontario","2016A000235","Semi-detached units","Units","300","thousands","3","v52299940","9.4","6.861","","","","3"
"2012-02","Ontario","2016A000235","Row units","Units","300","thousands","3","v52299941","9.5","14.189","","","","3"
"2012-02","Ontario","2016A000235","Apartment and other unit types","Units","300","thousands","3","v52299942","9.6","23.172","","","","3"
"2012-02","Toronto, Ontario","2011S0503535","Total units","Units","300","thousands","3","v52299977","10.1","30.814","","","","3"
"2012-02","Toronto, Ontario","2011S0503535","Single-detached units","Units","300","thousands","3","v52299978","10.2","9.958","","","","3"
"2012-02","Toronto, Ontario","2011S0503535","Multiples","Units","300","thousands","3","v52299979","10.3","20.856","","","","3"
"2012-03","Ontario","2016A000235","Total units","Units","300","thousands","3","v52299938","9.1","85.151","","","","3"
"2012-03","Ontario","2016A000235","Single-detached units","Units","300","thousands","3","v52299939","9.2","24.832","","","","3"
"2012-03","Ontario","2016A000235","Multiples","Units","300","thousands","3","v52299943","9.3","60.319","","","","3"
"2012-03","Ontario","2016A000235","Semi-detached units","Units","300","thousands","3","v52299940","9.4","3.788","","","","3"
"2012-03","Ontario","2016A000235","Row units","Units","300","thousands","3","v52299941","9.5","12.863","","","","3"
"2012-03","Ontario","2016A000235","Apartment and other unit types","Units","300","thousands","3","v52299942","9.6","43.668","","","","3"
"2012-03","Toronto, Ontario","2011S0503535","Total units","Units","300","thousands","3","v52299977","10.1","58.925","","","","3"
"2012-03","Toronto, Ontario","2011S0503535","Single-detached units","Units","300","thousands","3","v52299978","10.2","11.321","","","","3"
"2012-03","Toronto, Ontario","2011S0503535","Multiples","Units","300","thousands","3","v52299979","10.3","47.604","","","","3"
"2012-04","Ontario","2016A000235","Total units","Units","300","thousands","3","v52299938","9.1","97.317","","","","3"
"2012-04","Ontario","2016A000235","Single-detached units","Units","300","thousands","3","v52299939","9.2","29.085","","","","3"
"2012-04","Ontario","2016A000235","Multiples","Units","300","thousands","3","v52299943","9.3","68.232","","","","3"
"2012-04","Ontario","2016A000235","Semi-detached units","Units","300","thousands","3","v52299940","9.4","2.631","","","","3"
"2012-04","Ontario","2016A000235","Row units","Units","300","thousands","3","v52299941","9.5","10.845","","","","3"
"2012-04","Ontario","2016A000235","Apartment and other unit types","Units","300","thousands","3","v52299942","9.6","54.756","","","","3"
"2012-04","Toronto, Ontario","2011S0503535","Total units","Units","300","thousands","3","v52299977","10.1","68.786","","","","3"
"2012-04","Toronto, Ontario","2011S0503535","Single-detached units","Units","300","thousands","3","v52299978","10.2","12.194","","","","3"
"2012-04","Toronto, Ontario","2011S0503535","Multiples","Units","300","thousands","3","v52299979","10.3","56.592","","","","3"
"2012-05","Ontario","2016A000235","Total units","Units","300","thousands","3","v52299938","9.1","74.370","","","","3"
"2012-05","Ontario","2016A000235","Single-detached units","Units","300","thousands","3","v52299939","9.2","22.347","","","","3"
"2012-05","Ontario","2016A000235","Multiples","Units","300","thousands","3","v52299943","9.3","52.023","","","","3"
"2012-05","Ontario","2016A000235","Semi-detached units","Units","300","thousands","3","v52299940","9.4","2.794","","","","3"
"2012-05","Ontario","2016A000235","Row units","Units","300","thousands","3","v52299941","9.5","8.441","","","","3"
"2012-05","Ontario","2016A000235","Apartment and other unit types","Units","300","thousands","3","v52299942","9.6","40.788","","","","3"
"2012-05","Toronto, Ontario","2011S0503535","Total units","Units","300","thousands","3","v52299977","10.1","41.452","","","","3"
"2012-05","Toronto, Ontario","2011S0503535","Single-detached units","Units","300","thousands","3","v52299978","10.2","10.228","","","","3"
"2012-05","Toronto, Ontario","2011S0503535","Multiples","Units","300","thousands","3","v52299979","10.3","31.224","","","","3"
"2012-06","Ontario","2016A000235","Total units","Units","300","thousands","3","v52299938","9.1","68.677","","","","3"
"2012-06","Ontario","2016A000235","Single-detached units","Units","300","thousands","3","v52299939","9.2","22.905","","","","3"
"2012-06","Ontario","2016A000235","Multiples","Units","300","thousands","3","v52299943","9.3","45.772","","","","3"
"2012-06","Ontario","2016A000235","Semi-detached units","Units","300","thousands","3","v52299940","9.4","2.329","","","","3"
"2012-06","Ontario","2016A000235","Row units","Units","300","thousands","3","v52299941","9.5","9.891","","","","3"
"2012-06","Ontario","2016A000235","Apartment and other unit types","Units","300","thousands","3","v52299942","9.6","33.552","","","","3"
"2012-06","Toronto, Ontario","2011S0503535","Total units","Units","300","thousands","3","v52299977","10.1","41.557","","","","3"
"2012-06","Toronto, Ontario","2011S0503535","Single-detached units","Units","300","thousands","3","v52299978","10.2","10.165","","","","3"
"2012-06","Toronto, Ontario","2011S0503535","Multiples","Units","300","thousands","3","v52299979","10.3","31.392","","","","3"
"2012-07","Ontario","2016A000235","Total units","Units","300","thousands","3","v52299938","9.1","70.971","","","","3"
"2012-07","Ontario","2016A000235","Single-detached units","Units","300","thousands","3","v52299939","9.2","22.253","","","","3"
"2012-07","Ontario","2016A000235","Multiples","Units","300","thousands","3","v52299943","9.3","48.718","","","","3"
"2012-07","Ontario","2016A000235","Semi-detached units","Units","300","thousands","3","v52299940","9.4","2.942","","","","3"
"2012-07","Ontario","2016A000235","Row units","Units","300","thousands","3","v52299941","9.5","11.420","","","","3"
"2012-07","Ontario","2016A000235","Apartment and other unit types","Units","300","thousands","3","v52299942","9.6","34.356","","","","3"
"2012-07","Toronto, Ontario","2011S0503535","Total units","Units","300","thousands","3","v52299977","10.1","51.433","","","","3"
"2012-07","Toronto, Ontario","2011S0503535","Single-detached units","Units","300","thousands","3","v52299978","10.2","10.981","","","","3"
"2012-07","Toronto, Ontario","2011S0503535","Multiples","Units","300","thousands","3","v52299979","10.3","40.452","","","","3"
"2012-08","Ontario","2016A000235","Total units","Units","300","thousands","3","v52299938","9.1","86.061","","","","3"
"2012-08","Ontario","2016A000235","Single-detached units","Units","300","thousands","3","v52299939","9.2","24.198","","","","3"
"2012-08","Ontario","2016A000235","Multiples","Units","300","thousands","3","v52299943","9.3","61.863","","","","3"
"2012-08","Ontario","2016A000235","Semi-detached units","Units","300","thousands","3","v52299940","9.4","4.811","","","","3"
"2012-08","Ontario","2016A000235","Row units","Units","300","thousands","3","v52299941","9.5","9.196","","","","3"
"2012-08","Ontario","2016A000235","Apartment and other unit types","Units","300","thousands","3","v52299942","9.6","47.856","","","","3"
"2012-08","Toronto, Ontario","2011S0503535","Total units","Units","300","thousands","3","v52299977","10.1","64.527","","","","3"
"2012-08","Toronto, Ontario","2011S0503535","Single-detached units","Units","300","thousands","3","v52299978","10.2","11.247","","","","3"
"2012-08","Toronto, Ontario","2011S0503535","Multiples","Units","300","thousands","3","v52299979","10.3","53.280","","","","3"
"2012-09","Ontario","2016A000235","Total units","Units","300","thousands","3","v52299938","9.1","71.532","","","","3"
"2012-09","Ontario","2016A000235","Single-detached units","Units","300","thousands","3","v52299939","9.2","23.843","","","","3"
"2012-09","Ontario","2016A000235","Multiples","Units","300","thousands","3","v52299943","9.3","47.689","","","","3"
"2012-09","Ontario","2016A000235","Semi-detached units","Units","300","thousands","3","v52299940","9.4","2.380","","","","3"
"2012-09","Ontario","2016A000235","Row units","Units","300","thousands","3","v52299941","9.5","13.137","","","","3"
"2012-09","Ontario","2016A000235","Apartment and other unit types","Units","300","thousands","3","v52299942","9.6","32.172","","","","3"
"2012-09","Toronto, Ontario","2011S0503535","Total units","Units","300","thousands","3","v52299977","10.1","39.848","","","","3"
"2012-09","Toronto, Ontario","2011S0503535","Single-detached units","Units","300","thousands","3","v52299978","10.2","11.456","","","","3"
"2012-09","Toronto, Ontario","2011S0503535","Multiples","Units","300","thousands","3","v52299979","10.3","28.392","","","","3"
"2012-10","Ontario","2016A000235","Total units","Units","300","thousands","3","v52299938","9.1","65.577","","","","3"
"2012-10","Ontario","2016A000235","Single-detached units","Units","300","thousands","3","v52299939","9.2","23.535","","","","3"
"2012-10","Ontario","2016A000235","Multiples","Units","300","thousands","3","v52299943","9.3","42.042","","","","3"
"2012-10","Ontario","2016A000235","Semi-detached units","Units","300","thousands","3","v52299940","9.4","2.587","","","","3"
"2012-10","Ontario","2016A000235","Row units","Units","300","thousands","3","v52299941","9.5","8.543","","","","3"
"2012-10","Ontario","2016A000235","Apartment and other unit types","Units","300","thousands","3","v52299942","9.6","30.912","","","","3"
"2012-10","Toronto, Ontario","2011S0503535","Total units","Units","300","thousands","3","v52299977","10.1","45.224","","","","3"
"2012-10","Toronto, Ontario","2011S0503535","Single-detached units","Units","300","thousands","3","v52299978","10.2","10.844","","","","3"
"2012-10","Toronto, Ontario","2011S0503535","Multiples","Units","300","thousands","3","v52299979","10.3","34.380","","","","3"
"2012-11","Ontario","2016A000235","Total units","Units","300","thousands","3","v52299938","9.1","57.584","","","","3"
"2012-11","Ontario","2016A000235","Single-detached units","Units","300","thousands","3","v52299939","9.2","20.451","","","","3"
"2012-11","Ontario","2016A000235","Multiples","Units","300","thousands","3","v52299943","9.3","37.133","","","","3"
"2012-11","Ontario","2016A000235","Semi-detached units","Units","300","thousands","3","v52299940","9.4","3.128","","","","3"
"2012-11","Ontario","2016A000235","Row units","Units","300","thousands","3","v52299941","9.5","7.209","","","","3"
"2012-11","Ontario","2016A000235","Apartment and other unit types","Units","300","thousands","3","v52299942","9.6","26.796","","","","3"
"2012-11","Toronto, Ontario","2011S0503535","Total units","Units","300","thousands","3","v52299977","10.1","37.585","","","","3"
"2012-11","Toronto, Ontario","2011S0503535","Single-detached units","Units","300","thousands","3","v52299978","10.2","9.493","","","","3"
"2012-11","Toronto, Ontario","2011S0503535","Multiples","Units","300","thousands","3","v52299979","10.3","28.092","","","","3"
"2012-12","Ontario","2016A000235","Total units","Units","300","thousands","3","v52299938","9.1","76.034","","","","3"
"2012-12","Ontario","2016A000235","Single-detached units","Units","300","thousands","3","v52299939","9.2","23.038","","","","3"
"2012-12","Ontario","2016A000235","Multiples","Units","300","thousands","3","v52299943","9.3","52.996","","","","3"
"2012-12","Ontario","2016A000235","Semi-detached units","Units","300","thousands","3","v52299940","9.4","3.512","","","","3"
"2012-12","Ontario","2016A000235","Row units","Units","300","thousands","3","v52299941","9.5","9.908","","","","3"
"2012-12","Ontario","2016A000235","Apartment and other unit types","Units","300","thousands","3","v52299942","9.6","39.576","","","","3"
"2012-12","Toronto, Ontario","2011S0503535","Total units","Units","300","thousands","3","v52299977","10.1","50.227","","","","3"
"2012-12","Toronto, Ontario","2011S0503535","Single-detached units","Units","300","thousands","3","v52299978","10.2","10.735","","","","3"
"2012-12","Toronto, Ontario","2011S0503535","Multiples","Units","300","thousands","3","v52299979","10.3","39.492","","","","3"
"2013-01","Ontario","2016A000235","Total units","Units","300","thousands","3","v52299938","9.1","45.752","","","","3"
"2013-01","Ontario","2016A000235","Single-detached units","Units","300","thousands","3","v52299939","9.2","20.117","","","","3"
"2013-01","Ontario","2016A000235","Multiples","Units","300","thousands","3","v52299943","9.3","25.635","","","","3"
"2013-01","Ontario","2016A000235","Semi-detached units","Units","300","thousands","3","v52299940","9.4","6.116","","","","3"
"2013-01","Ontario","2016A000235","Row units","Units","300","thousands","3","v52299941","9.5","7.879","","","","3"
"2013-01","Ontario","2016A000235","Apartment and other unit types","Units","300","thousands","3","v52299942","9.6","11.640","","","","3"
"2013-01","Toronto, Ontario","2011S0503535","Total units","Units","300","thousands","3","v52299977","10.1","17.325","","","","3"
"2013-01","Toronto, Ontario","2011S0503535","Single-detached units","Units","300","thousands","3","v52299978","10.2","7.701","","","","3"
"2013-01","Toronto, Ontario","2011S0503535","Multiples","Units","300","thousands","3","v52299979","10.3","9.624","","","","3"
"2013-02","Ontario","2016A000235","Total units","Units","300","thousands","3","v52299938","9.1","66.720","","","","3"
"2013-02","Ontario","2016A000235","Single-detached units","Units","300","thousands","3","v52299939","9.2","23.439","","","","3"
"2013-02","Ontario","2016A000235","Multiples","Units","300","thousands","3","v52299943","9.3","43.281","","","","3"
"2013-02","Ontario","2016A000235","Semi-detached units","Units","300","thousands","3","v52299940","9.4","3.606","","","","3"
"2013-02","Ontario","2016A000235","Row units","Units","300","thousands","3","v52299941","9.5","7.119","","","","3"
"2013-02","Ontario","2016A000235","Apartment and other unit types","Units","300","thousands","3","v52299942","9.6","32.556","","","","3"
"2013-02","Toronto, Ontario","2011S0503535","Total units","Units","300","thousands","3","v52299977","10.1","43.986","","","","3"
"2013-02","Toronto, Ontario","2011S0503535","Single-detached units","Units","300","thousands","3","v52299978","10.2","11.862","","","","3"
"2013-02","Toronto, Ontario","2011S0503535","Multiples","Units","300","thousands","3","v52299979","10.3","32.124","","","","3"
"2013-03","Ontario","2016A000235","Total units","Units","300","thousands","3","v52299938","9.1","55.807","","","","3"
"2013-03","Ontario","2016A000235","Single-detached units","Units","300","thousands","3","v52299939","9.2","23.516","","","","3"
"2013-03","Ontario","2016A000235","Multiples","Units","300","thousands","3","v52299943","9.3","32.291","","","","3"
"2013-03","Ontario","2016A000235","Semi-detached units","Units","300","thousands","3","v52299940","9.4","1.184","","","","3"
"2013-03","Ontario","2016A000235","Row units","Units","300","thousands","3","v52299941","9.5","10.431","","","","3"
"2013-03","Ontario","2016A000235","Apartment and other unit types","Units","300","thousands","3","v52299942","9.6","20.676","","","","3"
"2013-03","Toronto, Ontario","2011S0503535","Total units","Units","300","thousands","3","v52299977","10.1","29.818","","","","3"
"2013-03","Toronto, Ontario","2011S0503535","Single-detached units","Units","300","thousands","3","v52299978","10.2","11.518","","","","3"
"2013-03","Toronto, Ontario","2011S0503535","Multiples","Units","300","thousands","3","v52299979","10.3","18.300","","","","3"
"2013-04","Ontario","2016A000235","Total units","Units","300","thousands","3","v52299938","9.1","47.736","","","","3"
"2013-04","Ontario","2016A000235","Single-detached units","Units","300","thousands","3","v52299939","9.2","23.951","","","","3"
"2013-04","Ontario","2016A000235","Multiples","Units","300","thousands","3","v52299943","9.3","23.785","","","","3"
"2013-04","Ontario","2016A000235","Semi-detached units","Units","300","thousands","3","v52299940","9.4","2.893","","","","3"
"2013-04","Ontario","2016A000235","Row units","Units","300","thousands","3","v52299941","9.5","7.296","","","","3"
"2013-04","Ontario","2016A000235","Apartment and other unit types","Units","300","thousands","3","v52299942","9.6","13.596","","","","3"
"2013-04","Toronto, Ontario","2011S0503535","Total units","Units","300","thousands","3","v52299977","10.1","26.772","","","","3"
"2013-04","Toronto, Ontario","2011S0503535","Single-detached units","Units","300","thousands","3","v52299978","10.2","11.664","","","","3"
"2013-04","Toronto, Ontario","2011S0503535","Multiples","Units","300","thousands","3","v52299979","10.3","15.108","","","","3"
"2013-05","Ontario","2016A000235","Total units","Units","300","thousands","3","v52299938","9.1","64.170","","","","3"
"2013-05","Ontario","2016A000235","Single-detached units","Units","300","thousands","3","v52299939","9.2","22.255","","","","3"
"2013-05","Ontario","2016A000235","Multiples","Units","300","thousands","3","v52299943","9.3","41.915","","","","3"
"2013-05","Ontario","2016A000235","Semi-detached units","Units","300","thousands","3","v52299940","9.4","3.410","","","","3"
"2013-05","Ontario","2016A000235","Row units","Units","300","thousands","3","v52299941","9.5","10.245","","","","3"
"2013-05","Ontario","2016A000235","Apartment and other unit types","Units","300","thousands","3","v52299942","9.6","28.260","","","","3"
"2013-05","Toronto, Ontario","2011S0503535","Total units","Units","300","thousands","3","v52299977","10.1","39.401","","","","3"
"2013-05","Toronto, Ontario","2011S0503535","Single-detached units","Units","300","thousands","3","v52299978","10.2","10.133","","","","3"
"2013-05","Toronto, Ontario","2011S0503535","Multiples","Units","300","thousands","3","v52299979","10.3","29.268","","","","3"
"2013-06","Ontario","2016A000235","Total units","Units","300","thousands","3","v52299938","9.1","57.717","","","","3"
"2013-06","Ontario","2016A000235","Single-detached units","Units","300","thousands","3","v52299939","9.2","21.077","","","","3"
"2013-06","Ontario","2016A000235","Multiples","Units","300","thousands","3","v52299943","9.3","36.640","","","","3"
"2013-06","Ontario","2016A000235","Semi-detached units","Units","300","thousands","3","v52299940","9.4","3.369","","","","3"
"2013-06","Ontario","2016A000235","Row units","Units","300","thousands","3","v52299941","9.5","8.083","","","","3"
"2013-06","Ontario","2016A000235","Apartment and other unit types","Units","300","thousands","3","v52299942","9.6","25.188","","","","3"
"2013-06","Toronto, Ontario","2011S0503535","Total units","Units","300","thousands","3","v52299977","10.1","33.978","","","","3"
"2013-06","Toronto, Ontario","2011S0503535","Single-detached units","Units","300","thousands","3","v52299978","10.2","9.810","","","","3"
"2013-06","Toronto, Ontario","2011S0503535","Multiples","Units","300","thousands","3","v52299979","10.3","24.168","","","","3"
"2013-07","Ontario","2016A000235","Total units","Units","300","thousands","3","v52299938","9.1","59.047","","","","3"
"2013-07","Ontario","2016A000235","Single-detached units","Units","300","thousands","3","v52299939","9.2","21.045","","","","3"
"2013-07","Ontario","2016A000235","Multiples","Units","300","thousands","3","v52299943","9.3","38.002","","","","3"
"2013-07","Ontario","2016A000235","Semi-detached units","Units","300","thousands","3","v52299940","9.4","3.161","","","","3"
"2013-07","Ontario","2016A000235","Row units","Units","300","thousands","3","v52299941","9.5","10.553","","","","3"
"2013-07","Ontario","2016A000235","Apartment and other unit types","Units","300","thousands","3","v52299942","9.6","24.288","","","","3"
"2013-07","Toronto, Ontario","2011S0503535","Total units","Units","300","thousands","3","v52299977","10.1","31.025","","","","3"
"2013-07","Toronto, Ontario","2011S0503535","Single-detached units","Units","300","thousands","3","v52299978","10.2","8.825","","","","3"
"2013-07","Toronto, Ontario","2011S0503535","Multiples","Units","300","thousands","3","v52299979","10.3","22.200","","","","3"
"2013-08","Ontario","2016A000235","Total units","Units","300","thousands","3","v52299938","9.1","67.750","","","","3"
"2013-08","Ontario","2016A000235","Single-detached units","Units","300","thousands","3","v52299939","9.2","20.479","","","","3"
"2013-08","Ontario","2016A000235","Multiples","Units","300","thousands","3","v52299943","9.3","47.271","","","","3"
"2013-08","Ontario","2016A000235","Semi-detached units","Units","300","thousands","3","v52299940","9.4","2.601","","","","3"
"2013-08","Ontario","2016A000235","Row units","Units","300","thousands","3","v52299941","9.5","11.286","","","","3"
"2013-08","Ontario","2016A000235","Apartment and other unit types","Units","300","thousands","3","v52299942","9.6","33.384","","","","3"
"2013-08","Toronto, Ontario","2011S0503535","Total units","Units","300","thousands","3","v52299977","10.1","40.128","","","","3"
"2013-08","Toronto, Ontario","2011S0503535","Single-detached units","Units","300","thousands","3","v52299978","10.2","8.208","","","","3"
"2013-08","Toronto, Ontario","2011S0503535","Multiples","Units","300","thousands","3","v52299979","10.3","31.920","","","","3"
"2013-09","Ontario","2016A000235","Total units","Units","300","thousands","3","v52299938","9.1","57.628","","","","3"
"2013-09","Ontario","2016A000235","Single-detached units","Units","300","thousands","3","v52299939","9.2","20.249","","","","3"
"2013-09","Ontario","2016A000235","Multiples","Units","300","thousands","3","v52299943","9.3","37.379","","","","3"
"2013-09","Ontario","2016A000235","Semi-detached units","Units","300","thousands","3","v52299940","9.4","2.812","","","","3"
"2013-09","Ontario","2016A000235","Row units","Units","300","thousands","3","v52299941","9.5","7.615","","","","3"
"2013-09","Ontario","2016A000235","Apartment and other unit types","Units","300","thousands","3","v52299942","9.6","26.952","","","","3"
"2013-09","Toronto, Ontario","2011S0503535","Total units","Units","300","thousands","3","v52299977","10.1","25.081","","","","3"
"2013-09","Toronto, Ontario","2011S0503535","Single-detached units","Units","300","thousands","3","v52299978","10.2","9.073","","","","3"
"2013-09","Toronto, Ontario","2011S0503535","Multiples","Units","300","thousands","3","v52299979","10.3","16.008","","","","3"
"2013-10","Ontario","2016A000235","Total units","Units","300","thousands","3","v52299938","9.1","68.589","","","","3"
"2013-10","Ontario","2016A000235","Single-detached units","Units","300","thousands","3","v52299939","9.2","20.591","","","","3"
"2013-10","Ontario","2016A000235","Multiples","Units","300","thousands","3","v52299943","9.3","47.998","","","","3"
"2013-10","Ontario","2016A000235","Semi-detached units","Units","300","thousands","3","v52299940","9.4","2.868","","","","3"
"2013-10","Ontario","2016A000235","Row units","Units","300","thousands","3","v52299941","9.5","8.722","","","","3"
"2013-10","Ontario","2016A000235","Apartment and other unit types","Units","300","thousands","3","v52299942","9.6","36.408","","","","3"
"2013-10","Toronto, Ontario","2011S0503535","Total units","Units","300","thousands","3","v52299977","10.1","47.176","","","","3"
"2013-10","Toronto, Ontario","2011S0503535","Single-detached units","Units","300","thousands","3","v52299978","10.2","8.452","","","","3"
"2013-10","Toronto, Ontario","2011S0503535","Multiples","Units","300","thousands","3","v52299979","10.3","38.724","","","","3"
"2013-11","Ontario","2016A000235","Total units","Units","300","thousands","3","v52299938","9.1","58.387","","","","3"
"2013-11","Ontario","2016A000235","Single-detached units","Units","300","thousands","3","v52299939","9.2","20.515","","","","3"
"2013-11","Ontario","2016A000235","Multiples","Units","300","thousands","3","v52299943","9.3","37.872","","","","3"
"2013-11","Ontario","2016A000235","Semi-detached units","Units","300","thousands","3","v52299940","9.4","3.155","","","","3"
"2013-11","Ontario","2016A000235","Row units","Units","300","thousands","3","v52299941","9.5","9.097","","","","3"
"2013-11","Ontario","2016A000235","Apartment and other unit types","Units","300","thousands","3","v52299942","9.6","25.620","","","","3"
"2013-11","Toronto, Ontario","2011S0503535","Total units","Units","300","thousands","3","v52299977","10.1","37.064","","","","3"
"2013-11","Toronto, Ontario","2011S0503535","Single-detached units","Units","300","thousands","3","v52299978","10.2","8.528","","","","3"
"2013-11","Toronto, Ontario","2011S0503535","Multiples","Units","300","thousands","3","v52299979","10.3","28.536","","","","3"
"2013-12","Ontario","2016A000235","Total units","Units","300","thousands","3","v52299938","9.1","54.163","","","","3"
"2013-12","Ontario","2016A000235","Single-detached units","Units","300","thousands","3","v52299939","9.2","20.209","","","","3"
"2013-12","Ontario","2016A000235","Multiples","Units","300","thousands","3","v52299943","9.3","33.954","","","","3"
"2013-12","Ontario","2016A000235","Semi-detached units","Units","300","thousands","3","v52299940","9.4","1.975","","","","3"
"2013-12","Ontario","2016A000235","Row units","Units","300","thousands","3","v52299941","9.5","8.591","","","","3"
"2013-12","Ontario","2016A000235","Apartment and other unit types","Units","300","thousands","3","v52299942","9.6","23.388","","","","3"
"2013-12","Toronto, Ontario","2011S0503535","Total units","Units","300","thousands","3","v52299977","10.1","32.508","","","","3"
"2013-12","Toronto, Ontario","2011S0503535","Single-detached units","Units","300","thousands","3","v52299978","10.2","8.976","","","","3"
"2013-12","Toronto, Ontario","2011S0503535","Multiples","Units","300","thousands","3","v52299979","10.3","23.532","","","","3"
"2014-01","Ontario","2016A000235","Total units","Units","300","thousands","3","v52299938","9.1","61.966","","","","3"
"2014-01","Ontario","2016A000235","Single-detached units","Units","300","thousands","3","v52299939","9.2","22.630","","","","3"
"2014-01","Ontario","2016A000235","Multiples","Units","300","thousands","3","v52299943","9.3","39.336","","","","3"
"2014-01","Ontario","2016A000235","Semi-detached units","Units","300","thousands","3","v52299940","9.4","1.751","","","","3"
"2014-01","Ontario","2016A000235","Row units","Units","300","thousands","3","v52299941","9.5","11.653","","","","3"
"2014-01","Ontario","2016A000235","Apartment and other unit types","Units","300","thousands","3","v52299942","9.6","25.932","","","","3"
"2014-01","Toronto, Ontario","2011S0503535","Total units","Units","300","thousands","3","v52299977","10.1","37.516","","","","3"
"2014-01","Toronto, Ontario","2011S0503535","Single-detached units","Units","300","thousands","3","v52299978","10.2","10.408","","","","3"
"2014-01","Toronto, Ontario","2011S0503535","Multiples","Units","300","thousands","3","v52299979","10.3","27.108","","","","3"
"2014-02","Ontario","2016A000235","Total units","Units","300","thousands","3","v52299938","9.1","59.318","","","","3"
"2014-02","Ontario","2016A000235","Single-detached units","Units","300","thousands","3","v52299939","9.2","16.860","","","","3"
"2014-02","Ontario","2016A000235","Multiples","Units","300","thousands","3","v52299943","9.3","42.458","","","","3"
"2014-02","Ontario","2016A000235","Semi-detached units","Units","300","thousands","3","v52299940","9.4","1.607","","","","3"
"2014-02","Ontario","2016A000235","Row units","Units","300","thousands","3","v52299941","9.5","7.851","","","","3"
"2014-02","Ontario","2016A000235","Apartment and other unit types","Units","300","thousands","3","v52299942","9.6","33.000","","","","3"
"2014-02","Toronto, Ontario","2011S0503535","Total units","Units","300","thousands","3","v52299977","10.1","38.900","","","","3"
"2014-02","Toronto, Ontario","2011S0503535","Single-detached units","Units","300","thousands","3","v52299978","10.2","7.004","","","","3"
"2014-02","Toronto, Ontario","2011S0503535","Multiples","Units","300","thousands","3","v52299979","10.3","31.896","","","","3"
"2014-03","Ontario","2016A000235","Total units","Units","300","thousands","3","v52299938","9.1","39.692","","","","3"
"2014-03","Ontario","2016A000235","Single-detached units","Units","300","thousands","3","v52299939","9.2","18.891","","","","3"
"2014-03","Ontario","2016A000235","Multiples","Units","300","thousands","3","v52299943","9.3","20.801","","","","3"
"2014-03","Ontario","2016A000235","Semi-detached units","Units","300","thousands","3","v52299940","9.4","3.193","","","","3"
"2014-03","Ontario","2016A000235","Row units","Units","300","thousands","3","v52299941","9.5","7.660","","","","3"
"2014-03","Ontario","2016A000235","Apartment and other unit types","Units","300","thousands","3","v52299942","9.6","9.948","","","","3"
"2014-03","Toronto, Ontario","2011S0503535","Total units","Units","300","thousands","3","v52299977","10.1","17.686","","","","3"
"2014-03","Toronto, Ontario","2011S0503535","Single-detached units","Units","300","thousands","3","v52299978","10.2","7.642","","","","3"
"2014-03","Toronto, Ontario","2011S0503535","Multiples","Units","300","thousands","3","v52299979","10.3","10.044","","","","3"
"2014-04","Ontario","2016A000235","Total units","Units","300","thousands","3","v52299938","9.1","64.714","","","","3"
"2014-04","Ontario","2016A000235","Single-detached units","Units","300","thousands","3","v52299939","9.2","20.185","","","","3"
"2014-04","Ontario","2016A000235","Multiples","Units","300","thousands","3","v52299943","9.3","44.529","","","","3"
"2014-04","Ontario","2016A000235","Semi-detached units","Units","300","thousands","3","v52299940","9.4","2.711","","","","3"
"2014-04","Ontario","2016A000235","Row units","Units","300","thousands","3","v52299941","9.5","9.118","","","","3"
"2014-04","Ontario","2016A000235","Apartment and other unit types","Units","300","thousands","3","v52299942","9.6","32.700","","","","3"
"2014-04","Toronto, Ontario","2011S0503535","Total units","Units","300","thousands","3","v52299977","10.1","36.543","","","","3"
"2014-04","Toronto, Ontario","2011S0503535","Single-detached units","Units","300","thousands","3","v52299978","10.2","7.503","","","","3"
"2014-04","Toronto, Ontario","2011S0503535","Multiples","Units","300","thousands","3","v52299979","10.3","29.040","","","","3"
"2014-05","Ontario","2016A000235","Total units","Units","300","thousands","3","v52299938","9.1","62.925","","","","3"
"2014-05","Ontario","2016A000235","Single-detached units","Units","300","thousands","3","v52299939","9.2","22.309","","","","3"
"2014-05","Ontario","2016A000235","Multiples","Units","300","thousands","3","v52299943","9.3","40.616","","","","3"
"2014-05","Ontario","2016A000235","Semi-detached units","Units","300","thousands","3","v52299940","9.4","3.616","","","","3"
"2014-05","Ontario","2016A000235","Row units","Units","300","thousands","3","v52299941","9.5","11.644","","","","3"
"2014-05","Ontario","2016A000235","Apartment and other unit types","Units","300","thousands","3","v52299942","9.6","25.356","","","","3"
"2014-05","Toronto, Ontario","2011S0503535","Total units","Units","300","thousands","3","v52299977","10.1","37.023","","","","3"
"2014-05","Toronto, Ontario","2011S0503535","Single-detached units","Units","300","thousands","3","v52299978","10.2","10.767","","","","3"
"2014-05","Toronto, Ontario","2011S0503535","Multiples","Units","300","thousands","3","v52299979","10.3","26.256","","","","3"
"2014-06","Ontario","2016A000235","Total units","Units","300","thousands","3","v52299938","9.1","52.965","","","","3"
"2014-06","Ontario","2016A000235","Single-detached units","Units","300","thousands","3","v52299939","9.2","22.522","","","","3"
"2014-06","Ontario","2016A000235","Multiples","Units","300","thousands","3","v52299943","9.3","30.443","","","","3"
"2014-06","Ontario","2016A000235","Semi-detached units","Units","300","thousands","3","v52299940","9.4","2.765","","","","3"
"2014-06","Ontario","2016A000235","Row units","Units","300","thousands","3","v52299941","9.5","11.010","","","","3"
"2014-06","Ontario","2016A000235","Apartment and other unit types","Units","300","thousands","3","v52299942","9.6","16.668","","","","3"
"2014-06","Toronto, Ontario","2011S0503535","Total units","Units","300","thousands","3","v52299977","10.1","26.249","","","","3"
"2014-06","Toronto, Ontario","2011S0503535","Single-detached units","Units","300","thousands","3","v52299978","10.2","9.461","","","","3"
"2014-06","Toronto, Ontario","2011S0503535","Multiples","Units","300","thousands","3","v52299979","10.3","16.788","","","","3"
"2014-07","Ontario","2016A000235","Total units","Units","300","thousands","3","v52299938","9.1","65.423","","","","3"
"2014-07","Ontario","2016A000235","Single-detached units","Units","300","thousands","3","v52299939","9.2","23.348","","","","3"
"2014-07","Ontario","2016A000235","Multiples","Units","300","thousands","3","v52299943","9.3","42.075","","","","3"
"2014-07","Ontario","2016A000235","Semi-detached units","Units","300","thousands","3","v52299940","9.4","3.082","","","","3"
"2014-07","Ontario","2016A000235","Row units","Units","300","thousands","3","v52299941","9.5","8.369","","","","3"
"2014-07","Ontario","2016A000235","Apartment and other unit types","Units","300","thousands","3","v52299942","9.6","30.624","","","","3"
"2014-07","Toronto, Ontario","2011S0503535","Total units","Units","300","thousands","3","v52299977","10.1","38.123","","","","3"
"2014-07","Toronto, Ontario","2011S0503535","Single-detached units","Units","300","thousands","3","v52299978","10.2","9.887","","","","3"
"2014-07","Toronto, Ontario","2011S0503535","Multiples","Units","300","thousands","3","v52299979","10.3","28.236","","","","3"
"2014-08","Ontario","2016A000235","Total units","Units","300","thousands","3","v52299938","9.1","48.910","","","","3"
"2014-08","Ontario","2016A000235","Single-detached units","Units","300","thousands","3","v52299939","9.2","21.900","","","","3"
"2014-08","Ontario","2016A000235","Multiples","Units","300","thousands","3","v52299943","9.3","27.010","","","","3"
"2014-08","Ontario","2016A000235","Semi-detached units","Units","300","thousands","3","v52299940","9.4","2.360","","","","3"
"2014-08","Ontario","2016A000235","Row units","Units","300","thousands","3","v52299941","9.5","9.770","","","","3"
"2014-08","Ontario","2016A000235","Apartment and other unit types","Units","300","thousands","3","v52299942","9.6","14.880","","","","3"
"2014-08","Toronto, Ontario","2011S0503535","Total units","Units","300","thousands","3","v52299977","10.1","23.221","","","","3"
"2014-08","Toronto, Ontario","2011S0503535","Single-detached units","Units","300","thousands","3","v52299978","10.2","8.713","","","","3"
"2014-08","Toronto, Ontario","2011S0503535","Multiples","Units","300","thousands","3","v52299979","10.3","14.508","","","","3"
"2014-09","Ontario","2016A000235","Total units","Units","300","thousands","3","v52299938","9.1","50.239","","","","3"
"2014-09","Ontario","2016A000235","Single-detached units","Units","300","thousands","3","v52299939","9.2","21.409","","","","3"
"2014-09","Ontario","2016A000235","Multiples","Units","300","thousands","3","v52299943","9.3","28.830","","","","3"
"2014-09","Ontario","2016A000235","Semi-detached units","Units","300","thousands","3","v52299940","9.4","2.718","","","","3"
"2014-09","Ontario","2016A000235","Row units","Units","300","thousands","3","v52299941","9.5","9.216","","","","3"
"2014-09","Ontario","2016A000235","Apartment and other unit types","Units","300","thousands","3","v52299942","9.6","16.896","","","","3"
"2014-09","Toronto, Ontario","2011S0503535","Total units","Units","300","thousands","3","v52299977","10.1","14.700","","","","3"
"2014-09","Toronto, Ontario","2011S0503535","Single-detached units","Units","300","thousands","3","v52299978","10.2","7.884","","","","3"
"2014-09","Toronto, Ontario","2011S0503535","Multiples","Units","300","thousands","3","v52299979","10.3","6.816","","","","3"
"2014-10","Ontario","2016A000235","Total units","Units","300","thousands","3","v52299938","9.1","49.624","","","","3"
"2014-10","Ontario","2016A000235","Single-detached units","Units","300","thousands","3","v52299939","9.2","21.046","","","","3"
"2014-10","Ontario","2016A000235","Multiples","Units","300","thousands","3","v52299943","9.3","28.578","","","","3"
"2014-10","Ontario","2016A000235","Semi-detached units","Units","300","thousands","3","v52299940","9.4","2.219","","","","3"
"2014-10","Ontario","2016A000235","Row units","Units","300","thousands","3","v52299941","9.5","8.467","","","","3"
"2014-10","Ontario","2016A000235","Apartment and other unit types","Units","300","thousands","3","v52299942","9.6","17.892","","","","3"
"2014-10","Toronto, Ontario","2011S0503535","Total units","Units","300","thousands","3","v52299977","10.1","25.449","","","","3"
"2014-10","Toronto, Ontario","2011S0503535","Single-detached units","Units","300","thousands","3","v52299978","10.2","9.069","","","","3"
"2014-10","Toronto, Ontario","2011S0503535","Multiples","Units","300","thousands","3","v52299979","10.3","16.380","","","","3"
"2014-11","Ontario","2016A000235","Total units","Units","300","thousands","3","v52299938","9.1","55.661","","","","3"
"2014-11","Ontario","2016A000235","Single-detached units","Units","300","thousands","3","v52299939","9.2","20.762","","","","3"
"2014-11","Ontario","2016A000235","Multiples","Units","300","thousands","3","v52299943","9.3","34.899","","","","3"
"2014-11","Ontario","2016A000235","Semi-detached units","Units","300","thousands","3","v52299940","9.4","2.075","","","","3"
"2014-11","Ontario","2016A000235","Row units","Units","300","thousands","3","v52299941","9.5","9.856","","","","3"
"2014-11","Ontario","2016A000235","Apartment and other unit types","Units","300","thousands","3","v52299942","9.6","22.968","","","","3"
"2014-11","Toronto, Ontario","2011S0503535","Total units","Units","300","thousands","3","v52299977","10.1","24.011","","","","3"
"2014-11","Toronto, Ontario","2011S0503535","Single-detached units","Units","300","thousands","3","v52299978","10.2","8.723","","","","3"
"2014-11","Toronto, Ontario","2011S0503535","Multiples","Units","300","thousands","3","v52299979","10.3","15.288","","","","3"
"2014-12","Ontario","2016A000235","Total units","Units","300","thousands","3","v52299938","9.1","56.752","","","","3"
"2014-12","Ontario","2016A000235","Single-detached units","Units","300","thousands","3","v52299939","9.2","20.427","","","","3"
"2014-12","Ontario","2016A000235","Multiples","Units","300","thousands","3","v52299943","9.3","36.325","","","","3"
"2014-12","Ontario","2016A000235","Semi-detached units","Units","300","thousands","3","v52299940","9.4","2.019","","","","3"
"2014-12","Ontario","2016A000235","Row units","Units","300","thousands","3","v52299941","9.5","8.878","","","","3"
"2014-12","Ontario","2016A000235","Apartment and other unit types","Units","300","thousands","3","v52299942","9.6","25.428","","","","3"
"2014-12","Toronto, Ontario","2011S0503535","Total units","Units","300","thousands","3","v52299977","10.1","26.350","","","","3"
"2014-12","Toronto, Ontario","2011S0503535","Single-detached units","Units","300","thousands","3","v52299978","10.2","7.522","","","","3"
"2014-12","Toronto, Ontario","2011S0503535","Multiples","Units","300","thousands","3","v52299979","10.3","18.828","","","","3"
"2015-01","Ontario","2016A000235","Total units","Units","300","thousands","3","v52299938","9.1","59.592","","","","3"
"2015-01","Ontario","2016A000235","Single-detached units","Units","300","thousands","3","v52299939","9.2","18.580","","","","3"
"2015-01","Ontario","2016A000235","Multiples","Units","300","thousands","3","v52299943","9.3","41.012","","","","3"
"2015-01","Ontario","2016A000235","Semi-detached units","Units","300","thousands","3","v52299940","9.4","1.940","","","","3"
"2015-01","Ontario","2016A000235","Row units","Units","300","thousands","3","v52299941","9.5","6.696","","","","3"
"2015-01","Ontario","2016A000235","Apartment and other unit types","Units","300","thousands","3","v52299942","9.6","32.376","","","","3"
"2015-01","Toronto, Ontario","2011S0503535","Total units","Units","300","thousands","3","v52299977","10.1","37.583","","","","3"
"2015-01","Toronto, Ontario","2011S0503535","Single-detached units","Units","300","thousands","3","v52299978","10.2","7.175","","","","3"
"2015-01","Toronto, Ontario","2011S0503535","Multiples","Units","300","thousands","3","v52299979","10.3","30.408","","","","3"
"2015-02","Ontario","2016A000235","Total units","Units","300","thousands","3","v52299938","9.1","40.217","","","","3"
"2015-02","Ontario","2016A000235","Single-detached units","Units","300","thousands","3","v52299939","9.2","14.735","","","","3"
"2015-02","Ontario","2016A000235","Multiples","Units","300","thousands","3","v52299943","9.3","25.482","","","","3"
"2015-02","Ontario","2016A000235","Semi-detached units","Units","300","thousands","3","v52299940","9.4","1.675","","","","3"
"2015-02","Ontario","2016A000235","Row units","Units","300","thousands","3","v52299941","9.5","7.115","","","","3"
"2015-02","Ontario","2016A000235","Apartment and other unit types","Units","300","thousands","3","v52299942","9.6","16.692","","","","3"
"2015-02","Toronto, Ontario","2011S0503535","Total units","Units","300","thousands","3","v52299977","10.1","21.980","","","","3"
"2015-02","Toronto, Ontario","2011S0503535","Single-detached units","Units","300","thousands","3","v52299978","10.2","6.392","","","","3"
"2015-02","Toronto, Ontario","2011S0503535","Multiples","Units","300","thousands","3","v52299979","10.3","15.588","","","","3"
"2015-03","Ontario","2016A000235","Total units","Units","300","thousands","3","v52299938","9.1","61.250","","","","3"
"2015-03","Ontario","2016A000235","Single-detached units","Units","300","thousands","3","v52299939","9.2","15.429","","","","3"
"2015-03","Ontario","2016A000235","Multiples","Units","300","thousands","3","v52299943","9.3","45.821","","","","3"
"2015-03","Ontario","2016A000235","Semi-detached units","Units","300","thousands","3","v52299940","9.4","1.648","","","","3"
"2015-03","Ontario","2016A000235","Row units","Units","300","thousands","3","v52299941","9.5","3.937","","","","3"
"2015-03","Ontario","2016A000235","Apartment and other unit types","Units","300","thousands","3","v52299942","9.6","40.236","","","","3"
"2015-03","Toronto, Ontario","2011S0503535","Total units","Units","300","thousands","3","v52299977","10.1","46.568","","","","3"
"2015-03","Toronto, Ontario","2011S0503535","Single-detached units","Units","300","thousands","3","v52299978","10.2","7.748","","","","3"
"2015-03","Toronto, Ontario","2011S0503535","Multiples","Units","300","thousands","3","v52299979","10.3","38.820","","","","3"
"2015-04","Ontario","2016A000235","Total units","Units","300","thousands","3","v52299938","9.1","63.515","","","","3"
"2015-04","Ontario","2016A000235","Single-detached units","Units","300","thousands","3","v52299939","9.2","25.772","","","","3"
"2015-04","Ontario","2016A000235","Multiples","Units","300","thousands","3","v52299943","9.3","37.743","","","","3"
"2015-04","Ontario","2016A000235","Semi-detached units","Units","300","thousands","3","v52299940","9.4","2.111","","","","3"
"2015-04","Ontario","2016A000235","Row units","Units","300","thousands","3","v52299941","9.5","11.152","","","","3"
"2015-04","Ontario","2016A000235","Apartment and other unit types","Units","300","thousands","3","v52299942","9.6","24.480","","","","3"
"2015-04","Toronto, Ontario","2011S0503535","Total units","Units","300","thousands","3","v52299977","10.1","40.201","","","","3"
"2015-04","Toronto, Ontario","2011S0503535","Single-detached units","Units","300","thousands","3","v52299978","10.2","11.557","","","","3"
"2015-04","Toronto, Ontario","2011S0503535","Multiples","Units","300","thousands","3","v52299979","10.3","28.644","","","","3"
"2015-05","Ontario","2016A000235","Total units","Units","300","thousands","3","v52299938","9.1","82.505","","","","3"
"2015-05","Ontario","2016A000235","Single-detached units","Units","300","thousands","3","v52299939","9.2","23.806","","","","3"
"2015-05","Ontario","2016A000235","Multiples","Units","300","thousands","3","v52299943","9.3","58.699","","","","3"
"2015-05","Ontario","2016A000235","Semi-detached units","Units","300","thousands","3","v52299940","9.4","1.098","","","","3"
"2015-05","Ontario","2016A000235","Row units","Units","300","thousands","3","v52299941","9.5","14.125","","","","3"
"2015-05","Ontario","2016A000235","Apartment and other unit types","Units","300","thousands","3","v52299942","9.6","43.476","","","","3"
"2015-05","Toronto, Ontario","2011S0503535","Total units","Units","300","thousands","3","v52299977","10.1","58.562","","","","3"
"2015-05","Toronto, Ontario","2011S0503535","Single-detached units","Units","300","thousands","3","v52299978","10.2","11.414","","","","3"
"2015-05","Toronto, Ontario","2011S0503535","Multiples","Units","300","thousands","3","v52299979","10.3","47.148","","","","3"
"2015-06","Ontario","2016A000235","Total units","Units","300","thousands","3","v52299938","9.1","56.042","","","","3"
"2015-06","Ontario","2016A000235","Single-detached units","Units","300","thousands","3","v52299939","9.2","22.973","","","","3"
"2015-06","Ontario","2016A000235","Multiples","Units","300","thousands","3","v52299943","9.3","33.069","","","","3"
"2015-06","Ontario","2016A000235","Semi-detached units","Units","300","thousands","3","v52299940","9.4","1.683","","","","3"
"2015-06","Ontario","2016A000235","Row units","Units","300","thousands","3","v52299941","9.5","11.490","","","","3"
"2015-06","Ontario","2016A000235","Apartment and other unit types","Units","300","thousands","3","v52299942","9.6","19.896","","","","3"
"2015-06","Toronto, Ontario","2011S0503535","Total units","Units","300","thousands","3","v52299977","10.1","30.646","","","","3"
"2015-06","Toronto, Ontario","2011S0503535","Single-detached units","Units","300","thousands","3","v52299978","10.2","10.270","","","","3"
"2015-06","Toronto, Ontario","2011S0503535","Multiples","Units","300","thousands","3","v52299979","10.3","20.376","","","","3"
"2015-07","Ontario","2016A000235","Total units","Units","300","thousands","3","v52299938","9.1","49.016","","","","3"
"2015-07","Ontario","2016A000235","Single-detached units","Units","300","thousands","3","v52299939","9.2","23.772","","","","3"
"2015-07","Ontario","2016A000235","Multiples","Units","300","thousands","3","v52299943","9.3","25.244","","","","3"
"2015-07","Ontario","2016A000235","Semi-detached units","Units","300","thousands","3","v52299940","9.4","1.623","","","","3"
"2015-07","Ontario","2016A000235","Row units","Units","300","thousands","3","v52299941","9.5","9.773","","","","3"
"2015-07","Ontario","2016A000235","Apartment and other unit types","Units","300","thousands","3","v52299942","9.6","13.848","","","","3"
"2015-07","Toronto, Ontario","2011S0503535","Total units","Units","300","thousands","3","v52299977","10.1","23.564","","","","3"
"2015-07","Toronto, Ontario","2011S0503535","Single-detached units","Units","300","thousands","3","v52299978","10.2","9.548","","","","3"
"2015-07","Toronto, Ontario","2011S0503535","Multiples","Units","300","thousands","3","v52299979","10.3","14.016","","","","3"
"2015-08","Ontario","2016A000235","Total units","Units","300","thousands","3","v52299938","9.1","94.128","","","","3"
"2015-08","Ontario","2016A000235","Single-detached units","Units","300","thousands","3","v52299939","9.2","24.750","","","","3"
"2015-08","Ontario","2016A000235","Multiples","Units","300","thousands","3","v52299943","9.3","69.378","","","","3"
"2015-08","Ontario","2016A000235","Semi-detached units","Units","300","thousands","3","v52299940","9.4","3.410","","","","3"
"2015-08","Ontario","2016A000235","Row units","Units","300","thousands","3","v52299941","9.5","8.716","","","","3"
"2015-08","Ontario","2016A000235","Apartment and other unit types","Units","300","thousands","3","v52299942","9.6","57.252","","","","3"
"2015-08","Toronto, Ontario","2011S0503535","Total units","Units","300","thousands","3","v52299977","10.1","64.721","","","","3"
"2015-08","Toronto, Ontario","2011S0503535","Single-detached units","Units","300","thousands","3","v52299978","10.2","11.381","","","","3"
"2015-08","Toronto, Ontario","2011S0503535","Multiples","Units","300","thousands","3","v52299979","10.3","53.340","","","","3"
"2015-09","Ontario","2016A000235","Total units","Units","300","thousands","3","v52299938","9.1","88.308","","","","3"
"2015-09","Ontario","2016A000235","Single-detached units","Units","300","thousands","3","v52299939","9.2","25.320","","","","3"
"2015-09","Ontario","2016A000235","Multiples","Units","300","thousands","3","v52299943","9.3","62.988","","","","3"
"2015-09","Ontario","2016A000235","Semi-detached units","Units","300","thousands","3","v52299940","9.4","1.511","","","","3"
"2015-09","Ontario","2016A000235","Row units","Units","300","thousands","3","v52299941","9.5","9.709","","","","3"
"2015-09","Ontario","2016A000235","Apartment and other unit types","Units","300","thousands","3","v52299942","9.6","51.768","","","","3"
"2015-09","Toronto, Ontario","2011S0503535","Total units","Units","300","thousands","3","v52299977","10.1","58.182","","","","3"
"2015-09","Toronto, Ontario","2011S0503535","Single-detached units","Units","300","thousands","3","v52299978","10.2","11.790","","","","3"
"2015-09","Toronto, Ontario","2011S0503535","Multiples","Units","300","thousands","3","v52299979","10.3","46.392","","","","3"
"2015-10","Ontario","2016A000235","Total units","Units","300","thousands","3","v52299938","9.1","72.999","","","","3"
"2015-10","Ontario","2016A000235","Single-detached units","Units","300","thousands","3","v52299939","9.2","26.029","","","","3"
"2015-10","Ontario","2016A000235","Multiples","Units","300","thousands","3","v52299943","9.3","46.970","","","","3"
"2015-10","Ontario","2016A000235","Semi-detached units","Units","300","thousands","3","v52299940","9.4","2.087","","","","3"
"2015-10","Ontario","2016A000235","Row units","Units","300","thousands","3","v52299941","9.5","9.771","","","","3"
"2015-10","Ontario","2016A000235","Apartment and other unit types","Units","300","thousands","3","v52299942","9.6","35.112","","","","3"
"2015-10","Toronto, Ontario","2011S0503535","Total units","Units","300","thousands","3","v52299977","10.1","38.825","","","","3"
"2015-10","Toronto, Ontario","2011S0503535","Single-detached units","Units","300","thousands","3","v52299978","10.2","10.685","","","","3"
"2015-10","Toronto, Ontario","2011S0503535","Multiples","Units","300","thousands","3","v52299979","10.3","28.140","","","","3"
"2015-11","Ontario","2016A000235","Total units","Units","300","thousands","3","v52299938","9.1","85.653","","","","3"
"2015-11","Ontario","2016A000235","Single-detached units","Units","300","thousands","3","v52299939","9.2","25.843","","","","3"
"2015-11","Ontario","2016A000235","Multiples","Units","300","thousands","3","v52299943","9.3","59.810","","","","3"
"2015-11","Ontario","2016A000235","Semi-detached units","Units","300","thousands","3","v52299940","9.4","1.998","","","","3"
"2015-11","Ontario","2016A000235","Row units","Units","300","thousands","3","v52299941","9.5","12.080","","","","3"
"2015-11","Ontario","2016A000235","Apartment and other unit types","Units","300","thousands","3","v52299942","9.6","45.732","","","","3"
"2015-11","Toronto, Ontario","2011S0503535","Total units","Units","300","thousands","3","v52299977","10.1","58.641","","","","3"
"2015-11","Toronto, Ontario","2011S0503535","Single-detached units","Units","300","thousands","3","v52299978","10.2","10.257","","","","3"
"2015-11","Toronto, Ontario","2011S0503535","Multiples","Units","300","thousands","3","v52299979","10.3","48.384","","","","3"
"2015-12","Ontario","2016A000235","Total units","Units","300","thousands","3","v52299938","9.1","53.098","","","","3"
"2015-12","Ontario","2016A000235","Single-detached units","Units","300","thousands","3","v52299939","9.2","24.823","","","","3"
"2015-12","Ontario","2016A000235","Multiples","Units","300","thousands","3","v52299943","9.3","28.275","","","","3"
"2015-12","Ontario","2016A000235","Semi-detached units","Units","300","thousands","3","v52299940","9.4","2.991","","","","3"
"2015-12","Ontario","2016A000235","Row units","Units","300","thousands","3","v52299941","9.5","15.372","","","","3"
"2015-12","Ontario","2016A000235","Apartment and other unit types","Units","300","thousands","3","v52299942","9.6","9.912","","","","3"
"2015-12","Toronto, Ontario","2011S0503535","Total units","Units","300","thousands","3","v52299977","10.1","24.421","","","","3"
"2015-12","Toronto, Ontario","2011S0503535","Single-detached units","Units","300","thousands","3","v52299978","10.2","10.909","","","","3"
"2015-12","Toronto, Ontario","2011S0503535","Multiples","Units","300","thousands","3","v52299979","10.3","13.512","","","","3"
"2016-01","Ontario","2016A000235","Total units","Units","300","thousands","3","v52299938","9.1","57.030","","","","3"
"2016-01","Ontario","2016A000235","Single-detached units","Units","300","thousands","3","v52299939","9.2","24.644","","","","3"
"2016-01","Ontario","2016A000235","Multiples","Units","300","thousands","3","v52299943","9.3","32.386","","","","3"
"2016-01","Ontario","2016A000235","Semi-detached units","Units","300","thousands","3","v52299940","9.4","2.636","","","","3"
"2016-01","Ontario","2016A000235","Row units","Units","300","thousands","3","v52299941","9.5","9.602","","","","3"
"2016-01","Ontario","2016A000235","Apartment and other unit types","Units","300","thousands","3","v52299942","9.6","20.148","","","","3"
"2016-01","Toronto, Ontario","2011S0503535","Total units","Units","300","thousands","3","v52299977","10.1","24.680","","","","3"
"2016-01","Toronto, Ontario","2011S0503535","Single-detached units","Units","300","thousands","3","v52299978","10.2","10.280","","","","3"
"2016-01","Toronto, Ontario","2011S0503535","Multiples","Units","300","thousands","3","v52299979","10.3","14.400","","","","3"
"2016-02","Ontario","2016A000235","Total units","Units","300","thousands","3","v52299938","9.1","72.404","","","","3"
"2016-02","Ontario","2016A000235","Single-detached units","Units","300","thousands","3","v52299939","9.2","24.965","","","","3"
"2016-02","Ontario","2016A000235","Multiples","Units","300","thousands","3","v52299943","9.3","47.439","","","","3"
"2016-02","Ontario","2016A000235","Semi-detached units","Units","300","thousands","3","v52299940","9.4","1.699","","","","3"
"2016-02","Ontario","2016A000235","Row units","Units","300","thousands","3","v52299941","9.5","11.468","","","","3"
"2016-02","Ontario","2016A000235","Apartment and other unit types","Units","300","thousands","3","v52299942","9.6","34.272","","","","3"
"2016-02","Toronto, Ontario","2011S0503535","Total units","Units","300","thousands","3","v52299977","10.1","45.503","","","","3"
"2016-02","Toronto, Ontario","2011S0503535","Single-detached units","Units","300","thousands","3","v52299978","10.2","13.451","","","","3"
"2016-02","Toronto, Ontario","2011S0503535","Multiples","Units","300","thousands","3","v52299979","10.3","32.052","","","","3"
"2016-03","Ontario","2016A000235","Total units","Units","300","thousands","3","v52299938","9.1","82.615","","","","3"
"2016-03","Ontario","2016A000235","Single-detached units","Units","300","thousands","3","v52299939","9.2","25.424","","","","3"
"2016-03","Ontario","2016A000235","Multiples","Units","300","thousands","3","v52299943","9.3","57.191","","","","3"
"2016-03","Ontario","2016A000235","Semi-detached units","Units","300","thousands","3","v52299940","9.4","1.335","","","","3"
"2016-03","Ontario","2016A000235","Row units","Units","300","thousands","3","v52299941","9.5","11.096","","","","3"
"2016-03","Ontario","2016A000235","Apartment and other unit types","Units","300","thousands","3","v52299942","9.6","44.760","","","","3"
"2016-03","Toronto, Ontario","2011S0503535","Total units","Units","300","thousands","3","v52299977","10.1","54.679","","","","3"
"2016-03","Toronto, Ontario","2011S0503535","Single-detached units","Units","300","thousands","3","v52299978","10.2","11.287","","","","3"
"2016-03","Toronto, Ontario","2011S0503535","Multiples","Units","300","thousands","3","v52299979","10.3","43.392","","","","3"
"2016-04","Ontario","2016A000235","Total units","Units","300","thousands","3","v52299938","9.1","65.267","","","","3"
"2016-04","Ontario","2016A000235","Single-detached units","Units","300","thousands","3","v52299939","9.2","25.389","","","","3"
"2016-04","Ontario","2016A000235","Multiples","Units","300","thousands","3","v52299943","9.3","39.878","","","","3"
"2016-04","Ontario","2016A000235","Semi-detached units","Units","300","thousands","3","v52299940","9.4","2.370","","","","3"
"2016-04","Ontario","2016A000235","Row units","Units","300","thousands","3","v52299941","9.5","11.936","","","","3"
"2016-04","Ontario","2016A000235","Apartment and other unit types","Units","300","thousands","3","v52299942","9.6","25.572","","","","3"
"2016-04","Toronto, Ontario","2011S0503535","Total units","Units","300","thousands","3","v52299977","10.1","37.967","","","","3"
"2016-04","Toronto, Ontario","2011S0503535","Single-detached units","Units","300","thousands","3","v52299978","10.2","9.671","","","","3"
"2016-04","Toronto, Ontario","2011S0503535","Multiples","Units","300","thousands","3","v52299979","10.3","28.296","","","","3"
"2016-05","Ontario","2016A000235","Total units","Units","300","thousands","3","v52299938","9.1","68.643","","","","3"
"2016-05","Ontario","2016A000235","Single-detached units","Units","300","thousands","3","v52299939","9.2","26.471","","","","3"
"2016-05","Ontario","2016A000235","Multiples","Units","300","thousands","3","v52299943","9.3","42.172","","","","3"
"2016-05","Ontario","2016A000235","Semi-detached units","Units","300","thousands","3","v52299940","9.4","2.709","","","","3"
"2016-05","Ontario","2016A000235","Row units","Units","300","thousands","3","v52299941","9.5","9.919","","","","3"
"2016-05","Ontario","2016A000235","Apartment and other unit types","Units","300","thousands","3","v52299942","9.6","29.544","","","","3"
"2016-05","Toronto, Ontario","2011S0503535","Total units","Units","300","thousands","3","v52299977","10.1","33.537","","","","3"
"2016-05","Toronto, Ontario","2011S0503535","Single-detached units","Units","300","thousands","3","v52299978","10.2","9.693","","","","3"
"2016-05","Toronto, Ontario","2011S0503535","Multiples","Units","300","thousands","3","v52299979","10.3","23.844","","","","3"
"2016-06","Ontario","2016A000235","Total units","Units","300","thousands","3","v52299938","9.1","85.089","","","","3"
"2016-06","Ontario","2016A000235","Single-detached units","Units","300","thousands","3","v52299939","9.2","28.032","","","","3"
"2016-06","Ontario","2016A000235","Multiples","Units","300","thousands","3","v52299943","9.3","57.057","","","","3"
"2016-06","Ontario","2016A000235","Semi-detached units","Units","300","thousands","3","v52299940","9.4","2.461","","","","3"
"2016-06","Ontario","2016A000235","Row units","Units","300","thousands","3","v52299941","9.5","10.292","","","","3"
"2016-06","Ontario","2016A000235","Apartment and other unit types","Units","300","thousands","3","v52299942","9.6","44.304","","","","3"
"2016-06","Toronto, Ontario","2011S0503535","Total units","Units","300","thousands","3","v52299977","10.1","46.504","","","","3"
"2016-06","Toronto, Ontario","2011S0503535","Single-detached units","Units","300","thousands","3","v52299978","10.2","10.960","","","","3"
"2016-06","Toronto, Ontario","2011S0503535","Multiples","Units","300","thousands","3","v52299979","10.3","35.544","","","","3"
"2016-07","Ontario","2016A000235","Total units","Units","300","thousands","3","v52299938","9.1","75.983","","","","3"
"2016-07","Ontario","2016A000235","Single-detached units","Units","300","thousands","3","v52299939","9.2","27.570","","","","3"
"2016-07","Ontario","2016A000235","Multiples","Units","300","thousands","3","v52299943","9.3","48.413","","","","3"
"2016-07","Ontario","2016A000235","Semi-detached units","Units","300","thousands","3","v52299940","9.4","2.398","","","","3"
"2016-07","Ontario","2016A000235","Row units","Units","300","thousands","3","v52299941","9.5","12.403","","","","3"
"2016-07","Ontario","2016A000235","Apartment and other unit types","Units","300","thousands","3","v52299942","9.6","33.612","","","","3"
"2016-07","Toronto, Ontario","2011S0503535","Total units","Units","300","thousands","3","v52299977","10.1","40.608","","","","3"
"2016-07","Toronto, Ontario","2011S0503535","Single-detached units","Units","300","thousands","3","v52299978","10.2","12.300","","","","3"
"2016-07","Toronto, Ontario","2011S0503535","Multiples","Units","300","thousands","3","v52299979","10.3","28.308","","","","3"
"2016-08","Ontario","2016A000235","Total units","Units","300","thousands","3","v52299938","9.1","71.595","","","","3"
"2016-08","Ontario","2016A000235","Single-detached units","Units","300","thousands","3","v52299939","9.2","27.173","","","","3"
"2016-08","Ontario","2016A000235","Multiples","Units","300","thousands","3","v52299943","9.3","44.422","","","","3"
"2016-08","Ontario","2016A000235","Semi-detached units","Units","300","thousands","3","v52299940","9.4","2.676","","","","3"
"2016-08","Ontario","2016A000235","Row units","Units","300","thousands","3","v52299941","9.5","10.546","","","","3"
"2016-08","Ontario","2016A000235","Apartment and other unit types","Units","300","thousands","3","v52299942","9.6","31.200","","","","3"
"2016-08","Toronto, Ontario","2011S0503535","Total units","Units","300","thousands","3","v52299977","10.1","40.805","","","","3"
"2016-08","Toronto, Ontario","2011S0503535","Single-detached units","Units","300","thousands","3","v52299978","10.2","12.449","","","","3"
"2016-08","Toronto, Ontario","2011S0503535","Multiples","Units","300","thousands","3","v52299979","10.3","28.356","","","","3"
"2016-09","Ontario","2016A000235","Total units","Units","300","thousands","3","v52299938","9.1","66.048","","","","3"
"2016-09","Ontario","2016A000235","Single-detached units","Units","300","thousands","3","v52299939","9.2","26.735","","","","3"
"2016-09","Ontario","2016A000235","Multiples","Units","300","thousands","3","v52299943","9.3","39.313","","","","3"
"2016-09","Ontario","2016A000235","Semi-detached units","Units","300","thousands","3","v52299940","9.4","2.334","","","","3"
"2016-09","Ontario","2016A000235","Row units","Units","300","thousands","3","v52299941","9.5","13.939","","","","3"
"2016-09","Ontario","2016A000235","Apartment and other unit types","Units","300","thousands","3","v52299942","9.6","23.040","","","","3"
"2016-09","Toronto, Ontario","2011S0503535","Total units","Units","300","thousands","3","v52299977","10.1","30.004","","","","3"
"2016-09","Toronto, Ontario","2011S0503535","Single-detached units","Units","300","thousands","3","v52299978","10.2","11.188","","","","3"
"2016-09","Toronto, Ontario","2011S0503535","Multiples","Units","300","thousands","3","v52299979","10.3","18.816","","","","3"
"2016-10","Ontario","2016A000235","Total units","Units","300","thousands","3","v52299938","9.1","81.874","","","","3"
"2016-10","Ontario","2016A000235","Single-detached units","Units","300","thousands","3","v52299939","9.2","28.320","","","","3"
"2016-10","Ontario","2016A000235","Multiples","Units","300","thousands","3","v52299943","9.3","53.554","","","","3"
"2016-10","Ontario","2016A000235","Semi-detached units","Units","300","thousands","3","v52299940","9.4","2.511","","","","3"
"2016-10","Ontario","2016A000235","Row units","Units","300","thousands","3","v52299941","9.5","14.371","","","","3"
"2016-10","Ontario","2016A000235","Apartment and other unit types","Units","300","thousands","3","v52299942","9.6","36.672","","","","3"
"2016-10","Toronto, Ontario","2011S0503535","Total units","Units","300","thousands","3","v52299977","10.1","49.416","","","","3"
"2016-10","Toronto, Ontario","2011S0503535","Single-detached units","Units","300","thousands","3","v52299978","10.2","13.548","","","","3"
"2016-10","Toronto, Ontario","2011S0503535","Multiples","Units","300","thousands","3","v52299979","10.3","35.868","","","","3"
"2016-11","Ontario","2016A000235","Total units","Units","300","thousands","3","v52299938","9.1","55.453","","","","3"
"2016-11","Ontario","2016A000235","Single-detached units","Units","300","thousands","3","v52299939","9.2","28.571","","","","3"
"2016-11","Ontario","2016A000235","Multiples","Units","300","thousands","3","v52299943","9.3","26.882","","","","3"
"2016-11","Ontario","2016A000235","Semi-detached units","Units","300","thousands","3","v52299940","9.4","1.825","","","","3"
"2016-11","Ontario","2016A000235","Row units","Units","300","thousands","3","v52299941","9.5","11.197","","","","3"
"2016-11","Ontario","2016A000235","Apartment and other unit types","Units","300","thousands","3","v52299942","9.6","13.860","","","","3"
"2016-11","Toronto, Ontario","2011S0503535","Total units","Units","300","thousands","3","v52299977","10.1","30.303","","","","3"
"2016-11","Toronto, Ontario","2011S0503535","Single-detached units","Units","300","thousands","3","v52299978","10.2","13.083","","","","3"
"2016-11","Toronto, Ontario","2011S0503535","Multiples","Units","300","thousands","3","v52299979","10.3","17.220","","","","3"
"2016-12","Ontario","2016A000235","Total units","Units","300","thousands","3","v52299938","9.1","76.514","","","","3"
"2016-12","Ontario","2016A000235","Single-detached units","Units","300","thousands","3","v52299939","9.2","30.405","","","","3"
"2016-12","Ontario","2016A000235","Multiples","Units","300","thousands","3","v52299943","9.3","46.109","","","","3"
"2016-12","Ontario","2016A000235","Semi-detached units","Units","300","thousands","3","v52299940","9.4","1.666","","","","3"
"2016-12","Ontario","2016A000235","Row units","Units","300","thousands","3","v52299941","9.5","12.007","","","","3"
"2016-12","Ontario","2016A000235","Apartment and other unit types","Units","300","thousands","3","v52299942","9.6","32.436","","","","3"
"2016-12","Toronto, Ontario","2011S0503535","Total units","Units","300","thousands","3","v52299977","10.1","33.813","","","","3"
"2016-12","Toronto, Ontario","2011S0503535","Single-detached units","Units","300","thousands","3","v52299978","10.2","14.193","","","","3"
"2016-12","Toronto, Ontario","2011S0503535","Multiples","Units","300","thousands","3","v52299979","10.3","19.620","","","","3"
"2017-01","Ontario","2016A000235","Total units","Units","300","thousands","3","v52299938","9.1","94.569","","","","3"
"2017-01","Ontario","2016A000235","Single-detached units","Units","300","thousands","3","v52299939","9.2","31.237","","","","3"
"2017-01","Ontario","2016A000235","Multiples","Units","300","thousands","3","v52299943","9.3","63.332","","","","3"
"2017-01","Ontario","2016A000235","Semi-detached units","Units","300","thousands","3","v52299940","9.4","2.315","","","","3"
"2017-01","Ontario","2016A000235","Row units","Units","300","thousands","3","v52299941","9.5","16.077","","","","3"
"2017-01","Ontario","2016A000235","Apartment and other unit types","Units","300","thousands","3","v52299942","9.6","44.940","","","","3"
"2017-01","Toronto, Ontario","2011S0503535","Total units","Units","300","thousands","3","v52299977","10.1","51.918","","","","3"
"2017-01","Toronto, Ontario","2011S0503535","Single-detached units","Units","300","thousands","3","v52299978","10.2","14.250","","","","3"
"2017-01","Toronto, Ontario","2011S0503535","Multiples","Units","300","thousands","3","v52299979","10.3","37.668","","","","3"
"2017-02","Ontario","2016A000235","Total units","Units","300","thousands","3","v52299938","9.1","79.615","","","","3"
"2017-02","Ontario","2016A000235","Single-detached units","Units","300","thousands","3","v52299939","9.2","32.915","","","","3"
"2017-02","Ontario","2016A000235","Multiples","Units","300","thousands","3","v52299943","9.3","46.700","","","","3"
"2017-02","Ontario","2016A000235","Semi-detached units","Units","300","thousands","3","v52299940","9.4","3.321","","","","3"
"2017-02","Ontario","2016A000235","Row units","Units","300","thousands","3","v52299941","9.5","17.435","","","","3"
"2017-02","Ontario","2016A000235","Apartment and other unit types","Units","300","thousands","3","v52299942","9.6","25.944","","","","3"
"2017-02","Toronto, Ontario","2011S0503535","Total units","Units","300","thousands","3","v52299977","10.1","36.800","","","","3"
"2017-02","Toronto, Ontario","2011S0503535","Single-detached units","Units","300","thousands","3","v52299978","10.2","15.788","","","","3"
"2017-02","Toronto, Ontario","2011S0503535","Multiples","Units","300","thousands","3","v52299979","10.3","21.012","","","","3"
"2017-03","Ontario","2016A000235","Total units","Units","300","thousands","3","v52299938","9.1","84.861","","","","3"
"2017-03","Ontario","2016A000235","Single-detached units","Units","300","thousands","3","v52299939","9.2","30.983","","","","3"
"2017-03","Ontario","2016A000235","Multiples","Units","300","thousands","3","v52299943","9.3","53.878","","","","3"
"2017-03","Ontario","2016A000235","Semi-detached units","Units","300","thousands","3","v52299940","9.4","4.239","","","","3"
"2017-03","Ontario","2016A000235","Row units","Units","300","thousands","3","v52299941","9.5","18.763","","","","3"
"2017-03","Ontario","2016A000235","Apartment and other unit types","Units","300","thousands","3","v52299942","9.6","30.876","","","","3"
"2017-03","Toronto, Ontario","2011S0503535","Total units","Units","300","thousands","3","v52299977","10.1","51.355","","","","3"
"2017-03","Toronto, Ontario","2011S0503535","Single-detached units","Units","300","thousands","3","v52299978","10.2","13.075","","","","3"
"2017-03","Toronto, Ontario","2011S0503535","Multiples","Units","300","thousands","3","v52299979","10.3","38.280","","","","3"
"2017-04","Ontario","2016A000235","Total units","Units","300","thousands","3","v52299938","9.1","71.792","","","","3"
"2017-04","Ontario","2016A000235","Single-detached units","Units","300","thousands","3","v52299939","9.2","28.835","","","","3"
"2017-04","Ontario","2016A000235","Multiples","Units","300","thousands","3","v52299943","9.3","42.957","","","","3"
"2017-04","Ontario","2016A000235","Semi-detached units","Units","300","thousands","3","v52299940","9.4","2.515","","","","3"
"2017-04","Ontario","2016A000235","Row units","Units","300","thousands","3","v52299941","9.5","13.682","","","","3"
"2017-04","Ontario","2016A000235","Apartment and other unit types","Units","300","thousands","3","v52299942","9.6","26.760","","","","3"
"2017-04","Toronto, Ontario","2011S0503535","Total units","Units","300","thousands","3","v52299977","10.1","40.178","","","","3"
"2017-04","Toronto, Ontario","2011S0503535","Single-detached units","Units","300","thousands","3","v52299978","10.2","11.954","","","","3"
"2017-04","Toronto, Ontario","2011S0503535","Multiples","Units","300","thousands","3","v52299979","10.3","28.224","","","","3"
"2017-05","Ontario","2016A000235","Total units","Units","300","thousands","3","v52299938","9.1","53.178","","","","3"
"2017-05","Ontario","2016A000235","Single-detached units","Units","300","thousands","3","v52299939","9.2","22.747","","","","3"
"2017-05","Ontario","2016A000235","Multiples","Units","300","thousands","3","v52299943","9.3","30.431","","","","3"
"2017-05","Ontario","2016A000235","Semi-detached units","Units","300","thousands","3","v52299940","9.4","2.600","","","","3"
"2017-05","Ontario","2016A000235","Row units","Units","300","thousands","3","v52299941","9.5","9.675","","","","3"
"2017-05","Ontario","2016A000235","Apartment and other unit types","Units","300","thousands","3","v52299942","9.6","18.156","","","","3"
"2017-05","Toronto, Ontario","2011S0503535","Total units","Units","300","thousands","3","v52299977","10.1","22.106","","","","3"
"2017-05","Toronto, Ontario","2011S0503535","Single-detached units","Units","300","thousands","3","v52299978","10.2","6.554","","","","3"
"2017-05","Toronto, Ontario","2011S0503535","Multiples","Units","300","thousands","3","v52299979","10.3","15.552","","","","3"
"2017-06","Ontario","2016A000235","Total units","Units","300","thousands","3","v52299938","9.1","75.862","","","","3"
"2017-06","Ontario","2016A000235","Single-detached units","Units","300","thousands","3","v52299939","9.2","28.092","","","","3"
"2017-06","Ontario","2016A000235","Multiples","Units","300","thousands","3","v52299943","9.3","47.770","","","","3"
"2017-06","Ontario","2016A000235","Semi-detached units","Units","300","thousands","3","v52299940","9.4","2.533","","","","3"
"2017-06","Ontario","2016A000235","Row units","Units","300","thousands","3","v52299941","9.5","14.613","","","","3"
"2017-06","Ontario","2016A000235","Apartment and other unit types","Units","300","thousands","3","v52299942","9.6","30.624","","","","3"
"2017-06","Toronto, Ontario","2011S0503535","Total units","Units","300","thousands","3","v52299977","10.1","35.622","","","","3"
"2017-06","Toronto, Ontario","2011S0503535","Single-detached units","Units","300","thousands","3","v52299978","10.2","10.326","","","","3"
"2017-06","Toronto, Ontario","2011S0503535","Multiples","Units","300","thousands","3","v52299979","10.3","25.296","","","","3"
"2017-07","Ontario","2016A000235","Total units","Units","300","thousands","3","v52299938","9.1","78.359","","","","3"
"2017-07","Ontario","2016A000235","Single-detached units","Units","300","thousands","3","v52299939","9.2","26.359","","","","3"
"2017-07","Ontario","2016A000235","Multiples","Units","300","thousands","3","v52299943","9.3","52.000","","","","3"
"2017-07","Ontario","2016A000235","Semi-detached units","Units","300","thousands","3","v52299940","9.4","2.926","","","","3"
"2017-07","Ontario","2016A000235","Row units","Units","300","thousands","3","v52299941","9.5","17.910","","","","3"
"2017-07","Ontario","2016A000235","Apartment and other unit types","Units","300","thousands","3","v52299942","9.6","31.164","","","","3"
"2017-07","Toronto, Ontario","2011S0503535","Total units","Units","300","thousands","3","v52299977","10.1","44.423","","","","3"
"2017-07","Toronto, Ontario","2011S0503535","Single-detached units","Units","300","thousands","3","v52299978","10.2","10.055","","","","3"
"2017-07","Toronto, Ontario","2011S0503535","Multiples","Units","300","thousands","3","v52299979","10.3","34.368","","","","3"
"2017-08","Ontario","2016A000235","Total units","Units","300","thousands","3","v52299938","9.1","92.589","","","","3"
"2017-08","Ontario","2016A000235","Single-detached units","Units","300","thousands","3","v52299939","9.2","26.004","","","","3"
"2017-08","Ontario","2016A000235","Multiples","Units","300","thousands","3","v52299943","9.3","66.585","","","","3"
"2017-08","Ontario","2016A000235","Semi-detached units","Units","300","thousands","3","v52299940","9.4","2.384","","","","3"
"2017-08","Ontario","2016A000235","Row units","Units","300","thousands","3","v52299941","9.5","16.369","","","","3"
"2017-08","Ontario","2016A000235","Apartment and other unit types","Units","300","thousands","3","v52299942","9.6","47.832","","","","3"
"2017-08","Toronto, Ontario","2011S0503535","Total units","Units","300","thousands","3","v52299977","10.1","53.775","","","","3"
"2017-08","Toronto, Ontario","2011S0503535","Single-detached units","Units","300","thousands","3","v52299978","10.2","9.075","","","","3"
"2017-08","Toronto, Ontario","2011S0503535","Multiples","Units","300","thousands","3","v52299979","10.3","44.700","","","","3"
"2017-09","Ontario","2016A000235","Total units","Units","300","thousands","3","v52299938","9.1","72.561","","","","3"
"2017-09","Ontario","2016A000235","Single-detached units","Units","300","thousands","3","v52299939","9.2","28.265","","","","3"
"2017-09","Ontario","2016A000235","Multiples","Units","300","thousands","3","v52299943","9.3","44.296","","","","3"
"2017-09","Ontario","2016A000235","Semi-detached units","Units","300","thousands","3","v52299940","9.4","3.588","","","","3"
"2017-09","Ontario","2016A000235","Row units","Units","300","thousands","3","v52299941","9.5","16.396","","","","3"
"2017-09","Ontario","2016A000235","Apartment and other unit types","Units","300","thousands","3","v52299942","9.6","24.312","","","","3"
"2017-09","Toronto, Ontario","2011S0503535","Total units","Units","300","thousands","3","v52299977","10.1","35.220","","","","3"
"2017-09","Toronto, Ontario","2011S0503535","Single-detached units","Units","300","thousands","3","v52299978","10.2","12.420","","","","3"
"2017-09","Toronto, Ontario","2011S0503535","Multiples","Units","300","thousands","3","v52299979","10.3","22.800","","","","3"
"2017-10","Ontario","2016A000235","Total units","Units","300","thousands","3","v52299938","9.1","55.761","","","","3"
"2017-10","Ontario","2016A000235","Single-detached units","Units","300","thousands","3","v52299939","9.2","20.293","","","","3"
"2017-10","Ontario","2016A000235","Multiples","Units","300","thousands","3","v52299943","9.3","35.468","","","","3"
"2017-10","Ontario","2016A000235","Semi-detached units","Units","300","thousands","3","v52299940","9.4","2.862","","","","3"
"2017-10","Ontario","2016A000235","Row units","Units","300","thousands","3","v52299941","9.5","13.934","","","","3"
"2017-10","Ontario","2016A000235","Apartment and other unit types","Units","300","thousands","3","v52299942","9.6","18.672","","","","3"
"2017-10","Toronto, Ontario","2011S0503535","Total units","Units","300","thousands","3","v52299977","10.1","28.979","","","","3"
"2017-10","Toronto, Ontario","2011S0503535","Single-detached units","Units","300","thousands","3","v52299978","10.2","7.931","","","","3"
"2017-10","Toronto, Ontario","2011S0503535","Multiples","Units","300","thousands","3","v52299979","10.3","21.048","","","","3"
"2017-11","Ontario","2016A000235","Total units","Units","300","thousands","3","v52299938","9.1","92.827","","","","3"
"2017-11","Ontario","2016A000235","Single-detached units","Units","300","thousands","3","v52299939","9.2","23.529","","","","3"
"2017-11","Ontario","2016A000235","Multiples","Units","300","thousands","3","v52299943","9.3","69.298","","","","3"
"2017-11","Ontario","2016A000235","Semi-detached units","Units","300","thousands","3","v52299940","9.4","2.895","","","","3"
"2017-11","Ontario","2016A000235","Row units","Units","300","thousands","3","v52299941","9.5","16.999","","","","3"
"2017-11","Ontario","2016A000235","Apartment and other unit types","Units","300","thousands","3","v52299942","9.6","49.404","","","","3"
"2017-11","Toronto, Ontario","2011S0503535","Total units","Units","300","thousands","3","v52299977","10.1","45.114","","","","3"
"2017-11","Toronto, Ontario","2011S0503535","Single-detached units","Units","300","thousands","3","v52299978","10.2","8.946","","","","3"
"2017-11","Toronto, Ontario","2011S0503535","Multiples","Units","300","thousands","3","v52299979","10.3","36.168","","","","3"
"2017-12","Ontario","2016A000235","Total units","Units","300","thousands","3","v52299938","9.1","60.006","","","","3"
"2017-12","Ontario","2016A000235","Single-detached units","Units","300","thousands","3","v52299939","9.2","24.411","","","","3"
"2017-12","Ontario","2016A000235","Multiples","Units","300","thousands","3","v52299943","9.3","35.595","","","","3"
"2017-12","Ontario","2016A000235","Semi-detached units","Units","300","thousands","3","v52299940","9.4","2.485","","","","3"
"2017-12","Ontario","2016A000235","Row units","Units","300","thousands","3","v52299941","9.5","13.106","","","","3"
"2017-12","Ontario","2016A000235","Apartment and other unit types","Units","300","thousands","3","v52299942","9.6","20.004","","","","3"
"2017-12","Toronto, Ontario","2011S0503535","Total units","Units","300","thousands","3","v52299977","10.1","25.437","","","","3"
"2017-12","Toronto, Ontario","2011S0503535","Single-detached units","Units","300","thousands","3","v52299978","10.2","7.761","","","","3"
"2017-12","Toronto, Ontario","2011S0503535","Multiples","Units","300","thousands","3","v52299979","10.3","17.676","","","","3"
"2018-01","Ontario","2016A000235","Total units","Units","300","thousands","3","v52299938","9.1","81.436","","","","3"
"2018-01","Ontario","2016A000235","Single-detached units","Units","300","thousands","3","v52299939","9.2","25.929","","","","3"
"2018-01","Ontario","2016A000235","Multiples","Units","300","thousands","3","v52299943","9.3","55.507","","","","3"
"2018-01","Ontario","2016A000235","Semi-detached units","Units","300","thousands","3","v52299940","9.4","5.079","","","","3"
"2018-01","Ontario","2016A000235","Row units","Units","300","thousands","3","v52299941","9.5","10.096","","","","3"
"2018-01","Ontario","2016A000235","Apartment and other unit types","Units","300","thousands","3","v52299942","9.6","40.332","","","","3"
"2018-01","Toronto, Ontario","2011S0503535","Total units","Units","300","thousands","3","v52299977","10.1","40.122","","","","3"
"2018-01","Toronto, Ontario","2011S0503535","Single-detached units","Units","300","thousands","3","v52299978","10.2","8.862","","","","3"
"2018-01","Toronto, Ontario","2011S0503535","Multiples","Units","300","thousands","3","v52299979","10.3","31.260","","","","3"
"2018-02","Ontario","2016A000235","Total units","Units","300","thousands","3","v52299938","9.1","99.869","","","","3"
"2018-02","Ontario","2016A000235","Single-detached units","Units","300","thousands","3","v52299939","9.2","24.395","","","","3"
"2018-02","Ontario","2016A000235","Multiples","Units","300","thousands","3","v52299943","9.3","75.474","","","","3"
"2018-02","Ontario","2016A000235","Semi-detached units","Units","300","thousands","3","v52299940","9.4","2.243","","","","3"
"2018-02","Ontario","2016A000235","Row units","Units","300","thousands","3","v52299941","9.5","9.367","","","","3"
"2018-02","Ontario","2016A000235","Apartment and other unit types","Units","300","thousands","3","v52299942","9.6","63.864","","","","3"
"2018-02","Toronto, Ontario","2011S0503535","Total units","Units","300","thousands","3","v52299977","10.1","71.674","","","","3"
"2018-02","Toronto, Ontario","2011S0503535","Single-detached units","Units","300","thousands","3","v52299978","10.2","8.278","","","","3"
"2018-02","Toronto, Ontario","2011S0503535","Multiples","Units","300","thousands","3","v52299979","10.3","63.396","","","","3"
"2018-03","Ontario","2016A000235","Total units","Units","300","thousands","3","v52299938","9.1","70.723","","","","3"
"2018-03","Ontario","2016A000235","Single-detached units","Units","300","thousands","3","v52299939","9.2","26.652","","","","3"
"2018-03","Ontario","2016A000235","Multiples","Units","300","thousands","3","v52299943","9.3","44.071","","","","3"
"2018-03","Ontario","2016A000235","Semi-detached units","Units","300","thousands","3","v52299940","9.4","3.055","","","","3"
"2018-03","Ontario","2016A000235","Row units","Units","300","thousands","3","v52299941","9.5","9.528","","","","3"
"2018-03","Ontario","2016A000235","Apartment and other unit types","Units","300","thousands","3","v52299942","9.6","31.488","","","","3"
"2018-03","Toronto, Ontario","2011S0503535","Total units","Units","300","thousands","3","v52299977","10.1","37.674","","","","3"
"2018-03","Toronto, Ontario","2011S0503535","Single-detached units","Units","300","thousands","3","v52299978","10.2","9.162","","","","3"
"2018-03","Toronto, Ontario","2011S0503535","Multiples","Units","300","thousands","3","v52299979","10.3","28.512","","","","3"
"2018-04","Ontario","2016A000235","Total units","Units","300","thousands","3","v52299938","9.1","67.307","","","","3"
"2018-04","Ontario","2016A000235","Single-detached units","Units","300","thousands","3","v52299939","9.2","23.792","","","","3"
"2018-04","Ontario","2016A000235","Multiples","Units","300","thousands","3","v52299943","9.3","43.515","","","","3"
"2018-04","Ontario","2016A000235","Semi-detached units","Units","300","thousands","3","v52299940","9.4","1.634","","","","3"
"2018-04","Ontario","2016A000235","Row units","Units","300","thousands","3","v52299941","9.5","10.693","","","","3"
"2018-04","Ontario","2016A000235","Apartment and other unit types","Units","300","thousands","3","v52299942","9.6","31.188","","","","3"
"2018-04","Toronto, Ontario","2011S0503535","Total units","Units","300","thousands","3","v52299977","10.1","26.377","","","","3"
"2018-04","Toronto, Ontario","2011S0503535","Single-detached units","Units","300","thousands","3","v52299978","10.2","6.721","","","","3"
"2018-04","Toronto, Ontario","2011S0503535","Multiples","Units","300","thousands","3","v52299979","10.3","19.656","","","","3"
"2018-05","Ontario","2016A000235","Total units","Units","300","thousands","3","v52299938","9.1","54.071","","","","3"
"2018-05","Ontario","2016A000235","Single-detached units","Units","300","thousands","3","v52299939","9.2","23.551","","","","3"
"2018-05","Ontario","2016A000235","Multiples","Units","300","thousands","3","v52299943","9.3","30.520","","","","3"
"2018-05","Ontario","2016A000235","Semi-detached units","Units","300","thousands","3","v52299940","9.4","2.222","","","","3"
"2018-05","Ontario","2016A000235","Row units","Units","300","thousands","3","v52299941","9.5","10.946","","","","3"
"2018-05","Ontario","2016A000235","Apartment and other unit types","Units","300","thousands","3","v52299942","9.6","17.352","","","","3"
"2018-05","Toronto, Ontario","2011S0503535","Total units","Units","300","thousands","3","v52299977","10.1","23.261","","","","3"
"2018-05","Toronto, Ontario","2011S0503535","Single-detached units","Units","300","thousands","3","v52299978","10.2","8.357","","","","3"
"2018-05","Toronto, Ontario","2011S0503535","Multiples","Units","300","thousands","3","v52299979","10.3","14.904","","","","3"
"2018-06","Ontario","2016A000235","Total units","Units","300","thousands","3","v52299938","9.1","101.844","","","","3"
"2018-06","Ontario","2016A000235","Single-detached units","Units","300","thousands","3","v52299939","9.2","21.597","","","","3"
"2018-06","Ontario","2016A000235","Multiples","Units","300","thousands","3","v52299943","9.3","80.247","","","","3"
"2018-06","Ontario","2016A000235","Semi-detached units","Units","300","thousands","3","v52299940","9.4","2.228","","","","3"
"2018-06","Ontario","2016A000235","Row units","Units","300","thousands","3","v52299941","9.5","13.483","","","","3"
"2018-06","Ontario","2016A000235","Apartment and other unit types","Units","300","thousands","3","v52299942","9.6","64.536","","","","3"
"2018-06","Toronto, Ontario","2011S0503535","Total units","Units","300","thousands","3","v52299977","10.1","55.000","","","","3"
"2018-06","Toronto, Ontario","2011S0503535","Single-detached units","Units","300","thousands","3","v52299978","10.2","5.608","","","","3"
"2018-06","Toronto, Ontario","2011S0503535","Multiples","Units","300","thousands","3","v52299979","10.3","49.392","","","","3"
"2018-07","Ontario","2016A000235","Total units","Units","300","thousands","3","v52299938","9.1","66.455","","","","3"
"2018-07","Ontario","2016A000235","Single-detached units","Units","300","thousands","3","v52299939","9.2","20.139","","","","3"
"2018-07","Ontario","2016A000235","Multiples","Units","300","thousands","3","v52299943","9.3","46.316","","","","3"
"2018-07","Ontario","2016A000235","Semi-detached units","Units","300","thousands","3","v52299940","9.4","2.036","","","","3"
"2018-07","Ontario","2016A000235","Row units","Units","300","thousands","3","v52299941","9.5","9.216","","","","3"
"2018-07","Ontario","2016A000235","Apartment and other unit types","Units","300","thousands","3","v52299942","9.6","35.064","","","","3"
"2018-07","Toronto, Ontario","2011S0503535","Total units","Units","300","thousands","3","v52299977","10.1","39.647","","","","3"
"2018-07","Toronto, Ontario","2011S0503535","Single-detached units","Units","300","thousands","3","v52299978","10.2","5.183","","","","3"
"2018-07","Toronto, Ontario","2011S0503535","Multiples","Units","300","thousands","3","v52299979","10.3","34.464","","","","3"
"2018-08","Ontario","2016A000235","Total units","Units","300","thousands","3","v52299938","9.1","61.399","","","","3"
"2018-08","Ontario","2016A000235","Single-detached units","Units","300","thousands","3","v52299939","9.2","19.660","","","","3"
"2018-08","Ontario","2016A000235","Multiples","Units","300","thousands","3","v52299943","9.3","41.739","","","","3"
"2018-08","Ontario","2016A000235","Semi-detached units","Units","300","thousands","3","v52299940","9.4","1.742","","","","3"
"2018-08","Ontario","2016A000235","Row units","Units","300","thousands","3","v52299941","9.5","10.429","","","","3"
"2018-08","Ontario","2016A000235","Apartment and other unit types","Units","300","thousands","3","v52299942","9.6","29.568","","","","3"
"2018-08","Toronto, Ontario","2011S0503535","Total units","Units","300","thousands","3","v52299977","10.1","29.037","","","","3"
"2018-08","Toronto, Ontario","2011S0503535","Single-detached units","Units","300","thousands","3","v52299978","10.2","5.385","","","","3"
"2018-08","Toronto, Ontario","2011S0503535","Multiples","Units","300","thousands","3","v52299979","10.3","23.652","","","","3"
"2018-09","Ontario","2016A000235","Total units","Units","300","thousands","3","v52299938","9.1","74.343","","","","3"
"2018-09","Ontario","2016A000235","Single-detached units","Units","300","thousands","3","v52299939","9.2","21.122","","","","3"
"2018-09","Ontario","2016A000235","Multiples","Units","300","thousands","3","v52299943","9.3","53.221","","","","3"
"2018-09","Ontario","2016A000235","Semi-detached units","Units","300","thousands","3","v52299940","9.4","3.342","","","","3"
"2018-09","Ontario","2016A000235","Row units","Units","300","thousands","3","v52299941","9.5","11.887","","","","3"
"2018-09","Ontario","2016A000235","Apartment and other unit types","Units","300","thousands","3","v52299942","9.6","37.992","","","","3"
"2018-09","Toronto, Ontario","2011S0503535","Total units","Units","300","thousands","3","v52299977","10.1","42.087","","","","3"
"2018-09","Toronto, Ontario","2011S0503535","Single-detached units","Units","300","thousands","3","v52299978","10.2","5.355","","","","3"
"2018-09","Toronto, Ontario","2011S0503535","Multiples","Units","300","thousands","3","v52299979","10.3","36.732","","","","3"
"2018-10","Ontario","2016A000235","Total units","Units","300","thousands","3","v52299938","9.1","88.641","","","","3"
"2018-10","Ontario","2016A000235","Single-detached units","Units","300","thousands","3","v52299939","9.2","18.524","","","","3"
"2018-10","Ontario","2016A000235","Multiples","Units","300","thousands","3","v52299943","9.3","70.117","","","","3"
"2018-10","Ontario","2016A000235","Semi-detached units","Units","300","thousands","3","v52299940","9.4","1.848","","","","3"
"2018-10","Ontario","2016A000235","Row units","Units","300","thousands","3","v52299941","9.5","15.205","","","","3"
"2018-10","Ontario","2016A000235","Apartment and other unit types","Units","300","thousands","3","v52299942","9.6","53.064","","","","3"
"2018-10","Toronto, Ontario","2011S0503535","Total units","Units","300","thousands","3","v52299977","10.1","44.694","","","","3"
"2018-10","Toronto, Ontario","2011S0503535","Single-detached units","Units","300","thousands","3","v52299978","10.2","4.902","","","","3"
"2018-10","Toronto, Ontario","2011S0503535","Multiples","Units","300","thousands","3","v52299979","10.3","39.792","","","","3"
"2018-11","Ontario","2016A000235","Total units","Units","300","thousands","3","v52299938","9.1","81.959","","","","3"
"2018-11","Ontario","2016A000235","Single-detached units","Units","300","thousands","3","v52299939","9.2","19.689","","","","3"
"2018-11","Ontario","2016A000235","Multiples","Units","300","thousands","3","v52299943","9.3","62.270","","","","3"
"2018-11","Ontario","2016A000235","Semi-detached units","Units","300","thousands","3","v52299940","9.4","1.608","","","","3"
"2018-11","Ontario","2016A000235","Row units","Units","300","thousands","3","v52299941","9.5","12.806","","","","3"
"2018-11","Ontario","2016A000235","Apartment and other unit types","Units","300","thousands","3","v52299942","9.6","47.856","","","","3"
"2018-11","Toronto, Ontario","2011S0503535","Total units","Units","300","thousands","3","v52299977","10.1","48.704","","","","3"
"2018-11","Toronto, Ontario","2011S0503535","Single-detached units","Units","300","thousands","3","v52299978","10.2","5.888","","","","3"
"2018-11","Toronto, Ontario","2011S0503535","Multiples","Units","300","thousands","3","v52299979","10.3","42.816","","","","3"
"2018-12","Ontario","2016A000235","Total units","Units","300","thousands","3","v52299938","9.1","67.685","","","","3"
"2018-12","Ontario","2016A000235","Single-detached units","Units","300","thousands","3","v52299939","9.2","19.252","","","","3"
"2018-12","Ontario","2016A000235","Multiples","Units","300","thousands","3","v52299943","9.3","48.433","","","","3"
"2018-12","Ontario","2016A000235","Semi-detached units","Units","300","thousands","3","v52299940","9.4","2.329","","","","3"
"2018-12","Ontario","2016A000235","Row units","Units","300","thousands","3","v52299941","9.5","12.912","","","","3"
"2018-12","Ontario","2016A000235","Apartment and other unit types","Units","300","thousands","3","v52299942","9.6","33.192","","","","3"
"2018-12","Toronto, Ontario","2011S0503535","Total units","Units","300","thousands","3","v52299977","10.1","38.053","","","","3"
"2018-12","Toronto, Ontario","2011S0503535","Single-detached units","Units","300","thousands","3","v52299978","10.2","6.205","","","","3"
"2018-12","Toronto, Ontario","2011S0503535","Multiples","Units","300","thousands","3","v52299979","10.3","31.848","","","","3"
"2019-01","Ontario","2016A000235","Total units","Units","300","thousands","3","v52299938","9.1","72.219","","","","3"
"2019-01","Ontario","2016A000235","Single-detached units","Units","300","thousands","3","v52299939","9.2","15.755","","","","3"
"2019-01","Ontario","2016A000235","Multiples","Units","300","thousands","3","v52299943","9.3","56.464","","","","3"
"2019-01","Ontario","2016A000235","Semi-detached units","Units","300","thousands","3","v52299940","9.4","1.684","","","","3"
"2019-01","Ontario","2016A000235","Row units","Units","300","thousands","3","v52299941","9.5","18.660","","","","3"
"2019-01","Ontario","2016A000235","Apartment and other unit types","Units","300","thousands","3","v52299942","9.6","36.120","","","","3"
"2019-01","Toronto, Ontario","2011S0503535","Total units","Units","300","thousands","3","v52299977","10.1","39.433","","","","3"
"2019-01","Toronto, Ontario","2011S0503535","Single-detached units","Units","300","thousands","3","v52299978","10.2","4.129","","","","3"
"2019-01","Toronto, Ontario","2011S0503535","Multiples","Units","300","thousands","3","v52299979","10.3","35.304","","","","3"
"2019-02","Ontario","2016A000235","Total units","Units","300","thousands","3","v52299938","9.1","52.771","","","","3"
"2019-02","Ontario","2016A000235","Single-detached units","Units","300","thousands","3","v52299939","9.2","12.105","","","","3"
"2019-02","Ontario","2016A000235","Multiples","Units","300","thousands","3","v52299943","9.3","40.666","","","","3"
"2019-02","Ontario","2016A000235","Semi-detached units","Units","300","thousands","3","v52299940","9.4","1.843","","","","3"
"2019-02","Ontario","2016A000235","Row units","Units","300","thousands","3","v52299941","9.5","16.155","","","","3"
"2019-02","Ontario","2016A000235","Apartment and other unit types","Units","300","thousands","3","v52299942","9.6","22.668","","","","3"
"2019-02","Toronto, Ontario","2011S0503535","Total units","Units","300","thousands","3","v52299977","10.1","20.820","","","","3"
"2019-02","Toronto, Ontario","2011S0503535","Single-detached units","Units","300","thousands","3","v52299978","10.2","3.984","","","","3"
"2019-02","Toronto, Ontario","2011S0503535","Multiples","Units","300","thousands","3","v52299979","10.3","16.836","","","","3"
"2019-03","Ontario","2016A000235","Total units","Units","300","thousands","3","v52299938","9.1","57.521","","","","3"
"2019-03","Ontario","2016A000235","Single-detached units","Units","300","thousands","3","v52299939","9.2","14.748","","","","3"
"2019-03","Ontario","2016A000235","Multiples","Units","300","thousands","3","v52299943","9.3","42.773","","","","3"
"2019-03","Ontario","2016A000235","Semi-detached units","Units","300","thousands","3","v52299940","9.4","1.365","","","","3"
"2019-03","Ontario","2016A000235","Row units","Units","300","thousands","3","v52299941","9.5","9.260","","","","3"
"2019-03","Ontario","2016A000235","Apartment and other unit types","Units","300","thousands","3","v52299942","9.6","32.148","","","","3"
"2019-03","Toronto, Ontario","2011S0503535","Total units","Units","300","thousands","3","v52299977","10.1","31.881","","","","3"
"2019-03","Toronto, Ontario","2011S0503535","Single-detached units","Units","300","thousands","3","v52299978","10.2","1.617","","","","3"
"2019-03","Toronto, Ontario","2011S0503535","Multiples","Units","300","thousands","3","v52299979","10.3","30.264","","","","3"
"2019-04","Ontario","2016A000235","Total units","Units","300","thousands","3","v52299938","9.1","85.054","","","","3"
"2019-04","Ontario","2016A000235","Single-detached units","Units","300","thousands","3","v52299939","9.2","16.642","","","","3"
"2019-04","Ontario","2016A000235","Multiples","Units","300","thousands","3","v52299943","9.3","68.412","","","","3"
"2019-04","Ontario","2016A000235","Semi-detached units","Units","300","thousands","3","v52299940","9.4","1.543","","","","3"
"2019-04","Ontario","2016A000235","Row units","Units","300","thousands","3","v52299941","9.5","20.117","","","","3"
"2019-04","Ontario","2016A000235","Apartment and other unit types","Units","300","thousands","3","v52299942","9.6","46.752","","","","3"
"2019-04","Toronto, Ontario","2011S0503535","Total units","Units","300","thousands","3","v52299977","10.1","37.930","","","","3"
"2019-04","Toronto, Ontario","2011S0503535","Single-detached units","Units","300","thousands","3","v52299978","10.2","2.890","","","","3"
"2019-04","Toronto, Ontario","2011S0503535","Multiples","Units","300","thousands","3","v52299979","10.3","35.040","","","","3"
"2019-05","Ontario","2016A000235","Total units","Units","300","thousands","3","v52299938","9.1","49.718","","","","3"
"2019-05","Ontario","2016A000235","Single-detached units","Units","300","thousands","3","v52299939","9.2","18.179","","","","3"
"2019-05","Ontario","2016A000235","Multiples","Units","300","thousands","3","v52299943","9.3","31.539","","","","3"
"2019-05","Ontario","2016A000235","Semi-detached units","Units","300","thousands","3","v52299940","9.4","1.436","","","","3"
"2019-05","Ontario","2016A000235","Row units","Units","300","thousands","3","v52299941","9.5","11.683","","","","3"
"2019-05","Ontario","2016A000235","Apartment and other unit types","Units","300","thousands","3","v52299942","9.6","18.420","","","","3"
"2019-05","Toronto, Ontario","2011S0503535","Total units","Units","300","thousands","3","v52299977","10.1","20.127","","","","3"
"2019-05","Toronto, Ontario","2011S0503535","Single-detached units","Units","300","thousands","3","v52299978","10.2","3.723","","","","3"
"2019-05","Toronto, Ontario","2011S0503535","Multiples","Units","300","thousands","3","v52299979","10.3","16.404","","","","3"
"2019-06","Ontario","2016A000235","Total units","Units","300","thousands","3","v52299938","9.1","66.102","","","","3"
"2019-06","Ontario","2016A000235","Single-detached units","Units","300","thousands","3","v52299939","9.2","19.150","","","","3"
"2019-06","Ontario","2016A000235","Multiples","Units","300","thousands","3","v52299943","9.3","46.952","","","","3"
"2019-06","Ontario","2016A000235","Semi-detached units","Units","300","thousands","3","v52299940","9.4","1.820","","","","3"
"2019-06","Ontario","2016A000235","Row units","Units","300","thousands","3","v52299941","9.5","10.668","","","","3"
"2019-06","Ontario","2016A000235","Apartment and other unit types","Units","300","thousands","3","v52299942","9.6","34.464","","","","3"
"2019-06","Toronto, Ontario","2011S0503535","Total units","Units","300","thousands","3","v52299977","10.1","34.704","","","","3"
"2019-06","Toronto, Ontario","2011S0503535","Single-detached units","Units","300","thousands","3","v52299978","10.2","5.184","","","","3"
"2019-06","Toronto, Ontario","2011S0503535","Multiples","Units","300","thousands","3","v52299979","10.3","29.520","","","","3"
"2019-07","Ontario","2016A000235","Total units","Units","300","thousands","3","v52299938","9.1","68.233","","","","3"
"2019-07","Ontario","2016A000235","Single-detached units","Units","300","thousands","3","v52299939","9.2","18.692","","","","3"
"2019-07","Ontario","2016A000235","Multiples","Units","300","thousands","3","v52299943","9.3","49.541","","","","3"
"2019-07","Ontario","2016A000235","Semi-detached units","Units","300","thousands","3","v52299940","9.4","1.838","","","","3"
"2019-07","Ontario","2016A000235","Row units","Units","300","thousands","3","v52299941","9.5","11.763","","","","3"
"2019-07","Ontario","2016A000235","Apartment and other unit types","Units","300","thousands","3","v52299942","9.6","35.940","","","","3"
"2019-07","Toronto, Ontario","2011S0503535","Total units","Units","300","thousands","3","v52299977","10.1","32.238","","","","3"
"2019-07","Toronto, Ontario","2011S0503535","Single-detached units","Units","300","thousands","3","v52299978","10.2","4.458","","","","3"
"2019-07","Toronto, Ontario","2011S0503535","Multiples","Units","300","thousands","3","v52299979","10.3","27.780","","","","3"
"2019-08","Ontario","2016A000235","Total units","Units","300","thousands","3","v52299938","9.1","82.144","","","","3"
"2019-08","Ontario","2016A000235","Single-detached units","Units","300","thousands","3","v52299939","9.2","22.405","","","","3"
"2019-08","Ontario","2016A000235","Multiples","Units","300","thousands","3","v52299943","9.3","59.739","","","","3"
"2019-08","Ontario","2016A000235","Semi-detached units","Units","300","thousands","3","v52299940","9.4","2.001","","","","3"
"2019-08","Ontario","2016A000235","Row units","Units","300","thousands","3","v52299941","9.5","15.606","","","","3"
"2019-08","Ontario","2016A000235","Apartment and other unit types","Units","300","thousands","3","v52299942","9.6","42.132","","","","3"
"2019-08","Toronto, Ontario","2011S0503535","Total units","Units","300","thousands","3","v52299977","10.1","36.383","","","","3"
"2019-08","Toronto, Ontario","2011S0503535","Single-detached units","Units","300","thousands","3","v52299978","10.2","5.495","","","","3"
"2019-08","Toronto, Ontario","2011S0503535","Multiples","Units","300","thousands","3","v52299979","10.3","30.888","","","","3"
"2019-09","Ontario","2016A000235","Total units","Units","300","thousands","3","v52299938","9.1","84.495","","","","3"
"2019-09","Ontario","2016A000235","Single-detached units","Units","300","thousands","3","v52299939","9.2","19.467","","","","3"
"2019-09","Ontario","2016A000235","Multiples","Units","300","thousands","3","v52299943","9.3","65.028","","","","3"
"2019-09","Ontario","2016A000235","Semi-detached units","Units","300","thousands","3","v52299940","9.4","2.040","","","","3"
"2019-09","Ontario","2016A000235","Row units","Units","300","thousands","3","v52299941","9.5","14.808","","","","3"
"2019-09","Ontario","2016A000235","Apartment and other unit types","Units","300","thousands","3","v52299942","9.6","48.180","","","","3"
"2019-09","Toronto, Ontario","2011S0503535","Total units","Units","300","thousands","3","v52299977","10.1","32.729","","","","3"
"2019-09","Toronto, Ontario","2011S0503535","Single-detached units","Units","300","thousands","3","v52299978","10.2","3.701","","","","3"
"2019-09","Toronto, Ontario","2011S0503535","Multiples","Units","300","thousands","3","v52299979","10.3","29.028","","","","3"
"2019-10","Ontario","2016A000235","Total units","Units","300","thousands","3","v52299938","9.1","73.830","","","","3"
"2019-10","Ontario","2016A000235","Single-detached units","Units","300","thousands","3","v52299939","9.2","19.685","","","","3"
"2019-10","Ontario","2016A000235","Multiples","Units","300","thousands","3","v52299943","9.3","54.145","","","","3"
"2019-10","Ontario","2016A000235","Semi-detached units","Units","300","thousands","3","v52299940","9.4","1.688","","","","3"
"2019-10","Ontario","2016A000235","Row units","Units","300","thousands","3","v52299941","9.5","11.561","","","","3"
"2019-10","Ontario","2016A000235","Apartment and other unit types","Units","300","thousands","3","v52299942","9.6","40.896","","","","3"
"2019-10","Toronto, Ontario","2011S0503535","Total units","Units","300","thousands","3","v52299977","10.1","32.160","","","","3"
"2019-10","Toronto, Ontario","2011S0503535","Single-detached units","Units","300","thousands","3","v52299978","10.2","4.980","","","","3"
"2019-10","Toronto, Ontario","2011S0503535","Multiples","Units","300","thousands","3","v52299979","10.3","27.180","","","","3"
"2019-11","Ontario","2016A000235","Total units","Units","300","thousands","3","v52299938","9.1","62.981","","","","3"
"2019-11","Ontario","2016A000235","Single-detached units","Units","300","thousands","3","v52299939","9.2","18.006","","","","3"
"2019-11","Ontario","2016A000235","Multiples","Units","300","thousands","3","v52299943","9.3","44.975","","","","3"
"2019-11","Ontario","2016A000235","Semi-detached units","Units","300","thousands","3","v52299940","9.4","2.088","","","","3"
"2019-11","Ontario","2016A000235","Row units","Units","300","thousands","3","v52299941","9.5","11.855","","","","3"
"2019-11","Ontario","2016A000235","Apartment and other unit types","Units","300","thousands","3","v52299942","9.6","31.032","","","","3"
"2019-11","Toronto, Ontario","2011S0503535","Total units","Units","300","thousands","3","v52299977","10.1","24.001","","","","3"
"2019-11","Toronto, Ontario","2011S0503535","Single-detached units","Units","300","thousands","3","v52299978","10.2","4.009","","","","3"
"2019-11","Toronto, Ontario","2011S0503535","Multiples","Units","300","thousands","3","v52299979","10.3","19.992","","","","3"
"2019-12","Ontario","2016A000235","Total units","Units","300","thousands","3","v52299938","9.1","57.353","","","","3"
"2019-12","Ontario","2016A000235","Single-detached units","Units","300","thousands","3","v52299939","9.2","18.518","","","","3"
"2019-12","Ontario","2016A000235","Multiples","Units","300","thousands","3","v52299943","9.3","38.835","","","","3"
"2019-12","Ontario","2016A000235","Semi-detached units","Units","300","thousands","3","v52299940","9.4","1.964","","","","3"
"2019-12","Ontario","2016A000235","Row units","Units","300","thousands","3","v52299941","9.5","14.095","","","","3"
"2019-12","Ontario","2016A000235","Apartment and other unit types","Units","300","thousands","3","v52299942","9.6","22.776","","","","3"
"2019-12","Toronto, Ontario","2011S0503535","Total units","Units","300","thousands","3","v52299977","10.1","22.092","","","","3"
"2019-12","Toronto, Ontario","2011S0503535","Single-detached units","Units","300","thousands","3","v52299978","10.2","5.208","","","","3"
"2019-12","Toronto, Ontario","2011S0503535","Multiples","Units","300","thousands","3","v52299979","10.3","16.884","","","","3"
"2020-01","Ontario","2016A000235","Total units","Units","300","thousands","3","v52299938","9.1","67.694","","","","3"
"2020-01","Ontario","2016A000235","Single-detached units","Units","300","thousands","3","v52299939","9.2","18.946","","","","3"
"2020-01","Ontario","2016A000235","Multiples","Units","300","thousands","3","v52299943","9.3","48.748","","","","3"
"2020-01","Ontario","2016A000235","Semi-detached units","Units","300","thousands","3","v52299940","9.4","1.677","","","","3"
"2020-01","Ontario","2016A000235","Row units","Units","300","thousands","3","v52299941","9.5","12.811","","","","3"
"2020-01","Ontario","2016A000235","Apartment and other unit types","Units","300","thousands","3","v52299942","9.6","34.260","","","","3"
"2020-01","Toronto, Ontario","2011S0503535","Total units","Units","300","thousands","3","v52299977","10.1","32.160","","","","3"
"2020-01","Toronto, Ontario","2011S0503535","Single-detached units","Units","300","thousands","3","v52299978","10.2","6.816","","","","3"
"2020-01","Toronto, Ontario","2011S0503535","Multiples","Units","300","thousands","3","v52299979","10.3","25.344","","","","3"
"2020-02","Ontario","2016A000235","Total units","Units","300","thousands","3","v52299938","9.1","76.237","","","","3"
"2020-02","Ontario","2016A000235","Single-detached units","Units","300","thousands","3","v52299939","9.2","19.086","","","","3"
"2020-02","Ontario","2016A000235","Multiples","Units","300","thousands","3","v52299943","9.3","57.151","","","","3"
"2020-02","Ontario","2016A000235","Semi-detached units","Units","300","thousands","3","v52299940","9.4","2.084","","","","3"
"2020-02","Ontario","2016A000235","Row units","Units","300","thousands","3","v52299941","9.5","17.675","","","","3"
"2020-02","Ontario","2016A000235","Apartment and other unit types","Units","300","thousands","3","v52299942","9.6","37.392","","","","3"
"2020-02","Toronto, Ontario","2011S0503535","Total units","Units","300","thousands","3","v52299977","10.1","30.982","","","","3"
"2020-02","Toronto, Ontario","2011S0503535","Single-detached units","Units","300","thousands","3","v52299978","10.2","4.870","","","","3"
"2020-02","Toronto, Ontario","2011S0503535","Multiples","Units","300","thousands","3","v52299979","10.3","26.112","","","","3"
"2020-03","Ontario","2016A000235","Total units","Units","300","thousands","3","v52299938","9.1","62.184","","","","3"
"2020-03","Ontario","2016A000235","Single-detached units","Units","300","thousands","3","v52299939","9.2","21.431","","","","3"
"2020-03","Ontario","2016A000235","Multiples","Units","300","thousands","3","v52299943","9.3","40.753","","","","3"
"2020-03","Ontario","2016A000235","Semi-detached units","Units","300","thousands","3","v52299940","9.4","1.984","","","","3"
"2020-03","Ontario","2016A000235","Row units","Units","300","thousands","3","v52299941","9.5","13.065","","","","3"
"2020-03","Ontario","2016A000235","Apartment and other unit types","Units","300","thousands","3","v52299942","9.6","25.704","","","","3"
"2020-03","Toronto, Ontario","2011S0503535","Total units","Units","300","thousands","3","v52299977","10.1","24.187","","","","3"
"2020-03","Toronto, Ontario","2011S0503535","Single-detached units","Units","300","thousands","3","v52299978","10.2","5.827","","","","3"
"2020-03","Toronto, Ontario","2011S0503535","Multiples","Units","300","thousands","3","v52299979","10.3","18.360","","","","3"
"2020-04","Ontario","2016A000235","Total units","Units","300","thousands","3","v52299938","9.1","90.701","","","","3"
"2020-04","Ontario","2016A000235","Single-detached units","Units","300","thousands","3","v52299939","9.2","15.092","","","","3"
"2020-04","Ontario","2016A000235","Multiples","Units","300","thousands","3","v52299943","9.3","75.609","","","","3"
"2020-04","Ontario","2016A000235","Semi-detached units","Units","300","thousands","3","v52299940","9.4","1.438","","","","3"
"2020-04","Ontario","2016A000235","Row units","Units","300","thousands","3","v52299941","9.5","9.947","","","","3"
"2020-04","Ontario","2016A000235","Apartment and other unit types","Units","300","thousands","3","v52299942","9.6","64.224","","","","3"
"2020-04","Toronto, Ontario","2011S0503535","Total units","Units","300","thousands","3","v52299977","10.1","60.729","","","","3"
"2020-04","Toronto, Ontario","2011S0503535","Single-detached units","Units","300","thousands","3","v52299978","10.2","2.169","","","","3"
"2020-04","Toronto, Ontario","2011S0503535","Multiples","Units","300","thousands","3","v52299979","10.3","58.560","","","","3"
"2020-05","Ontario","2016A000235","Total units","Units","300","thousands","3","v52299938","9.1","55.867","","","","3"
"2020-05","Ontario","2016A000235","Single-detached units","Units","300","thousands","3","v52299939","9.2","17.869","","","","3"
"2020-05","Ontario","2016A000235","Multiples","Units","300","thousands","3","v52299943","9.3","37.998","","","","3"
"2020-05","Ontario","2016A000235","Semi-detached units","Units","300","thousands","3","v52299940","9.4","2.384","","","","3"
"2020-05","Ontario","2016A000235","Row units","Units","300","thousands","3","v52299941","9.5","10.354","","","","3"
"2020-05","Ontario","2016A000235","Apartment and other unit types","Units","300","thousands","3","v52299942","9.6","25.260","","","","3"
"2020-05","Toronto, Ontario","2011S0503535","Total units","Units","300","thousands","3","v52299977","10.1","29.931","","","","3"
"2020-05","Toronto, Ontario","2011S0503535","Single-detached units","Units","300","thousands","3","v52299978","10.2","5.595","","","","3"
"2020-05","Toronto, Ontario","2011S0503535","Multiples","Units","300","thousands","3","v52299979","10.3","24.336","","","","3"
"2020-06","Ontario","2016A000235","Total units","Units","300","thousands","3","v52299938","9.1","77.952","","","","3"
"2020-06","Ontario","2016A000235","Single-detached units","Units","300","thousands","3","v52299939","9.2","19.120","","","","3"
"2020-06","Ontario","2016A000235","Multiples","Units","300","thousands","3","v52299943","9.3","58.832","","","","3"
"2020-06","Ontario","2016A000235","Semi-detached units","Units","300","thousands","3","v52299940","9.4","2.663","","","","3"
"2020-06","Ontario","2016A000235","Row units","Units","300","thousands","3","v52299941","9.5","12.693","","","","3"
"2020-06","Ontario","2016A000235","Apartment and other unit types","Units","300","thousands","3","v52299942","9.6","43.476","","","","3"
"2020-06","Toronto, Ontario","2011S0503535","Total units","Units","300","thousands","3","v52299977","10.1","40.197","","","","3"
"2020-06","Toronto, Ontario","2011S0503535","Single-detached units","Units","300","thousands","3","v52299978","10.2","6.381","","","","3"
"2020-06","Toronto, Ontario","2011S0503535","Multiples","Units","300","thousands","3","v52299979","10.3","33.816","","","","3"
"2020-07","Ontario","2016A000235","Total units","Units","300","thousands","3","v52299938","9.1","84.587","","","","3"
"2020-07","Ontario","2016A000235","Single-detached units","Units","300","thousands","3","v52299939","9.2","21.962","","","","3"
"2020-07","Ontario","2016A000235","Multiples","Units","300","thousands","3","v52299943","9.3","62.625","","","","3"
"2020-07","Ontario","2016A000235","Semi-detached units","Units","300","thousands","3","v52299940","9.4","2.255","","","","3"
"2020-07","Ontario","2016A000235","Row units","Units","300","thousands","3","v52299941","9.5","13.222","","","","3"
"2020-07","Ontario","2016A000235","Apartment and other unit types","Units","300","thousands","3","v52299942","9.6","47.148","","","","3"
"2020-07","Toronto, Ontario","2011S0503535","Total units","Units","300","thousands","3","v52299977","10.1","47.870","","","","3"
"2020-07","Toronto, Ontario","2011S0503535","Single-detached units","Units","300","thousands","3","v52299978","10.2","6.242","","","","3"
"2020-07","Toronto, Ontario","2011S0503535","Multiples","Units","300","thousands","3","v52299979","10.3","41.628","","","","3"
"2020-08","Ontario","2016A000235","Total units","Units","300","thousands","3","v52299938","9.1","113.551","","","","3"
"2020-08","Ontario","2016A000235","Single-detached units","Units","300","thousands","3","v52299939","9.2","20.745","","","","3"
"2020-08","Ontario","2016A000235","Multiples","Units","300","thousands","3","v52299943","9.3","92.806","","","","3"
"2020-08","Ontario","2016A000235","Semi-detached units","Units","300","thousands","3","v52299940","9.4","2.465","","","","3"
"2020-08","Ontario","2016A000235","Row units","Units","300","thousands","3","v52299941","9.5","10.925","","","","3"
"2020-08","Ontario","2016A000235","Apartment and other unit types","Units","300","thousands","3","v52299942","9.6","79.416","","","","3"
"2020-08","Toronto, Ontario","2011S0503535","Total units","Units","300","thousands","3","v52299977","10.1","61.455","","","","3"
"2020-08","Toronto, Ontario","2011S0503535","Single-detached units","Units","300","thousands","3","v52299978","10.2","4.431","","","","3"
"2020-08","Toronto, Ontario","2011S0503535","Multiples","Units","300","thousands","3","v52299979","10.3","57.024","","","","3"
"2020-09","Ontario","2016A000235","Total units","Units","300","thousands","3","v52299938","9.1","80.675","","","","3"
"2020-09","Ontario","2016A000235","Single-detached units","Units","300","thousands","3","v52299939","9.2","22.461","","","","3"
"2020-09","Ontario","2016A000235","Multiples","Units","300","thousands","3","v52299943","9.3","58.214","","","","3"
"2020-09","Ontario","2016A000235","Semi-detached units","Units","300","thousands","3","v52299940","9.4","2.506","","","","3"
"2020-09","Ontario","2016A000235","Row units","Units","300","thousands","3","v52299941","9.5","13.828","","","","3"
"2020-09","Ontario","2016A000235","Apartment and other unit types","Units","300","thousands","3","v52299942","9.6","41.880","","","","3"
"2020-09","Toronto, Ontario","2011S0503535","Total units","Units","300","thousands","3","v52299977","10.1","33.443","","","","3"
"2020-09","Toronto, Ontario","2011S0503535","Single-detached units","Units","300","thousands","3","v52299978","10.2","7.799","","","","3"
"2020-09","Toronto, Ontario","2011S0503535","Multiples","Units","300","thousands","3","v52299979","10.3","25.644","","","","3"
"2020-10","Ontario","2016A000235","Total units","Units","300","thousands","3","v52299938","9.1","83.944","","","","3"
"2020-10","Ontario","2016A000235","Single-detached units","Units","300","thousands","3","v52299939","9.2","27.094","","","","3"
"2020-10","Ontario","2016A000235","Multiples","Units","300","thousands","3","v52299943","9.3","56.850","","","","3"
"2020-10","Ontario","2016A000235","Semi-detached units","Units","300","thousands","3","v52299940","9.4","3.316","","","","3"
"2020-10","Ontario","2016A000235","Row units","Units","300","thousands","3","v52299941","9.5","10.934","","","","3"
"2020-10","Ontario","2016A000235","Apartment and other unit types","Units","300","thousands","3","v52299942","9.6","42.600","","","","3"
"2020-10","Toronto, Ontario","2011S0503535","Total units","Units","300","thousands","3","v52299977","10.1","36.500","","","","3"
"2020-10","Toronto, Ontario","2011S0503535","Single-detached units","Units","300","thousands","3","v52299978","10.2","9.056","","","","3"
"2020-10","Toronto, Ontario","2011S0503535","Multiples","Units","300","thousands","3","v52299979","10.3","27.444","","","","3"
"2020-11","Ontario","2016A000235","Total units","Units","300","thousands","3","v52299938","9.1","82.347","","","","3"
"2020-11","Ontario","2016A000235","Single-detached units","Units","300","thousands","3","v52299939","9.2","24.543","","","","3"
"2020-11","Ontario","2016A000235","Multiples","Units","300","thousands","3","v52299943","9.3","57.804","","","","3"
"2020-11","Ontario","2016A000235","Semi-detached units","Units","300","thousands","3","v52299940","9.4","4.500","","","","3"
"2020-11","Ontario","2016A000235","Row units","Units","300","thousands","3","v52299941","9.5","14.040","","","","3"
"2020-11","Ontario","2016A000235","Apartment and other unit types","Units","300","thousands","3","v52299942","9.6","39.264","","","","3"
"2020-11","Toronto, Ontario","2011S0503535","Total units","Units","300","thousands","3","v52299977","10.1","34.484","","","","3"
"2020-11","Toronto, Ontario","2011S0503535","Single-detached units","Units","300","thousands","3","v52299978","10.2","5.792","","","","3"
"2020-11","Toronto, Ontario","2011S0503535","Multiples","Units","300","thousands","3","v52299979","10.3","28.692","","","","3"
"2020-12","Ontario","2016A000235","Total units","Units","300","thousands","3","v52299938","9.1","70.598","","","","3"
"2020-12","Ontario","2016A000235","Single-detached units","Units","300","thousands","3","v52299939","9.2","21.124","","","","3"
"2020-12","Ontario","2016A000235","Multiples","Units","300","thousands","3","v52299943","9.3","49.474","","","","3"
"2020-12","Ontario","2016A000235","Semi-detached units","Units","300","thousands","3","v52299940","9.4","3.138","","","","3"
"2020-12","Ontario","2016A000235","Row units","Units","300","thousands","3","v52299941","9.5","11.824","","","","3"
"2020-12","Ontario","2016A000235","Apartment and other unit types","Units","300","thousands","3","v52299942","9.6","34.512","","","","3"
"2020-12","Toronto, Ontario","2011S0503535","Total units","Units","300","thousands","3","v52299977","10.1","31.677","","","","3"
"2020-12","Toronto, Ontario","2011S0503535","Single-detached units","Units","300","thousands","3","v52299978","10.2","5.769","","","","3"
"2020-12","Toronto, Ontario","2011S0503535","Multiples","Units","300","thousands","3","v52299979","10.3","25.908","","","","3"
"2021-01","Ontario","2016A000235","Total units","Units","300","thousands","3","v52299938","9.1","90.336","","","","3"
"2021-01","Ontario","2016A000235","Single-detached units","Units","300","thousands","3","v52299939","9.2","26.906","","","","3"
"2021-01","Ontario","2016A000235","Multiples","Units","300","thousands","3","v52299943","9.3","63.430","","","","3"
"2021-01","Ontario","2016A000235","Semi-detached units","Units","300","thousands","3","v52299940","9.4","3.124","","","","3"
"2021-01","Ontario","2016A000235","Row units","Units","300","thousands","3","v52299941","9.5","11.550","","","","3"
"2021-01","Ontario","2016A000235","Apartment and other unit types","Units","300","thousands","3","v52299942","9.6","48.756","","","","3"
"2021-01","Toronto, Ontario","2011S0503535","Total units","Units","300","thousands","3","v52299977","10.1","36.042","","","","3"
"2021-01","Toronto, Ontario","2011S0503535","Single-detached units","Units","300","thousands","3","v52299978","10.2","5.166","","","","3"
"2021-01","Toronto, Ontario","2011S0503535","Multiples","Units","300","thousands","3","v52299979","10.3","30.876","","","","3"
"2021-02","Ontario","2016A000235","Total units","Units","300","thousands","3","v52299938","9.1","77.170","","","","3"
"2021-02","Ontario","2016A000235","Single-detached units","Units","300","thousands","3","v52299939","9.2","28.970","","","","3"
"2021-02","Ontario","2016A000235","Multiples","Units","300","thousands","3","v52299943","9.3","48.200","","","","3"
"2021-02","Ontario","2016A000235","Semi-detached units","Units","300","thousands","3","v52299940","9.4","2.182","","","","3"
"2021-02","Ontario","2016A000235","Row units","Units","300","thousands","3","v52299941","9.5","12.622","","","","3"
"2021-02","Ontario","2016A000235","Apartment and other unit types","Units","300","thousands","3","v52299942","9.6","33.396","","","","3"
"2021-02","Toronto, Ontario","2011S0503535","Total units","Units","300","thousands","3","v52299977","10.1","21.221","","","","3"
"2021-02","Toronto, Ontario","2011S0503535","Single-detached units","Units","300","thousands","3","v52299978","10.2","7.433","","","","3"
"2021-02","Toronto, Ontario","2011S0503535","Multiples","Units","300","thousands","3","v52299979","10.3","13.788","","","","3"
"2021-03","Ontario","2016A000235","Total units","Units","300","thousands","3","v52299938","9.1","114.577","","","","3"
"2021-03","Ontario","2016A000235","Single-detached units","Units","300","thousands","3","v52299939","9.2","30.577","","","","3"
"2021-03","Ontario","2016A000235","Multiples","Units","300","thousands","3","v52299943","9.3","84.000","","","","3"
"2021-03","Ontario","2016A000235","Semi-detached units","Units","300","thousands","3","v52299940","9.4","2.943","","","","3"
"2021-03","Ontario","2016A000235","Row units","Units","300","thousands","3","v52299941","9.5","21.141","","","","3"
"2021-03","Ontario","2016A000235","Apartment and other unit types","Units","300","thousands","3","v52299942","9.6","59.916","","","","3"
"2021-03","Toronto, Ontario","2011S0503535","Total units","Units","300","thousands","3","v52299977","10.1","62.190","","","","3"
"2021-03","Toronto, Ontario","2011S0503535","Single-detached units","Units","300","thousands","3","v52299978","10.2","6.942","","","","3"
"2021-03","Toronto, Ontario","2011S0503535","Multiples","Units","300","thousands","3","v52299979","10.3","55.248","","","","3"
"2021-04","Ontario","2016A000235","Total units","Units","300","thousands","3","v52299938","9.1","101.085","","","","3"
"2021-04","Ontario","2016A000235","Single-detached units","Units","300","thousands","3","v52299939","9.2","33.209","","","","3"
"2021-04","Ontario","2016A000235","Multiples","Units","300","thousands","3","v52299943","9.3","67.876","","","","3"
"2021-04","Ontario","2016A000235","Semi-detached units","Units","300","thousands","3","v52299940","9.4","4.443","","","","3"
"2021-04","Ontario","2016A000235","Row units","Units","300","thousands","3","v52299941","9.5","15.505","","","","3"
"2021-04","Ontario","2016A000235","Apartment and other unit types","Units","300","thousands","3","v52299942","9.6","47.928","","","","3"
"2021-04","Toronto, Ontario","2011S0503535","Total units","Units","300","thousands","3","v52299977","10.1","34.345","","","","3"
"2021-04","Toronto, Ontario","2011S0503535","Single-detached units","Units","300","thousands","3","v52299978","10.2","8.077","","","","3"
"2021-04","Toronto, Ontario","2011S0503535","Multiples","Units","300","thousands","3","v52299979","10.3","26.268","","","","3"
"2021-05","Ontario","2016A000235","Total units","Units","300","thousands","3","v52299938","9.1","93.127","","","","3"
"2021-05","Ontario","2016A000235","Single-detached units","Units","300","thousands","3","v52299939","9.2","27.433","","","","3"
"2021-05","Ontario","2016A000235","Multiples","Units","300","thousands","3","v52299943","9.3","65.694","","","","3"
"2021-05","Ontario","2016A000235","Semi-detached units","Units","300","thousands","3","v52299940","9.4","2.910","","","","3"
"2021-05","Ontario","2016A000235","Row units","Units","300","thousands","3","v52299941","9.5","15.564","","","","3"
"2021-05","Ontario","2016A000235","Apartment and other unit types","Units","300","thousands","3","v52299942","9.6","47.220","","","","3"
"2021-05","Toronto, Ontario","2011S0503535","Total units","Units","300","thousands","3","v52299977","10.1","31.921","","","","3"
"2021-05","Toronto, Ontario","2011S0503535","Single-detached units","Units","300","thousands","3","v52299978","10.2","7.237","","","","3"
"2021-05","Toronto, Ontario","2011S0503535","Multiples","Units","300","thousands","3","v52299979","10.3","24.684","","","","3"
"2021-06","Ontario","2016A000235","Total units","Units","300","thousands","3","v52299938","9.1","82.780","","","","3"
"2021-06","Ontario","2016A000235","Single-detached units","Units","300","thousands","3","v52299939","9.2","23.239","","","","3"
"2021-06","Ontario","2016A000235","Multiples","Units","300","thousands","3","v52299943","9.3","59.541","","","","3"
"2021-06","Ontario","2016A000235","Semi-detached units","Units","300","thousands","3","v52299940","9.4","2.281","","","","3"
"2021-06","Ontario","2016A000235","Row units","Units","300","thousands","3","v52299941","9.5","14.912","","","","3"
"2021-06","Ontario","2016A000235","Apartment and other unit types","Units","300","thousands","3","v52299942","9.6","42.348","","","","3"
"2021-06","Toronto, Ontario","2011S0503535","Total units","Units","300","thousands","3","v52299977","10.1","36.992","","","","3"
"2021-06","Toronto, Ontario","2011S0503535","Single-detached units","Units","300","thousands","3","v52299978","10.2","6.512","","","","3"
"2021-06","Toronto, Ontario","2011S0503535","Multiples","Units","300","thousands","3","v52299979","10.3","30.480","","","","3"
"2021-07","Ontario","2016A000235","Total units","Units","300","thousands","3","v52299938","9.1","90.460","","","","3"
"2021-07","Ontario","2016A000235","Single-detached units","Units","300","thousands","3","v52299939","9.2","25.801","","","","3"
"2021-07","Ontario","2016A000235","Multiples","Units","300","thousands","3","v52299943","9.3","64.659","","","","3"
"2021-07","Ontario","2016A000235","Semi-detached units","Units","300","thousands","3","v52299940","9.4","2.805","","","","3"
"2021-07","Ontario","2016A000235","Row units","Units","300","thousands","3","v52299941","9.5","15.534","","","","3"
"2021-07","Ontario","2016A000235","Apartment and other unit types","Units","300","thousands","3","v52299942","9.6","46.320","","","","3"
"2021-07","Toronto, Ontario","2011S0503535","Total units","Units","300","thousands","3","v52299977","10.1","46.685","","","","3"
"2021-07","Toronto, Ontario","2011S0503535","Single-detached units","Units","300","thousands","3","v52299978","10.2","8.357","","","","3"
"2021-07","Toronto, Ontario","2011S0503535","Multiples","Units","300","thousands","3","v52299979","10.3","38.328","","","","3"
"2021-08","Ontario","2016A000235","Total units","Units","300","thousands","3","v52299938","9.1","97.993","","","","3"
"2021-08","Ontario","2016A000235","Single-detached units","Units","300","thousands","3","v52299939","9.2","25.199","","","","3"
"2021-08","Ontario","2016A000235","Multiples","Units","300","thousands","3","v52299943","9.3","72.794","","","","3"
"2021-08","Ontario","2016A000235","Semi-detached units","Units","300","thousands","3","v52299940","9.4","2.137","","","","3"
"2021-08","Ontario","2016A000235","Row units","Units","300","thousands","3","v52299941","9.5","13.693","","","","3"
"2021-08","Ontario","2016A000235","Apartment and other unit types","Units","300","thousands","3","v52299942","9.6","56.964","","","","3"
"2021-08","Toronto, Ontario","2011S0503535","Total units","Units","300","thousands","3","v52299977","10.1","46.390","","","","3"
"2021-08","Toronto, Ontario","2011S0503535","Single-detached units","Units","300","thousands","3","v52299978","10.2","7.354","","","","3"
"2021-08","Toronto, Ontario","2011S0503535","Multiples","Units","300","thousands","3","v52299979","10.3","39.036","","","","3"
"2021-09","Ontario","2016A000235","Total units","Units","300","thousands","3","v52299938","9.1","91.314","","","","3"
"2021-09","Ontario","2016A000235","Single-detached units","Units","300","thousands","3","v52299939","9.2","22.904","","","","3"
"2021-09","Ontario","2016A000235","Multiples","Units","300","thousands","3","v52299943","9.3","68.410","","","","3"
"2021-09","Ontario","2016A000235","Semi-detached units","Units","300","thousands","3","v52299940","9.4","1.722","","","","3"
"2021-09","Ontario","2016A000235","Row units","Units","300","thousands","3","v52299941","9.5","13.348","","","","3"
"2021-09","Ontario","2016A000235","Apartment and other unit types","Units","300","thousands","3","v52299942","9.6","53.340","","","","3"
"2021-09","Toronto, Ontario","2011S0503535","Total units","Units","300","thousands","3","v52299977","10.1","55.312","","","","3"
"2021-09","Toronto, Ontario","2011S0503535","Single-detached units","Units","300","thousands","3","v52299978","10.2","5.896","","","","3"
"2021-09","Toronto, Ontario","2011S0503535","Multiples","Units","300","thousands","3","v52299979","10.3","49.416","","","","3"
"2021-10","Ontario","2016A000235","Total units","Units","300","thousands","3","v52299938","9.1","77.231","","","","3"
"2021-10","Ontario","2016A000235","Single-detached units","Units","300","thousands","3","v52299939","9.2","21.618","","","","3"
"2021-10","Ontario","2016A000235","Multiples","Units","300","thousands","3","v52299943","9.3","55.613","","","","3"
"2021-10","Ontario","2016A000235","Semi-detached units","Units","300","thousands","3","v52299940","9.4","2.350","","","","3"
"2021-10","Ontario","2016A000235","Row units","Units","300","thousands","3","v52299941","9.5","14.971","","","","3"
"2021-10","Ontario","2016A000235","Apartment and other unit types","Units","300","thousands","3","v52299942","9.6","38.292","","","","3"
"2021-10","Toronto, Ontario","2011S0503535","Total units","Units","300","thousands","3","v52299977","10.1","31.640","","","","3"
"2021-10","Toronto, Ontario","2011S0503535","Single-detached units","Units","300","thousands","3","v52299978","10.2","6.380","","","","3"
"2021-10","Toronto, Ontario","2011S0503535","Multiples","Units","300","thousands","3","v52299979","10.3","25.260","","","","3"
"2021-11","Ontario","2016A000235","Total units","Units","300","thousands","3","v52299938","9.1","126.167","","","","3"
"2021-11","Ontario","2016A000235","Single-detached units","Units","300","thousands","3","v52299939","9.2","24.386","","","","3"
"2021-11","Ontario","2016A000235","Multiples","Units","300","thousands","3","v52299943","9.3","101.781","","","","3"
"2021-11","Ontario","2016A000235","Semi-detached units","Units","300","thousands","3","v52299940","9.4","2.665","","","","3"
"2021-11","Ontario","2016A000235","Row units","Units","300","thousands","3","v52299941","9.5","15.608","","","","3"
"2021-11","Ontario","2016A000235","Apartment and other unit types","Units","300","thousands","3","v52299942","9.6","83.508","","","","3"
"2021-11","Toronto, Ontario","2011S0503535","Total units","Units","300","thousands","3","v52299977","10.1","70.309","","","","3"
"2021-11","Toronto, Ontario","2011S0503535","Single-detached units","Units","300","thousands","3","v52299978","10.2","7.285","","","","3"
"2021-11","Toronto, Ontario","2011S0503535","Multiples","Units","300","thousands","3","v52299979","10.3","63.024","","","","3"
"2021-12","Ontario","2016A000235","Total units","Units","300","thousands","3","v52299938","9.1","69.335","","","","3"
"2021-12","Ontario","2016A000235","Single-detached units","Units","300","thousands","3","v52299939","9.2","23.835","","","","3"
"2021-12","Ontario","2016A000235","Multiples","Units","300","thousands","3","v52299943","9.3","45.500","","","","3"
"2021-12","Ontario","2016A000235","Semi-detached units","Units","300","thousands","3","v52299940","9.4","2.355","","","","3"
"2021-12","Ontario","2016A000235","Row units","Units","300","thousands","3","v52299941","9.5","14.225","","","","3"
"2021-12","Ontario","2016A000235","Apartment and other unit types","Units","300","thousands","3","v52299942","9.6","28.920","","","","3"
"2021-12","Toronto, Ontario","2011S0503535","Total units","Units","300","thousands","3","v52299977","10.1","29.284","","","","3"
"2021-12","Toronto, Ontario","2011S0503535","Single-detached units","Units","300","thousands","3","v52299978","10.2","5.956","","","","3"
"2021-12","Toronto, Ontario","2011S0503535","Multiples","Units","300","thousands","3","v52299979","10.3","23.328","","","","3"
"2022-01","Ontario","2016A000235","Total units","Units","300","thousands","3","v52299938","9.1","60.382","","","","3"
"2022-01","Ontario","2016A000235","Single-detached units","Units","300","thousands","3","v52299939","9.2","24.404","","","","3"
"2022-01","Ontario","2016A000235","Multiples","Units","300","thousands","3","v52299943","9.3","35.978","","","","3"
"2022-01","Ontario","2016A000235","Semi-detached units","Units","300","thousands","3","v52299940","9.4","2.616","","","","3"
"2022-01","Ontario","2016A000235","Row units","Units","300","thousands","3","v52299941","9.5","14.846","","","","3"
"2022-01","Ontario","2016A000235","Apartment and other unit types","Units","300","thousands","3","v52299942","9.6","18.516","","","","3"
"2022-01","Toronto, Ontario","2011S0503535","Total units","Units","300","thousands","3","v52299977","10.1","21.196","","","","3"
"2022-01","Toronto, Ontario","2011S0503535","Single-detached units","Units","300","thousands","3","v52299978","10.2","7.216","","","","3"
"2022-01","Toronto, Ontario","2011S0503535","Multiples","Units","300","thousands","3","v52299979","10.3","13.980","","","","3"
"2022-02","Ontario","2016A000235","Total units","Units","300","thousands","3","v52299938","9.1","98.249","","","","3"
"2022-02","Ontario","2016A000235","Single-detached units","Units","300","thousands","3","v52299939","9.2","22.598","","","","3"
"2022-02","Ontario","2016A000235","Multiples","Units","300","thousands","3","v52299943","9.3","75.651","","","","3"
"2022-02","Ontario","2016A000235","Semi-detached units","Units","300","thousands","3","v52299940","9.4","2.821","","","","3"
"2022-02","Ontario","2016A000235","Row units","Units","300","thousands","3","v52299941","9.5","15.026","","","","3"
"2022-02","Ontario","2016A000235","Apartment and other unit types","Units","300","thousands","3","v52299942","9.6","57.804","","","","3"
"2022-02","Toronto, Ontario","2011S0503535","Total units","Units","300","thousands","3","v52299977","10.1","63.122","","","","3"
"2022-02","Toronto, Ontario","2011S0503535","Single-detached units","Units","300","thousands","3","v52299978","10.2","6.758","","","","3"
"2022-02","Toronto, Ontario","2011S0503535","Multiples","Units","300","thousands","3","v52299979","10.3","56.364","","","","3"
"2022-03","Ontario","2016A000235","Total units","Units","300","thousands","3","v52299938","9.1","82.002","","","","3"
"2022-03","Ontario","2016A000235","Single-detached units","Units","300","thousands","3","v52299939","9.2","24.388","","","","3"
"2022-03","Ontario","2016A000235","Multiples","Units","300","thousands","3","v52299943","9.3","57.614","","","","3"
"2022-03","Ontario","2016A000235","Semi-detached units","Units","300","thousands","3","v52299940","9.4","2.746","","","","3"
"2022-03","Ontario","2016A000235","Row units","Units","300","thousands","3","v52299941","9.5","15.772","","","","3"
"2022-03","Ontario","2016A000235","Apartment and other unit types","Units","300","thousands","3","v52299942","9.6","39.096","","","","3"
"2022-03","Toronto, Ontario","2011S0503535","Total units","Units","300","thousands","3","v52299977","10.1","38.481","","","","3"
"2022-03","Toronto, Ontario","2011S0503535","Single-detached units","Units","300","thousands","3","v52299978","10.2","7.077","","","","3"
"2022-03","Toronto, Ontario","2011S0503535","Multiples","Units","300","thousands","3","v52299979","10.3","31.404","","","","3"
"2022-04","Ontario","2016A000235","Total units","Units","300","thousands","3","v52299938","9.1","76.400","","","","3"
"2022-04","Ontario","2016A000235","Single-detached units","Units","300","thousands","3","v52299939","9.2","23.448","","","","3"
"2022-04","Ontario","2016A000235","Multiples","Units","300","thousands","3","v52299943","9.3","52.952","","","","3"
"2022-04","Ontario","2016A000235","Semi-detached units","Units","300","thousands","3","v52299940","9.4","2.635","","","","3"
"2022-04","Ontario","2016A000235","Row units","Units","300","thousands","3","v52299941","9.5","22.969","","","","3"
"2022-04","Ontario","2016A000235","Apartment and other unit types","Units","300","thousands","3","v52299942","9.6","27.348","","","","3"
"2022-04","Toronto, Ontario","2011S0503535","Total units","Units","300","thousands","3","v52299977","10.1","25.160","","","","3"
"2022-04","Toronto, Ontario","2011S0503535","Single-detached units","Units","300","thousands","3","v52299978","10.2","6.908","","","","3"
"2022-04","Toronto, Ontario","2011S0503535","Multiples","Units","300","thousands","3","v52299979","10.3","18.252","","","","3"
"2022-05","Ontario","2016A000235","Total units","Units","300","thousands","3","v52299938","9.1","86.521","","","","3"
"2022-05","Ontario","2016A000235","Single-detached units","Units","300","thousands","3","v52299939","9.2","22.784","","","","3"
"2022-05","Ontario","2016A000235","Multiples","Units","300","thousands","3","v52299943","9.3","63.737","","","","3"
"2022-05","Ontario","2016A000235","Semi-detached units","Units","300","thousands","3","v52299940","9.4","2.339","","","","3"
"2022-05","Ontario","2016A000235","Row units","Units","300","thousands","3","v52299941","9.5","17.646","","","","3"
"2022-05","Ontario","2016A000235","Apartment and other unit types","Units","300","thousands","3","v52299942","9.6","43.752","","","","3"
"2022-05","Toronto, Ontario","2011S0503535","Total units","Units","300","thousands","3","v52299977","10.1","40.263","","","","3"
"2022-05","Toronto, Ontario","2011S0503535","Single-detached units","Units","300","thousands","3","v52299978","10.2","5.715","","","","3"
"2022-05","Toronto, Ontario","2011S0503535","Multiples","Units","300","thousands","3","v52299979","10.3","34.548","","","","3"
"2022-06","Ontario","2016A000235","Total units","Units","300","thousands","3","v52299938","9.1","93.230","","","","3"
"2022-06","Ontario","2016A000235","Single-detached units","Units","300","thousands","3","v52299939","9.2","22.114","","","","3"
"2022-06","Ontario","2016A000235","Multiples","Units","300","thousands","3","v52299943","9.3","71.116","","","","3"
"2022-06","Ontario","2016A000235","Semi-detached units","Units","300","thousands","3","v52299940","9.4","2.000","","","","3"
"2022-06","Ontario","2016A000235","Row units","Units","300","thousands","3","v52299941","9.5","17.900","","","","3"
"2022-06","Ontario","2016A000235","Apartment and other unit types","Units","300","thousands","3","v52299942","9.6","51.216","","","","3"
"2022-06","Toronto, Ontario","2011S0503535","Total units","Units","300","thousands","3","v52299977","10.1","50.963","","","","3"
"2022-06","Toronto, Ontario","2011S0503535","Single-detached units","Units","300","thousands","3","v52299978","10.2","5.603","","","","3"
"2022-06","Toronto, Ontario","2011S0503535","Multiples","Units","300","thousands","3","v52299979","10.3","45.360","","","","3"
"2022-07","Ontario","2016A000235","Total units","Units","300","thousands","3","v52299938","9.1","92.414","","","","3"
"2022-07","Ontario","2016A000235","Single-detached units","Units","300","thousands","3","v52299939","9.2","21.856","","","","3"
"2022-07","Ontario","2016A000235","Multiples","Units","300","thousands","3","v52299943","9.3","70.558","","","","3"
"2022-07","Ontario","2016A000235","Semi-detached units","Units","300","thousands","3","v52299940","9.4","2.013","","","","3"
"2022-07","Ontario","2016A000235","Row units","Units","300","thousands","3","v52299941","9.5","15.829","","","","3"
"2022-07","Ontario","2016A000235","Apartment and other unit types","Units","300","thousands","3","v52299942","9.6","52.716","","","","3"
"2022-07","Toronto, Ontario","2011S0503535","Total units","Units","300","thousands","3","v52299977","10.1","39.755","","","","3"
"2022-07","Toronto, Ontario","2011S0503535","Single-detached units","Units","300","thousands","3","v52299978","10.2","5.171","","","","3"
"2022-07","Toronto, Ontario","2011S0503535","Multiples","Units","300","thousands","3","v52299979","10.3","34.584","","","","3"
"2022-08","Ontario","2016A000235","Total units","Units","300","thousands","3","v52299938","9.1","96.519","","","","3"
"2022-08","Ontario","2016A000235","Single-detached units","Units","300","thousands","3","v52299939","9.2","23.498","","","","3"
"2022-08","Ontario","2016A000235","Multiples","Units","300","thousands","3","v52299943","9.3","73.021","","","","3"
"2022-08","Ontario","2016A000235","Semi-detached units","Units","300","thousands","3","v52299940","9.4","2.441","","","","3"
"2022-08","Ontario","2016A000235","Row units","Units","300","thousands","3","v52299941","9.5","20.540","","","","3"
"2022-08","Ontario","2016A000235","Apartment and other unit types","Units","300","thousands","3","v52299942","9.6","50.040","","","","3"
"2022-08","Toronto, Ontario","2011S0503535","Total units","Units","300","thousands","3","v52299977","10.1","52.765","","","","3"
"2022-08","Toronto, Ontario","2011S0503535","Single-detached units","Units","300","thousands","3","v52299978","10.2","6.613","","","","3"
"2022-08","Toronto, Ontario","2011S0503535","Multiples","Units","300","thousands","3","v52299979","10.3","46.152","","","","3"
"2022-09","Ontario","2016A000235","Total units","Units","300","thousands","3","v52299938","9.1","129.717","","","","3"
"2022-09","Ontario","2016A000235","Single-detached units","Units","300","thousands","3","v52299939","9.2","22.389","","","","3"
"2022-09","Ontario","2016A000235","Multiples","Units","300","thousands","3","v52299943","9.3","107.328","","","","3"
"2022-09","Ontario","2016A000235","Semi-detached units","Units","300","thousands","3","v52299940","9.4","2.133","","","","3"
"2022-09","Ontario","2016A000235","Row units","Units","300","thousands","3","v52299941","9.5","13.995","","","","3"
"2022-09","Ontario","2016A000235","Apartment and other unit types","Units","300","thousands","3","v52299942","9.6","91.200","","","","3"
"2022-09","Toronto, Ontario","2011S0503535","Total units","Units","300","thousands","3","v52299977","10.1","64.939","","","","3"
"2022-09","Toronto, Ontario","2011S0503535","Single-detached units","Units","300","thousands","3","v52299978","10.2","5.767","","","","3"
"2022-09","Toronto, Ontario","2011S0503535","Multiples","Units","300","thousands","3","v52299979","10.3","59.172","","","","3"
"2022-10","Ontario","2016A000235","Total units","Units","300","thousands","3","v52299938","9.1","86.504","","","","3"
"2022-10","Ontario","2016A000235","Single-detached units","Units","300","thousands","3","v52299939","9.2","21.366","","","","3"
"2022-10","Ontario","2016A000235","Multiples","Units","300","thousands","3","v52299943","9.3","65.138","","","","3"
"2022-10","Ontario","2016A000235","Semi-detached units","Units","300","thousands","3","v52299940","9.4","1.601","","","","3"
"2022-10","Ontario","2016A000235","Row units","Units","300","thousands","3","v52299941","9.5","15.297","","","","3"
"2022-10","Ontario","2016A000235","Apartment and other unit types","Units","300","thousands","3","v52299942","9.6","48.240","","","","3"
"2022-10","Toronto, Ontario","2011S0503535","Total units","Units","300","thousands","3","v52299977","10.1","33.846","","","","3"
"2022-10","Toronto, Ontario","2011S0503535","Single-detached units","Units","300","thousands","3","v52299978","10.2","5.502","","","","3"
"2022-10","Toronto, Ontario","2011S0503535","Multiples","Units","300","thousands","3","v52299979","10.3","28.344","","","","3"
"2022-11","Ontario","2016A000235","Total units","Units","300","thousands","3","v52299938","9.1","96.972","","","","3"
"2022-11","Ontario","2016A000235","Single-detached units","Units","300","thousands","3","v52299939","9.2","20.684","","","","3"
"2022-11","Ontario","2016A000235","Multiples","Units","300","thousands","3","v52299943","9.3","76.288","","","","3"
"2022-11","Ontario","2016A000235","Semi-detached units","Units","300","thousands","3","v52299940","9.4","1.660","","","","3"
"2022-11","Ontario","2016A000235","Row units","Units","300","thousands","3","v52299941","9.5","15.132","","","","3"
"2022-11","Ontario","2016A000235","Apartment and other unit types","Units","300","thousands","3","v52299942","9.6","59.496","","","","3"
"2022-11","Toronto, Ontario","2011S0503535","Total units","Units","300","thousands","3","v52299977","10.1","40.745","","","","3"
"2022-11","Toronto, Ontario","2011S0503535","Single-detached units","Units","300","thousands","3","v52299978","10.2","6.989","","","","3"
"2022-11","Toronto, Ontario","2011S0503535","Multiples","Units","300","thousands","3","v52299979","10.3","33.756","","","","3"
"2022-12","Ontario","2016A000235","Total units","Units","300","thousands","3","v52299938","9.1","104.359","","","","3"
"2022-12","Ontario","2016A000235","Single-detached units","Units","300","thousands","3","v52299939","9.2","18.536","","","","3"
"2022-12","Ontario","2016A000235","Multiples","Units","300","thousands","3","v52299943","9.3","85.823","","","","3"
"2022-12","Ontario","2016A000235","Semi-detached units","Units","300","thousands","3","v52299940","9.4","1.817","","","","3"
"2022-12","Ontario","2016A000235","Row units","Units","300","thousands","3","v52299941","9.5","13.770","","","","3"
"2022-12","Ontario","2016A000235","Apartment and other unit types","Units","300","thousands","3","v52299942","9.6","70.236","","","","3"
"2022-12","Toronto, Ontario","2011S0503535","Total units","Units","300","thousands","3","v52299977","10.1","70.721","","","","3"
"2022-12","Toronto, Ontario","2011S0503535","Single-detached units","Units","300","thousands","3","v52299978","10.2","7.277","","","","3"
"2022-12","Toronto, Ontario","2011S0503535","Multiples","Units","300","thousands","3","v52299979","10.3","63.444","","","","3"
"2023-01","Ontario","2016A000235","Total units","Units","300","thousands","3","v52299938","9.1","70.077","","","","3"
"2023-01","Ontario","2016A000235","Single-detached units","Units","300","thousands","3","v52299939","9.2","18.886","","","","3"
"2023-01","Ontario","2016A000235","Multiples","Units","300","thousands","3","v52299943","9.3","51.191","","","","3"
"2023-01","Ontario","2016A000235","Semi-detached units","Units","300","thousands","3","v52299940","9.4","1.998","","","","3"
"2023-01","Ontario","2016A000235","Row units","Units","300","thousands","3","v52299941","9.5","14.153","","","","3"
"2023-01","Ontario","2016A000235","Apartment and other unit types","Units","300","thousands","3","v52299942","9.6","35.040","","","","3"
"2023-01","Toronto, Ontario","2011S0503535","Total units","Units","300","thousands","3","v52299977","10.1","33.722","","","","3"
"2023-01","Toronto, Ontario","2011S0503535","Single-detached units","Units","300","thousands","3","v52299978","10.2","6.062","","","","3"
"2023-01","Toronto, Ontario","2011S0503535","Multiples","Units","300","thousands","3","v52299979","10.3","27.660","","","","3"
"2023-02","Ontario","2016A000235","Total units","Units","300","thousands","3","v52299938","9.1","95.960","","","","3"
"2023-02","Ontario","2016A000235","Single-detached units","Units","300","thousands","3","v52299939","9.2","21.082","","","","3"
"2023-02","Ontario","2016A000235","Multiples","Units","300","thousands","3","v52299943","9.3","74.878","","","","3"
"2023-02","Ontario","2016A000235","Semi-detached units","Units","300","thousands","3","v52299940","9.4","2.126","","","","3"
"2023-02","Ontario","2016A000235","Row units","Units","300","thousands","3","v52299941","9.5","14.456","","","","3"
"2023-02","Ontario","2016A000235","Apartment and other unit types","Units","300","thousands","3","v52299942","9.6","58.296","","","","3"
"2023-02","Toronto, Ontario","2011S0503535","Total units","Units","300","thousands","3","v52299977","10.1","53.733","","","","3"
"2023-02","Toronto, Ontario","2011S0503535","Single-detached units","Units","300","thousands","3","v52299978","10.2","8.637","","","","3"
"2023-02","Toronto, Ontario","2011S0503535","Multiples","Units","300","thousands","3","v52299979","10.3","45.096","","","","3"
"2023-03","Ontario","2016A000235","Total units","Units","300","thousands","3","v52299938","9.1","74.386","","","","3"
"2023-03","Ontario","2016A000235","Single-detached units","Units","300","thousands","3","v52299939","9.2","16.353","","","","3"
"2023-03","Ontario","2016A000235","Multiples","Units","300","thousands","3","v52299943","9.3","58.033","","","","3"
"2023-03","Ontario","2016A000235","Semi-detached units","Units","300","thousands","3","v52299940","9.4","1.430","","","","3"
"2023-03","Ontario","2016A000235","Row units","Units","300","thousands","3","v52299941","9.5","13.607","","","","3"
"2023-03","Ontario","2016A000235","Apartment and other unit types","Units","300","thousands","3","v52299942","9.6","42.996","","","","3"
"2023-03","Toronto, Ontario","2011S0503535","Total units","Units","300","thousands","3","v52299977","10.1","38.520","","","","3"
"2023-03","Toronto, Ontario","2011S0503535","Single-detached units","Units","300","thousands","3","v52299978","10.2","5.160","","","","3"
"2023-03","Toronto, Ontario","2011S0503535","Multiples","Units","300","thousands","3","v52299979","10.3","33.360","","","","3"
"2023-04","Ontario","2016A000235","Total units","Units","300","thousands","3","v52299938","9.1","108.168","","","","3"
"2023-04","Ontario","2016A000235","Single-detached units","Units","300","thousands","3","v52299939","9.2","13.650","","","","3"
"2023-04","Ontario","2016A000235","Multiples","Units","300","thousands","3","v52299943","9.3","94.518","","","","3"
"2023-04","Ontario","2016A000235","Semi-detached units","Units","300","thousands","3","v52299940","9.4","1.090","","","","3"
"2023-04","Ontario","2016A000235","Row units","Units","300","thousands","3","v52299941","9.5","13.088","","","","3"
"2023-04","Ontario","2016A000235","Apartment and other unit types","Units","300","thousands","3","v52299942","9.6","80.340","","","","3"
"2023-04","Toronto, Ontario","2011S0503535","Total units","Units","300","thousands","3","v52299977","10.1","59.801","","","","3"
"2023-04","Toronto, Ontario","2011S0503535","Single-detached units","Units","300","thousands","3","v52299978","10.2","4.289","","","","3"
"2023-04","Toronto, Ontario","2011S0503535","Multiples","Units","300","thousands","3","v52299979","10.3","55.512","","","","3"
"2023-05","Ontario","2016A000235","Total units","Units","300","thousands","3","v52299938","9.1","66.657","","","","3"
"2023-05","Ontario","2016A000235","Single-detached units","Units","300","thousands","3","v52299939","9.2","15.298","","","","3"
"2023-05","Ontario","2016A000235","Multiples","Units","300","thousands","3","v52299943","9.3","51.359","","","","3"
"2023-05","Ontario","2016A000235","Semi-detached units","Units","300","thousands","3","v52299940","9.4","1.546","","","","3"
"2023-05","Ontario","2016A000235","Row units","Units","300","thousands","3","v52299941","9.5","12.361","","","","3"
"2023-05","Ontario","2016A000235","Apartment and other unit types","Units","300","thousands","3","v52299942","9.6","37.452","","","","3"
"2023-05","Toronto, Ontario","2011S0503535","Total units","Units","300","thousands","3","v52299977","10.1","43.205","","","","3"
"2023-05","Toronto, Ontario","2011S0503535","Single-detached units","Units","300","thousands","3","v52299978","10.2","4.481","","","","3"
"2023-05","Toronto, Ontario","2011S0503535","Multiples","Units","300","thousands","3","v52299979","10.3","38.724","","","","3"
"2023-06","Ontario","2016A000235","Total units","Units","300","thousands","3","v52299938","9.1","117.163","","","","3"
"2023-06","Ontario","2016A000235","Single-detached units","Units","300","thousands","3","v52299939","9.2","15.756","","","","3"
"2023-06","Ontario","2016A000235","Multiples","Units","300","thousands","3","v52299943","9.3","101.407","","","","3"
"2023-06","Ontario","2016A000235","Semi-detached units","Units","300","thousands","3","v52299940","9.4","2.094","","","","3"
"2023-06","Ontario","2016A000235","Row units","Units","300","thousands","3","v52299941","9.5","11.569","","","","3"
"2023-06","Ontario","2016A000235","Apartment and other unit types","Units","300","thousands","3","v52299942","9.6","87.744","","","","3"
"2023-06","Toronto, Ontario","2011S0503535","Total units","Units","300","thousands","3","v52299977","10.1","86.240","","","","3"
"2023-06","Toronto, Ontario","2011S0503535","Single-detached units","Units","300","thousands","3","v52299978","10.2","4.628","","","","3"
"2023-06","Toronto, Ontario","2011S0503535","Multiples","Units","300","thousands","3","v52299979","10.3","81.612","","","","3"
"2023-07","Ontario","2016A000235","Total units","Units","300","thousands","3","v52299938","9.1","95.547","","","","3"
"2023-07","Ontario","2016A000235","Single-detached units","Units","300","thousands","3","v52299939","9.2","14.777","","","","3"
"2023-07","Ontario","2016A000235","Multiples","Units","300","thousands","3","v52299943","9.3","80.770","","","","3"
"2023-07","Ontario","2016A000235","Semi-detached units","Units","300","thousands","3","v52299940","9.4","1.459","","","","3"
"2023-07","Ontario","2016A000235","Row units","Units","300","thousands","3","v52299941","9.5","14.307","","","","3"
"2023-07","Ontario","2016A000235","Apartment and other unit types","Units","300","thousands","3","v52299942","9.6","65.004","","","","3"
"2023-07","Toronto, Ontario","2011S0503535","Total units","Units","300","thousands","3","v52299977","10.1","61.305","","","","3"
"2023-07","Toronto, Ontario","2011S0503535","Single-detached units","Units","300","thousands","3","v52299978","10.2","4.569","","","","3"
"2023-07","Toronto, Ontario","2011S0503535","Multiples","Units","300","thousands","3","v52299979","10.3","56.736","","","","3"
"2023-08","Ontario","2016A000235","Total units","Units","300","thousands","3","v52299938","9.1","80.438","","","","3"
"2023-08","Ontario","2016A000235","Single-detached units","Units","300","thousands","3","v52299939","9.2","13.026","","","","3"
"2023-08","Ontario","2016A000235","Multiples","Units","300","thousands","3","v52299943","9.3","67.412","","","","3"
"2023-08","Ontario","2016A000235","Semi-detached units","Units","300","thousands","3","v52299940","9.4","2.075","","","","3"
"2023-08","Ontario","2016A000235","Row units","Units","300","thousands","3","v52299941","9.5","13.209","","","","3"
"2023-08","Ontario","2016A000235","Apartment and other unit types","Units","300","thousands","3","v52299942","9.6","52.128","","","","3"
"2023-08","Toronto, Ontario","2011S0503535","Total units","Units","300","thousands","3","v52299977","10.1","48.725","","","","3"
"2023-08","Toronto, Ontario","2011S0503535","Single-detached units","Units","300","thousands","3","v52299978","10.2","3.761","","","","3"
"2023-08","Toronto, Ontario","2011S0503535","Multiples","Units","300","thousands","3","v52299979","10.3","44.964","","","","3"
"2023-09","Ontario","2016A000235","Total units","Units","300","thousands","3","v52299938","9.1","98.734","","","","3"
"2023-09","Ontario","2016A000235","Single-detached units","Units","300","thousands","3","v52299939","9.2","14.101","","","","3"
"2023-09","Ontario","2016A000235","Multiples","Units","300","thousands","3","v52299943","9.3","84.633","","","","3"
"2023-09","Ontario","2016A000235","Semi-detached units","Units","300","thousands","3","v52299940","9.4","1.868","","","","3"
"2023-09","Ontario","2016A000235","Row units","Units","300","thousands","3","v52299941","9.5","13.849","","","","3"
"2023-09","Ontario","2016A000235","Apartment and other unit types","Units","300","thousands","3","v52299942","9.6","68.916","","","","3"
"2023-09","Toronto, Ontario","2011S0503535","Total units","Units","300","thousands","3","v52299977","10.1","57.897","","","","3"
"2023-09","Toronto, Ontario","2011S0503535","Single-detached units","Units","300","thousands","3","v52299978","10.2","4.269","","","","3"
"2023-09","Toronto, Ontario","2011S0503535","Multiples","Units","300","thousands","3","v52299979","10.3","53.628","","","","3"
"2023-10","Ontario","2016A000235","Total units","Units","300","thousands","3","v52299938","9.1","98.368","","","","3"
"2023-10","Ontario","2016A000235","Single-detached units","Units","300","thousands","3","v52299939","9.2","15.560","","","","3"
"2023-10","Ontario","2016A000235","Multiples","Units","300","thousands","3","v52299943","9.3","82.808","","","","3"
"2023-10","Ontario","2016A000235","Semi-detached units","Units","300","thousands","3","v52299940","9.4","1.442","","","","3"
"2023-10","Ontario","2016A000235","Row units","Units","300","thousands","3","v52299941","9.5","11.706","","","","3"
"2023-10","Ontario","2016A000235","Apartment and other unit types","Units","300","thousands","3","v52299942","9.6","69.660","","","","3"
"2023-10","Toronto, Ontario","2011S0503535","Total units","Units","300","thousands","3","v52299977","10.1","43.774","","","","3"
"2023-10","Toronto, Ontario","2011S0503535","Single-detached units","Units","300","thousands","3","v52299978","10.2","4.486","","","","3"
"2023-10","Toronto, Ontario","2011S0503535","Multiples","Units","300","thousands","3","v52299979","10.3","39.288","","","","3"
"2023-11","Ontario","2016A000235","Total units","Units","300","thousands","3","v52299938","9.1","59.956","","","","3"
"2023-11","Ontario","2016A000235","Single-detached units","Units","300","thousands","3","v52299939","9.2","12.943","","","","3"
"2023-11","Ontario","2016A000235","Multiples","Units","300","thousands","3","v52299943","9.3","47.013","","","","3"
"2023-11","Ontario","2016A000235","Semi-detached units","Units","300","thousands","3","v52299940","9.4","1.478","","","","3"
"2023-11","Ontario","2016A000235","Row units","Units","300","thousands","3","v52299941","9.5","11.215","","","","3"
"2023-11","Ontario","2016A000235","Apartment and other unit types","Units","300","thousands","3","v52299942","9.6","34.320","","","","3"
"2023-11","Toronto, Ontario","2011S0503535","Total units","Units","300","thousands","3","v52299977","10.1","26.595","","","","3"
"2023-11","Toronto, Ontario","2011S0503535","Single-detached units","Units","300","thousands","3","v52299978","10.2","3.975","","","","3"
"2023-11","Toronto, Ontario","2011S0503535","Multiples","Units","300","thousands","3","v52299979","10.3","22.620","","","","3"
"2023-12","Ontario","2016A000235","Total units","Units","300","thousands","3","v52299938","9.1","67.967","","","","3"
"2023-12","Ontario","2016A000235","Single-detached units","Units","300","thousands","3","v52299939","9.2","13.661","","","","3"
"2023-12","Ontario","2016A000235","Multiples","Units","300","thousands","3","v52299943","9.3","54.306","","","","3"
"2023-12","Ontario","2016A000235","Semi-detached units","Units","300","thousands","3","v52299940","9.4","1.225","","","","3"
"2023-12","Ontario","2016A000235","Row units","Units","300","thousands","3","v52299941","9.5","9.989","","","","3"
"2023-12","Ontario","2016A000235","Apartment and other unit types","Units","300","thousands","3","v52299942","9.6","43.092","","","","3"
"2023-12","Toronto, Ontario","2011S0503535","Total units","Units","300","thousands","3","v52299977","10.1","17.529","","","","3"
"2023-12","Toronto, Ontario","2011S0503535","Single-detached units","Units","300","thousands","3","v52299978","10.2","4.245","","","","3"
"2023-12","Toronto, Ontario","2011S0503535","Multiples","Units","300","thousands","3","v52299979","10.3","13.284","","","","3"
"2024-01","Ontario","2016A000235","Total units","Units","300","thousands","3","v52299938","9.1","79.331","","","","3"
"2024-01","Ontario","2016A000235","Single-detached units","Units","300","thousands","3","v52299939","9.2","12.745","","","","3"
"2024-01","Ontario","2016A000235","Multiples","Units","300","thousands","3","v52299943","9.3","66.586","","","","3"
"2024-01","Ontario","2016A000235","Semi-detached units","Units","300","thousands","3","v52299940","9.4","0.786","","","","3"
"2024-01","Ontario","2016A000235","Row units","Units","300","thousands","3","v52299941","9.5","12.964","","","","3"
"2024-01","Ontario","2016A000235","Apartment and other unit types","Units","300","thousands","3","v52299942","9.6","52.836","","","","3"
"2024-01","Toronto, Ontario","2011S0503535","Total units","Units","300","thousands","3","v52299977","10.1","49.112","","","","3"
"2024-01","Toronto, Ontario","2011S0503535","Single-detached units","Units","300","thousands","3","v52299978","10.2","4.424","","","","3"
"2024-01","Toronto, Ontario","2011S0503535","Multiples","Units","300","thousands","3","v52299979","10.3","44.688","","","","3"
"2024-02","Ontario","2016A000235","Total units","Units","300","thousands","3","v52299938","9.1","85.766","","","","3"
"2024-02","Ontario","2016A000235","Single-detached units","Units","300","thousands","3","v52299939","9.2","11.126","","","","3"
"2024-02","Ontario","2016A000235","Multiples","Units","300","thousands","3","v52299943","9.3","74.640","","","","3"
"2024-02","Ontario","2016A000235","Semi-detached units","Units","300","thousands","3","v52299940","9.4","1.327","","","","3"
"2024-02","Ontario","2016A000235","Row units","Units","300","thousands","3","v52299941","9.5","10.613","","","","3"
"2024-02","Ontario","2016A000235","Apartment and other unit types","Units","300","thousands","3","v52299942","9.6","62.700","","","","3"
"2024-02","Toronto, Ontario","2011S0503535","Total units","Units","300","thousands","3","v52299977","10.1","57.342","","","","3"
"2024-02","Toronto, Ontario","2011S0503535","Single-detached units","Units","300","thousands","3","v52299978","10.2","4.398","","","","3"
"2024-02","Toronto, Ontario","2011S0503535","Multiples","Units","300","thousands","3","v52299979","10.3","52.944","","","","3"
"2024-03","Ontario","2016A000235","Total units","Units","300","thousands","3","v52299938","9.1","70.319","","","","3"
"2024-03","Ontario","2016A000235","Single-detached units","Units","300","thousands","3","v52299939","9.2","13.185","","","","3"
"2024-03","Ontario","2016A000235","Multiples","Units","300","thousands","3","v52299943","9.3","57.134","","","","3"
"2024-03","Ontario","2016A000235","Semi-detached units","Units","300","thousands","3","v52299940","9.4","1.944","","","","3"
"2024-03","Ontario","2016A000235","Row units","Units","300","thousands","3","v52299941","9.5","12.122","","","","3"
"2024-03","Ontario","2016A000235","Apartment and other unit types","Units","300","thousands","3","v52299942","9.6","43.068","","","","3"
"2024-03","Toronto, Ontario","2011S0503535","Total units","Units","300","thousands","3","v52299977","10.1","42.221","","","","3"
"2024-03","Toronto, Ontario","2011S0503535","Single-detached units","Units","300","thousands","3","v52299978","10.2","4.517","","","","3"
"2024-03","Toronto, Ontario","2011S0503535","Multiples","Units","300","thousands","3","v52299979","10.3","37.704","","","","3"
"2024-04","Ontario","2016A000235","Total units","Units","300","thousands","3","v52299938","9.1","71.474","","","","3"
"2024-04","Ontario","2016A000235","Single-detached units","Units","300","thousands","3","v52299939","9.2","13.100","","","","3"
"2024-04","Ontario","2016A000235","Multiples","Units","300","thousands","3","v52299943","9.3","58.374","","","","3"
"2024-04","Ontario","2016A000235","Semi-detached units","Units","300","thousands","3","v52299940","9.4","1.499","","","","3"
"2024-04","Ontario","2016A000235","Row units","Units","300","thousands","3","v52299941","9.5","12.331","","","","3"
"2024-04","Ontario","2016A000235","Apartment and other unit types","Units","300","thousands","3","v52299942","9.6","44.544","","","","3"
"2024-04","Toronto, Ontario","2011S0503535","Total units","Units","300","thousands","3","v52299977","10.1","37.316","","","","3"
"2024-04","Toronto, Ontario","2011S0503535","Single-detached units","Units","300","thousands","3","v52299978","10.2","4.328","","","","3"
"2024-04","Toronto, Ontario","2011S0503535","Multiples","Units","300","thousands","3","v52299979","10.3","32.988","","","","3"
"2024-05","Ontario","2016A000235","Total units","Units","300","thousands","3","v52299938","9.1","85.087","","","","3"
"2024-05","Ontario","2016A000235","Single-detached units","Units","300","thousands","3","v52299939","9.2","13.228","","","","3"
"2024-05","Ontario","2016A000235","Multiples","Units","300","thousands","3","v52299943","9.3","71.859","","","","3"
"2024-05","Ontario","2016A000235","Semi-detached units","Units","300","thousands","3","v52299940","9.4","2.205","","","","3"
"2024-05","Ontario","2016A000235","Row units","Units","300","thousands","3","v52299941","9.5","13.662","","","","3"
"2024-05","Ontario","2016A000235","Apartment and other unit types","Units","300","thousands","3","v52299942","9.6","55.992","","","","3"
"2024-05","Toronto, Ontario","2011S0503535","Total units","Units","300","thousands","3","v52299977","10.1","54.390","","","","3"
"2024-05","Toronto, Ontario","2011S0503535","Single-detached units","Units","300","thousands","3","v52299978","10.2","4.110","","","","3"
"2024-05","Toronto, Ontario","2011S0503535","Multiples","Units","300","thousands","3","v52299979","10.3","50.280","","","","3"
"2024-06","Ontario","2016A000235","Total units","Units","300","thousands","3","v52299938","9.1","64.541","","","","3"
"2024-06","Ontario","2016A000235","Single-detached units","Units","300","thousands","3","v52299939","9.2","12.057","","","","3"
"2024-06","Ontario","2016A000235","Multiples","Units","300","thousands","3","v52299943","9.3","52.484","","","","3"
"2024-06","Ontario","2016A000235","Semi-detached units","Units","300","thousands","3","v52299940","9.4","0.955","","","","3"
"2024-06","Ontario","2016A000235","Row units","Units","300","thousands","3","v52299941","9.5","10.537","","","","3"
"2024-06","Ontario","2016A000235","Apartment and other unit types","Units","300","thousands","3","v52299942","9.6","40.992","","","","3"
"2024-06","Toronto, Ontario","2011S0503535","Total units","Units","300","thousands","3","v52299977","10.1","34.424","","","","3"
"2024-06","Toronto, Ontario","2011S0503535","Single-detached units","Units","300","thousands","3","v52299978","10.2","4.148","","","","3"
"2024-06","Toronto, Ontario","2011S0503535","Multiples","Units","300","thousands","3","v52299979","10.3","30.276","","","","3"
"2024-07","Ontario","2016A000235","Total units","Units","300","thousands","3","v52299938","9.1","103.803","","","","3"
"2024-07","Ontario","2016A000235","Single-detached units","Units","300","thousands","3","v52299939","9.2","12.852","","","","3"
"2024-07","Ontario","2016A000235","Multiples","Units","300","thousands","3","v52299943","9.3","90.951","","","","3"
"2024-07","Ontario","2016A000235","Semi-detached units","Units","300","thousands","3","v52299940","9.4","1.262","","","","3"
"2024-07","Ontario","2016A000235","Row units","Units","300","thousands","3","v52299941","9.5","10.849","","","","3"
"2024-07","Ontario","2016A000235","Apartment and other unit types","Units","300","thousands","3","v52299942","9.6","78.840","","","","3"
"2024-07","Toronto, Ontario","2011S0503535","Total units","Units","300","thousands","3","v52299977","10.1","65.143","","","","3"
"2024-07","Toronto, Ontario","2011S0503535","Single-detached units","Units","300","thousands","3","v52299978","10.2","4.891","","","","3"
"2024-07","Toronto, Ontario","2011S0503535","Multiples","Units","300","thousands","3","v52299979","10.3","60.252","","","","3"
"2024-08","Ontario","2016A000235","Total units","Units","300","thousands","3","v52299938","9.1","58.071","","","","3"
"2024-08","Ontario","2016A000235","Single-detached units","Units","300","thousands","3","v52299939","9.2","13.435","","","","3"
"2024-08","Ontario","2016A000235","Multiples","Units","300","thousands","3","v52299943","9.3","44.636","","","","3"
"2024-08","Ontario","2016A000235","Semi-detached units","Units","300","thousands","3","v52299940","9.4","1.075","","","","3"
"2024-08","Ontario","2016A000235","Row units","Units","300","thousands","3","v52299941","9.5","11.569","","","","3"
"2024-08","Ontario","2016A000235","Apartment and other unit types","Units","300","thousands","3","v52299942","9.6","31.992","","","","3"
"2024-08","Toronto, Ontario","2011S0503535","Total units","Units","300","thousands","3","v52299977","10.1","24.783","","","","3"
"2024-08","Toronto, Ontario","2011S0503535","Single-detached units","Units","300","thousands","3","v52299978","10.2","5.355","","","","3"
"2024-08","Toronto, Ontario","2011S0503535","Multiples","Units","300","thousands","3","v52299979","10.3","19.428","","","","3"
"2024-09","Ontario","2016A000235","Total units","Units","300","thousands","3","v52299938","9.1","61.570","","","","3"
"2024-09","Ontario","2016A000235","Single-detached units","Units","300","thousands","3","v52299939","9.2","16.122","","","","3"
"2024-09","Ontario","2016A000235","Multiples","Units","300","thousands","3","v52299943","9.3","45.448","","","","3"
"2024-09","Ontario","2016A000235","Semi-detached units","Units","300","thousands","3","v52299940","9.4","1.309","","","","3"
"2024-09","Ontario","2016A000235","Row units","Units","300","thousands","3","v52299941","9.5","10.479","","","","3"
"2024-09","Ontario","2016A000235","Apartment and other unit types","Units","300","thousands","3","v52299942","9.6","33.660","","","","3"
"2024-09","Toronto, Ontario","2011S0503535","Total units","Units","300","thousands","3","v52299977","10.1","19.753","","","","3"
"2024-09","Toronto, Ontario","2011S0503535","Single-detached units","Units","300","thousands","3","v52299978","10.2","5.605","","","","3"
"2024-09","Toronto, Ontario","2011S0503535","Multiples","Units","300","thousands","3","v52299979","10.3","14.148","","","","3"
"2024-10","Ontario","2016A000235","Total units","Units","300","thousands","3","v52299938","9.1","63.184","","","","3"
"2024-10","Ontario","2016A000235","Single-detached units","Units","300","thousands","3","v52299939","9.2","13.283","","","","3"
"2024-10","Ontario","2016A000235","Multiples","Units","300","thousands","3","v52299943","9.3","49.901","","","","3"
"2024-10","Ontario","2016A000235","Semi-detached units","Units","300","thousands","3","v52299940","9.4","1.263","","","","3"
"2024-10","Ontario","2016A000235","Row units","Units","300","thousands","3","v52299941","9.5","11.654","","","","3"
"2024-10","Ontario","2016A000235","Apartment and other unit types","Units","300","thousands","3","v52299942","9.6","36.984","","","","3"
"2024-10","Toronto, Ontario","2011S0503535","Total units","Units","300","thousands","3","v52299977","10.1","28.821","","","","3"
"2024-10","Toronto, Ontario","2011S0503535","Single-detached units","Units","300","thousands","3","v52299978","10.2","5.349","","","","3"
"2024-10","Toronto, Ontario","2011S0503535","Multiples","Units","300","thousands","3","v52299979","10.3","23.472","","","","3"
"2024-11","Ontario","2016A000235","Total units","Units","300","thousands","3","v52299938","9.1","58.137","","","","3"
"2024-11","Ontario","2016A000235","Single-detached units","Units","300","thousands","3","v52299939","9.2","13.168","","","","3"
"2024-11","Ontario","2016A000235","Multiples","Units","300","thousands","3","v52299943","9.3","44.969","","","","3"
"2024-11","Ontario","2016A000235","Semi-detached units","Units","300","thousands","3","v52299940","9.4","1.275","","","","3"
"2024-11","Ontario","2016A000235","Row units","Units","300","thousands","3","v52299941","9.5","10.778","","","","3"
"2024-11","Ontario","2016A000235","Apartment and other unit types","Units","300","thousands","3","v52299942","9.6","32.916","","","","3"
"2024-11","Toronto, Ontario","2011S0503535","Total units","Units","300","thousands","3","v52299977","10.1","26.310","","","","3"
"2024-11","Toronto, Ontario","2011S0503535","Single-detached units","Units","300","thousands","3","v52299978","10.2","4.374","","","","3"
"2024-11","Toronto, Ontario","2011S0503535","Multiples","Units","300","thousands","3","v52299979","10.3","21.936","","","","3"
"2024-12","Ontario","2016A000235","Total units","Units","300","thousands","3","v52299938","9.1","62.902","","","","3"
"2024-12","Ontario","2016A000235","Single-detached units","Units","300","thousands","3","v52299939","9.2","12.321","","","","3"
"2024-12","Ontario","2016A000235","Multiples","Units","300","thousands","3","v52299943","9.3","50.581","","","","3"
"2024-12","Ontario","2016A000235","Semi-detached units","Units","300","thousands","3","v52299940","9.4","1.246","","","","3"
"2024-12","Ontario","2016A000235","Row units","Units","300","thousands","3","v52299941","9.5","12.615","","","","3"
"2024-12","Ontario","2016A000235","Apartment and other unit types","Units","300","thousands","3","v52299942","9.6","36.720","","","","3"
"2024-12","Toronto, Ontario","2011S0503535","Total units","Units","300","thousands","3","v52299977","10.1","12.078","","","","3"
"2024-12","Toronto, Ontario","2011S0503535","Single-detached units","Units","300","thousands","3","v52299978","10.2","4.254","","","","3"
"2024-12","Toronto, Ontario","2011S0503535","Multiples","Units","300","thousands","3","v52299979","10.3","7.824","","","","3"
"2025-01","Ontario","2016A000235","Total units","Units","300","thousands","3","v52299938","9.1","57.703","","","","3"
"2025-01","Ontario","2016A000235","Single-detached units","Units","300","thousands","3","v52299939","9.2","10.692","","","","3"
"2025-01","Ontario","2016A000235","Multiples","Units","300","thousands","3","v52299943","9.3","47.011","","","","3"
"2025-01","Ontario","2016A000235","Semi-detached units","Units","300","thousands","3","v52299940","9.4","0.681","","","","3"
"2025-01","Ontario","2016A000235","Row units","Units","300","thousands","3","v52299941","9.5","11.170","","","","3"
"2025-01","Ontario","2016A000235","Apartment and other unit types","Units","300","thousands","3","v52299942","9.6","35.160","","","","3"
"2025-01","Toronto, Ontario","2011S0503535","Total units","Units","300","thousands","3","v52299977","10.1","29.231","","","","3"
"2025-01","Toronto, Ontario","2011S0503535","Single-detached units","Units","300","thousands","3","v52299978","10.2","3.443","","","","3"
"2025-01","Toronto, Ontario","2011S0503535","Multiples","Units","300","thousands","3","v52299979","10.3","25.788","","","","3"
"2025-02","Ontario","2016A000235","Total units","Units","300","thousands","3","v52299938","9.1","56.333","","","","3"
"2025-02","Ontario","2016A000235","Single-detached units","Units","300","thousands","3","v52299939","9.2","9.725","","","","3"
"2025-02","Ontario","2016A000235","Multiples","Units","300","thousands","3","v52299943","9.3","46.608","","","","3"
"2025-02","Ontario","2016A000235","Semi-detached units","Units","300","thousands","3","v52299940","9.4","0.812","","","","3"
"2025-02","Ontario","2016A000235","Row units","Units","300","thousands","3","v52299941","9.5","12.928","","","","3"
"2025-02","Ontario","2016A000235","Apartment and other unit types","Units","300","thousands","3","v52299942","9.6","32.868","","","","3"
"2025-02","Toronto, Ontario","2011S0503535","Total units","Units","300","thousands","3","v52299977","10.1","18.872","","","","3"
"2025-02","Toronto, Ontario","2011S0503535","Single-detached units","Units","300","thousands","3","v52299978","10.2","3.128","","","","3"
"2025-02","Toronto, Ontario","2011S0503535","Multiples","Units","300","thousands","3","v52299979","10.3","15.744","","","","3"
"2025-03","Ontario","2016A000235","Total units","Units","300","thousands","3","v52299938","9.1","38.451","","","","3"
"2025-03","Ontario","2016A000235","Single-detached units","Units","300","thousands","3","v52299939","9.2","7.669","","","","3"
"2025-03","Ontario","2016A000235","Multiples","Units","300","thousands","3","v52299943","9.3","30.782","","","","3"
"2025-03","Ontario","2016A000235","Semi-detached units","Units","300","thousands","3","v52299940","9.4","0.838","","","","3"
"2025-03","Ontario","2016A000235","Row units","Units","300","thousands","3","v52299941","9.5","11.380","","","","3"
"2025-03","Ontario","2016A000235","Apartment and other unit types","Units","300","thousands","3","v52299942","9.6","18.564","","","","3"
"2025-03","Toronto, Ontario","2011S0503535","Total units","Units","300","thousands","3","v52299977","10.1","14.843","","","","3"
"2025-03","Toronto, Ontario","2011S0503535","Single-detached units","Units","300","thousands","3","v52299978","10.2","2.063","","","","3"
"2025-03","Toronto, Ontario","2011S0503535","Multiples","Units","300","thousands","3","v52299979","10.3","12.780","","","","3"
"2025-04","Ontario","2016A000235","Total units","Units","300","thousands","3","v52299938","9.1","65.839","","","","3"
"2025-04","Ontario","2016A000235","Single-detached units","Units","300","thousands","3","v52299939","9.2","10.085","","","","3"
"2025-04","Ontario","2016A000235","Multiples","Units","300","thousands","3","v52299943","9.3","55.754","","","","3"
"2025-04","Ontario","2016A000235","Semi-detached units","Units","300","thousands","3","v52299940","9.4","1.276","","","","3"
"2025-04","Ontario","2016A000235","Row units","Units","300","thousands","3","v52299941","9.5","9.874","","","","3"
"2025-04","Ontario","2016A000235","Apartment and other unit types","Units","300","thousands","3","v52299942","9.6","44.604","","","","3"
"2025-04","Toronto, Ontario","2011S0503535","Total units","Units","300","thousands","3","v52299977","10.1","28.134","","","","3"
"2025-04","Toronto, Ontario","2011S0503535","Single-detached units","Units","300","thousands","3","v52299978","10.2","3.642","","","","3"
"2025-04","Toronto, Ontario","2011S0503535","Multiples","Units","300","thousands","3","v52299979","10.3","24.492","","","","3"
"2025-05","Ontario","2016A000235","Total units","Units","300","thousands","3","v52299938","9.1","68.491","","","","3"
"2025-05","Ontario","2016A000235","Single-detached units","Units","300","thousands","3","v52299939","9.2","9.933","","","","3"
"2025-05","Ontario","2016A000235","Multiples","Units","300","thousands","3","v52299943","9.3","58.558","","","","3"
"2025-05","Ontario","2016A000235","Semi-detached units","Units","300","thousands","3","v52299940","9.4","0.901","","","","3"
"2025-05","Ontario","2016A000235","Row units","Units","300","thousands","3","v52299941","9.5","6.273","","","","3"
"2025-05","Ontario","2016A000235","Apartment and other unit types","Units","300","thousands","3","v52299942","9.6","51.384","","","","3"
"2025-05","Toronto, Ontario","2011S0503535","Total units","Units","300","thousands","3","v52299977","10.1","42.880","","","","3"
"2025-05","Toronto, Ontario","2011S0503535","Single-detached units","Units","300","thousands","3","v52299978","10.2","4.456","","","","3"
"2025-05","Toronto, Ontario","2011S0503535","Multiples","Units","300","thousands","3","v52299979","10.3","38.424","","","","3"
"2025-06","Ontario","2016A000235","Total units","Units","300","thousands","3","v52299938","9.1","58.984","","","","3"
"2025-06","Ontario","2016A000235","Single-detached units","Units","300","thousands","3","v52299939","9.2","12.165","","","","3"
"2025-06","Ontario","2016A000235","Multiples","Units","300","thousands","3","v52299943","9.3","46.819","","","","3"
"2025-06","Ontario","2016A000235","Semi-detached units","Units","300","thousands","3","v52299940","9.4","1.760","","","","3"
"2025-06","Ontario","2016A000235","Row units","Units","300","thousands","3","v52299941","9.5","9.395","","","","3"
"2025-06","Ontario","2016A000235","Apartment and other unit types","Units","300","thousands","3","v52299942","9.6","35.664","","","","3"
"2025-06","Toronto, Ontario","2011S0503535","Total units","Units","300","thousands","3","v52299977","10.1","20.716","","","","3"
"2025-06","Toronto, Ontario","2011S0503535","Single-detached units","Units","300","thousands","3","v52299978","10.2","4.624","","","","3"
"2025-06","Toronto, Ontario","2011S0503535","Multiples","Units","300","thousands","3","v52299979","10.3","16.092","","","","3"
"2025-07","Ontario","2016A000235","Total units","Units","300","thousands","3","v52299938","9.1","72.602","","","","3"
"2025-07","Ontario","2016A000235","Single-detached units","Units","300","thousands","3","v52299939","9.2","9.612","","","","3"
"2025-07","Ontario","2016A000235","Multiples","Units","300","thousands","3","v52299943","9.3","62.990","","","","3"
"2025-07","Ontario","2016A000235","Semi-detached units","Units","300","thousands","3","v52299940","9.4","1.174","","","","3"
"2025-07","Ontario","2016A000235","Row units","Units","300","thousands","3","v52299941","9.5","7.456","","","","3"
"2025-07","Ontario","2016A000235","Apartment and other unit types","Units","300","thousands","3","v52299942","9.6","54.360","","","","3"
"2025-07","Toronto, Ontario","2011S0503535","Total units","Units","300","thousands","3","v52299977","10.1","20.074","","","","3"
"2025-07","Toronto, Ontario","2011S0503535","Single-detached units","Units","300","thousands","3","v52299978","10.2","2.542","","","","3"
"2025-07","Toronto, Ontario","2011S0503535","Multiples","Units","300","thousands","3","v52299979","10.3","17.532","","","","3"
"2025-08","Ontario","2016A000235","Total units","Units","300","thousands","3","v52299938","9.1","54.343","","","","3"
"2025-08","Ontario","2016A000235","Single-detached units","Units","300","thousands","3","v52299939","9.2","9.837","","","","3"
"2025-08","Ontario","2016A000235","Multiples","Units","300","thousands","3","v52299943","9.3","44.506","","","","3"
"2025-08","Ontario","2016A000235","Semi-detached units","Units","300","thousands","3","v52299940","9.4","0.839","","","","3"
"2025-08","Ontario","2016A000235","Row units","Units","300","thousands","3","v52299941","9.5","7.331","","","","3"
"2025-08","Ontario","2016A000235","Apartment and other unit types","Units","300","thousands","3","v52299942","9.6","36.336","","","","3"
"2025-08","Toronto, Ontario","2011S0503535","Total units","Units","300","thousands","3","v52299977","10.1","25.274","","","","3"
"2025-08","Toronto, Ontario","2011S0503535","Single-detached units","Units","300","thousands","3","v52299978","10.2","3.242","","","","3"
"2025-08","Toronto, Ontario","2011S0503535","Multiples","Units","300","thousands","3","v52299979","10.3","22.032","","","","3"
"2025-09","Ontario","2016A000235","Total units","Units","300","thousands","3","v52299938","9.1","86.071","","","","3"
"2025-09","Ontario","2016A000235","Single-detached units","Units","300","thousands","3","v52299939","9.2","9.401","","","","3"
"2025-09","Ontario","2016A000235","Multiples","Units","300","thousands","3","v52299943","9.3","76.670","","","","3"
"2025-09","Ontario","2016A000235","Semi-detached units","Units","300","thousands","3","v52299940","9.4","0.826","","","","3"
"2025-09","Ontario","2016A000235","Row units","Units","300","thousands","3","v52299941","9.5","7.720","","","","3"
"2025-09","Ontario","2016A000235","Apartment and other unit types","Units","300","thousands","3","v52299942","9.6","68.124","","","","3"
"2025-09","Toronto, Ontario","2011S0503535","Total units","Units","300","thousands","3","v52299977","10.1","43.387","","","","3"
"2025-09","Toronto, Ontario","2011S0503535","Single-detached units","Units","300","thousands","3","v52299978","10.2","3.583","","","","3"
"2025-09","Toronto, Ontario","2011S0503535","Multiples","Units","300","thousands","3","v52299979","10.3","39.804","","","","3"
"2025-10","Ontario","2016A000235","Total units","Units","300","thousands","3","v52299938","9.1","41.798","","","","3"
"2025-10","Ontario","2016A000235","Single-detached units","Units","300","thousands","3","v52299939","9.2","10.333","","","","3"
"2025-10","Ontario","2016A000235","Multiples","Units","300","thousands","3","v52299943","9.3","31.465","","","","3"
"2025-10","Ontario","2016A000235","Semi-detached units","Units","300","thousands","3","v52299940","9.4","1.460","","","","3"
"2025-10","Ontario","2016A000235","Row units","Units","300","thousands","3","v52299941","9.5","9.701","","","","3"
"2025-10","Ontario","2016A000235","Apartment and other unit types","Units","300","thousands","3","v52299942","9.6","20.304","","","","3"
"2025-10","Toronto, Ontario","2011S0503535","Total units","Units","300","thousands","3","v52299977","10.1","16.578","","","","3"
"2025-10","Toronto, Ontario","2011S0503535","Single-detached units","Units","300","thousands","3","v52299978","10.2","3.162","","","","3"
"2025-10","Toronto, Ontario","2011S0503535","Multiples","Units","300","thousands","3","v52299979","10.3","13.416","","","","3"
"2025-11","Ontario","2016A000235","Total units","Units","300","thousands","3","v52299938","9.1","54.477","","","","3"
"2025-11","Ontario","2016A000235","Single-detached units","Units","300","thousands","3","v52299939","9.2","10.461","","","","3"
"2025-11","Ontario","2016A000235","Multiples","Units","300","thousands","3","v52299943","9.3","44.016","","","","3"
"2025-11","Ontario","2016A000235","Semi-detached units","Units","300","thousands","3","v52299940","9.4","1.267","","","","3"
"2025-11","Ontario","2016A000235","Row units","Units","300","thousands","3","v52299941","9.5","7.565","","","","3"
"2025-11","Ontario","2016A000235","Apartment and other unit types","Units","300","thousands","3","v52299942","9.6","35.184","","","","3"
"2025-11","Toronto, Ontario","2011S0503535","Total units","Units","300","thousands","3","v52299977","10.1","23.589","","","","3"
"2025-11","Toronto, Ontario","2011S0503535","Single-detached units","Units","300","thousands","3","v52299978","10.2","3.225","","","","3"
"2025-11","Toronto, Ontario","2011S0503535","Multiples","Units","300","thousands","3","v52299979","10.3","20.364","","","","3"
"2025-12","Ontario","2016A000235","Total units","Units","300","thousands","3","v52299938","9.1","93.722","","","","3"
"2025-12","Ontario","2016A000235","Single-detached units","Units","300","thousands","3","v52299939","9.2","9.455","","","","3"
"2025-12","Ontario","2016A000235","Multiples","Units","300","thousands","3","v52299943","9.3","84.267","","","","3"
"2025-12","Ontario","2016A000235","Semi-detached units","Units","300","thousands","3","v52299940","9.4","1.294","","","","3"
"2025-12","Ontario","2016A000235","Row units","Units","300","thousands","3","v52299941","9.5","11.297","","","","3"
"2025-12","Ontario","2016A000235","Apartment and other unit types","Units","300","thousands","3","v52299942","9.6","71.676","","","","3"
"2025-12","Toronto, Ontario","2011S0503535","Total units","Units","300","thousands","3","v52299977","10.1","29.736","","","","3"
"2025-12","Toronto, Ontario","2011S0503535","Single-detached units","Units","300","thousands","3","v52299978","10.2","2.244","","","","3"
"2025-12","Toronto, Ontario","2011S0503535","Multiples","Units","300","thousands","3","v52299979","10.3","27.492","","","","3"
"2026-01","Ontario","2016A000235","Total units","Units","300","thousands","3","v52299938","9.1","66.413","","","","3"
"2026-01","Ontario","2016A000235","Single-detached units","Units","300","thousands","3","v52299939","9.2","11.782","","","","3"
"2026-01","Ontario","2016A000235","Multiples","Units","300","thousands","3","v52299943","9.3","54.631","","","","3"
"2026-01","Ontario","2016A000235","Semi-detached units","Units","300","thousands","3","v52299940","9.4","1.018","","","","3"
"2026-01","Ontario","2016A000235","Row units","Units","300","thousands","3","v52299941","9.5","9.969","","","","3"
"2026-01","Ontario","2016A000235","Apartment and other unit types","Units","300","thousands","3","v52299942","9.6","43.644","","","","3"
"2026-01","Toronto, Ontario","2011S0503535","Total units","Units","300","thousands","3","v52299977","10.1","28.390","","","","3"
"2026-01","Toronto, Ontario","2011S0503535","Single-detached units","Units","300","thousands","3","v52299978","10.2","2.470","","","","3"
"2026-01","Toronto, Ontario","2011S0503535","Multiples","Units","300","thousands","3","v52299979","10.3","25.920","","","","3"
"2026-02","Ontario","2016A000235","Total units","Units","300","thousands","3","v52299938","9.1","68.455","","","","3"
"2026-02","Ontario","2016A000235","Single-detached units","Units","300","thousands","3","v52299939","9.2","8.945","","","","3"
"2026-02","Ontario","2016A000235","Multiples","Units","300","thousands","3","v52299943","9.3","59.510","","","","3"
"2026-02","Ontario","2016A000235","Semi-detached units","Units","300","thousands","3","v52299940","9.4","0.927","","","","3"
"2026-02","Ontario","2016A000235","Row units","Units","300","thousands","3","v52299941","9.5","9.839","","","","3"
"2026-02","Ontario","2016A000235","Apartment and other unit types","Units","300","thousands","3","v52299942","9.6","48.744","","","","3"
"2026-02","Toronto, Ontario","2011S0503535","Total units","Units","300","thousands","3","v52299977","10.1","13.781","","","","3"
"2026-02","Toronto, Ontario","2011S0503535","Single-detached units","Units","300","thousands","3","v52299978","10.2","2.237","","","","3"
"2026-02","Toronto, Ontario","2011S0503535","Multiples","Units","300","thousands","3","v52299979","10.3","11.544","","","","3"
"2026-03","Ontario","2016A000235","Total units","Units","300","thousands","3","v52299938","9.1","51.443","","","","3"
"2026-03","Ontario","2016A000235","Single-detached units","Units","300","thousands","3","v52299939","9.2","8.535","","","","3"
"2026-03","Ontario","2016A000235","Multiples","Units","300","thousands","3","v52299943","9.3","42.908","","","","3"
"2026-03","Ontario","2016A000235","Semi-detached units","Units","300","thousands","3","v52299940","9.4","0.918","","","","3"
"2026-03","Ontario","2016A000235","Row units","Units","300","thousands","3","v52299941","9.5","11.306","","","","3"
"2026-03","Ontario","2016A000235","Apartment and other unit types","Units","300","thousands","3","v52299942","9.6","30.684","","","","3"
"2026-03","Toronto, Ontario","2011S0503535","Total units","Units","300","thousands","3","v52299977","10.1","18.379","","","","3"
"2026-03","Toronto, Ontario","2011S0503535","Single-detached units","Units","300","thousands","3","v52299978","10.2","1.891","","","","3"
"2026-03","Toronto, Ontario","2011S0503535","Multiples","Units","300","thousands","3","v52299979","10.3","16.488","","","","3"
"2026-04","Ontario","2016A000235","Total units","Units","300","thousands","3","v52299938","9.1","81.271","","","","3"
"2026-04","Ontario","2016A000235","Single-detached units","Units","300","thousands","3","v52299939","9.2","8.337","","","","3"
"2026-04","Ontario","2016A000235","Multiples","Units","300","thousands","3","v52299943","9.3","72.934","","","","3"
"2026-04","Ontario","2016A000235","Semi-detached units","Units","300","thousands","3","v52299940","9.4","0.794","","","","3"
"2026-04","Ontario","2016A000235","Row units","Units","300","thousands","3","v52299941","9.5","10.124","","","","3"
"2026-04","Ontario","2016A000235","Apartment and other unit types","Units","300","thousands","3","v52299942","9.6","62.016","","","","3"
"2026-04","Toronto, Ontario","2011S0503535","Total units","Units","300","thousands","3","v52299977","10.1","37.516","","","","3"
"2026-04","Toronto, Ontario","2011S0503535","Single-detached units","Units","300","thousands","3","v52299978","10.2","2.236","","","","3"
"2026-04","Toronto, Ontario","2011S0503535","Multiples","Units","300","thousands","3","v52299979","10.3","35.280","","","","3"
"2026-05","Ontario","2016A000235","Total units","Units","300","thousands","3","v52299938","9.1","66.907","","","","3"
"2026-05","Ontario","2016A000235","Single-detached units","Units","300","thousands","3","v52299939","9.2","9.790","","","","3"
"2026-05","Ontario","2016A000235","Multiples","Units","300","thousands","3","v52299943","9.3","57.117","","","","3"
"2026-05","Ontario","2016A000235","Semi-detached units","Units","300","thousands","3","v52299940","9.4","1.257","","","","3"
"2026-05","Ontario","2016A000235","Row units","Units","300","thousands","3","v52299941","9.5","7.296","","","","3"
"2026-05","Ontario","2016A000235","Apartment and other unit types","Units","300","thousands","3","v52299942","9.6","48.564","","","","3"
"2026-05","Toronto, Ontario","2011S0503535","Total units","Units","300","thousands","3","v52299977","10.1","37.765","","","","3"
"2026-05","Toronto, Ontario","2011S0503535","Single-detached units","Units","300","thousands","3","v52299978","10.2","3.169","","","","3"
"2026-05","Toronto, Ontario","2011S0503535","Multiples","Units","300","thousands","3","v52299979","10.3","34.596","","","","3"
"2026-06","Ontario","2016A000235","Total units","Units","300","thousands","3","v52299938","9.1","60.075","","","","3"
"2026-06","Ontario","2016A000235","Single-detached units","Units","300","thousands","3","v52299939","9.2","10.415","","","","3"
"2026-06","Ontario","2016A000235","Multiples","Units","300","thousands","3","v52299943","9.3","49.660","","","","3"
"2026-06","Ontario","2016A000235","Semi-detached units","Units","300","thousands","3","v52299940","9.4","1.318","","","","3"
"2026-06","Ontario","2016A000235","Row units","Units","300","thousands","3","v52299941","9.5","8.754","","","","3"
"2026-06","Ontario","2016A000235","Apartment and other unit types","Units","300","thousands","3","v52299942","9.6","39.588","","","","3"
"2026-06","Toronto, Ontario","2011S0503535","Total units","Units","300","thousands","3","v52299977","10.1","25.293","","","","3"
"2026-06","Toronto, Ontario","2011S0503535","Single-detached units","Units","300","thousands","3","v52299978","10.2","3.345","","","","3"
"2026-06","Toronto, Ontario","2011S0503535","Multiples","Units","300","thousands","3","v52299979","10.3","21.948","","","","3"
"2026-07","Ontario","2016A000235","Total units","Units","300","thousands","3","v52299938","9.1","52.070","","","","3"
"2026-07","Ontario","2016A000235","Single-detached units","Units","300","thousands","3","v52299939","9.2","11.374","","","","3"
"2026-07","Ontario","2016A000235","Multiples","Units","300","thousands","3","v52299943","9.3","40.696","","","","3"
"2026-07","Ontario","2016A000235","Semi-detached units","Units","300","thousands","3","v52299940","9.4","1.705","","","","3"
"2026-07","Ontario","2016A000235","Row units","Units","300","thousands","3","v52299941","9.5","9.447","","","","3"
"2026-07","Ontario","2016A000235","Apartment and other unit types","Units","300","thousands","3","v52299942","9.6","29.544","","","","3"
"2026-07","Toronto, Ontario","2011S0503535","Total units","Units","300","thousands","3","v52299977","10.1","17.939","","","","3"
"2026-07","Toronto, Ontario","2011S0503535","Single-detached units","Units","300","thousands","3","v52299978","10.2","2.795","","","","3"
"2026-07","Toronto, Ontario","2011S0503535","Multiples","Units","300","thousands","3","v52299979","10.3","15.144","","","","3"
"2026-08","Ontario","2016A000235","Total units","Units","300","thousands","3","v52299938","9.1","41.829","","","","3"
"2026-08","Ontario","2016A000235","Single-detached units","Units","300","thousands","3","v52299939","9.2","10.839","","","","3"
"2026-08","Ontario","2016A000235","Multiples","Units","300","thousands","3","v52299943","9.3","30.990","","","","3"
"2026-08","Ontario","2016A000235","Semi-detached units","Units","300","thousands","3","v52299940","9.4","1.896","","","","3"
"2026-08","Ontario","2016A000235","Row units","Units","300","thousands","3","v52299941","9.5","5.022","","","","3"
"2026-08","Ontario","2016A000235","Apartment and other unit types","Units","300","thousands","3","v52299942","9.6","24.072","","","","3"
"2026-08","Toronto, Ontario","2011S0503535","Total units","Units","300","thousands","3","v52299977","10.1","13.892","","","","3"
"2026-08","Toronto, Ontario","2011S0503535","Single-detached units","Units","300","thousands","3","v52299978","10.2","2.228","","","","3"
"2026-08","Toronto, Ontario","2011S0503535","Multiples","Units","300","thousands","3","v52299979","10.3","11.664","","","","3"